"CRN","ARRIVAL_TM","AUTOMOBILE_COUNT","BELTED_DEATH_COUNT","BELTED_SUSP_SERIOUS_INJ_COUNT","BICYCLE_COUNT","BICYCLE_DEATH_COUNT","BICYCLE_SUSP_SERIOUS_INJ_COUNT","BUS_COUNT","CHLDPAS_DEATH_COUNT","CHLDPAS_SUSP_SERIOUS_INJ_COUNT","COLLISION_TYPE","COMM_VEH_COUNT","CONS_ZONE_SPD_LIM","COUNTY","CRASH_MONTH","CRASH_YEAR","DAY_OF_WEEK","DEC_LATITUDE","DEC_LONGITUDE","DISPATCH_TM","DISTRICT","DRIVER_COUNT_16YR","DRIVER_COUNT_17YR","DRIVER_COUNT_18YR","DRIVER_COUNT_19YR","DRIVER_COUNT_20YR","DRIVER_COUNT_50_64YR","DRIVER_COUNT_65_74YR","DRIVER_COUNT_75PLUS","EST_HRS_CLOSED","FATAL_COUNT","HEAVY_TRUCK_COUNT","HORSE_BUGGY_COUNT","HOUR_OF_DAY","ILLUMINATION","INJURY_COUNT","INTERSECTION_RELATED","INTERSECT_TYPE","LANE_CLOSED","LATITUDE","LN_CLOSE_DIR","LOCATION_TYPE","LONGITUDE","MAX_SEVERITY_LEVEL","MCYCLE_DEATH_COUNT","MCYCLE_SUSP_SERIOUS_INJ_COUNT","MOTORCYCLE_COUNT","MUNICIPALITY","NONMOTR_COUNT","NONMOTR_DEATH_COUNT","NONMOTR_SUSP_SERIOUS_INJ_COUNT","NTFY_HIWY_MAINT","PED_COUNT","PED_DEATH_COUNT","PED_SUSP_SERIOUS_INJ_COUNT","PERSON_COUNT","POLICE_AGCY","POSSIBLE_INJ_COUNT","RDWY_SURF_TYPE_CD","RELATION_TO_ROAD","ROADWAY_CLEARED","ROAD_CONDITION","SCH_BUS_IND","SCH_ZONE_IND","SECONDARY_CRASH","SMALL_TRUCK_COUNT","SPEC_JURIS_CD","SUSP_MINOR_INJ_COUNT","SUSP_SERIOUS_INJ_COUNT","SUV_COUNT","TCD_FUNC_CD","TCD_TYPE","TFC_DETOUR_IND","TIME_OF_DAY","TOTAL_UNITS","TOT_INJ_COUNT","UNBELTED_OCC_COUNT","UNB_DEATH_COUNT","UNB_SUSP_SERIOUS_INJ_COUNT","UNK_INJ_DEG_COUNT","UNK_INJ_PER_COUNT","URBAN_RURAL","VAN_COUNT","VEHICLE_COUNT","WEATHER1","WEATHER2","WORKERS_PRES","WORK_ZONE_IND","WORK_ZONE_LOC","WORK_ZONE_TYPE","WZ_CLOSE_DETOUR","WZ_FLAGGER","WZ_LAW_OFFCR_IND","WZ_LN_CLOSURE","WZ_MOVING","WZ_OTHER","WZ_SHLDER_MDN","WZ_WORKERS_INJ_KILLED"
"2006004589","","1","0","0","0","0","0","0","0","0","7","0","","02","1","2006","7","40.499493","-80.175016","","11","0","0","0","0","0","0","0","0","","0","0","0","","","1","","0","","40 29:58.176","","0","80 10:30.056","4","0","0","0","2213","0","0","0","N","0","0","0","1","02213","1","","5.0","","1","N","N","","0","","0","0","0","","0","","","1","1","1","0","0","0","0","2","0","1","","","","N","","","","","","","","","",""
"2006004600","","1","0","0","0","0","0","0","0","0","1","0","","02","1","2006","5","40.63","-80.057099","","11","0","0","1","0","0","0","0","0","1","0","0","0","","","0","","0","","40 37:48.000","2","0","80 03:25.555","0","0","0","0","2216","0","0","0","N","0","0","0","2","02505","0","","1.0","","1","N","N","","0","","0","0","1","","0","N","","2","0","0","0","0","0","0","2","0","2","","","","N","","","","","","","","","",""
"2006004604","","2","0","0","0","0","0","0","0","0","4","0","","02","1","2006","5","40.628056","-80.023926","","11","0","0","1","0","0","1","1","0","1","0","0","0","","","1","","1","","40 37:41.000","6","0","80 01:26.135","3","0","0","0","2216","0","0","0","Y","0","0","0","4","02505","0","","1.0","","1","N","N","","1","","1","0","0","","3","N","","3","1","0","0","0","0","0","1","0","3","","","","N","","","","","","","","","",""
"2006004606","","0","0","0","0","0","0","0","0","0","7","0","","02","1","2006","2","40.468964","-80.219821","","11","1","0","0","0","0","0","0","0","","0","0","0","","","0","","0","","40 28:08.272","","0","80 13:11.357","0","0","0","0","2203","0","0","0","","0","0","0","1","02203","0","","4.0","","1","N","N","","0","","0","0","1","","0","","","1","0","0","0","0","0","0","2","0","1","","","","N","","","","","","","","","",""
"2006004610","","2","0","0","0","0","0","0","0","0","4","0","","02","1","2006","7","40.4575","-80.258441","","11","0","0","0","0","0","1","0","0","","0","0","0","","","0","","0","","40 27:27.000","","0","80 15:30.386","0","0","0","0","2203","0","0","0","N","0","0","0","4","02203","0","","1.0","","1","N","N","","0","","0","0","0","","0","","","2","0","0","0","0","0","0","2","0","2","","","","N","","","","","","","","","",""
"2006004613","","0","0","0","0","0","0","0","0","0","1","1","","02","1","2006","7","40.4841","-79.9613","","11","0","0","0","0","0","1","0","0","1","0","1","0","","","0","","0","","40 29:02.760","1","0","79 57:40.680","0","0","0","0","2118","0","0","0","N","0","0","0","2","02118","0","","1.0","","9","N","N","","0","","0","0","1","","0","N","","2","0","0","0","0","0","0","2","0","2","","","","N","","","","","","","","","",""
"2006004632","","1","0","0","0","0","0","1","0","0","5","1","","02","1","2006","3","","","","11","0","0","1","0","0","0","0","0","","0","0","0","","","1","","1","","","","0","","4","0","0","0","2301","0","0","0","N","0","0","0","4","02503","1","","1.0","","9","N","N","","0","","0","0","0","","2","","","2","1","0","0","0","0","0","1","0","2","","","","N","","","","","","","","","",""
"2006004634","","1","0","0","0","0","0","0","0","0","2","0","","02","1","2006","3","","","","11","0","0","0","0","0","0","0","0","","0","0","0","","","2","","5","","","","0","","3","0","0","0","2404","0","0","0","N","0","0","0","3","02404","1","","1.0","","9","N","N","","0","","1","0","0","","0","","","2","2","1","0","0","0","0","1","1","2","","","","N","","","","","","","","","",""
"2006004657","","2","0","0","0","0","0","0","0","0","1","0","","02","1","2006","3","40.634444","-79.939729","","11","0","0","0","0","0","0","1","0","","0","0","0","","","0","","1","","40 38:04.000","","0","79 56:23.026","0","0","0","0","2217","0","0","0","N","0","0","0","3","02505","0","","1.0","","9","N","N","","1","","0","0","0","","2","","","3","0","0","0","0","0","0","2","0","3","","","","N","","","","","","","","","",""
"2006004658","","2","0","0","0","0","0","0","0","0","4","0","","02","1","2006","3","40.453674","-79.760589","","11","0","0","0","0","0","1","0","0","","0","0","0","","","2","","2","","40 27:13.226","","0","79 45:38.120","4","0","0","0","2446","0","0","0","N","0","0","0","3","02446","2","","1.0","","9","N","N","","0","","0","0","0","","3","","","2","2","0","0","0","0","0","2","0","2","","","","N","","","","","","","","","",""
"2006004664","","1","0","0","0","0","0","0","0","0","8","0","","02","1","2006","4","","","","11","0","0","0","0","0","0","1","0","","0","0","0","","","1","","2","","","","0","","8","0","0","0","2213","1","0","0","N","1","0","0","2","02213","0","","1.0","","1","N","N","","0","","0","0","0","","3","","","2","1","0","0","0","1","0","1","0","1","","","","N","","","","","","","","","",""
"2006004707","","1","0","0","0","0","0","0","0","0","2","0","","02","1","2006","3","40.556987","-80.172217","","11","0","0","0","0","0","2","0","0","","0","0","0","","","0","","2","","40 33:25.153","","0","80 10:19.981","0","0","0","0","2459","0","0","0","N","0","0","0","2","02459","0","","1.0","","9","N","N","","0","","0","0","1","","3","","","2","0","0","0","0","0","0","1","0","2","","","","N","","","","","","","","","",""
"2006004714","","0","0","0","0","0","0","0","0","0","1","0","","02","1","2006","5","40.4035","-80.0581","","11","0","0","0","0","0","1","0","0","","0","0","0","","","0","","2","","40 24:12.600","","0","80 03:29.160","0","0","0","0","2117","0","0","0","N","0","0","0","2","02117","0","","1.0","","1","N","N","","0","","0","0","2","","2","","","2","0","0","0","0","0","0","2","0","2","","","","N","","","","","","","","","",""
"2006004730","","1","0","0","0","0","0","0","0","0","7","0","","02","1","2006","5","40.383892","-79.970172","","11","0","0","0","0","1","0","0","0","","0","0","0","","","1","","0","","40 23:02.011","","0","79 58:12.619","8","0","0","0","2413","0","0","0","N","0","0","0","2","02413","0","","5.0","","1","N","N","","0","","0","0","0","","0","","","1","1","0","0","0","1","0","2","0","1","","","","N","","","","","","","","","",""
"2006004733","","3","0","0","0","0","0","0","0","0","1","0","","02","1","2006","6","40.366931","-79.782047","","11","0","0","1","0","0","1","0","0","1","0","0","0","","","0","","0","","40 22:00.950","1","0","79 46:55.368","0","0","0","0","2111","0","0","0","N","0","0","0","4","02111","0","","1.0","","1","N","N","","0","","0","0","0","","0","Y","","3","0","0","0","0","0","0","2","0","3","","","","N","","","","","","","","","",""
"2006004735","","1","0","0","0","0","0","0","0","0","7","0","","02","1","2006","3","40.432764","-80.073259","","11","0","0","0","0","0","0","1","0","","0","0","0","","","1","","0","","40 25:57.950","","0","80 04:23.732","4","0","0","0","2421","0","0","0","N","0","0","0","1","02421","1","","2.0","","1","N","N","","0","","0","0","0","","0","","","1","1","0","0","0","0","0","2","0","1","","","","N","","","","","","","","","",""
"2006004738","","1","0","0","0","0","0","0","0","0","7","0","","02","1","2006","7","40.493056","-79.9649","","11","0","0","0","0","1","0","0","0","","1","0","0","","","1","","0","","40 29:35.000","","0","79 57:53.639","1","0","0","0","2118","0","0","0","N","0","0","0","2","02501","0","2","5.0","","9","N","N","","0","0","1","0","0","","0","","","1","1","2","1","0","0","0","2","0","1","","","","N","","","","","","","","","",""
"2006004766","","1","0","0","0","0","0","0","0","0","4","0","","02","1","2006","5","40.198889","-79.869286","","11","0","0","0","0","0","1","0","1","","0","0","0","","","0","","3","","40 11:56.000","","0","79 52:09.431","0","0","0","0","2204","0","0","0","N","0","0","0","2","02204","0","","1.0","","1","N","N","","0","","0","0","1","","0","","","2","0","0","0","0","0","0","2","0","2","","","","N","","","","","","","","","",""
"2006004769","","0","0","0","0","0","0","0","0","0","7","0","","02","1","2006","4","40.5245","-79.9686","","11","0","1","0","0","0","0","0","0","","0","0","0","","","0","","0","","40 31:28.200","","0","79 58:06.960","0","0","0","0","2118","0","0","0","N","0","0","0","2","02118","0","","5.0","","1","N","N","","0","","0","0","1","","0","","","1","0","0","0","0","0","0","2","0","1","","","","N","","","","","","","","","",""
"2006004775","","1","0","0","0","0","0","0","0","0","7","0","","02","1","2006","5","40.520637","-79.7649","","11","0","0","0","0","0","0","0","0","1","0","0","0","","","0","","0","","40 31:14.293","3","0","79 45:53.640","0","0","0","0","2466","0","0","0","N","0","0","0","1","02466","0","","5.0","","1","N","N","","0","","0","0","0","","0","N","","1","0","0","0","0","0","0","2","0","1","","","","N","","","","","","","","","",""
"2006004777","","1","0","0","1","0","0","0","0","0","8","0","","02","1","2006","3","","","","11","0","0","0","0","1","0","0","0","","0","0","0","","","1","","1","","","","0","","4","0","0","0","2402","1","0","0","N","0","0","0","2","02402","1","","1.0","","9","N","N","","0","","0","0","0","","2","","","2","1","0","0","0","0","0","1","0","1","","","","N","","","","","","","","","",""
"2006004795","","2","0","0","0","0","0","0","0","0","1","0","","02","1","2006","6","40.3391","-79.9597","","11","0","1","0","0","0","1","0","0","1","0","0","0","","","1","","0","","40 20:20.760","1","0","79 57:34.920","4","0","0","0","2454","0","0","0","N","0","0","0","3","02454","1","","1.0","","1","N","N","","0","","0","0","0","","0","N","","2","1","0","0","0","0","0","2","0","2","","","","N","","","","","","","","","",""
"2006004797","","1","0","0","0","0","0","0","0","0","7","0","","02","1","2006","5","40.487814","-80.189446","","11","0","0","0","0","0","1","0","0","","0","0","0","","","0","","1","","40 29:16.129","","0","80 11:22.005","0","0","0","0","2213","0","0","0","N","0","0","0","1","02213","0","","5.0","","9","N","N","","0","","0","0","0","","2","","","1","0","0","0","0","0","0","2","0","1","","","","N","","","","","","","","","",""
"2006004852","","2","0","0","0","0","0","0","0","0","4","0","","02","1","2006","6","40.289722","-79.997228","","11","0","0","0","1","0","0","1","0","","0","0","0","","","0","","2","","40 17:23.000","","0","79 59:50.019","0","0","0","0","2219","0","0","0","N","0","0","0","3","02501","0","","1.0","","1","N","N","","0","","0","0","0","","3","","","2","0","0","0","0","0","0","2","0","2","","","","N","","","","","","","","","",""
"2006004857","","2","0","0","0","0","0","0","0","0","4","0","","02","1","2006","5","40.456944","-79.758683","","11","0","0","0","0","0","0","0","0","2","0","0","0","","","1","","2","","40 27:25.000","5","0","79 45:31.260","8","0","0","0","2466","0","0","0","N","0","0","0","4","02466","0","","1.0","","1","N","N","","0","","0","0","0","","3","N","","2","1","1","0","0","1","0","2","0","2","","","","N","","","","","","","","","",""
"2006005390","","1","0","0","0","0","0","0","0","0","7","0","","02","1","2006","5","40.501667","-80.063368","","11","0","0","0","0","0","0","0","0","","0","0","0","","","0","","0","","40 30:06.000","","0","80 03:48.126","0","0","0","0","2402","0","0","0","N","0","0","0","1","02402","0","","1.0","","1","N","N","","0","","0","0","0","","0","","","1","0","0","0","0","0","0","2","0","1","","","","N","","","","","","","","","",""
"2006005668","","0","0","0","0","0","0","0","0","0","5","0","","02","1","2006","7","40.544687","-79.799457","","11","0","0","0","0","0","0","0","0","","0","0","0","","","2","","1","","40 32:40.873","","0","79 47:58.045","3","0","0","0","2418","0","0","0","N","0","0","0","3","02418","0","","1.0","","1","N","N","","1","","1","0","0","","0","","","2","2","0","0","0","1","0","2","1","2","","","","N","","","","","","","","","",""
"2006005703","","1","0","0","0","0","0","0","0","0","7","0","","02","1","2006","5","40.540278","-79.762197","","11","0","0","0","0","0","0","0","0","","0","0","0","","","0","","0","","40 32:25.000","","0","79 45:43.909","0","0","0","0","2466","0","0","0","N","0","0","0","2","02466","0","","5.0","","1","N","N","","0","","0","0","0","","0","","","1","0","0","0","0","0","0","1","0","1","","","","N","","","","","","","","","",""
"2006005718","","1","0","0","0","0","0","0","0","0","1","0","","02","1","2006","7","","","","11","0","0","0","0","0","1","0","0","1","0","0","0","","","0","","2","","","4","0","","0","0","0","0","2466","0","0","0","N","0","0","0","5","02466","0","","1.0","","1","N","N","","1","","0","0","1","","0","N","","3","0","0","0","0","0","0","1","0","3","","","","N","","","","","","","","","",""
"2006005720","","0","0","0","0","0","0","0","0","0","0","0","","02","1","2006","7","","","","11","0","0","0","0","0","0","0","0","2","0","0","0","","","1","","0","","","6","0","","4","0","0","0","2118","0","0","0","N","0","0","0","1","02118","1","","5.0","","2","N","N","","1","","0","0","0","","0","Y","","1","1","1","0","0","0","0","1","0","1","","","","N","","","","","","","","","",""
"2006005722","","1","0","0","0","0","0","0","0","0","2","0","","02","1","2006","7","40.521767","-79.984032","","11","0","0","0","0","0","0","0","0","","0","0","0","","","1","","0","","40 31:18.361","","0","79 59:02.515","4","0","0","0","2118","0","0","0","N","0","0","0","1","02118","1","","4.0","","1","N","N","","1","","0","0","0","","0","","","2","1","0","0","0","0","0","2","0","2","","","","N","","","","","","","","","",""
"2006005724","","1","0","0","0","0","0","0","0","0","4","0","","02","1","2006","1","40.430111","-79.848513","","11","0","0","0","0","0","0","0","1","2","0","0","0","","","0","","0","","40 25:48.399","5","0","79 50:54.646","0","0","0","0","2419","0","0","0","N","0","0","0","2","02419","0","","1.0","","1","N","N","","0","","0","0","1","","0","N","","2","0","0","0","0","0","0","2","0","2","","","","N","","","","","","","","","",""
"2006005729","","1","0","0","0","0","0","0","0","0","7","0","","02","1","2006","3","40.248889","-79.877014","","11","0","0","0","0","0","0","0","0","","0","0","0","","","1","","0","","40 14:56.000","","0","79 52:37.249","3","0","0","0","2204","0","0","0","Y","0","0","0","1","02204","0","","3.0","","9","N","N","","0","","1","0","0","","0","","","1","1","1","0","0","0","0","1","0","1","","","","N","","","","","","","","","",""
"2006005737","","2","0","0","0","0","0","0","0","0","1","0","","02","1","2006","6","40.344985","-80.027367","","11","0","0","0","0","0","0","0","0","","0","0","0","","","1","","0","","40 20:41.947","","0","80 01:38.521","4","0","0","0","2407","0","0","0","N","0","0","0","4","02407","1","","1.0","","1","N","N","","0","","0","0","0","","0","","","2","1","0","0","0","0","0","2","0","2","","","","N","","","","","","","","","",""
"2006005756","","0","0","0","0","0","0","0","0","0","7","0","","02","1","2006","2","40.238333","-79.943652","","11","0","0","0","0","0","0","0","0","2","0","0","0","","","2","","0","","40 14:18.000","5","0","79 56:37.148","3","0","0","0","2204","0","0","0","N","0","0","0","3","02204","1","","2.0","","9","N","N","","1","","1","0","0","","0","Y","","1","2","3","0","0","0","1","1","0","1","","","","N","","","","","","","","","",""
"2006005764","","0","0","0","0","0","0","0","0","0","1","0","","02","1","2006","6","40.3246","-80.0823","","11","0","0","0","0","0","0","0","0","2","0","0","0","","","1","","0","","40 19:28.560","1","0","80 04:56.280","8","0","0","0","2123","0","0","0","N","0","0","0","4","02123","0","","1.0","","1","N","N","","0","","0","0","2","","0","N","","3","1","0","0","0","1","0","2","1","3","","","","N","","","","","","","","","",""
"2006005778","","0","0","0","0","0","0","0","0","0","4","0","","02","1","2006","5","40.543611","-79.972308","","11","0","0","0","0","0","1","0","0","","0","0","0","","","0","","2","","40 32:37.000","","0","79 58:20.310","0","0","0","0","2118","0","0","0","N","0","0","0","2","02118","0","","1.0","","1","N","N","","1","","0","0","1","","0","","","2","0","0","0","0","0","0","2","0","2","","","","N","","","","","","","","","",""
"2006005786","","2","0","0","0","0","0","0","0","0","2","0","","02","1","2006","6","40.286628","-79.895552","","11","0","0","0","0","0","0","0","0","1","0","0","0","","","3","","0","","40 17:11.861","6","0","79 53:43.988","4","0","0","0","2302","0","0","0","N","0","0","0","3","02302","2","","1.0","","9","N","N","","0","","0","0","0","","0","Y","","2","3","0","0","0","1","0","2","0","2","","","","N","","","","","","","","","",""
"2006005793","","2","0","0","0","0","0","0","0","0","1","0","","02","1","2006","6","40.338396","-80.051333","","11","0","0","1","0","0","0","1","0","","0","0","0","","","0","","0","","40 20:18.225","","0","80 03:04.798","0","0","0","0","2407","0","0","0","N","0","0","0","3","02407","0","","1.0","","1","N","N","","0","","0","0","0","","0","","","2","0","0","0","0","0","0","2","0","2","","","","N","","","","","","","","","",""
"2006005794","","1","0","0","0","0","0","0","0","0","4","0","","02","1","2006","1","40.345","-80.027368","","11","0","0","0","0","0","0","0","0","","0","0","0","","","0","","1","","40 20:42.000","","0","80 01:38.523","0","0","0","0","2407","0","0","0","N","0","0","0","4","02407","0","","1.0","","1","N","N","","0","","0","0","0","","2","","","2","0","0","0","0","0","0","2","1","2","","","","N","","","","","","","","","",""
"2006005795","","1","0","0","0","0","0","0","0","0","7","0","","02","1","2006","7","40.349161","-80.023528","","11","0","0","0","1","0","0","0","0","","0","0","0","","","0","","2","","40 20:56.979","","0","80 01:24.700","0","0","0","0","2407","0","0","0","N","0","0","0","1","02407","0","","2.0","","1","N","N","","0","","0","0","0","","0","","","1","0","0","0","0","0","0","2","0","1","","","","N","","","","","","","","","",""
"2006005846","","0","0","0","0","0","0","0","0","0","1","0","","02","1","2006","6","","","","11","0","0","0","0","0","1","0","0","","0","1","0","","","4","","10","","","","3","","3","0","0","0","2438","0","0","0","N","0","0","0","6","02438","0","","1.0","","1","N","N","","1","","4","0","1","","2","","","3","4","0","0","0","0","0","1","0","3","","","","N","","","","","","","","","",""
"2006005978","","1","0","0","0","0","0","0","0","0","1","0","","02","1","2006","4","40.355556","-79.97964","","11","0","0","0","0","0","1","0","0","","0","0","0","","","2","","2","","40 21:20.000","","0","79 58:46.703","8","0","0","0","2476","0","0","0","N","0","0","0","2","02476","0","","1.0","","1","N","N","","0","","0","0","1","","0","","","2","2","0","0","0","2","0","2","0","2","","","","N","","","","","","","","","",""
"2006006004","","1","0","0","0","0","0","0","0","0","7","0","","02","1","2006","6","","","","11","0","0","0","0","0","0","0","0","","0","0","0","","","0","","0","","","","0","","0","0","0","0","2212","0","0","0","Y","0","0","0","1","02505","0","","5.0","","1","N","N","","0","","0","0","0","","0","","","1","0","0","0","0","0","0","1","0","1","","","","N","","","","","","","","","",""
"2006006225","","1","0","0","0","0","0","0","0","0","7","0","","02","1","2006","3","","","","11","0","1","0","0","0","0","0","0","","0","0","0","","","0","","0","","","","0","","0","0","0","0","2421","0","0","0","N","0","0","0","1","02421","0","","5.0","","1","N","N","","0","","0","0","0","","0","","","1","0","0","0","0","0","0","1","0","1","","","","N","","","","","","","","","",""
"2006007037","","1","0","0","0","0","0","0","0","0","4","0","","02","1","2006","3","40.453889","-79.711554","","11","0","0","0","0","0","0","0","0","","0","0","0","","","0","","0","","40 27:14.000","","0","79 42:41.596","0","0","0","0","2466","0","0","0","N","0","0","0","3","02466","0","","1.0","","1","N","N","","0","","0","0","0","","3","","","2","0","0","0","0","0","0","2","0","2","","","","N","","","","","","","","","",""
"2006007050","","1","0","0","0","0","0","0","0","0","8","0","","02","1","2006","4","40.505833","-80.223289","","11","0","0","1","0","0","0","0","0","2","0","0","0","","","1","","2","","40 30:21.000","2","0","80 13:23.842","2","0","0","0","2213","1","0","1","N","1","0","1","2","02213","0","","1.0","","1","N","N","","0","","0","1","0","","3","N","","2","1","0","0","0","0","0","2","0","1","","","","N","","","","","","","","","",""
"2006007051","","1","0","0","0","0","0","0","0","0","7","0","","02","1","2006","1","40.504722","-80.189409","","11","0","0","0","0","0","0","0","0","","0","0","0","","","1","","0","","40 30:17.000","","0","80 11:21.871","8","0","0","0","2213","0","0","0","N","0","0","0","1","02213","0","","2.0","","1","N","N","","0","","0","0","0","","0","","","1","1","1","0","0","1","0","2","0","1","","","","N","","","","","","","","","",""
"2006007052","","1","0","0","0","0","0","0","0","0","1","0","","02","1","2006","3","40.5","-80.221987","","11","0","0","0","1","0","0","0","0","","0","0","0","","","0","","1","","40 30:00.000","","0","80 13:19.152","0","0","0","0","2213","0","0","0","N","0","0","0","3","02213","0","","1.0","","9","N","N","","1","","0","0","0","","2","","","2","0","0","0","0","0","0","2","0","2","","","","N","","","","","","","","","",""
"2006007124","","1","0","0","0","0","0","0","0","0","2","0","","02","1","2006","4","40.521389","-79.959612","","11","0","0","0","0","0","0","0","0","1","0","0","0","","","2","","1","","40 31:17.000","4","0","79 57:34.602","8","0","0","0","2118","0","0","0","N","0","0","0","2","02118","0","","1.0","","1","N","N","","1","","0","0","0","","3","N","","2","2","0","0","0","2","0","2","0","2","","","","N","","","","","","","","","",""
"2006007125","","1","0","0","0","0","0","0","0","0","7","0","","02","1","2006","6","","","","11","0","0","0","0","0","0","0","0","","0","0","0","","","0","","0","","","","0","","0","0","0","0","2203","0","0","0","N","0","0","0","1","02203","0","","2.0","","1","N","N","","0","","0","0","0","","0","","","1","0","0","0","0","0","0","1","0","1","","","","N","","","","","","","","","",""
"2006007128","","1","0","0","0","0","0","0","0","0","7","0","","02","1","2006","3","","","","11","0","1","0","0","0","0","0","0","","0","0","0","","","0","","0","","","","0","","0","0","0","0","2117","0","0","0","N","0","0","0","1","02117","0","","2.0","","6","N","N","","0","","0","0","0","","0","","","1","0","0","0","0","0","0","1","0","1","","","","N","","","","","","","","","",""
"2006007146","","0","0","0","0","0","0","0","0","0","0","0","","02","1","2006","3","40.361731","-80.092391","","11","0","0","0","0","0","0","1","0","","0","0","0","","","1","","0","","40 21:42.231","","0","80 05:32.607","4","0","0","0","2123","0","0","0","N","0","0","0","2","02123","1","","1.0","","1","N","N","","0","","0","0","0","","0","","","1","1","0","0","0","0","0","2","1","1","","","","N","","","","","","","","","",""
"2006007149","","0","0","0","0","0","0","0","0","0","4","0","","02","1","2006","4","40.5407","-79.8407","","11","0","0","0","0","0","1","1","0","","0","0","0","","","0","","0","","40 32:26.520","","0","79 50:26.520","0","0","0","0","2208","0","0","0","N","0","0","0","2","02208","0","","1.0","","9","N","N","","0","","0","0","1","","0","","","2","0","0","0","0","0","0","2","1","2","","","","N","","","","","","","","","",""
"2006007153","","1","0","0","0","0","0","0","0","0","5","0","","02","1","2006","4","40.6487","-79.8094","","11","0","0","0","0","0","0","0","0","","0","0","0","","","0","","0","","40 38:55.320","","0","79 48:33.840","0","0","0","0","2202","0","0","0","Y","0","0","0","2","02202","0","","5.0","","2","N","N","","0","","0","0","1","","0","","","3","0","0","0","0","0","0","1","1","3","","","","N","","","","","","","","","",""
"2006007155","","1","0","0","0","0","0","0","0","0","4","0","","02","1","2006","3","40.333","-80.0693","","11","0","0","1","0","0","0","0","0","1","0","0","0","","","0","","0","","40 19:58.800","2","0","80 04:09.480","0","0","0","0","2123","0","0","0","N","0","0","0","2","02123","0","","1.0","","9","N","N","","0","","0","0","1","","0","N","","2","0","0","0","0","0","0","2","0","2","","","","N","","","","","","","","","",""
"2006007164","","3","0","0","0","0","0","0","0","0","4","0","","02","1","2006","4","40.438056","-79.842931","","11","0","0","0","0","0","1","0","0","","0","0","0","","","2","","2","","40 26:17.000","","0","79 50:34.550","8","0","0","0","2419","0","0","0","N","0","0","0","3","02419","0","","1.0","","9","N","N","","0","","0","0","0","","3","","","3","2","0","0","0","2","0","2","0","3","","","","N","","","","","","","","","",""
"2006007167","","1","0","0","0","0","0","0","0","0","7","0","","02","1","2006","4","40.512356","-79.884733","","11","0","0","0","0","0","1","0","0","","0","0","0","","","1","","2","","40 30:44.481","","0","79 53:05.038","4","0","0","0","2432","0","0","0","Y","0","0","0","1","02432","1","","5.0","","2","N","N","","0","","0","0","0","","0","","","1","1","0","0","0","0","0","2","0","1","","","","N","","","","","","","","","",""
"2006007172","","1","0","0","0","0","0","0","0","0","2","0","","02","1","2006","1","","","","11","0","0","0","0","0","0","0","0","","0","0","0","","","2","","0","","","","0","","4","0","0","0","2432","0","0","0","N","0","0","0","3","02432","1","","1.0","","9","N","N","","0","","0","0","0","","0","","","2","2","0","0","0","1","0","1","1","2","","","","N","","","","","","","","","",""
"2006007183","","2","0","0","0","0","0","0","0","0","1","0","","02","1","2006","4","40.3222","-79.9411","","11","0","1","0","0","0","1","0","0","","0","0","0","","","1","","0","","40 19:19.920","","0","79 56:27.960","8","0","0","0","2454","0","0","0","N","0","0","0","4","02454","0","","1.0","","2","N","N","","0","","0","0","1","","0","","","3","1","0","0","0","1","0","2","0","3","","","","N","","","","","","","","","",""
"2006007191","","1","0","0","0","0","0","1","0","0","5","1","","02","1","2006","3","","","","11","0","0","1","0","0","0","0","0","","0","0","0","","","0","","1","","","","0","","0","0","0","0","2301","0","0","0","N","0","0","0","2","02503","0","","1.0","","9","N","N","","0","","0","0","0","","0","","","2","0","0","0","0","0","0","1","0","2","","","","N","","","","","","","","","",""
"2006007192","","1","0","0","0","0","0","0","0","0","4","0","","02","1","2006","3","40.516944","-80.221312","","11","0","0","0","0","0","0","0","0","2","0","0","0","","","0","","1","","40 31:01.000","2","0","80 13:16.722","0","0","0","0","2213","0","0","0","N","0","0","0","2","02213","0","","1.0","","1","N","N","","0","","0","0","0","","2","N","","2","0","0","0","0","0","0","2","1","2","","","","N","","","","","","","","","",""
"2006007206","","0","0","0","0","0","0","0","0","0","7","0","","02","1","2006","4","","","","11","0","0","0","0","0","1","0","0","3","0","0","0","","","0","","0","","40 28:13.08","4","0","80 13:13.44","0","0","0","0","2203","0","0","0","N","0","0","0","1","02203","0","","2.0","","6","N","N","","1","","0","0","0","","0","N","","1","0","0","0","0","0","0","2","0","1","","","","N","","","","","","","","","",""
"2006007209","","1","0","0","0","0","0","0","0","0","7","0","","02","1","2006","4","","","","11","0","0","0","0","0","0","0","0","","0","0","0","","","0","","2","","","","0","","0","0","0","0","2448","0","0","0","N","0","0","0","2","02448","0","","5.0","","7","N","N","","0","","0","0","0","","0","","","1","0","0","0","0","0","0","1","0","1","","","","N","","","","","","","","","",""
"2006007210","","1","0","0","0","0","0","1","0","0","6","1","","02","1","2006","3","40.345733","-79.848511","","11","0","0","0","0","1","0","0","0","1","0","0","0","","","2","","1","","40 20:44.638","2","0","79 50:54.639","4","0","0","0","2304","0","0","0","N","0","0","0","7","02503","2","","1.0","","9","N","","","0","","0","0","0","","3","N","","2","2","0","0","0","0","0","2","0","2","","","","N","","","","","","","","","",""