"CRN","ARRIVAL_TM","AUTOMOBILE_COUNT","BELTED_DEATH_COUNT","BELTED_SUSP_SERIOUS_INJ_COUNT","BICYCLE_COUNT","BICYCLE_DEATH_COUNT","BICYCLE_SUSP_SERIOUS_INJ_COUNT","BUS_COUNT","CHLDPAS_DEATH_COUNT","CHLDPAS_SUSP_SERIOUS_INJ_COUNT","COLLISION_TYPE","COMM_VEH_COUNT","CONS_ZONE_SPD_LIM","COUNTY","CRASH_MONTH","CRASH_YEAR","DAY_OF_WEEK","DEC_LATITUDE","DEC_LONGITUDE","DISPATCH_TM","DISTRICT","DRIVER_COUNT_16YR","DRIVER_COUNT_17YR","DRIVER_COUNT_18YR","DRIVER_COUNT_19YR","DRIVER_COUNT_20YR","DRIVER_COUNT_50_64YR","DRIVER_COUNT_65_74YR","DRIVER_COUNT_75PLUS","EST_HRS_CLOSED","FATAL_COUNT","HEAVY_TRUCK_COUNT","HORSE_BUGGY_COUNT","HOUR_OF_DAY","ILLUMINATION","INJURY_COUNT","INTERSECTION_RELATED","INTERSECT_TYPE","LANE_CLOSED","LATITUDE","LN_CLOSE_DIR","LOCATION_TYPE","LONGITUDE","MAX_SEVERITY_LEVEL","MCYCLE_DEATH_COUNT","MCYCLE_SUSP_SERIOUS_INJ_COUNT","MOTORCYCLE_COUNT","MUNICIPALITY","NONMOTR_COUNT","NONMOTR_DEATH_COUNT","NONMOTR_SUSP_SERIOUS_INJ_COUNT","NTFY_HIWY_MAINT","PED_COUNT","PED_DEATH_COUNT","PED_SUSP_SERIOUS_INJ_COUNT","PERSON_COUNT","POLICE_AGCY","POSSIBLE_INJ_COUNT","RDWY_SURF_TYPE_CD","RELATION_TO_ROAD","ROADWAY_CLEARED","ROAD_CONDITION","SCH_BUS_IND","SCH_ZONE_IND","SECONDARY_CRASH","SMALL_TRUCK_COUNT","SPEC_JURIS_CD","SUSP_MINOR_INJ_COUNT","SUSP_SERIOUS_INJ_COUNT","SUV_COUNT","TCD_FUNC_CD","TCD_TYPE","TFC_DETOUR_IND","TIME_OF_DAY","TOTAL_UNITS","TOT_INJ_COUNT","UNBELTED_OCC_COUNT","UNB_DEATH_COUNT","UNB_SUSP_SERIOUS_INJ_COUNT","UNK_INJ_DEG_COUNT","UNK_INJ_PER_COUNT","URBAN_RURAL","VAN_COUNT","VEHICLE_COUNT","WEATHER1","WEATHER2","WORKERS_PRES","WORK_ZONE_IND","WORK_ZONE_LOC","WORK_ZONE_TYPE","WZ_CLOSE_DETOUR","WZ_FLAGGER","WZ_LAW_OFFCR_IND","WZ_LN_CLOSURE","WZ_MOVING","WZ_OTHER","WZ_SHLDER_MDN","WZ_WORKERS_INJ_KILLED"
"2006007211","","0","0","0","0","0","0","0","0","0","1","0","","02","1","2006","4","40.618056","-79.903623","","11","0","0","0","0","0","0","1","0","","0","0","0","","","0","","2","","40 37:05.000","","0","79 54:13.044","0","0","0","0","2220","0","0","0","N","0","0","0","3","02220","0","","1.0","","6","N","N","","2","","0","0","0","","0","","","2","0","0","0","0","0","0","1","0","2","","","","N","","","","","","","","","",""
"2006007212","","1","0","0","0","0","0","0","0","0","7","0","","02","1","2006","4","40.651944","-79.936334","","11","0","1","0","0","0","0","0","0","1","0","0","0","","","1","","0","","40 39:07.000","4","0","79 56:10.804","8","0","0","0","2217","0","0","0","Y","0","0","0","1","02505","0","","2.0","","7","N","N","","0","","0","0","0","","0","N","","1","1","0","0","0","1","0","2","0","1","","","","N","","","","","","","","","",""
"2006007213","","1","0","0","0","0","0","0","0","0","7","0","","02","1","2006","2","40.650833","-79.943538","","11","0","0","1","0","0","0","0","0","2","0","0","0","","","0","","0","","40 39:03.000","7","0","79 56:36.736","0","0","0","0","2217","0","0","0","N","0","0","0","1","02505","0","","2.0","","1","N","N","","0","","0","0","0","","0","N","","1","0","0","0","0","0","0","2","0","1","","","","N","","","","","","","","","",""
"2006007240","","0","0","0","0","0","0","0","0","0","7","0","","02","1","2006","4","","","","11","0","0","0","0","0","0","0","0","","0","0","0","","","0","","0","","","","0","","0","0","0","0","2421","0","0","0","N","0","0","0","1","02421","0","","5.0","","7","N","N","","0","","0","0","1","","0","","","1","0","0","0","0","0","0","1","0","1","","","","N","","","","","","","","","",""
"2006007241","","1","0","0","0","0","0","0","0","0","7","0","","02","1","2006","4","40.231944","-79.964198","","11","0","0","0","0","0","0","0","0","2","0","0","0","","","0","","0","","40 13:55.000","1","0","79 57:51.114","0","0","0","0","2204","0","0","0","N","0","0","0","1","02204","0","","2.0","","7","N","N","","0","","0","0","0","","0","N","","1","0","0","0","0","0","0","1","0","1","","","","N","","","","","","","","","",""
"2006007244","","1","0","0","0","0","0","0","0","0","7","0","","02","1","2006","5","","","","11","0","0","0","0","0","0","0","0","","0","0","0","","","0","","6","","","","8","","0","0","0","0","2302","0","0","0","N","0","0","0","1","02302","0","","7.0","","7","N","N","","0","","0","0","0","","0","","","1","0","0","0","0","0","0","1","0","1","","","","N","","","","","","","","","",""
"2006007252","","1","0","0","0","0","0","0","0","0","4","0","","02","1","2006","4","40.462688","-79.759582","","11","0","0","1","0","0","1","0","0","2","0","0","0","","","1","","0","","40 27:45.675","2","0","79 45:34.495","8","0","0","0","2466","0","0","0","N","0","0","0","2","02466","0","","1.0","","2","N","N","","0","","0","0","1","","0","Y","","2","1","0","0","0","1","0","2","0","2","","","","N","","","","","","","","","",""
"2006007254","","3","0","0","0","0","0","0","0","0","4","0","","02","1","2006","1","40.3293","-79.9451","","11","0","1","0","0","0","1","0","0","","0","0","0","","","0","","0","","40 19:45.480","","0","79 56:42.360","0","0","0","0","2454","0","0","0","N","0","0","0","5","02454","0","","1.0","","1","N","N","","0","","0","0","0","","2","","","3","0","1","0","0","0","0","2","0","3","","","","N","","","","","","","","","",""
"2006007257","","0","0","0","0","0","0","0","0","0","7","0","","02","1","2006","5","40.579444","-79.958179","","11","0","0","0","0","0","0","0","0","2","0","0","0","","","0","","0","","40 34:46.000","6","0","79 57:29.445","0","0","0","0","2207","0","0","0","N","0","0","0","1","02207","0","","5.0","","2","N","N","","0","","0","0","1","","0","Y","","1","0","0","0","0","0","0","2","0","1","","","","N","","","","","","","","","",""
"2006007258","","0","0","0","0","0","0","0","0","0","1","0","","02","1","2006","5","40.619167","-80.077963","","11","0","0","0","0","0","1","0","0","","0","0","0","","","0","","1","","40 37:09.000","","0","80 04:40.667","0","0","0","0","2212","0","0","0","N","0","0","0","2","02505","0","","1.0","","2","N","N","","1","","0","0","0","","2","","","2","0","0","0","0","0","0","2","1","2","","","","N","","","","","","","","","",""
"2006007259","","2","0","0","0","0","0","0","0","0","2","0","","02","1","2006","5","","","","11","0","1","0","0","0","0","0","0","1","0","0","0","","","0","","2","","","5","0","","0","0","0","0","2402","0","0","0","N","0","0","0","2","02402","0","","1.0","","1","N","N","","0","","0","0","0","","3","Y","","2","0","0","0","0","0","0","1","0","2","","","","N","","","","","","","","","",""
"2006007260","","1","0","0","0","0","0","0","0","0","7","0","","02","1","2006","5","40.4972","-79.936","","11","0","0","0","0","0","0","0","0","","0","0","0","","","0","","0","","40 29:49.920","","0","79 56:09.600","0","0","0","0","2430","0","0","0","N","0","0","0","1","02430","0","","2.0","","9","N","N","","0","","0","0","0","","0","","","1","0","0","0","0","0","0","2","0","1","","","","N","","","","","","","","","",""
"2006007261","","1","0","0","0","0","0","0","0","0","1","0","","02","1","2006","4","40.460607","-80.108042","","11","0","0","0","0","0","1","0","0","1","0","0","0","","","1","","0","","40 27:38.184","2","0","80 06:28.950","3","0","0","0","2126","0","0","0","N","0","0","0","2","02126","0","","1.0","","9","N","N","","1","","1","0","0","","0","N","","2","1","0","0","0","0","0","2","0","2","","","","N","","","","","","","","","",""
"2006007262","","1","0","0","0","0","0","0","0","0","4","0","","02","1","2006","1","40.368889","-79.778635","","11","0","0","0","0","0","0","0","0","1","0","0","0","","","0","","0","","40 22:08.000","1","4","79 46:43.086","0","0","0","0","2111","0","0","0","N","0","0","0","3","02111","0","","1.0","","1","N","N","","1","","0","0","0","","0","N","","2","0","0","0","0","0","0","2","0","2","","","","N","","","","","","","","","",""
"2006007274","","1","0","0","0","0","0","0","0","0","99","0","","02","1","2006","4","40.557401","-79.981625","","11","0","0","0","0","0","0","0","0","1","0","0","0","","","1","","0","","40 33:26.642","3","0","79 58:53.849","8","0","0","0","2207","0","0","0","N","0","0","0","1","02207","0","","5.0","","1","N","N","","0","","0","0","0","","0","N","","1","1","0","0","0","1","0","2","0","1","","","","N","","","","","","","","","",""
"2006007276","","2","0","0","0","0","0","0","0","0","7","0","","02","1","2006","5","40.3353","-79.9471","","11","0","0","0","0","0","0","0","1","","0","0","0","","","0","","10","","40 20:07.080","","0","79 56:49.560","0","0","0","0","2454","0","0","0","N","0","0","0","2","02454","0","","5.0","","1","N","N","","1","","0","0","0","","2","","","3","0","0","0","0","0","0","2","0","3","","","","N","","","","","","","","","",""
"2006007315","","1","0","0","0","0","0","0","0","0","7","0","","02","1","2006","3","40.323611","-79.943409","","11","0","0","0","0","0","0","0","0","1","0","0","0","","","1","","0","","40 19:25.000","2","0","79 56:36.273","8","0","0","0","2454","0","0","0","N","0","0","0","1","02454","0","","4.0","","2","N","N","","0","","0","0","0","","0","N","","1","1","0","0","0","1","0","2","0","1","","","","N","","","","","","","","","",""
"2006007323","","1","0","0","0","0","0","0","0","0","7","0","","02","1","2006","5","40.639444","-79.938398","","11","0","0","0","0","0","0","0","0","1","0","0","0","","","0","","0","","40 38:22.000","2","0","79 56:18.231","0","0","0","0","2217","0","0","0","N","0","0","0","1","02505","0","","2.0","","1","N","N","","0","","0","0","0","","0","N","","1","0","0","0","0","0","0","2","0","1","","","","N","","","","","","","","","",""
"2006007328","","0","0","0","0","0","0","0","0","0","7","0","","02","1","2006","3","40.508056","-79.941859","","11","0","0","0","0","0","0","1","0","2","0","0","0","","","0","","0","","40 30:29.000","5","0","79 56:30.692","0","0","0","0","2118","0","0","0","N","0","0","0","1","02118","0","","5.0","","2","N","N","","0","","0","0","1","","0","Y","","1","0","0","0","0","0","0","2","0","1","","","","N","","","","","","","","","",""
"2006007330","","1","0","0","0","0","0","0","0","0","7","0","","02","1","2006","5","","","","11","0","0","0","0","0","0","0","1","1","0","0","0","","","0","","0","","","6","0","","0","0","0","0","2121","0","0","0","Y","0","0","0","1","02121","0","","2.0","","9","N","N","","0","","0","0","0","","0","Y","","1","0","0","0","0","0","0","1","0","1","","","","N","","","","","","","","","",""
"2006007333","","1","0","0","0","0","0","0","0","0","1","0","","02","1","2006","5","40.313889","-80.089617","","11","0","0","0","0","0","2","1","0","2","0","0","0","","","0","","0","","40 18:50.000","1","0","80 05:22.621","0","0","0","0","2123","0","0","0","N","0","0","0","4","02123","0","","1.0","","1","N","N","","2","","0","0","1","","0","N","","4","0","0","0","0","0","0","2","0","4","","","","N","","","","","","","","","",""
"2006007338","","1","0","0","0","0","0","0","0","0","7","0","","02","1","2006","6","","","","11","0","0","0","0","0","0","0","0","","0","0","0","","","0","","2","","","","0","","0","0","0","0","2413","0","0","0","N","0","0","0","1","02413","0","","5.0","","2","N","N","","0","","0","0","0","","0","","","1","0","0","0","0","0","0","1","0","1","","","","N","","","","","","","","","",""
"2006007340","","1","0","0","0","0","0","0","0","0","1","0","","02","1","2006","6","","","","11","0","0","0","0","0","0","1","0","","0","0","0","","","0","","10","","","","7","","0","0","0","0","2126","0","0","0","N","0","0","0","2","02126","0","","1.0","","1","N","N","","1","","0","0","0","","0","","","2","0","0","0","0","0","0","1","0","2","","","","N","","","","","","","","","",""
"2006007344","","2","0","0","0","0","0","0","0","0","4","0","","02","1","2006","6","40.493889","-80.061732","","11","0","0","0","0","0","1","0","0","1","0","0","0","","","1","","0","","40 29:38.000","5","0","80 03:42.235","4","0","0","0","2404","0","0","0","N","0","0","0","2","02404","1","","1.0","","2","N","N","","0","","0","0","0","","0","Y","","2","1","0","0","0","0","0","2","0","2","","","","N","","","","","","","","","",""
"2006007351","","0","0","0","0","0","0","0","0","0","8","0","","02","1","2006","6","","","","11","0","0","0","0","0","0","0","0","","0","0","0","","","1","","2","","","","0","","8","0","0","0","2413","1","0","0","N","1","0","0","6","02413","0","","1.0","","1","N","N","","0","","0","0","0","","3","","","2","1","0","0","0","1","0","1","1","1","","","","N","","","","","","","","","",""
"2006007357","","0","0","0","0","0","0","0","0","0","7","0","","02","1","2006","6","","","","11","0","0","0","0","0","0","0","0","","0","0","0","","","0","","0","","","","0","","0","0","0","0","2440","0","0","0","N","0","0","0","1","02440","0","","5.0","","1","N","N","","1","","0","0","0","","0","","","1","0","1","0","0","0","0","1","0","1","","","","N","","","","","","","","","",""
"2006007364","","1","0","0","0","0","0","1","0","0","5","1","","02","1","2006","5","","","","11","0","0","0","0","0","0","1","0","","0","0","0","","","0","","7","","","","2","","0","0","0","0","2301","0","0","0","N","0","0","0","2","02503","0","","1.0","","1","N","N","","0","","0","0","0","","0","","","2","0","0","0","0","0","0","1","0","2","","","","N","","","","","","","","","",""
"2006007368","","3","0","0","0","0","0","0","0","0","1","0","","02","1","2006","4","40.511306","-80.222773","","11","0","0","1","0","0","2","0","0","2","0","0","0","","","3","","0","","40 30:40.701","2","0","80 13:21.981","4","0","0","0","2213","0","0","0","N","0","0","0","6","02213","3","","1.0","","1","N","N","","0","","0","0","1","","0","N","","4","3","0","0","0","0","0","2","0","4","","","","N","","","","","","","","","",""
"2006007370","","0","0","0","0","0","0","0","0","0","7","0","","02","1","2006","4","40.591944","-80.074994","","11","0","0","0","0","0","0","0","0","1","0","0","0","","","0","","2","","40 35:31.000","4","0","80 04:29.977","0","0","0","0","2481","0","0","0","N","0","0","0","2","02481","0","","4.0","","7","N","N","","0","","0","0","1","","0","N","","1","0","0","0","0","0","0","2","0","1","","","","N","","","","","","","","","",""
"2006007371","","0","0","0","0","0","0","0","0","0","7","0","","02","1","2006","4","","","","11","0","0","0","0","0","0","0","0","","0","0","0","","","0","","2","","","","0","","0","0","0","0","2481","0","0","0","N","0","0","0","1","02481","0","","4.0","","7","N","N","","0","","0","0","1","","3","","","1","0","0","0","0","0","0","1","0","1","","","","N","","","","","","","","","",""
"2006007398","","1","0","0","0","0","0","0","0","0","4","0","","02","1","2006","5","40.613889","-79.948682","","11","0","0","0","0","0","0","0","0","","0","0","0","","","1","","2","","40 36:50.000","","0","79 56:55.254","4","0","0","0","2207","0","0","0","N","0","0","0","2","02207","1","","1.0","","1","N","N","","0","","0","0","0","","0","","","2","1","0","0","0","0","0","2","1","2","","","","N","","","","","","","","","",""
"2006007448","","0","0","0","0","0","0","0","0","0","2","0","","02","1","2006","7","40.394414","-79.896054","","11","0","0","0","0","0","0","0","0","2","0","0","0","","","2","","0","","40 23:39.890","6","0","79 53:45.794","3","0","0","0","2448","0","0","0","N","0","0","0","4","02448","1","","1.0","","1","N","N","","0","","1","0","1","","0","Y","","2","2","0","0","0","0","2","2","1","2","","","","N","","","","","","","","","",""
"2006007452","","1","0","0","0","0","0","0","0","0","1","0","","02","1","2006","6","40.527876","-79.848537","","11","0","1","0","0","0","0","0","0","2","0","0","0","","","1","","0","","40 31:40.355","4","3","79 50:54.734","8","0","0","0","2208","0","0","0","N","0","0","0","3","02208","0","","1.0","","1","N","N","","0","","0","0","2","","0","N","","3","1","0","0","0","1","0","1","0","3","","","","N","","","","","","","","","",""
"2006007453","","1","0","0","0","0","0","0","0","0","7","0","","02","1","2006","6","40.523889","-79.75329","","11","0","0","0","0","0","0","0","0","","0","0","0","","","0","","0","","40 31:26.000","","0","79 45:11.843","0","0","0","0","2466","0","0","0","N","0","0","0","1","02466","0","","5.0","","1","N","N","","0","","0","0","0","","0","","","1","0","1","0","0","0","0","1","0","1","","","","N","","","","","","","","","",""
"2006007464","","1","0","0","0","0","0","0","0","0","7","0","","02","1","2006","7","","","","11","0","1","0","0","0","0","0","0","2","0","0","0","","","2","","0","","","1","0","","4","0","0","0","2466","0","0","0","N","0","0","0","2","02466","2","","2.0","","1","N","N","","0","","0","0","0","","0","Y","","1","2","0","0","0","0","0","1","0","1","","","","N","","","","","","","","","",""
"2006007477","","2","0","0","0","0","0","0","0","0","4","0","","02","1","2006","7","40.386755","-79.827435","","11","0","0","0","0","0","1","0","0","1","0","0","0","","","2","","2","","40 23:12.317","6","0","79 49:38.766","8","0","0","0","2111","0","0","0","N","0","0","0","4","02111","0","","1.0","","1","N","N","","0","","0","0","0","","0","N","","2","2","0","0","0","2","2","2","0","2","","","","N","","","","","","","","","",""
"2006007478","","1","0","0","0","0","0","0","0","0","4","0","","02","1","2006","4","40.6369","-79.9391","","11","0","0","0","0","0","0","0","0","","0","0","0","","","0","","2","","40 38:12.840","","0","79 56:20.760","0","0","0","0","2217","0","0","0","N","0","0","0","2","02505","0","","1.0","","9","N","N","","0","","0","0","0","","2","","","2","0","0","0","0","0","0","2","1","2","","","","N","","","","","","","","","",""
"2006007482","","1","0","0","0","0","0","0","0","0","7","0","","02","1","2006","7","40.4874","-80.2033","","11","0","0","0","0","0","0","0","0","","0","0","0","","","0","","0","","40 29:14.640","","0","80 12:11.880","0","0","0","0","2213","0","0","0","N","0","0","0","1","02213","0","","2.0","","9","N","N","","0","","0","0","0","","0","","","1","0","0","0","0","0","0","2","0","1","","","","N","","","","","","","","","",""
"2006007508","","1","0","0","0","0","0","0","0","0","7","0","","02","1","2006","4","40.555833","-79.907665","","11","0","0","0","0","0","0","0","0","","0","0","0","","","0","","0","","40 33:21.000","","0","79 54:27.593","0","0","0","0","2209","0","0","0","N","0","0","0","3","02209","0","","2.0","","7","N","N","","0","","0","0","0","","0","","","1","0","0","0","0","0","0","2","0","1","","","","N","","","","","","","","","",""
"2006007509","","2","0","0","0","0","0","0","0","0","1","0","","02","1","2006","6","40.495833","-80.067225","","11","0","0","0","0","0","1","0","0","","0","0","0","","","0","","0","","40 29:45.000","","0","80 04:02.011","0","0","0","0","2402","0","0","0","N","0","0","0","2","02402","0","","1.0","","1","N","N","","0","","0","0","0","","0","","","2","0","0","0","0","0","0","2","0","2","","","","N","","","","","","","","","",""
"2006007512","","1","0","0","0","0","0","0","0","0","7","0","","02","1","2006","6","","","","11","0","0","0","0","0","1","0","0","","0","0","0","","","1","","0","","","","0","","4","0","0","0","2217","0","0","0","N","0","0","0","1","02505","1","","5.0","","1","N","N","","0","","0","0","0","","0","","","1","1","0","0","0","0","0","1","0","1","","","","N","","","","","","","","","",""
"2006007520","","2","0","0","0","0","0","0","0","0","2","0","","02","1","2006","7","40.489444","-79.952806","","11","0","0","0","0","0","0","1","0","3","1","0","0","","","5","","0","","40 29:22.000","1","0","79 57:10.103","1","0","0","0","2118","0","0","0","N","0","0","0","7","02118","5","1","1.0","","9","N","N","","0","0","0","0","1","","0","Y","","3","5","1","1","0","0","0","2","0","3","","","","N","","","","","","","","","",""
"2006007522","","1","0","0","0","0","0","0","0","0","7","0","","02","1","2006","7","40.542949","-79.876963","","11","0","0","0","0","0","0","0","0","","0","0","0","","","0","","0","","40 32:34.616","","1","79 52:37.066","0","0","0","0","2432","0","0","0","N","0","0","0","1","02432","0","","5.0","","9","N","N","","0","","0","0","0","","0","","","1","0","0","0","0","0","0","2","0","1","","","","N","","","","","","","","","",""
"2006007524","","1","0","0","0","0","0","0","0","0","4","0","","02","1","2006","7","40.601944","-79.947146","","11","0","1","0","0","0","0","0","0","","0","0","0","","","3","","10","","40 36:07.000","","7","79 56:49.727","4","0","0","0","2207","0","0","0","N","0","0","0","4","02207","3","","1.0","","1","N","N","","0","","0","0","1","","0","","","2","3","0","0","0","0","0","2","0","2","","","","N","","","","","","","","","",""
"2006007525","","0","0","0","0","0","0","0","0","0","1","0","","02","1","2006","1","40.455","-79.710808","","11","0","0","0","0","0","1","0","0","1","0","0","0","","","1","","2","","40 27:18.000","3","0","79 42:38.908","4","0","0","0","2466","0","0","0","N","0","0","0","2","02466","1","","1.0","","1","N","N","","1","","0","0","1","","2","N","","2","1","0","0","0","0","0","2","0","2","","","","N","","","","","","","","","",""
"2006007529","","1","0","0","0","0","0","0","0","0","2","0","","02","1","2006","7","40.6418","-79.7747","","11","0","0","0","0","0","0","2","0","","0","0","0","","","0","","0","","40 38:30.480","","7","79 46:28.920","9","0","0","0","2202","0","0","0","N","0","0","0","3","02202","0","","1.0","","1","N","N","","0","","0","0","0","","0","","","2","0","0","0","0","0","3","1","1","2","","","","N","","","","","","","","","",""
"2006007532","","1","0","0","0","0","0","0","0","0","7","0","","02","1","2006","6","40.296447","-79.925155","","11","0","0","0","0","0","0","0","0","2","0","0","0","","","1","","0","","40 17:47.209","2","0","79 55:30.557","3","0","0","0","2440","0","0","0","N","0","0","0","1","02440","0","","5.0","","1","N","N","","0","","1","0","0","","0","N","","1","1","0","0","0","0","0","2","0","1","","","","N","","","","","","","","","",""
"2006007535","","0","0","0","0","0","0","0","0","0","7","0","","02","1","2006","7","40.457124","-79.728815","","11","0","0","0","0","0","0","0","0","2","0","0","0","","","1","","0","","40 27:25.646","5","0","79 43:43.734","3","0","0","1","2466","0","0","0","N","0","0","0","1","02466","0","","2.0","","1","N","N","","0","","1","0","0","","0","Y","","1","1","0","0","0","0","0","2","0","1","","","","N","","","","","","","","","",""
"2006007536","","0","0","0","0","0","0","0","0","0","1","0","","02","1","2006","7","40.312778","-79.938621","","11","0","0","0","1","0","0","0","0","","0","0","0","","","0","","0","","40 18:46.000","","0","79 56:19.037","0","0","0","0","2440","0","0","0","N","0","0","0","6","02440","0","","1.0","","1","N","N","","2","","0","0","0","","0","","","2","0","1","0","0","0","0","2","0","2","","","","N","","","","","","","","","",""
"2006007539","","0","0","0","0","0","0","0","0","0","4","0","","02","1","2006","1","40.309722","-79.914915","","11","1","0","0","0","0","0","0","0","2","0","0","0","","","1","","3","","40 18:35.000","2","0","79 54:53.694","4","0","0","0","2440","0","0","0","N","0","0","0","4","02440","1","","1.0","","9","N","N","","1","","0","0","1","","3","Y","","2","1","1","0","0","0","0","2","0","2","","","","N","","","","","","","","","",""
"2006007549","","1","0","0","0","0","0","0","0","0","5","0","","02","1","2006","1","40.574167","-79.77771","","11","0","0","0","0","0","0","0","0","1","0","0","0","","","0","","0","","40 34:27.000","2","0","79 46:39.756","9","0","0","0","2104","0","0","0","","0","0","0","1","02104","0","","1.0","","1","","","","0","","0","0","2","","0","N","","3","0","0","0","0","0","1","2","0","3","","","","N","","","","","","","","","",""
"2006007553","","0","0","0","0","0","0","0","0","0","1","0","","02","1","2006","1","40.6474","-80.1082","","11","0","0","0","0","0","0","0","0","","0","0","0","","","0","","2","","40 38:50.640","","0","80 06:29.520","0","0","0","0","2212","0","0","0","N","0","0","0","4","02505","0","","1.0","","1","N","N","","1","","0","0","1","","0","","","2","0","0","0","0","0","0","2","0","2","","","","N","","","","","","","","","",""
"2006007558","","1","0","0","0","0","0","0","0","0","7","0","","02","1","2006","5","40.561769","-80.150783","","11","0","0","1","0","0","0","0","0","","0","0","0","","","0","","0","","40 33:42.367","","0","80 09:02.819","0","0","0","0","2459","0","0","0","N","0","0","0","2","02459","0","","5.0","","1","N","N","","0","","0","0","0","","0","","","1","0","0","0","0","0","0","1","0","1","","","","N","","","","","","","","","",""
"2006007565","","1","0","0","0","0","0","0","0","0","4","0","","02","1","2006","2","","","","11","0","0","0","0","0","0","1","0","2","0","0","0","","","1","","1","","","3","0","","4","0","0","0","2438","0","0","0","N","0","0","0","4","02438","1","","1.0","","1","N","Y","","1","","0","0","1","","3","N","","3","1","0","0","0","0","0","1","0","3","","","","N","","","","","","","","","",""
"2006007571","","2","0","0","0","0","0","0","0","0","2","0","","02","1","2006","2","40.503458","-79.948493","","11","0","0","0","0","0","0","0","0","1","0","0","0","","","4","","5","","40 30:12.447","2","0","79 56:54.573","3","0","0","0","2430","0","0","0","N","0","0","0","5","02430","0","","1.0","","1","N","N","","0","","4","0","0","","0","N","","2","4","0","0","0","0","0","2","0","2","","","","N","","","","","","","","","",""
"2006007579","","2","0","0","0","0","0","0","0","0","1","0","","02","1","2006","1","40.388056","-80.090016","","11","0","0","1","0","0","0","0","0","","0","0","0","","","2","","0","","40 23:17.000","","7","80 05:24.056","8","0","0","0","2117","0","0","0","N","0","0","0","4","02117","0","","1.0","","1","N","N","","0","","0","0","0","","2","","","2","2","0","0","0","2","0","2","0","2","","","","N","","","","","","","","","",""
"2006007587","","1","0","0","0","0","0","0","0","0","7","0","","02","1","2006","2","","","","11","0","0","0","0","0","1","0","0","1","0","0","0","","","1","","0","","","5","0","","4","0","0","0","2207","0","0","0","N","0","0","0","1","02207","1","","5.0","","9","N","N","","0","","0","0","0","","0","Y","","1","1","0","0","0","0","0","1","0","1","","","","N","","","","","","","","","",""
"2006007589","","0","0","0","0","0","0","0","0","0","7","0","","02","1","2006","1","40.616389","-80.055414","","11","0","0","0","0","0","0","0","0","3","0","0","0","","","3","","0","","40 36:59.000","2","0","80 03:19.491","2","0","0","0","2216","0","0","0","N","0","0","0","3","02505","0","","5.0","","9","N","N","","0","","0","3","1","","0","Y","","1","3","3","0","3","0","0","2","0","1","","","","N","","","","","","","","","",""
"2006007591","","3","0","0","0","0","0","0","0","0","1","0","","02","1","2006","1","40.320556","-79.941994","","11","0","1","0","0","0","0","0","0","2","0","0","0","","","3","","0","","40 19:14.000","1","0","79 56:31.177","4","0","0","0","2454","0","0","0","N","0","0","0","6","02454","3","","1.0","","9","N","N","","0","","0","0","0","","0","Y","","3","3","0","0","0","0","0","2","0","3","","","","N","","","","","","","","","",""
"2006007592","","2","0","0","0","0","0","0","0","0","4","0","","02","1","2006","2","40.374444","-80.098707","","11","0","1","0","0","0","0","0","0","2","0","0","0","","","0","","0","","40 22:28.000","4","0","80 05:55.345","0","0","0","0","2102","0","0","0","N","0","0","0","4","02102","0","","1.0","","1","N","N","","0","","0","0","0","","2","N","","2","0","3","0","0","0","0","2","0","2","","","","N","","","","","","","","","",""
"2006007596","","0","0","0","0","0","0","0","0","0","0","0","","02","1","2006","1","40.548611","-79.759022","","11","0","1","0","0","0","0","0","0","1","0","0","0","","","0","","0","","40 32:55.000","2","0","79 45:32.480","0","0","0","0","2466","0","0","0","N","0","0","0","2","02466","0","","1.0","","1","N","N","","0","","0","0","2","","0","N","","2","0","0","0","0","0","0","1","0","2","","","","N","","","","","","","","","",""
"2006007629","","2","0","0","0","0","0","0","0","0","1","0","","02","1","2006","2","40.544722","-79.972345","","11","0","0","0","0","0","2","0","0","","0","0","0","","","1","","2","","40 32:41.000","","0","79 58:20.441","3","0","0","0","2118","0","0","0","N","0","0","0","3","02118","0","","1.0","","1","N","N","","0","","1","0","1","","0","","","3","1","0","0","0","0","0","2","0","3","","","","N","","","","","","","","","",""
"2006007807","","1","0","0","0","0","0","0","0","0","2","0","","02","1","2006","2","40.216667","-79.843809","","11","0","0","0","0","0","0","0","1","1","0","0","0","","","1","","0","","40 13:00.000","6","3","79 50:37.714","4","0","0","0","2204","0","0","0","N","0","0","0","3","02204","1","","1.0","","1","N","N","","1","","0","0","0","","0","Y","","2","1","1","0","0","0","0","1","0","2","","","","N","","","","","","","","","",""
"2006007809","","2","0","0","0","0","0","0","0","0","4","0","","02","1","2006","3","40.4919","-80.0614","","11","0","0","0","0","0","0","0","0","","0","0","0","","","0","","0","","40 29:30.840","","0","80 03:41.040","0","0","0","0","2404","0","0","0","N","0","0","0","3","02404","0","","1.0","","1","N","N","","0","","0","0","0","","0","","","2","0","0","0","0","0","0","2","0","2","","","","N","","","","","","","","","",""
"2006007825","","1","0","0","0","0","0","0","0","0","1","1","","02","1","2006","3","40.5402","-79.8409","","11","0","0","0","0","0","0","0","0","","0","1","0","","","0","","1","","40 32:24.720","","2","79 50:27.240","0","0","0","0","2208","0","0","0","N","0","0","0","2","02208","0","","1.0","","9","N","N","","0","","0","0","0","","2","","","2","0","0","0","0","0","0","2","0","2","","","","N","","","","","","","","","",""