"CRN","ARRIVAL_TM","AUTOMOBILE_COUNT","BELTED_DEATH_COUNT","BELTED_SUSP_SERIOUS_INJ_COUNT","BICYCLE_COUNT","BICYCLE_DEATH_COUNT","BICYCLE_SUSP_SERIOUS_INJ_COUNT","BUS_COUNT","CHLDPAS_DEATH_COUNT","CHLDPAS_SUSP_SERIOUS_INJ_COUNT","COLLISION_TYPE","COMM_VEH_COUNT","CONS_ZONE_SPD_LIM","COUNTY","CRASH_MONTH","CRASH_YEAR","DAY_OF_WEEK","DEC_LATITUDE","DEC_LONGITUDE","DISPATCH_TM","DISTRICT","DRIVER_COUNT_16YR","DRIVER_COUNT_17YR","DRIVER_COUNT_18YR","DRIVER_COUNT_19YR","DRIVER_COUNT_20YR","DRIVER_COUNT_50_64YR","DRIVER_COUNT_65_74YR","DRIVER_COUNT_75PLUS","EST_HRS_CLOSED","FATAL_COUNT","HEAVY_TRUCK_COUNT","HORSE_BUGGY_COUNT","HOUR_OF_DAY","ILLUMINATION","INJURY_COUNT","INTERSECTION_RELATED","INTERSECT_TYPE","LANE_CLOSED","LATITUDE","LN_CLOSE_DIR","LOCATION_TYPE","LONGITUDE","MAX_SEVERITY_LEVEL","MCYCLE_DEATH_COUNT","MCYCLE_SUSP_SERIOUS_INJ_COUNT","MOTORCYCLE_COUNT","MUNICIPALITY","NONMOTR_COUNT","NONMOTR_DEATH_COUNT","NONMOTR_SUSP_SERIOUS_INJ_COUNT","NTFY_HIWY_MAINT","PED_COUNT","PED_DEATH_COUNT","PED_SUSP_SERIOUS_INJ_COUNT","PERSON_COUNT","POLICE_AGCY","POSSIBLE_INJ_COUNT","RDWY_SURF_TYPE_CD","RELATION_TO_ROAD","ROADWAY_CLEARED","ROAD_CONDITION","SCH_BUS_IND","SCH_ZONE_IND","SECONDARY_CRASH","SMALL_TRUCK_COUNT","SPEC_JURIS_CD","SUSP_MINOR_INJ_COUNT","SUSP_SERIOUS_INJ_COUNT","SUV_COUNT","TCD_FUNC_CD","TCD_TYPE","TFC_DETOUR_IND","TIME_OF_DAY","TOTAL_UNITS","TOT_INJ_COUNT","UNBELTED_OCC_COUNT","UNB_DEATH_COUNT","UNB_SUSP_SERIOUS_INJ_COUNT","UNK_INJ_DEG_COUNT","UNK_INJ_PER_COUNT","URBAN_RURAL","VAN_COUNT","VEHICLE_COUNT","WEATHER1","WEATHER2","WORKERS_PRES","WORK_ZONE_IND","WORK_ZONE_LOC","WORK_ZONE_TYPE","WZ_CLOSE_DETOUR","WZ_FLAGGER","WZ_LAW_OFFCR_IND","WZ_LN_CLOSURE","WZ_MOVING","WZ_OTHER","WZ_SHLDER_MDN","WZ_WORKERS_INJ_KILLED"
"2006007829","","1","0","0","0","0","0","0","0","0","2","0","","02","1","2006","4","40.389722","-80.133486","","11","0","0","0","0","0","1","0","0","1","0","0","0","","","0","","3","","40 23:23.000","4","0","80 08:00.548","0","0","0","0","2102","0","0","0","N","0","0","0","3","02102","0","","1.0","","1","N","N","","1","","0","0","1","","3","Y","","3","0","0","0","0","0","0","2","0","3","","","","N","","","","","","","","","",""
"2006007844","","1","0","1","0","0","0","0","0","0","7","0","","02","1","2006","6","40.623188","-80.092843","","11","0","1","0","0","0","0","0","0","4","0","0","0","","","1","","0","","40 37:23.475","5","0","80 05:34.235","2","0","0","0","2212","0","0","0","N","0","0","0","1","02505","0","","5.0","","2","N","N","","0","","0","1","0","","0","Y","","1","1","0","0","0","0","0","2","0","1","","","","N","","","","","","","","","",""
"2006007852","","1","0","0","0","0","0","0","0","0","7","0","","02","1","2006","6","","","","11","0","1","0","0","0","0","0","0","2","0","0","0","","","1","","0","","","5","0","","8","0","0","0","2213","0","0","0","N","0","0","0","1","02213","0","","2.0","","2","N","N","","0","","0","0","0","","0","Y","","1","1","0","0","0","1","0","1","0","1","","","","N","","","","","","","","","",""
"2006007853","","1","0","0","0","0","0","0","0","0","7","0","","02","1","2006","6","40.330677","-80.058492","","11","0","0","0","0","0","0","0","0","","0","0","0","","","0","","0","","40 19:50.437","","0","80 03:30.571","0","0","0","0","2407","0","0","0","N","0","0","0","1","02407","0","","2.0","","1","N","N","","0","","0","0","0","","0","","","1","0","0","0","0","0","0","2","0","1","","","","N","","","","","","","","","",""
"2006007870","","2","0","0","0","0","0","0","0","0","4","0","","02","1","2006","2","40.4995","-79.9438","","11","0","0","0","0","0","1","0","0","1","0","0","0","","","0","","0","","40 29:58.200","1","0","79 56:37.680","0","0","0","0","2430","0","0","0","N","0","0","0","2","02430","0","","1.0","","1","N","N","","0","","0","0","0","","0","N","","2","0","0","0","0","0","0","2","0","2","","","","N","","","","","","","","","",""
"2006007871","","1","0","0","0","0","0","0","0","0","7","0","","02","1","2006","3","40.361657","-79.989841","","11","0","0","1","0","0","0","0","0","1","0","0","0","","","1","","0","","40 21:41.965","3","0","79 59:23.427","4","0","0","0","2476","0","0","0","N","0","0","0","1","02476","1","","2.0","","9","N","N","","0","","0","0","0","","0","N","","1","1","0","0","0","0","0","2","0","1","","","","N","","","","","","","","","",""
"2006007877","","1","0","0","0","0","0","1","0","0","4","1","","02","1","2006","3","","","","11","0","0","0","0","0","0","0","0","","0","0","0","","","0","","1","","","","0","","0","0","0","0","2111","0","0","0","N","0","0","0","2","02503","0","","1.0","","1","N","N","","0","","0","0","0","","0","","","2","0","1","0","0","0","0","1","0","2","","","","N","","","","","","","","","",""
"2006007881","","0","0","0","0","0","0","0","0","0","7","0","","02","1","2006","3","40.666944","-79.978592","","11","0","0","0","0","0","0","0","0","","0","0","0","","","0","","0","","40 40:01.000","","0","79 58:42.930","0","0","0","0","2217","0","0","0","N","0","0","0","1","02505","0","","4.0","","1","N","N","","1","","0","0","0","","0","","","1","0","0","0","0","0","0","1","0","1","","","","N","","","","","","","","","",""
"2006007891","","1","0","0","0","0","0","0","0","0","7","0","","02","1","2006","5","40.578889","-79.953167","","11","0","0","0","0","0","0","0","0","1","0","0","0","","","0","","3","","40 34:44.000","2","0","79 57:11.401","0","0","0","0","2207","0","0","0","N","0","0","0","1","02207","0","","2.0","","1","N","N","","0","","0","0","0","","3","N","","1","0","0","0","0","0","0","2","0","1","","","","N","","","","","","","","","",""
"2006007898","","0","0","0","0","0","0","0","0","0","7","0","","02","1","2006","4","40.633848","-80.140687","","11","0","0","0","0","0","0","0","0","3","0","0","0","","","0","","0","","40 38:01.852","4","0","80 08:26.473","0","0","0","0","2212","0","0","0","N","0","0","0","1","02505","0","","5.0","","2","N","N","","0","","0","0","0","","0","Y","","1","0","0","0","0","0","0","1","1","1","","","","N","","","","","","","","","",""
"2006007904","","0","0","0","0","0","0","0","0","0","0","0","","02","1","2006","7","","","","11","0","0","0","0","1","0","0","0","","0","0","0","","","1","","0","","","","0","","3","0","0","1","2448","0","0","0","N","0","0","0","1","02448","0","","1.0","","1","N","N","","0","","1","0","0","","0","","","1","1","0","0","0","0","0","1","0","1","","","","N","","","","","","","","","",""
"2006007906","","0","0","0","0","0","0","0","0","0","7","0","","02","1","2006","4","40.581704","-80.145196","","11","0","0","0","0","0","0","0","0","","0","0","0","","","0","","2","","40 34:54.135","","0","80 08:42.704","0","0","0","0","2459","0","0","0","N","0","0","0","1","02459","0","","5.0","","1","N","N","","1","","0","0","0","","0","","","1","0","0","0","0","0","0","1","0","1","","","","N","","","","","","","","","",""
"2006007908","","1","0","0","0","0","0","0","0","0","4","1","","02","2","2006","4","40.3987","-80.1042","","11","0","0","0","0","0","0","0","0","1","0","1","0","","","1","","2","","40 23:55.320","3","2","80 06:15.120","4","0","0","0","2102","0","0","0","N","0","0","0","2","02102","1","","1.0","","1","N","N","","0","","0","0","0","","3","N","","2","1","0","0","0","0","0","2","0","2","","","","N","","","","","","","","","",""
"2006007912","","1","0","0","0","0","0","0","0","0","7","0","","02","2","2006","4","40.487621","-80.055983","","11","0","0","0","0","0","0","0","0","","0","0","0","","","1","","0","","40 29:15.437","","0","80 03:21.537","8","0","0","0","2404","0","0","0","N","0","0","0","1","02404","0","","5.0","","1","N","N","","0","","0","0","0","","0","","","1","1","0","0","0","1","0","2","0","1","","","","N","","","","","","","","","",""
"2006007915","","0","0","0","0","0","0","0","0","0","4","0","","02","1","2006","2","40.5393","-80.201","","11","0","0","0","0","0","0","0","0","","0","0","0","","","1","","0","","40 32:21.480","","0","80 12:03.600","3","0","0","1","2213","0","0","0","N","0","0","0","4","02213","0","","1.0","","1","N","N","","0","","1","0","0","","0","","","2","1","0","0","0","0","0","2","1","2","","","","N","","","","","","","","","",""
"2006007916","","2","0","0","0","0","0","0","0","0","1","0","","02","1","2006","6","40.524126","-80.178731","","11","0","0","0","0","0","0","2","0","2","0","0","0","","","2","","0","","40 31:26.855","5","0","80 10:43.432","8","0","0","0","2213","0","0","0","N","0","0","0","2","02213","0","","1.0","","1","N","N","","0","","0","0","0","","0","N","","2","2","0","0","0","2","0","2","0","2","","","","N","","","","","","","","","",""
"2006007955","","1","0","0","0","0","0","0","0","0","8","0","25","02","2","2006","4","40.503889","-79.949104","","11","0","0","0","0","0","1","0","0","","0","0","0","","","1","","2","","40 30:14.000","","0","79 56:56.775","4","0","0","0","2430","1","0","0","N","1","0","0","2","02430","1","","1.0","","1","N","N","","0","","0","0","0","","7","","","2","1","0","0","0","0","0","2","0","1","","","Y","Y","4","1","","","Y","","","Y","",""
"2006007956","","1","0","0","0","0","0","0","0","0","1","0","","02","1","2006","3","40.634722","-79.940071","","11","0","0","0","0","0","0","0","0","1","0","0","0","","","0","","0","","40 38:05.000","4","0","79 56:24.257","0","0","0","0","2217","0","0","0","N","0","0","0","2","02505","0","","1.0","","1","N","N","","0","","0","0","0","","2","N","","2","0","0","0","0","0","0","2","1","2","","","","N","","","","","","","","","",""
"2006007969","","1","0","0","0","0","0","0","0","0","4","0","","02","1","2006","3","40.394167","-80.066103","","11","0","0","0","0","0","1","0","0","2","0","0","0","","","0","","0","","40 23:39.000","2","0","80 03:57.970","0","0","0","0","2117","0","0","0","N","0","0","0","2","02117","0","","1.0","","1","N","N","","0","","0","0","1","","0","N","","2","0","0","0","0","0","0","2","0","2","","","","N","","","","","","","","","",""
"2006007979","","1","0","0","0","0","0","0","0","0","4","0","","02","2","2006","5","40.490437","-79.78317","","11","0","1","0","0","0","0","0","0","","0","0","0","","","0","","2","","40 29:25.573","","0","79 46:59.412","0","0","0","0","2466","0","0","0","N","0","0","0","4","02466","0","","1.0","","1","N","N","","1","","0","0","0","","3","","","2","0","2","0","0","0","0","2","0","2","","","","N","","","","","","","","","",""
"2006007980","","3","0","0","0","0","0","0","0","0","1","0","","02","2","2006","5","40.396804","-79.821271","","11","0","0","0","0","0","2","0","0","2","0","0","0","","","3","","2","","40 23:48.494","5","0","79 49:16.575","8","0","0","0","2111","0","0","0","N","0","0","0","5","02111","0","","1.0","","1","N","N","","0","","0","0","0","","3","N","","3","3","0","0","0","3","0","2","0","3","","","","N","","","","","","","","","",""
"2006007981","","1","0","0","0","0","0","0","0","0","7","0","","02","1","2006","5","40.472778","-80.19941","","11","0","0","0","0","0","0","0","0","","0","0","0","","","1","","0","","40 28:22.000","","0","80 11:57.877","4","0","0","0","2213","0","0","0","N","0","0","0","4","02213","1","","5.0","","1","N","N","","0","","0","0","1","","0","","","2","1","0","0","0","0","0","2","0","2","","","","N","","","","","","","","","",""
"2006007982","","2","0","0","0","0","0","0","0","0","1","0","","02","2","2006","4","40.523056","-80.224336","","11","0","0","1","0","0","0","0","0","","0","0","0","","","1","","0","","40 31:23.000","","0","80 13:27.611","4","0","0","0","2213","0","0","0","N","0","0","0","3","02213","1","","1.0","","1","N","N","","0","","0","0","0","","0","","","2","1","0","0","0","0","0","2","0","2","","","","N","","","","","","","","","",""
"2006007983","","0","0","0","0","0","0","1","0","0","1","2","","02","1","2006","6","40.34058","-80.041809","","11","0","0","0","0","0","0","0","0","","0","1","0","","","1","","2","","40 20:26.088","","0","80 02:30.512","4","0","0","0","2407","0","0","0","N","0","0","0","2","02407","1","","1.0","","1","Y","N","","0","","0","0","0","","0","","","2","1","0","0","0","0","0","2","0","2","","","","N","","","","","","","","","",""
"2006007984","","2","0","0","0","0","0","0","0","0","1","0","","02","2","2006","4","40.591944","-80.074994","","11","0","0","0","0","0","0","0","0","","0","0","0","","","1","","2","","40 35:31.000","","0","80 04:29.977","3","0","0","0","2481","0","0","0","N","0","0","0","3","02481","0","","1.0","","1","N","N","","0","","1","0","0","","3","","","2","1","0","0","0","0","0","2","0","2","","","","N","","","","","","","","","",""
"2006008008","","3","0","0","0","0","0","0","0","0","2","0","","02","2","2006","6","40.392988","-80.083333","","11","0","0","0","0","0","0","0","0","1","0","0","0","","","0","","0","","40 23:34.756","5","0","80 04:59.998","0","0","0","0","2117","0","0","0","N","0","0","0","1","02117","0","","2.0","","9","N","N","","0","","0","0","0","","0","N","","3","0","0","0","0","0","0","2","0","3","","","","N","","","","","","","","","",""
"2006008009","","1","0","0","0","0","0","0","0","0","7","0","","02","2","2006","4","40.543333","-79.771765","","11","0","0","0","0","0","0","0","0","4","0","0","0","","","1","","0","","40 32:36.000","6","0","79 46:18.353","3","0","0","0","2462","0","0","0","Y","0","0","0","1","02462","0","","5.0","","1","N","N","","0","","1","0","0","","2","Y","","1","1","0","0","0","0","0","2","0","1","","","","N","","","","","","","","","",""
"2006008012","","1","0","0","0","0","0","0","0","0","1","0","","02","2","2006","4","40.315","-80.089402","","11","0","0","0","0","0","2","0","0","1","0","0","0","","","1","","0","","40 18:54.000","2","0","80 05:21.847","4","0","0","0","2123","0","0","0","N","0","0","0","2","02123","1","","1.0","","1","N","N","","0","","0","0","1","","0","N","","2","1","0","0","0","0","0","2","0","2","","","","N","","","","","","","","","",""
"2006008015","","0","0","0","0","0","0","0","0","0","7","0","","02","2","2006","5","","","","11","0","0","0","0","0","0","0","0","","0","0","0","","","1","","10","","","","0","","4","0","0","1","2407","0","0","0","N","0","0","0","1","02501","1","","5.0","","1","N","N","","0","","0","0","0","","0","","","1","1","0","0","0","0","0","1","0","1","","","","N","","","","","","","","","",""
"2006008024","","1","0","0","0","0","0","0","0","0","5","0","","02","1","2006","6","","","","11","0","0","0","0","0","2","0","0","","0","0","0","","","1","","1","","","","0","","4","0","0","0","2421","0","0","0","N","0","0","0","3","02421","1","","1.0","","1","N","N","","0","","0","0","1","","0","","","2","1","0","0","0","0","0","1","0","2","","","","N","","","","","","","","","",""
"2006008039","","1","0","0","0","0","0","0","0","0","6","0","","02","2","2006","6","","","","11","0","0","0","0","0","0","0","0","","0","0","0","","","2","","0","","","","0","","4","0","0","0","2448","0","0","0","N","0","0","0","2","02448","1","","1.0","","1","N","N","","1","","0","0","0","","0","","","2","2","0","0","0","1","0","1","0","2","","","","N","","","","","","","","","",""
"2006008040","","2","0","0","0","0","0","0","0","0","2","0","","02","1","2006","3","","","","11","0","0","0","0","0","1","0","0","","0","0","0","","","0","","2","","","","0","","0","0","0","0","2426","0","0","0","N","0","0","0","2","02426","0","","1.0","","1","N","N","","0","","0","0","0","","3","","","2","0","2","0","0","0","0","1","0","2","","","","N","","","","","","","","","",""
"2006008067","","2","0","0","0","0","0","0","0","0","2","0","","02","1","2006","6","","","","11","0","0","0","0","0","2","0","0","","0","0","0","","","1","","1","","","","0","","8","0","0","0","2438","0","0","0","N","0","0","0","3","02438","0","","1.0","","1","N","N","","0","","0","0","0","","3","","","2","1","0","0","0","1","0","1","0","2","","","","N","","","","","","","","","",""
"2006008099","","2","0","0","0","0","0","0","0","0","1","0","","02","2","2006","6","40.501851","-79.984672","","11","0","0","0","0","0","0","0","0","1","0","0","0","","","0","","0","","40 30:06.662","2","0","79 59:04.820","0","0","0","0","2118","0","0","0","N","0","0","0","2","02118","0","","1.0","","1","N","N","","0","","0","0","0","","0","N","","2","0","0","0","0","0","0","2","0","2","","","","N","","","","","","","","","",""
"2006008101","","1","0","0","0","0","0","0","0","0","7","0","","02","2","2006","5","","","","11","0","0","0","0","0","0","0","0","1","0","0","0","","","0","","0","","","6","0","","0","0","0","0","2438","0","0","0","N","0","0","0","2","02438","0","","5.0","","9","N","N","","0","","0","0","0","","0","N","","1","0","0","0","0","0","0","1","0","1","","","","N","","","","","","","","","",""
"2006008104","","1","0","0","0","0","0","0","0","0","4","0","","02","2","2006","6","40.562778","-79.966368","","11","0","0","1","0","0","0","0","0","1","0","0","0","","","0","","1","","40 33:46.000","3","0","79 57:58.923","0","0","0","0","2207","0","0","0","N","0","0","0","2","02207","0","","1.0","","1","N","N","","1","","0","0","0","","3","N","","2","0","0","0","0","0","0","2","0","2","","","","N","","","","","","","","","",""
"2006008107","","2","0","0","0","0","0","0","0","0","4","0","","02","2","2006","7","40.5174","-79.959","","11","1","0","0","0","1","0","0","0","1","0","0","0","","","0","","2","","40 31:02.640","1","0","79 57:32.400","0","0","0","0","2118","0","0","0","N","0","0","0","4","02118","0","","1.0","","9","N","N","","0","","0","0","0","","3","Y","","2","0","0","0","0","0","0","2","0","2","","","","N","","","","","","","","","",""
"2006008111","","0","0","0","0","0","0","1","0","0","4","1","","02","2","2006","6","40.440278","-80.006806","","11","0","0","0","0","0","0","0","0","","0","0","0","","","0","","1","","40 26:25.000","","2","80 00:24.501","0","0","0","0","2301","0","0","0","N","0","0","0","2","02503","0","","1.0","","1","N","N","","0","","0","0","1","","2","","","2","0","0","0","0","0","0","2","0","2","","","","N","","","","","","","","","",""
"2006008115","","2","0","0","0","0","0","0","0","0","4","0","","02","2","2006","6","40.615833","-80.055178","","11","0","0","0","0","0","0","0","0","1","0","0","0","","","0","","1","","40 36:57.000","1","0","80 03:18.640","0","0","0","0","2216","0","0","0","N","0","0","0","4","02505","0","","1.0","","1","N","N","","0","","0","0","0","","2","N","","2","0","0","0","0","0","0","2","0","2","","","","N","","","","","","","","","",""
"2006008120","","1","0","0","0","0","0","0","0","0","1","0","","02","2","2006","7","","","","11","0","0","0","0","0","0","0","0","","0","0","0","","","1","","2","","","","0","","8","0","0","0","2476","0","0","0","N","0","0","0","5","02476","0","","1.0","","9","N","N","","0","","0","0","1","","0","","","2","1","0","0","0","1","2","1","0","2","","","","N","","","","","","","","","",""
"2006008127","","2","0","0","0","0","0","0","0","0","1","0","","02","2","2006","7","40.632324","-79.878478","","11","0","0","0","0","0","0","0","0","2","0","0","0","","","0","","0","","40 37:56.366","3","0","79 52:42.520","0","0","0","0","2220","0","0","0","N","0","0","0","5","02220","0","","1.0","","9","N","N","","0","","0","0","0","","0","N","","3","0","0","0","0","0","0","2","1","3","","","","N","","","","","","","","","",""
"2006008128","","1","0","0","0","0","0","0","0","0","7","0","","02","2","2006","6","40.5692","-79.7873","","11","0","1","0","0","0","0","0","0","1","0","0","0","","","0","","0","","40 34:09.120","7","0","79 47:14.280","0","0","0","0","2206","0","0","0","N","0","0","0","1","02464","0","","5.0","","9","N","N","","0","","0","0","0","","0","N","","1","0","1","0","0","0","0","1","0","1","","","","N","","","","","","","","","",""
"2006008129","","3","0","0","0","0","0","0","0","0","4","0","","02","2","2006","6","","","","11","0","0","0","0","0","0","0","0","1","0","0","0","","","1","","2","","","1","0","","4","0","0","0","2448","0","0","0","N","0","0","0","4","02448","1","","1.0","","1","N","N","","0","","0","0","0","","3","N","","3","1","2","0","0","0","0","1","0","3","","","","N","","","","","","","","","",""
"2006008137","","2","0","0","0","0","0","0","0","0","6","0","","02","2","2006","7","40.399722","-80.065089","","11","0","0","0","0","0","1","0","0","","0","0","0","","","0","","1","","40 23:59.000","","0","80 03:54.321","0","0","0","0","2117","0","0","0","N","0","0","0","3","02117","0","","1.0","","9","N","N","","0","","0","0","0","","2","","","2","0","0","0","0","0","0","2","0","2","","","","N","","","","","","","","","",""
"2006008173","","1","0","0","0","0","0","0","0","0","1","0","","02","1","2006","6","40.387219","-79.902307","","11","0","1","0","0","0","0","0","0","1","0","0","0","","","0","","1","","40 23:13.988","1","0","79 54:08.305","0","0","0","0","2448","0","0","0","N","0","0","0","6","02448","0","","1.0","","1","N","N","","1","","0","0","1","","0","N","","3","0","0","0","0","0","0","2","0","3","","","","N","","","","","","","","","",""
"2006008176","","1","0","0","0","0","0","0","0","0","7","0","","02","2","2006","7","40.531434","-79.878696","","11","1","0","0","0","0","0","0","0","","0","0","0","","","2","","0","","40 31:53.162","","0","79 52:43.305","4","0","0","0","2432","0","0","0","N","0","0","0","3","02432","2","","5.0","","9","N","N","","0","","0","0","0","","0","","","1","2","0","0","0","0","0","2","0","1","","","","N","","","","","","","","","",""
"2006008182","","1","0","0","0","0","0","0","0","0","7","0","","02","2","2006","7","40.6004","-79.889","","11","0","1","0","0","0","0","0","0","1","0","0","0","","","0","","0","","40 36:01.440","2","0","79 53:20.400","0","0","0","0","2220","0","0","0","N","0","0","0","1","02220","0","","5.0","","9","N","N","","0","","0","0","0","","0","Y","","1","0","0","0","0","0","0","2","0","1","","","","N","","","","","","","","","",""
"2006008184","","1","0","0","0","0","0","0","0","0","4","0","","02","2","2006","7","40.238889","-79.866242","","11","0","0","0","0","0","1","0","0","2","0","0","0","","","1","","1","","40 14:20.000","6","6","79 51:58.470","8","0","0","0","2204","0","0","0","N","0","0","0","3","02204","0","","1.0","","9","N","N","","1","","0","0","0","","3","Y","","2","1","0","0","0","1","0","1","0","2","","","","N","","","","","","","","","",""
"2006008199","","1","0","0","0","0","0","0","0","0","7","0","","02","2","2006","1","40.390107","-79.829251","","11","0","0","0","0","0","0","0","0","1","0","0","0","","","0","","0","","40 23:24.385","3","4","79 49:45.303","0","0","0","0","2111","0","0","0","N","0","0","0","1","02111","0","","4.0","","2","N","N","","0","","0","0","0","","0","N","","1","0","0","0","0","0","0","2","0","1","","","","N","","","","","","","","","",""
"2006008200","","1","0","0","0","0","0","0","0","0","7","0","","02","2","2006","1","","","","11","0","0","0","0","0","0","0","0","1","0","0","0","","","0","","0","","","4","0","","0","0","0","0","2111","0","0","0","N","0","0","0","3","02111","0","","5.0","","2","N","N","","0","","0","0","0","","0","Y","","1","0","0","0","0","0","0","1","0","1","","","","N","","","","","","","","","",""
"2006008201","","1","0","1","0","0","0","0","0","0","7","0","","02","2","2006","1","40.2501","-79.8778","","11","0","0","0","0","0","0","0","0","1","0","0","0","","","2","","0","","40 15:00.360","2","0","79 52:40.080","2","0","0","0","2204","0","0","0","N","0","0","0","2","02204","0","","5.0","","2","N","N","","0","","1","1","0","","2","N","","1","2","0","0","0","0","0","1","0","1","","","","N","","","","","","","","","",""
"2006008204","","0","0","0","0","0","0","0","0","0","2","0","","02","2","2006","5","40.541212","-79.786053","","11","0","0","0","0","0","0","0","0","1","0","0","0","","","0","","0","","40 32:28.362","2","7","79 47:09.790","0","0","0","0","2462","0","0","0","N","0","0","0","1","02462","0","","1.0","","1","N","N","","1","","0","0","1","","0","N","","2","0","0","0","0","0","0","2","0","2","","","","N","","","","","","","","","",""
"2006008205","","1","0","0","0","0","0","0","0","0","1","0","","02","2","2006","1","","","","11","0","0","0","1","0","0","0","1","1","0","0","0","","","1","","2","","","3","0","","4","0","0","0","2482","0","0","0","N","0","0","0","3","02415","1","","1.0","","2","N","N","","1","","0","0","1","","3","N","","3","1","0","0","0","0","0","1","0","3","","","","N","","","","","","","","","",""
"2006008208","","0","0","0","0","0","0","0","0","0","7","0","","02","2","2006","1","40.396657","-80.08822","","11","0","0","0","0","0","0","0","0","","0","0","0","","","0","","2","","40 23:47.965","","0","80 05:17.592","0","0","0","0","2117","0","0","0","N","0","0","0","1","02117","0","","2.0","","1","N","N","","1","","0","0","0","","0","","","1","0","0","0","0","0","0","2","0","1","","","","N","","","","","","","","","",""
"2006008228","","1","0","0","0","0","0","0","0","0","7","0","","02","2","2006","1","40.656667","-79.955983","","11","0","0","0","0","0","0","0","0","","0","0","0","","","2","","0","","40 39:24.000","","0","79 57:21.537","4","0","0","0","2217","0","0","0","N","0","0","0","3","02505","2","","2.0","","7","N","N","","0","","0","0","0","","0","","","1","2","0","0","0","0","1","2","0","1","","","","N","","","","","","","","","",""
"2006008236","","7","0","0","0","0","0","0","0","0","2","0","","02","2","2006","2","40.408056","-80.083664","","11","0","0","0","0","0","0","1","0","","0","0","0","","","1","","2","","40 24:29.000","","0","80 05:01.192","8","0","0","0","2415","0","0","0","N","0","0","0","2","02415","0","","1.0","","2","N","N","","0","","0","0","0","","3","","","7","1","0","0","0","1","0","2","0","7","","","","N","","","","","","","","","",""
"2006008239","","1","0","0","0","0","0","0","0","0","5","0","","02","2","2006","2","40.415833","-80.04503","","11","0","0","0","0","0","0","0","0","","0","0","0","","","1","","0","","40 24:57.000","","0","80 02:42.108","4","0","0","0","2435","0","0","0","N","0","0","0","4","02435","1","","1.0","","9","N","N","","1","","0","0","0","","8","","","2","1","0","0","0","0","0","2","0","2","","","","N","","","","","","","","","",""
"2006008242","","0","0","0","0","0","0","0","0","0","1","0","","02","2","2006","2","40.381111","-79.811854","","11","0","0","0","0","0","0","0","0","1","0","0","0","","","0","","1","","40 22:52.000","4","0","79 48:42.676","0","0","0","0","2424","0","0","0","N","0","0","0","2","02424","0","","1.0","","1","N","N","","2","","0","0","0","","2","N","","2","0","0","0","0","0","0","2","0","2","","","","N","","","","","","","","","",""
"2006008245","","1","0","0","0","0","0","0","0","0","4","0","","02","2","2006","2","40.538889","-79.840041","","11","0","0","0","0","0","0","0","0","1","0","0","0","","","0","","1","","40 32:20.000","4","0","79 50:24.147","0","0","0","0","2208","0","0","0","N","0","0","0","2","02208","0","","1.0","","1","N","N","","0","","0","0","1","","2","N","","2","0","0","0","0","0","0","2","0","2","","","","N","","","","","","","","","",""
"2006008246","","1","0","0","0","0","0","0","0","0","4","0","","02","2","2006","2","","","","11","0","0","0","0","0","0","0","0","","0","0","0","","","1","","1","","","","0","","8","0","0","0","2402","0","0","0","N","0","0","0","2","02402","0","","1.0","","1","N","N","","1","","0","0","0","","2","","","2","1","0","0","0","1","0","1","0","2","","","","N","","","","","","","","","",""
"2006008250","","1","0","0","0","0","0","0","0","0","4","0","","02","2","2006","6","40.321389","-80.058188","","11","0","0","0","0","0","0","0","0","","0","0","0","","","0","","2","","40 19:17.000","","0","80 03:29.475","0","0","0","0","2407","0","0","0","N","0","0","0","2","02407","0","","1.0","","1","N","N","","0","","0","0","1","","3","","","2","0","0","0","0","0","0","2","0","2","","","","N","","","","","","","","","",""
"2006008251","","1","0","0","0","0","0","0","0","0","4","0","","02","1","2006","3","40.331108","-80.030695","","11","0","0","0","0","0","1","0","0","","0","0","0","","","0","","2","","40 19:51.988","","0","80 01:50.502","0","0","0","0","2407","0","0","0","N","0","0","0","4","02407","0","","1.0","","1","N","N","","0","","0","0","0","","3","","","2","0","0","0","0","0","0","2","1","2","","","","N","","","","","","","","","",""
"2006008280","","2","0","0","0","0","0","0","0","0","4","0","","02","2","2006","6","40.238889","-79.866242","","11","0","0","0","0","0","0","0","1","2","0","0","0","","","0","","1","","40 14:20.000","2","6","79 51:58.470","0","0","0","0","2204","0","0","0","N","0","0","0","3","02204","0","","1.0","","1","N","N","","0","","0","0","0","","3","N","","2","0","0","0","0","0","0","1","0","2","","","","N","","","","","","","","","",""
"2006008286","","0","0","0","0","0","0","0","0","0","0","0","","02","2","2006","2","40.426667","-80.056206","","11","0","0","0","0","0","0","0","0","1","0","0","0","","","0","","0","","40 25:36.000","3","0","80 03:22.343","0","0","0","0","2435","0","0","0","N","0","0","0","1","02435","0","","1.0","","1","N","N","","0","","0","0","0","","0","Y","","1","0","0","0","0","0","0","2","1","1","","","","N","","","","","","","","","",""