"CRN","ARRIVAL_TM","AUTOMOBILE_COUNT","BELTED_DEATH_COUNT","BELTED_SUSP_SERIOUS_INJ_COUNT","BICYCLE_COUNT","BICYCLE_DEATH_COUNT","BICYCLE_SUSP_SERIOUS_INJ_COUNT","BUS_COUNT","CHLDPAS_DEATH_COUNT","CHLDPAS_SUSP_SERIOUS_INJ_COUNT","COLLISION_TYPE","COMM_VEH_COUNT","CONS_ZONE_SPD_LIM","COUNTY","CRASH_MONTH","CRASH_YEAR","DAY_OF_WEEK","DEC_LATITUDE","DEC_LONGITUDE","DISPATCH_TM","DISTRICT","DRIVER_COUNT_16YR","DRIVER_COUNT_17YR","DRIVER_COUNT_18YR","DRIVER_COUNT_19YR","DRIVER_COUNT_20YR","DRIVER_COUNT_50_64YR","DRIVER_COUNT_65_74YR","DRIVER_COUNT_75PLUS","EST_HRS_CLOSED","FATAL_COUNT","HEAVY_TRUCK_COUNT","HORSE_BUGGY_COUNT","HOUR_OF_DAY","ILLUMINATION","INJURY_COUNT","INTERSECTION_RELATED","INTERSECT_TYPE","LANE_CLOSED","LATITUDE","LN_CLOSE_DIR","LOCATION_TYPE","LONGITUDE","MAX_SEVERITY_LEVEL","MCYCLE_DEATH_COUNT","MCYCLE_SUSP_SERIOUS_INJ_COUNT","MOTORCYCLE_COUNT","MUNICIPALITY","NONMOTR_COUNT","NONMOTR_DEATH_COUNT","NONMOTR_SUSP_SERIOUS_INJ_COUNT","NTFY_HIWY_MAINT","PED_COUNT","PED_DEATH_COUNT","PED_SUSP_SERIOUS_INJ_COUNT","PERSON_COUNT","POLICE_AGCY","POSSIBLE_INJ_COUNT","RDWY_SURF_TYPE_CD","RELATION_TO_ROAD","ROADWAY_CLEARED","ROAD_CONDITION","SCH_BUS_IND","SCH_ZONE_IND","SECONDARY_CRASH","SMALL_TRUCK_COUNT","SPEC_JURIS_CD","SUSP_MINOR_INJ_COUNT","SUSP_SERIOUS_INJ_COUNT","SUV_COUNT","TCD_FUNC_CD","TCD_TYPE","TFC_DETOUR_IND","TIME_OF_DAY","TOTAL_UNITS","TOT_INJ_COUNT","UNBELTED_OCC_COUNT","UNB_DEATH_COUNT","UNB_SUSP_SERIOUS_INJ_COUNT","UNK_INJ_DEG_COUNT","UNK_INJ_PER_COUNT","URBAN_RURAL","VAN_COUNT","VEHICLE_COUNT","WEATHER1","WEATHER2","WORKERS_PRES","WORK_ZONE_IND","WORK_ZONE_LOC","WORK_ZONE_TYPE","WZ_CLOSE_DETOUR","WZ_FLAGGER","WZ_LAW_OFFCR_IND","WZ_LN_CLOSURE","WZ_MOVING","WZ_OTHER","WZ_SHLDER_MDN","WZ_WORKERS_INJ_KILLED"
"2006014763","","2","0","0","0","0","0","0","0","0","4","0","","02","1","2006","5","","","1716","11","0","0","0","0","0","0","0","0","","0","0","0","","","0","","1","","","","0","","0","0","0","0","2301","0","0","0","N","0","0","0","4","02301","0","","1.0","","1","N","N","","0","","0","0","0","","0","","","2","0","0","0","0","0","0","1","0","2","","","","N","","","","","","","","","",""
"2006014764","","1","0","0","0","0","0","0","0","0","4","0","","02","1","2006","7","","","0217","11","0","0","0","0","1","0","0","0","1","0","0","0","","","2","","1","","","3","0","","4","0","0","0","2301","0","0","0","N","0","0","0","6","02301","2","","1.0","","9","N","N","","0","","0","0","1","","2","N","","2","2","0","0","0","0","1","1","0","2","","","","N","","","","","","","","","",""
"2006014765","","2","0","0","0","0","0","0","0","0","7","0","","02","1","2006","7","40.459781","-79.971364","1857","11","0","0","0","0","0","0","0","0","2","0","0","0","","","0","","1","","40 27:35.212","1","0","79 58:16.911","0","0","0","0","2301","0","0","0","N","0","0","0","4","02301","0","","5.0","","1","N","N","","0","","0","0","0","","2","Y","","2","0","4","0","0","0","0","2","0","2","","","","N","","","","","","","","","",""
"2006014766","","2","0","0","0","0","0","0","0","0","4","0","","02","1","2006","7","40.438333","-80.001909","2233","11","0","0","0","0","0","0","0","0","1","0","0","0","","","0","","1","","40 26:18.000","2","0","80 00:06.873","0","0","0","0","2301","0","0","0","N","0","0","0","2","02301","0","","1.0","","1","N","N","","0","","0","0","0","","1","N","","2","0","0","0","0","0","0","2","0","2","","","","N","","","","","","","","","",""
"2006014767","","1","0","0","0","0","0","0","0","0","7","0","","02","1","2006","1","","","0352","11","0","0","0","0","0","0","0","0","","0","0","0","","","1","","0","","","","0","","8","0","0","0","2301","0","0","0","N","0","0","0","1","02301","0","","5.0","","1","N","N","","0","","0","0","0","","0","","","1","1","0","0","0","1","0","1","0","1","","","","N","","","","","","","","","",""
"2006014768","","2","0","0","0","0","0","0","0","0","4","0","","02","1","2006","2","","","0104","11","0","0","0","0","0","1","0","0","2","0","0","0","","","2","","1","","","3","0","","4","0","0","0","2301","0","0","0","N","0","0","0","6","02301","2","","1.0","","1","N","N","","0","","0","0","0","","2","Y","","2","2","2","0","0","0","0","1","0","2","","","","N","","","","","","","","","",""
"2006014769","","1","0","0","0","0","0","0","0","0","7","0","","02","1","2006","5","","","1433","11","0","0","0","0","0","0","0","0","","0","0","0","","","0","","1","","","","0","","0","0","0","0","2301","0","0","0","N","0","0","0","1","02301","0","","5.0","","1","N","N","","0","","0","0","0","","2","","","2","0","0","0","0","0","0","1","0","1","","","","N","","","","","","","","","",""
"2006014777","","2","0","0","0","0","0","0","0","0","4","0","","02","1","2006","1","","","1721","11","0","0","0","0","0","0","0","0","","0","0","0","","","0","","1","","","","0","","0","0","0","0","2301","0","0","0","N","0","0","0","5","02301","0","","1.0","","1","N","N","","0","","0","0","0","","2","","","2","0","0","0","0","0","0","1","0","2","","","","N","","","","","","","","","",""
"2006014778","","2","0","0","0","0","0","0","0","0","1","0","","02","1","2006","5","40.457959","-79.960591","1253","11","0","0","0","1","0","1","0","0","","0","0","0","","","2","","2","","40 27:28.654","","0","79 57:38.129","8","0","0","0","2301","0","0","0","N","0","0","0","3","02301","0","","1.0","","1","N","N","","0","","0","0","0","","0","","","2","2","0","0","0","2","0","2","0","2","","","","N","","","","","","","","","",""
"2006014779","","0","0","0","0","0","0","0","0","0","4","0","","02","1","2006","7","40.467522","-79.96448","1710","11","0","0","0","1","0","0","0","0","","0","0","0","","","0","","1","","40 28:03.079","","0","79 57:52.128","0","0","0","0","2301","0","0","0","N","0","0","0","4","02301","0","","1.0","","1","N","N","","1","","0","0","0","","3","","","2","0","0","0","0","0","0","2","1","2","","","","N","","","","","","","","","",""
"2006014780","","0","0","1","0","0","0","0","0","0","4","0","","02","1","2006","1","","","0128","11","0","0","0","0","0","0","1","0","","0","0","0","","","2","","1","","","","0","","2","0","0","0","2301","0","0","0","N","0","0","0","3","02301","0","","1.0","","1","N","N","","0","","0","1","2","","0","","","2","2","0","0","0","1","0","1","0","2","","","","N","","","","","","","","","",""
"2006014781","","0","0","0","0","0","0","0","0","0","4","0","","02","1","2006","5","40.43847","-80.005839","1038","11","0","0","0","0","0","0","0","0","","0","0","0","","","0","","1","","40 26:18.492","","0","80 00:21.020","0","0","0","0","2301","0","0","0","N","0","0","0","2","02301","0","","1.0","","1","N","N","","0","","0","0","1","","2","","","2","0","0","0","0","0","0","2","1","2","","","","N","","","","","","","","","",""
"2006014833","","1","0","0","0","0","0","0","0","0","7","0","","02","2","2006","1","","","0326","11","0","0","0","0","0","0","0","0","","0","0","0","","","0","","0","","","","0","","0","0","0","0","2111","0","0","0","N","0","0","0","1","02111","0","","5.0","","7","N","N","","0","","0","0","0","","2","","","1","0","0","0","0","0","0","1","0","1","","","","N","","","","","","","","","",""
"2006015158","","1","0","0","0","0","0","0","0","0","7","0","","02","1","2006","1","40.339167","-80.127835","0841","11","0","0","0","0","0","0","0","0","","0","0","0","","","0","","0","","40 20:21.000","","0","80 07:40.205","0","0","0","0","2119","0","0","0","N","0","0","0","1","02119","0","","4.0","","1","N","N","","0","","0","0","0","","0","","","1","0","0","0","0","0","0","2","0","1","","","","N","","","","","","","","","",""
"2006015207","","2","0","0","0","0","0","0","0","0","1","0","","02","1","2006","3","40.393611","-80.087381","1709","11","0","0","0","0","0","0","0","0","","0","0","0","","","0","","1","","40 23:37.000","","0","80 05:14.572","0","0","0","0","2437","0","0","0","N","0","0","0","2","02437","0","","1.0","","9","N","N","","0","","0","0","0","","2","","","2","0","0","0","0","0","0","2","0","2","","","","N","","","","","","","","","",""
"2006015274","","1","0","0","0","0","0","0","0","0","7","0","","02","1","2006","6","40.418889","-80.029863","1541","11","0","0","0","0","0","0","0","0","","0","0","0","","","0","","2","","40 25:08.000","","0","80 01:47.505","0","0","0","0","2301","0","0","0","N","0","0","0","2","02301","0","","4.0","","1","N","N","","0","","0","0","0","","0","","","1","0","0","0","0","0","0","2","0","1","","","","N","","","","","","","","","",""
"2006015275","","2","0","0","0","0","0","0","0","0","1","0","","02","1","2006","3","40.389155","-79.985408","2303","11","0","0","0","0","0","0","0","0","","0","0","0","","","0","","0","","40 23:20.958","","0","79 59:07.468","9","0","0","0","2301","0","0","0","N","0","0","0","1","02301","0","","1.0","","9","N","N","","0","","0","0","1","","0","","","4","0","0","0","0","0","1","2","0","4","","","","N","","","","","","","","","",""
"2006015276","","0","0","0","0","0","0","0","0","0","8","0","","02","1","2006","2","40.394219","-80.030323","2135","11","0","0","0","0","0","0","0","0","","0","0","0","","","1","","2","","40 23:39.188","","0","80 01:49.162","4","0","0","0","2301","1","0","0","N","1","0","0","2","02301","1","","1.0","","1","N","N","","1","","0","0","0","","0","","","2","1","0","0","0","0","0","2","0","1","","","","N","","","","","","","","","",""
"2006015277","","2","0","0","0","0","0","0","0","0","1","0","","02","1","2006","5","40.414979","-80.029973","1242","11","0","0","0","0","0","1","0","0","3","0","0","0","","","1","","0","","40 24:53.924","1","0","80 01:47.904","8","0","0","0","2301","0","0","0","N","0","0","0","2","02301","0","","1.0","","1","N","N","","0","","0","0","0","","0","N","","2","1","0","0","0","1","0","2","0","2","","","","N","","","","","","","","","",""
"2006015278","","2","0","0","0","0","0","0","0","0","4","0","","02","1","2006","6","","","0240","11","0","0","0","0","1","0","0","0","","0","0","0","","","0","","1","","","","0","","0","0","0","0","2301","0","0","0","N","0","0","0","4","02301","0","","1.0","","1","N","N","","0","","0","0","0","","1","","","2","0","0","0","0","0","0","1","0","2","","","","N","","","","","","","","","",""
"2006015279","","0","0","0","0","0","0","0","0","0","7","0","","02","1","2006","6","40.391773","-80.013132","0542","11","0","0","1","0","0","0","0","0","","0","0","0","","","0","","0","","40 23:30.382","","0","80 00:47.275","0","0","0","0","2301","0","0","0","N","0","0","0","1","02301","0","","4.0","","1","N","N","","1","","0","0","0","","0","","","1","0","0","0","0","0","0","2","0","1","","","","N","","","","","","","","","",""
"2006015280","","1","0","0","0","0","0","0","0","0","4","0","","02","1","2006","6","40.417277","-79.974532","1612","11","0","0","0","0","0","0","0","1","1","0","0","0","","","1","","1","","40 25:02.197","3","0","79 58:28.315","4","0","0","1","2301","0","0","0","N","0","0","0","3","02301","1","","1.0","","1","N","N","","0","","0","0","0","","3","N","","3","1","0","0","0","0","0","2","1","3","","","","N","","","","","","","","","",""
"2006015281","","0","0","0","0","0","0","0","0","0","7","0","","02","1","2006","4","40.398907","-80.028626","0041","11","0","0","0","0","0","0","0","0","1","0","0","0","","","1","","0","","40 23:56.065","1","0","80 01:43.053","4","0","0","0","2301","0","0","0","N","0","0","0","1","02301","1","","2.0","","1","N","N","","0","","0","0","1","","0","N","","1","1","0","0","0","0","0","2","0","1","","","","N","","","","","","","","","",""
"2006015282","","1","0","0","0","0","0","0","0","0","4","0","","02","1","2006","5","40.42042","-79.993725","1211","11","0","0","0","1","0","0","0","0","1","0","0","0","","","0","","1","","40 25:13.512","3","0","79 59:37.410","0","0","0","0","2301","0","0","0","N","0","0","0","4","02301","0","","1.0","","1","N","N","","1","","0","0","0","","0","N","","2","0","0","0","0","0","0","2","0","2","","","","N","","","","","","","","","",""
"2006015283","","0","0","0","0","0","0","0","0","0","1","0","","02","1","2006","6","40.4444","-80.0282","1816","11","0","0","0","0","0","1","0","0","","0","0","0","","","0","","0","","40 26:39.840","","3","80 01:41.520","0","0","0","0","2301","0","0","0","N","0","0","0","2","02301","0","","1.0","","1","N","N","","0","","0","0","1","","8","","","2","0","0","0","0","0","0","2","1","2","","","","N","","","","","","","","","",""
"2006015284","","1","0","0","0","0","0","0","0","0","7","0","","02","1","2006","7","40.460253","-80.048261","1055","11","0","0","0","0","0","0","0","0","","0","0","0","","","0","","0","","40 27:36.912","","0","80 02:53.739","9","0","0","0","2301","0","0","0","N","0","0","0","2","02301","0","","4.0","","9","N","N","","0","","0","0","0","","0","","","1","0","0","0","0","0","1","2","0","1","","","","N","","","","","","","","","",""
"2006015285","","2","0","0","0","0","0","0","0","0","1","1","","02","1","2006","7","40.4006","-80.0005","1404","11","0","0","0","0","0","1","0","0","2","0","0","0","","","2","","0","","40 24:02.160","2","0","80 00:01.800","4","0","0","0","2301","0","0","0","N","0","0","0","4","02301","2","","1.0","","1","N","N","","0","","0","0","0","","0","N","","2","2","0","0","0","0","0","2","0","2","","","","N","","","","","","","","","",""
"2006015286","","1","0","0","0","0","0","0","0","0","7","0","","02","1","2006","1","40.4178","-80.0071","2340","11","0","0","0","0","0","0","0","0","1","0","0","0","","","1","","0","","40 25:04.080","2","4","80 00:25.560","3","0","0","0","2301","0","0","0","Y","0","0","0","1","02301","0","","5.0","","1","N","N","","0","","1","0","0","","0","N","","1","1","0","0","0","0","0","2","0","1","","","","N","","","","","","","","","",""
"2006015287","","1","0","0","0","0","0","0","0","0","4","0","","02","1","2006","2","40.395508","-80.022419","0237","11","0","0","0","0","0","0","0","0","1","0","0","0","","","0","","2","","40 23:43.828","4","0","80 01:20.708","0","0","0","0","2301","0","0","0","N","0","0","0","2","02301","0","","1.0","","1","N","N","","1","","0","0","0","","1","N","","2","0","0","0","0","0","0","2","0","2","","","","N","","","","","","","","","",""
"2006015288","","1","0","0","0","0","0","0","0","0","7","0","","02","1","2006","1","","","0049","11","0","0","0","0","0","0","0","0","","0","0","0","","","0","","0","","","","0","","0","0","0","0","2301","0","0","0","N","0","0","0","1","02301","0","","5.0","","1","N","N","","0","","0","0","0","","0","","","1","0","1","0","0","0","0","1","0","1","","","","N","","","","","","","","","",""
"2006015289","","2","0","0","0","0","0","0","0","0","1","0","","02","1","2006","2","40.428584","-79.993557","1257","11","0","0","0","0","0","0","0","0","","0","0","0","","","1","","2","","40 25:42.901","","0","79 59:36.806","8","0","0","0","2301","0","0","0","N","0","0","0","5","02301","0","","1.0","","9","N","N","","0","","0","0","0","","3","","","2","1","0","0","0","1","0","2","0","2","","","","N","","","","","","","","","",""
"2006015290","","3","0","0","0","0","0","0","0","0","4","0","","02","1","2006","1","40.414287","-79.993646","0034","11","0","0","0","0","0","1","0","0","","0","0","0","","","1","","0","","40 24:51.433","","0","79 59:37.125","8","0","0","0","2301","0","0","0","N","0","0","0","5","02301","0","","6.0","","1","N","N","","0","","0","0","0","","0","","","3","1","0","0","0","1","1","2","0","3","","","","N","","","","","","","","","",""
"2006015291","","1","0","0","0","0","0","0","0","0","7","0","","02","1","2006","7","40.424722","-79.952994","1420","11","0","0","0","0","0","0","0","0","2","0","0","0","","","0","","2","","40 25:29.000","4","0","79 57:10.780","0","0","0","0","2301","0","0","0","N","0","0","0","1","02301","0","","4.0","","2","N","N","","0","","0","0","0","","0","N","","1","0","0","0","0","0","0","2","0","1","","","","N","","","","","","","","","",""
"2006015292","","2","0","0","0","0","0","0","0","0","4","0","","02","1","2006","4","40.427449","-79.923024","0728","11","0","0","0","0","0","0","0","0","","0","0","0","","","0","","2","","40 25:38.817","","0","79 55:22.887","0","0","0","0","2301","0","0","0","N","0","0","0","2","02301","0","","1.0","","9","N","N","","0","","0","0","0","","3","","","2","0","0","0","0","0","0","2","0","2","","","","N","","","","","","","","","",""
"2006015293","","0","0","1","0","0","0","0","0","0","4","0","","02","1","2006","4","40.424722","-79.952994","0949","11","0","0","0","0","0","0","1","0","","0","0","0","","","1","","1","","40 25:29.000","","0","79 57:10.780","2","0","0","0","2301","0","0","0","N","0","0","0","3","02301","0","","1.0","","9","N","N","","1","","0","1","1","","2","","","2","1","1","0","0","0","0","2","0","2","","","","N","","","","","","","","","",""
"2006015294","","1","0","0","0","0","0","0","0","0","7","0","","02","1","2006","4","","","0247","11","0","0","0","0","0","0","0","0","","0","0","0","","","1","","0","","","","0","","3","0","0","0","2301","0","0","0","N","0","0","0","1","02301","0","","3.0","","9","N","N","","0","","1","0","0","","0","","","1","1","0","0","0","0","0","1","0","1","","","","N","","","","","","","","","",""
"2006015295","","2","0","0","0","0","0","0","0","0","4","0","","02","1","2006","2","40.427998","-79.93495","1224","11","0","0","0","0","0","0","0","0","2","0","0","0","","","1","","0","","40 25:40.792","6","0","79 56:05.820","4","0","0","0","2301","0","0","0","N","0","0","0","2","02301","1","","1.0","","1","N","N","","0","","0","0","0","","0","N","","2","1","0","0","0","0","0","2","0","2","","","","N","","","","","","","","","",""
"2006015296","","0","0","0","0","0","0","0","0","0","4","0","","02","1","2006","4","40.405833","-79.94302","0710","11","0","0","0","0","0","0","0","0","","0","0","0","","","0","","2","","40 24:21.000","","0","79 56:34.873","9","0","0","0","2301","0","0","0","N","0","0","0","2","02301","0","","1.0","","1","N","N","","1","","0","0","1","","0","","","2","0","0","0","0","0","1","2","0","2","","","","N","","","","","","","","","",""
"2006015297","","2","0","0","0","0","0","0","0","0","1","0","","02","1","2006","1","","","2020","11","0","0","0","0","0","0","0","0","","0","0","0","","","1","","0","","","","0","","4","0","0","0","2301","0","0","0","N","0","0","0","2","02301","1","","6.0","","1","N","N","","0","","0","0","0","","0","","","2","1","0","0","0","0","1","1","0","2","","","","N","","","","","","","","","",""
"2006015452","","0","0","0","0","0","0","0","0","0","7","0","","02","1","2006","6","40.49592","-80.00631","0545","11","0","0","0","0","0","0","0","0","4","0","0","0","","","0","","2","","40 29:45.312","7","0","80 00:22.716","0","0","0","0","2301","0","0","0","N","0","0","0","1","02301","0","","5.0","","2","N","N","","1","","0","0","0","","3","Y","","1","0","0","0","0","0","0","2","0","1","","","","N","","","","","","","","","",""
"2006015453","","1","0","0","0","0","0","0","0","0","7","0","","02","1","2006","5","40.475","-80.040101","0335","11","0","0","0","0","0","0","0","0","","0","0","0","","","0","","0","","40 28:30.000","","0","80 02:24.363","9","0","0","0","2301","0","0","0","N","0","0","0","1","02301","0","","2.0","","1","N","N","","0","","0","0","0","","0","","","1","0","0","0","0","0","1","2","0","1","","","","N","","","","","","","","","",""
"2006015454","","1","0","0","0","0","0","0","0","0","7","0","","02","1","2006","6","","","0840","11","0","0","0","0","0","0","0","0","1","0","0","0","","","0","","3","","","3","0","","0","0","0","0","2301","0","0","0","N","0","0","0","1","02301","0","","4.0","","1","N","N","","0","","0","0","0","","3","N","","1","0","0","0","0","0","0","1","0","1","","","","N","","","","","","","","","",""
"2006015459","","1","0","0","0","0","0","0","0","0","1","0","","02","2","2006","2","40.4785","-79.9674","1400","11","0","0","0","0","0","1","0","0","","0","0","0","","","0","","6","","40 28:42.600","","2","79 58:02.640","0","0","0","0","2118","0","0","0","N","0","0","0","3","02118","0","","7.0","","1","N","N","","0","","0","0","1","","4","","","2","0","0","0","0","0","0","2","0","2","","","","N","","","","","","","","","",""
"2006015476","","1","0","0","0","0","0","1","0","0","1","1","","02","2","2006","4","40.541","-79.7841","2000","11","0","1","0","0","0","0","0","0","2","0","0","0","","","0","","1","","40 32:27.600","1","0","79 47:02.760","0","0","0","0","2462","0","0","0","N","0","0","0","3","02462","0","","1.0","","1","N","N","","0","","0","0","1","","2","N","","3","0","1","0","0","0","0","2","0","3","","","","N","","","","","","","","","",""
"2006015497","","1","0","0","0","0","0","0","0","0","1","0","","02","2","2006","5","40.508889","-80.211301","1038","11","0","0","0","0","0","0","0","0","","0","0","0","","","2","","2","","40 30:32.000","","0","80 12:40.683","4","0","0","0","2213","0","0","0","N","0","0","0","2","02213","2","","1.0","","1","N","N","","0","","0","0","0","","0","","","2","2","0","0","0","0","0","2","1","2","","","","N","","","","","","","","","",""
"2006015513","","1","0","0","1","0","0","0","0","0","8","0","","02","1","2006","4","40.438761","-79.997342","1218","11","0","0","0","0","0","0","0","0","","0","0","0","","","1","","1","","40 26:19.539","","0","79 59:50.431","8","0","0","0","2301","1","0","0","N","0","0","0","2","02301","0","","1.0","","1","N","N","","0","","0","0","0","","2","","","2","1","0","0","0","1","0","2","0","1","","","","N","","","","","","","","","",""
"2006015535","","1","0","0","0","0","0","0","0","0","4","0","","02","1","2006","7","40.356944","-80.120514","2045","11","0","0","0","1","0","0","0","0","2","0","0","0","","","0","","1","","40 21:25.000","4","0","80 07:13.849","0","0","0","0","2119","0","0","0","N","0","0","0","2","02119","0","","1.0","","1","N","N","","1","","0","0","0","","2","N","","2","0","0","0","0","0","0","2","0","2","","","","N","","","","","","","","","",""
"2006015560","","0","0","0","0","0","0","0","0","0","8","0","","02","2","2006","3","40.404722","-80.083552","1827","11","0","0","0","0","0","0","0","0","2","0","0","0","","","1","","2","","40 24:17.000","3","0","80 05:00.788","8","0","0","0","2415","1","0","0","N","1","0","0","2","02415","0","","1.0","","1","N","N","","0","","0","0","0","","2","N","","2","1","0","0","0","1","0","2","1","1","","","","N","","","","","","","","","",""
"2006015561","","1","0","0","0","0","0","0","0","0","7","0","","02","2","2006","2","","","0730","11","0","0","0","0","0","0","0","0","","0","0","0","","","0","","0","","","","0","","0","0","0","0","2203","0","0","0","N","0","0","0","1","02203","0","","2.0","","9","N","N","","0","","0","0","0","","0","","","1","0","0","0","0","0","0","1","0","1","","","","N","","","","","","","","","",""
"2006015565","","1","0","0","0","0","0","0","0","0","7","0","","02","2","2006","7","","","0922","11","0","1","0","0","0","0","0","0","","0","0","0","","","0","","2","","","","0","","0","0","0","0","2203","0","0","0","N","0","0","0","1","02203","0","","4.0","","1","N","N","","0","","0","0","0","","3","","","1","0","0","0","0","0","0","1","0","1","","","","N","","","","","","","","","",""
"2006015568","","1","0","0","0","0","0","0","0","0","7","0","","02","1","2006","4","40.462379","-79.945602","1125","11","0","0","0","0","0","0","0","0","","0","0","0","","","1","","2","","40 27:44.564","","0","79 56:44.167","4","0","0","0","2301","0","0","0","N","0","0","0","1","02301","1","","4.0","","9","N","N","","0","","0","0","0","","0","","","1","1","1","0","0","0","0","2","0","1","","","","N","","","","","","","","","",""
"2006015569","","1","0","0","0","0","0","0","0","0","99","0","","02","1","2006","2","40.481044","-79.936578","1920","11","0","0","0","0","0","0","0","0","","0","0","0","","","0","","0","","40 28:51.758","","0","79 56:11.680","0","0","0","0","2301","0","0","0","N","0","0","0","1","02301","0","","1.0","","1","N","N","","0","","0","0","0","","0","","","1","0","0","0","0","0","0","2","0","1","","","","N","","","","","","","","","",""
"2006015570","","2","0","0","0","0","0","0","0","0","7","0","","02","1","2006","2","40.4607","-79.9228","1814","11","0","0","0","0","0","1","0","0","1","0","0","0","","","0","","1","","40 27:38.520","4","0","79 55:22.080","9","0","0","0","2301","0","0","0","N","0","0","0","3","02301","0","","3.0","","1","N","N","","0","","0","0","0","","2","N","","2","0","0","0","0","0","1","2","0","2","","","","N","","","","","","","","","",""
"2006015571","","2","0","0","0","0","0","0","0","0","1","0","","02","1","2006","2","40.456389","-79.939663","0913","11","0","0","0","0","0","2","0","0","","0","0","0","","","1","","1","","40 27:23.000","","0","79 56:22.786","8","0","0","0","2301","0","0","0","N","0","0","0","2","02301","0","","1.0","","1","N","N","","0","","0","0","0","","2","","","2","1","0","0","0","1","1","2","0","2","","","","N","","","","","","","","","",""
"2006015572","","2","0","0","0","0","0","0","0","0","4","0","","02","1","2006","4","40.46061","-79.917241","1344","11","0","0","0","0","0","0","1","0","","0","0","0","","","0","","0","","40 27:38.196","","0","79 55:02.067","0","0","0","0","2301","0","0","0","N","0","0","0","2","02301","0","","1.0","","1","N","N","","0","","0","0","0","","0","","","2","0","0","0","0","0","0","2","0","2","","","","N","","","","","","","","","",""
"2006015573","","2","0","0","0","0","0","0","0","0","4","0","","02","1","2006","4","40.464167","-79.925481","1619","11","0","0","0","0","0","0","0","0","","0","0","0","","","1","","1","","40 27:51.000","","0","79 55:31.733","8","0","0","0","2301","0","0","0","N","0","0","0","5","02301","0","","1.0","","1","N","N","","0","","0","0","0","","3","","","2","1","1","0","0","1","0","2","0","2","","","","N","","","","","","","","","",""
"2006015574","","1","0","0","0","0","0","0","0","0","7","0","","02","1","2006","4","","","0015","11","0","0","0","0","0","0","0","0","","0","0","0","","","0","","0","","","","0","","0","0","0","0","2301","0","0","0","N","0","0","0","1","02301","0","","4.0","","9","N","N","","0","","0","0","0","","0","","","1","0","0","0","0","0","0","1","0","1","","","","N","","","","","","","","","",""
"2006015575","","1","0","0","0","0","0","0","0","0","6","0","","02","1","2006","3","","","0010","11","0","0","0","0","0","0","0","0","","0","0","0","","","0","","0","","","","0","","0","0","0","0","2301","0","0","0","","0","0","0","1","02301","0","","1.0","","1","N","N","","1","","0","0","0","","0","","","2","0","0","0","0","0","0","1","0","2","","","","N","","","","","","","","","",""
"2006015577","","2","0","0","0","0","0","0","0","0","1","0","","02","1","2006","3","40.435833","-79.978646","1052","11","0","0","0","0","0","0","0","0","1","0","0","0","","","0","","2","","40 26:09.000","3","0","79 58:43.126","0","0","0","0","2301","0","0","0","N","0","0","0","2","02301","0","","1.0","","1","N","N","","0","","0","0","0","","0","N","","2","0","1","0","0","0","0","2","0","2","","","","N","","","","","","","","","",""
"2006015592","","1","0","0","0","0","0","0","0","0","7","0","","02","1","2006","4","","","0103","11","0","0","0","0","0","0","0","0","2","0","0","0","","","1","","0","","","1","0","","3","0","0","0","2301","0","0","0","N","0","0","0","2","02301","0","","5.0","","9","N","N","","0","","1","0","0","","0","Y","","1","1","1","0","0","0","0","1","0","1","","","","N","","","","","","","","","",""
"2006015595","","1","0","0","0","0","0","0","0","0","0","0","","02","1","2006","4","40.4382","-79.9942","0825","11","0","0","0","0","0","0","0","0","2","0","0","0","","","0","","0","","40 26:17.520","3","2","79 59:39.120","0","0","0","0","2301","0","0","0","Y","0","0","0","1","02301","0","","1.0","","2","N","N","","0","","0","0","0","","0","Y","","1","0","0","0","0","0","0","2","0","1","","","","N","","","","","","","","","",""
"2006015596","","2","0","0","0","0","0","0","0","0","6","0","","02","1","2006","4","40.456922","-79.894133","0900","11","0","0","0","1","0","0","0","0","","0","0","0","","","0","","1","","40 27:24.919","","0","79 53:38.878","0","0","0","1","2301","0","0","0","N","0","0","0","4","02301","0","","1.0","","9","N","N","","0","","0","0","0","","3","","","3","0","0","0","0","0","0","2","0","3","","","","N","","","","","","","","","",""
"2006015837","","2","0","0","0","0","0","0","0","0","1","0","","02","2","2006","7","40.4785","-79.9674","1721","11","0","0","0","0","1","0","0","0","","0","0","0","","","1","","6","","40 28:42.600","","2","79 58:02.640","4","0","0","0","2118","0","0","0","N","0","0","0","3","02118","1","","1.0","","9","N","N","","0","","0","0","0","","4","","","2","1","1","0","0","0","0","2","0","2","","","","N","","","","","","","","","",""
"2006016079","","1","0","0","0","0","0","0","0","0","5","0","","02","2","2006","5","40.4925","-79.949309","1130","11","0","0","0","0","0","1","0","0","","0","0","0","","","1","","6","","40 29:33.000","","2","79 56:57.513","4","0","0","0","2118","0","0","0","N","0","0","0","2","02118","1","","7.0","","1","N","N","","1","","0","0","0","","4","","","2","1","1","0","0","0","0","2","0","2","","","","N","","","","","","","","","",""
"2006016097","","1","0","0","0","0","0","0","0","0","7","0","","02","1","2006","2","","","2300","11","0","0","0","0","0","0","0","0","","0","0","0","","","1","","0","","","","0","","3","0","0","0","2446","0","0","0","N","0","0","0","1","02446","0","","4.0","","9","N","N","","0","","1","0","0","","0","","","1","1","0","0","0","0","0","1","0","1","","","","N","","","","","","","","","",""