"CRN","ARRIVAL_TM","AUTOMOBILE_COUNT","BELTED_DEATH_COUNT","BELTED_SUSP_SERIOUS_INJ_COUNT","BICYCLE_COUNT","BICYCLE_DEATH_COUNT","BICYCLE_SUSP_SERIOUS_INJ_COUNT","BUS_COUNT","CHLDPAS_DEATH_COUNT","CHLDPAS_SUSP_SERIOUS_INJ_COUNT","COLLISION_TYPE","COMM_VEH_COUNT","CONS_ZONE_SPD_LIM","COUNTY","CRASH_MONTH","CRASH_YEAR","DAY_OF_WEEK","DEC_LATITUDE","DEC_LONGITUDE","DISPATCH_TM","DISTRICT","DRIVER_COUNT_16YR","DRIVER_COUNT_17YR","DRIVER_COUNT_18YR","DRIVER_COUNT_19YR","DRIVER_COUNT_20YR","DRIVER_COUNT_50_64YR","DRIVER_COUNT_65_74YR","DRIVER_COUNT_75PLUS","EST_HRS_CLOSED","FATAL_COUNT","HEAVY_TRUCK_COUNT","HORSE_BUGGY_COUNT","HOUR_OF_DAY","ILLUMINATION","INJURY_COUNT","INTERSECTION_RELATED","INTERSECT_TYPE","LANE_CLOSED","LATITUDE","LN_CLOSE_DIR","LOCATION_TYPE","LONGITUDE","MAX_SEVERITY_LEVEL","MCYCLE_DEATH_COUNT","MCYCLE_SUSP_SERIOUS_INJ_COUNT","MOTORCYCLE_COUNT","MUNICIPALITY","NONMOTR_COUNT","NONMOTR_DEATH_COUNT","NONMOTR_SUSP_SERIOUS_INJ_COUNT","NTFY_HIWY_MAINT","PED_COUNT","PED_DEATH_COUNT","PED_SUSP_SERIOUS_INJ_COUNT","PERSON_COUNT","POLICE_AGCY","POSSIBLE_INJ_COUNT","RDWY_SURF_TYPE_CD","RELATION_TO_ROAD","ROADWAY_CLEARED","ROAD_CONDITION","SCH_BUS_IND","SCH_ZONE_IND","SECONDARY_CRASH","SMALL_TRUCK_COUNT","SPEC_JURIS_CD","SUSP_MINOR_INJ_COUNT","SUSP_SERIOUS_INJ_COUNT","SUV_COUNT","TCD_FUNC_CD","TCD_TYPE","TFC_DETOUR_IND","TIME_OF_DAY","TOTAL_UNITS","TOT_INJ_COUNT","UNBELTED_OCC_COUNT","UNB_DEATH_COUNT","UNB_SUSP_SERIOUS_INJ_COUNT","UNK_INJ_DEG_COUNT","UNK_INJ_PER_COUNT","URBAN_RURAL","VAN_COUNT","VEHICLE_COUNT","WEATHER1","WEATHER2","WORKERS_PRES","WORK_ZONE_IND","WORK_ZONE_LOC","WORK_ZONE_TYPE","WZ_CLOSE_DETOUR","WZ_FLAGGER","WZ_LAW_OFFCR_IND","WZ_LN_CLOSURE","WZ_MOVING","WZ_OTHER","WZ_SHLDER_MDN","WZ_WORKERS_INJ_KILLED"
"2006018142","","1","0","0","0","0","0","0","0","0","7","0","","02","2","2006","7","40.47","-79.908416","1826","11","0","0","0","0","0","0","1","0","1","0","0","0","","","0","","2","","40 28:12.000","1","0","79 54:30.298","0","0","0","0","2301","0","0","0","N","0","0","0","1","02301","0","","4.0","","9","N","N","","0","","0","0","0","3","2","N","","1","0","0","0","0","0","0","2","0","1","","","","N","","","","","","","","","",""
"2006018143","","1","0","0","0","0","0","0","0","0","7","0","","02","2","2006","7","40.4862","-79.9148","1932","11","0","0","0","0","0","0","0","0","1","0","0","0","","","0","","0","","40 29:10.320","1","3","79 54:53.280","0","0","0","0","2301","0","0","0","N","0","0","0","1","02301","0","","4.0","","9","N","N","","0","","0","0","0","0","0","N","","1","0","0","0","0","0","0","2","0","1","","","","N","","","","","","","","","",""
"2006018144","","0","0","0","1","0","0","0","0","0","8","0","","02","1","2006","4","40.464517","-79.89962","2039","11","0","0","0","0","0","0","0","0","","0","0","0","","","1","","2","","40 27:52.261","","0","79 53:58.632","3","0","0","0","2301","1","0","0","N","0","0","0","2","02301","0","","1.0","","9","N","N","","0","","1","0","0","0","0","","","2","1","0","0","0","0","1","2","0","1","","","","N","","","","","","","","","",""
"2006018145","","0","0","0","0","0","0","0","0","0","4","0","","02","2","2006","5","","","1332","11","0","0","0","0","0","0","1","0","1","0","0","0","","","0","","1","","","1","0","","0","0","0","0","2301","0","0","0","","0","0","0","2","02301","0","","1.0","","1","N","N","","1","","0","0","0","3","2","N","","2","0","0","0","0","0","0","1","1","2","","","","N","","","","","","","","","",""
"2006018146","","2","0","0","0","0","0","0","0","0","4","0","","02","2","2006","6","40.459997","-79.945927","0144","11","0","0","0","1","0","0","0","0","","0","0","0","","","0","","1","","40 27:35.989","","0","79 56:45.337","0","0","0","0","2301","0","0","0","N","0","0","0","2","02301","0","","1.0","","9","N","N","","0","","0","0","0","3","2","","","2","0","0","0","0","0","0","2","0","2","","","","N","","","","","","","","","",""
"2006018147","","2","0","0","0","0","0","0","0","0","4","0","","02","2","2006","7","40.454029","-79.912399","0043","11","0","0","0","0","0","0","0","0","2","0","0","0","","","1","","5","","40 27:14.504","4","0","79 54:44.638","8","0","0","0","2301","0","0","0","N","0","0","0","3","02301","0","","1.0","","1","N","N","","0","","0","0","0","3","1","N","","2","1","0","0","0","1","0","2","0","2","","","","N","","","","","","","","","",""
"2006018148","","1","0","0","0","0","0","0","0","0","5","0","","02","1","2006","3","40.468716","-79.929714","1058","11","0","0","0","0","0","0","0","0","","0","0","0","","","1","","0","","40 28:07.377","","0","79 55:46.970","8","0","0","0","2301","0","0","0","N","0","0","0","1","02301","0","","6.0","","1","N","N","","1","","0","0","0","0","0","","","2","1","0","0","0","1","0","2","0","2","","","","N","","","","","","","","","",""
"2006018149","","2","0","0","0","0","0","0","0","0","1","0","","02","2","2006","4","40.453889","-79.912355","1422","11","0","0","0","0","0","0","0","0","","0","0","0","","","1","","1","","40 27:14.000","","0","79 54:44.478","8","0","0","0","2301","0","0","0","N","0","0","0","2","02301","0","","1.0","","1","N","N","","0","","0","0","0","3","4","","","2","1","0","0","0","1","0","2","0","2","","","","N","","","","","","","","","",""
"2006018150","","1","0","0","0","0","0","0","0","0","5","1","","02","1","2006","2","40.462577","-79.921491","1611","11","0","0","0","0","0","0","0","0","","0","1","0","","","0","","3","","40 27:45.278","","0","79 55:17.367","0","0","0","0","2301","0","0","0","N","0","0","0","2","02301","0","","1.0","","1","N","N","","0","","0","0","0","3","2","","","2","0","0","0","0","0","0","2","0","2","","","","N","","","","","","","","","",""
"2006018151","","0","0","0","0","0","0","0","0","0","5","0","","02","1","2006","5","40.459722","-79.907133","2303","11","0","1","0","0","0","0","0","0","","0","0","0","","","0","","2","","40 27:35.000","","0","79 54:25.677","9","0","0","0","2301","0","0","0","N","0","0","0","3","02301","0","","1.0","","1","N","N","","1","","0","0","1","3","3","","","2","0","0","0","0","0","1","2","0","2","","","","N","","","","","","","","","",""
"2006018152","","1","0","0","0","0","0","0","0","0","4","0","","02","2","2006","2","40.449742","-79.902913","0033","11","0","0","0","0","0","0","0","0","2","0","0","0","","","1","","0","","40 26:59.071","6","0","79 54:10.485","2","0","0","0","2301","0","0","0","N","0","0","0","4","02301","0","","1.0","","2","N","N","","1","","0","1","0","0","0","N","","2","1","0","0","0","0","0","2","0","2","","","","N","","","","","","","","","",""
"2006018153","","2","0","0","0","0","0","0","0","0","2","0","","02","2","2006","6","40.457441","-79.91741","1035","11","0","0","0","0","0","0","0","0","","0","0","0","","","0","","2","","40 27:26.788","","0","79 55:02.676","0","0","0","0","2301","0","0","0","N","0","0","0","4","02301","0","","1.0","","9","N","N","","0","","0","0","0","3","2","","","2","0","0","0","0","0","0","2","0","2","","","","N","","","","","","","","","",""
"2006018154","","1","0","0","0","0","0","0","0","0","7","0","","02","1","2006","4","40.409167","-80.016825","2226","11","0","0","0","0","0","0","0","0","","0","0","0","","","0","","0","","40 24:33.000","","0","80 01:00.571","0","0","0","0","2301","0","0","0","N","0","0","0","2","02301","0","","4.0","","7","N","N","","0","","0","0","0","0","0","","","1","0","0","0","0","0","0","2","0","1","","","","N","","","","","","","","","",""
"2006018155","","1","0","0","0","0","0","0","0","0","7","0","","02","2","2006","1","40.483611","-80.013001","2300","11","0","0","0","0","0","0","0","0","","0","0","0","","","0","","2","","40 29:01.000","","0","80 00:46.805","0","0","0","0","2301","0","0","0","N","0","0","0","1","02301","0","","5.0","","2","N","N","","0","","0","0","0","0","0","","","1","0","0","0","0","0","0","2","0","1","","","","N","","","","","","","","","",""
"2006018156","","2","0","0","0","0","0","0","0","0","1","0","","02","1","2006","6","40.467229","-79.95735","1043","11","0","0","0","0","0","0","0","0","","0","0","0","","","0","","0","","40 28:02.024","","0","79 57:26.460","0","0","0","0","2301","0","0","0","N","0","0","0","1","02301","0","","6.0","","1","N","N","","0","","0","0","0","0","0","","","2","0","0","0","0","0","0","2","0","2","","","","N","","","","","","","","","",""
"2006018157","","1","0","0","0","0","0","0","0","0","4","0","","02","2","2006","4","","","1633","11","0","0","0","0","0","0","0","0","","0","0","0","","","0","","2","","","","0","","0","0","0","0","2301","0","0","0","N","0","0","0","2","02301","0","","1.0","","1","N","N","","1","","0","0","0","0","0","","","2","0","0","0","0","0","0","1","0","2","","","","N","","","","","","","","","",""
"2006018158","","2","0","0","0","0","0","0","0","0","4","0","","02","2","2006","7","","","0118","11","0","0","0","0","0","0","0","0","2","0","0","0","","","0","","1","","","7","0","","0","0","0","0","2301","0","0","0","N","0","0","0","2","02301","0","","1.0","","1","N","N","","0","","0","0","0","3","3","N","","2","0","0","0","0","0","0","1","0","2","","","","N","","","","","","","","","",""
"2006018159","","0","0","0","0","0","0","0","0","0","7","1","","02","2","2006","7","40.4386","-79.994","0405","11","0","0","0","0","0","1","0","0","3","0","1","0","","","1","","0","","40 26:18.960","2","0","79 59:38.400","4","0","0","0","2301","0","0","0","Y","0","0","0","1","02301","1","","4.0","","1","N","N","","0","","0","0","0","0","0","N","","1","1","0","0","0","0","0","2","0","1","","","","N","","","","","","","","","",""
"2006018160","","1","0","0","0","0","0","0","0","0","7","0","","02","2","2006","2","40.44084","-79.995811","0450","11","0","0","0","0","1","0","0","0","1","0","0","0","","","0","","0","","40 26:27.024","3","0","79 59:44.919","0","0","0","0","2301","0","0","0","N","0","0","0","1","02301","0","","3.0","","9","N","N","","0","","0","0","0","0","0","Y","","1","0","0","0","0","0","0","2","0","1","","","","N","","","","","","","","","",""
"2006018161","","2","0","0","0","0","0","0","0","0","1","0","","02","1","2006","3","","","0900","11","0","0","0","0","0","0","0","0","","0","0","0","","","1","","1","","","","0","","8","0","0","0","2301","0","0","0","N","0","0","0","3","02301","0","","1.0","","9","N","N","","0","","0","0","0","3","2","","","2","1","0","0","0","1","1","1","0","2","","","","N","","","","","","","","","",""
"2006018162","","1","0","0","0","0","0","0","0","0","7","0","","02","2","2006","2","40.412118","-79.977143","0019","11","0","0","0","0","0","0","0","0","2","0","0","0","","","0","","2","","40 24:43.624","1","0","79 58:37.714","0","0","0","0","2301","0","0","0","N","0","0","0","3","02301","0","","5.0","","2","N","N","","0","","0","0","0","3","3","N","","1","0","0","0","0","0","0","2","0","1","","","","N","","","","","","","","","",""
"2006018163","","1","0","0","0","0","0","0","0","0","7","0","","02","2","2006","1","40.422259","-79.990771","2311","11","0","0","0","0","0","0","0","0","","0","0","0","","","1","","3","","40 25:20.132","","0","79 59:26.775","8","0","0","0","2301","0","0","0","N","0","0","0","2","02301","0","","5.0","","2","N","N","","0","","0","0","0","0","0","","","1","1","0","0","0","1","0","2","0","1","","","","N","","","","","","","","","",""
"2006018164","","1","0","0","0","0","0","0","0","0","5","1","","02","2","2006","2","","","0809","11","0","0","0","0","0","1","0","0","","0","1","0","","","0","","1","","","","0","","0","0","0","0","2301","0","0","0","N","0","0","0","1","02301","0","","1.0","","9","N","N","","0","","0","0","0","3","3","","","2","0","0","0","0","0","0","1","0","2","","","","N","","","","","","","","","",""
"2006018165","","2","0","0","0","0","0","1","0","0","5","1","","02","2","2006","2","40.384582","-80.011888","0819","11","0","0","0","0","0","1","0","0","4","0","0","0","","","1","","0","","40 23:04.495","7","0","80 00:42.796","4","0","0","0","2301","0","0","0","N","0","0","0","9","02301","1","","1.0","","2","Y","N","","0","","0","0","0","0","0","Y","","3","1","0","0","0","0","0","2","0","3","","","","N","","","","","","","","","",""
"2006018166","","2","0","0","0","0","0","0","0","0","5","0","","02","2","2006","2","40.401411","-80.035365","1640","11","0","0","0","0","0","0","1","0","","0","0","0","","","0","","0","","40 24:05.079","","0","80 02:07.314","0","0","0","0","2301","0","0","0","N","0","0","0","2","02301","0","","1.0","","1","N","N","","0","","0","0","0","0","0","","","2","0","0","0","0","0","0","2","0","2","","","","N","","","","","","","","","",""
"2006018167","","3","0","0","0","0","0","0","0","0","1","0","","02","2","2006","3","40.4312","-79.9735","1050","11","0","0","0","0","0","1","1","0","1","0","0","0","","","4","","0","","40 25:52.320","2","3","79 58:24.600","4","0","0","0","2301","0","0","0","N","0","0","0","5","02301","2","","1.0","","1","N","N","","0","","0","0","0","0","0","N","","3","4","0","0","0","2","0","2","0","3","","","","N","","","","","","","","","",""
"2006018168","","0","0","0","0","0","0","0","0","0","7","0","","02","1","2006","2","40.46074","-80.05516","1327","11","0","0","0","0","0","1","0","0","","0","0","0","","","0","","2","","40 27:38.664","","0","80 03:18.576","0","0","0","0","2301","0","0","0","N","0","0","0","1","02301","0","","5.0","","1","N","N","","0","","0","0","1","3","3","","","1","0","0","0","0","0","0","2","0","1","","","","N","","","","","","","","","",""
"2006018169","","1","0","0","0","0","0","0","0","0","1","0","","02","2","2006","5","40.454444","-80.040993","1650","11","0","0","0","0","0","0","0","0","1","0","0","0","","","2","","2","","40 27:16.000","4","0","80 02:27.573","8","0","0","0","2301","0","0","0","N","0","0","0","4","02301","0","","1.0","","9","N","N","","1","","0","0","0","0","0","N","","2","2","0","0","0","2","0","2","0","2","","","","N","","","","","","","","","",""
"2006018170","","2","0","0","0","0","0","0","0","0","5","0","","02","2","2006","6","40.412778","-80.010025","0103","11","0","0","1","0","0","0","0","0","","0","0","0","","","0","","0","","40 24:46.000","","0","80 00:36.090","0","0","0","0","2301","0","0","0","N","0","0","0","2","02301","0","","1.0","","9","N","N","","0","","0","0","0","0","0","","","2","0","1","0","0","0","0","2","0","2","","","","N","","","","","","","","","",""
"2006018171","","2","0","0","0","0","0","0","0","0","4","0","","02","2","2006","6","40.429167","-79.99928","0533","11","0","0","0","0","0","2","0","0","","0","0","0","","","2","","1","","40 25:45.000","","3","79 59:57.407","3","0","0","0","2301","0","0","0","N","0","0","0","3","02301","0","","1.0","","9","N","N","","0","","2","0","0","3","2","","","2","2","0","0","0","0","0","2","0","2","","","","N","","","","","","","","","",""
"2006018172","","1","0","0","0","0","0","0","0","0","1","0","","02","2","2006","6","","","0728","11","0","0","0","0","0","0","0","0","","0","0","0","","","0","","10","","","","0","","0","0","0","0","2301","0","0","0","N","0","0","0","2","02301","0","","1.0","","9","N","N","","0","","0","0","1","3","4","","","2","0","0","0","0","0","0","1","0","2","","","","N","","","","","","","","","",""
"2006018173","","1","0","0","0","0","0","0","0","0","8","0","","02","2","2006","1","40.428333","-79.973214","0126","11","0","0","0","1","0","0","0","0","","0","0","0","","","1","","2","","40 25:42.000","","3","79 58:23.571","8","0","0","0","2301","1","0","0","N","1","0","0","2","02301","0","","1.0","","9","N","N","","0","","0","0","0","3","2","","","2","1","0","0","0","1","0","2","0","1","","","","N","","","","","","","","","",""
"2006018174","","1","0","0","0","0","0","0","0","0","7","0","","02","2","2006","1","40.405278","-80.018806","2329","11","0","0","0","0","0","0","0","0","","0","0","0","","","1","","2","","40 24:19.000","","0","80 01:07.703","3","0","0","0","2301","0","0","0","N","0","0","0","1","02301","0","","2.0","","7","N","N","","0","","1","0","0","3","3","","","1","1","0","0","0","0","0","2","0","1","","","","N","","","","","","","","","",""
"2006018175","","0","0","0","0","0","0","0","0","0","2","0","","02","2","2006","2","40.393166","-79.999423","0152","11","0","0","0","0","0","0","0","0","","0","0","0","","","0","","0","","40 23:35.397","","0","79 59:57.922","0","0","0","0","2301","0","0","0","N","0","0","0","1","02301","0","","2.0","","2","N","N","","1","","0","0","1","0","0","","","2","0","0","0","0","0","0","2","0","2","","","","N","","","","","","","","","",""
"2006018176","","2","0","0","0","0","0","0","0","0","4","0","","02","2","2006","3","40.413472","-80.042753","0737","11","0","0","0","0","0","0","0","0","","0","0","0","","","2","","1","","40 24:48.499","","0","80 02:33.910","8","0","0","0","2301","0","0","0","N","0","0","0","3","02301","0","","1.0","","1","N","N","","0","","0","0","0","3","3","","","2","2","0","0","0","2","1","2","0","2","","","","N","","","","","","","","","",""
"2006018178","","0","0","0","0","0","0","0","0","0","4","0","","02","2","2006","6","40.4644","-80.0532","1713","11","0","0","0","0","0","0","0","0","","0","0","0","","","0","","2","","40 27:51.840","","0","80 03:11.520","0","0","0","0","2301","0","0","0","N","0","0","0","2","02301","0","","1.0","","1","N","N","","0","","0","0","2","0","0","","","2","0","0","0","0","0","0","2","0","2","","","","N","","","","","","","","","",""
"2006018179","","1","0","0","0","0","0","0","0","0","7","0","","02","2","2006","6","40.435","-80.050465","0957","11","0","0","0","0","0","0","0","0","","0","0","0","","","1","","3","","40 26:06.000","","0","80 03:01.675","3","0","0","0","2301","0","0","0","N","0","0","0","1","02301","0","","5.0","","9","N","N","","0","","1","0","0","0","0","","","1","1","1","0","0","0","0","2","0","1","","","","N","","","","","","","","","",""
"2006018180","","1","0","0","0","0","0","0","0","0","7","0","","02","2","2006","6","40.423582","-80.035401","1917","11","0","0","0","1","0","0","0","0","","0","0","0","","","2","","0","","40 25:24.895","","0","80 02:07.443","4","0","0","0","2301","0","0","0","N","0","0","0","3","02301","2","","5.0","","1","N","N","","0","","0","0","0","0","0","","","1","2","0","0","0","0","0","2","0","1","","","","N","","","","","","","","","",""
"2006018181","","4","0","0","0","0","0","0","0","0","2","0","","02","2","2006","6","40.429167","-79.99928","2043","11","0","1","0","0","0","0","0","0","","0","0","0","","","1","","1","","40 25:45.000","","3","79 59:57.407","4","0","0","0","2301","0","0","0","N","0","0","0","6","02301","1","","1.0","","9","N","N","","0","","0","0","0","2","2","","","4","1","0","0","0","0","0","2","0","4","","","","N","","","","","","","","","",""
"2006018182","","3","0","0","0","0","0","0","0","0","4","0","","02","2","2006","7","40.405147","-80.02998","1804","11","0","0","0","0","0","1","0","0","","0","0","0","","","0","","0","","40 24:18.529","","0","80 01:47.928","0","0","0","0","2301","0","0","0","N","0","0","0","1","02301","0","","6.0","","9","N","N","","0","","0","0","0","0","0","","","3","0","0","0","0","0","0","2","0","3","","","","N","","","","","","","","","",""
"2006018183","","1","0","0","0","0","0","0","0","0","7","0","","02","2","2006","7","","","2043","11","0","0","0","0","0","0","0","0","","0","0","0","","","0","","0","","","","0","","9","0","0","0","2301","0","0","0","N","0","0","0","1","02301","0","","2.0","","9","N","N","","0","","0","0","0","0","0","","","1","0","0","0","0","0","1","1","0","1","","","","N","","","","","","","","","",""
"2006018184","","1","0","0","0","0","0","0","0","0","4","0","","02","1","2006","2","40.451993","-79.969503","1659","11","0","1","0","0","0","0","0","0","","0","0","0","","","0","","2","","40 27:07.174","","0","79 58:10.210","0","0","0","0","2301","0","0","0","N","0","0","0","2","02301","0","","1.0","","1","N","N","","0","","0","0","1","0","0","","","2","0","0","0","0","0","0","2","0","2","","","","N","","","","","","","","","",""
"2006018185","","1","0","0","0","0","0","0","0","0","5","0","","02","1","2006","3","40.466961","-79.958637","2145","11","0","0","0","0","0","0","0","0","2","0","0","0","","","0","","0","","40 28:01.059","1","0","79 57:31.093","0","0","0","0","2301","0","0","0","N","0","0","0","2","02301","0","","1.0","","1","N","N","","0","","0","0","1","0","0","Y","","2","0","0","0","0","0","0","2","0","2","","","","N","","","","","","","","","",""
"2006018186","","1","0","0","0","0","0","1","0","0","1","1","","02","2","2006","4","40.4325","-79.9585","0825","11","0","0","0","0","0","1","0","0","","0","0","0","","","0","","6","","40 25:57.000","","2","79 57:30.600","0","0","0","0","2301","0","0","0","N","0","0","0","2","02301","0","","1.0","","1","Y","N","","0","","0","0","0","3","4","","","2","0","0","0","0","0","0","2","0","2","","","","N","","","","","","","","","",""
"2006018187","","0","0","0","0","0","0","0","0","0","4","0","","02","2","2006","2","40.479653","-79.9549","1230","11","0","0","0","0","0","0","0","0","","0","0","0","","","1","","1","","40 28:46.749","","0","79 57:17.641","4","0","0","0","2301","0","0","0","N","0","0","0","3","02301","1","","1.0","","1","N","N","","2","","0","0","0","0","0","","","2","1","0","0","0","0","0","2","0","2","","","","N","","","","","","","","","",""
"2006018188","","2","0","0","0","0","0","1","0","0","1","1","","02","1","2006","6","40.4326","-79.9589","0858","11","0","0","1","0","0","0","0","0","3","0","0","0","","","0","","0","","40 25:57.360","3","2","79 57:32.040","0","0","0","0","2301","0","0","0","Y","0","0","0","5","02301","0","","1.0","","2","Y","N","","0","","0","0","0","0","0","Y","","5","0","0","0","0","0","0","2","2","5","","","","N","","","","","","","","","",""
"2006018189","","1","0","0","0","0","0","0","0","0","7","0","","02","2","2006","2","","","0520","11","0","0","0","0","0","0","0","0","1","0","0","0","","","1","","2","","","4","0","","8","0","0","0","2301","0","0","0","N","0","0","0","1","02301","0","","5.0","","2","N","N","","0","","0","0","0","0","0","N","","1","1","1","0","0","1","0","1","0","1","","","","N","","","","","","","","","",""
"2006018190","","2","0","0","0","0","0","0","0","0","4","0","","02","2","2006","7","40.444335","-79.98757","1420","11","0","0","0","0","0","0","0","0","1","0","0","0","","","0","","0","","40 26:39.607","3","0","79 59:15.252","0","0","0","0","2301","0","0","0","N","0","0","0","6","02301","0","","1.0","","1","N","N","","0","","0","0","0","0","0","N","","2","0","0","0","0","0","0","2","0","2","","","","N","","","","","","","","","",""
"2006018191","","1","0","0","0","0","0","0","0","0","4","1","","02","1","2006","2","","","0646","11","0","0","0","0","0","1","0","0","","0","1","0","","","1","","0","","","","0","","8","0","0","0","2301","0","0","0","N","0","0","0","3","02301","0","","1.0","","1","N","N","","0","","0","0","0","0","0","","","2","1","0","0","0","1","0","1","0","2","","","","N","","","","","","","","","",""
"2006018211","","2","0","0","0","0","0","0","0","0","4","0","","02","2","2006","1","40.439032","-79.998133","1615","11","0","0","0","0","0","0","0","0","","0","0","0","","","2","","1","","40 26:20.515","","0","79 59:53.278","4","0","0","0","2301","0","0","0","N","0","0","0","5","02301","2","","1.0","","9","N","N","","0","","0","0","0","3","2","","","2","2","3","0","0","0","0","2","0","2","","","","N","","","","","","","","","",""
"2006018212","","2","0","0","0","0","0","0","0","0","1","0","","02","2","2006","7","","","0222","11","0","0","0","0","0","0","0","0","","0","0","0","","","0","","0","","","","0","","0","0","0","0","2301","0","0","0","N","0","0","0","4","02301","0","","1.0","","1","N","N","","0","","0","0","0","0","0","","","2","0","0","0","0","0","0","1","0","2","","","","N","","","","","","","","","",""
"2006018213","","1","0","0","0","0","0","0","0","0","7","0","","02","1","2006","3","40.376667","-79.909325","2204","11","0","1","0","0","0","0","0","0","1","0","0","0","","","2","","1","","40 22:36.000","4","0","79 54:33.569","8","0","0","0","2301","0","0","0","N","0","0","0","2","02301","0","","5.0","","9","N","N","","0","","0","0","0","3","2","N","","1","2","0","0","0","2","0","2","0","1","","","","N","","","","","","","","","",""
"2006018214","","1","0","0","0","0","0","0","0","0","5","0","","02","2","2006","7","40.443056","-79.95357","1527","11","0","1","0","0","0","0","0","0","","0","0","0","","","0","","1","","40 26:35.000","","0","79 57:12.852","0","0","0","0","2301","0","0","0","N","0","0","0","6","02301","0","","1.0","","1","N","N","","0","","0","0","1","3","2","","","2","0","0","0","0","0","0","2","0","2","","","","N","","","","","","","","","",""
"2006018215","","2","0","0","0","0","0","0","0","0","2","0","","02","2","2006","2","40.43434","-79.918759","0201","11","0","0","0","0","0","0","0","0","1","0","0","0","","","1","","2","","40 26:03.624","1","0","79 55:07.532","8","0","0","0","2301","0","0","0","","0","0","0","2","02301","0","","1.0","","2","N","N","","0","","0","0","0","3","3","N","","2","1","0","0","0","1","0","2","0","2","","","","N","","","","","","","","","",""
"2006018216","","2","0","0","0","0","0","0","0","0","1","0","","02","2","2006","4","40.441452","-79.995468","2350","11","0","0","0","0","0","0","0","0","1","0","0","0","","","1","","2","","40 26:29.227","1","0","79 59:43.684","8","0","0","0","2301","0","0","0","N","0","0","0","2","02301","0","","1.0","","1","N","N","","0","","0","0","0","3","2","N","","2","1","0","0","0","1","0","2","0","2","","","","N","","","","","","","","","",""
"2006018217","","1","0","0","0","0","0","0","0","0","7","0","","02","2","2006","7","","","1742","11","0","0","0","0","0","0","0","0","","0","0","0","","","0","","1","","","","0","","0","0","0","0","2301","0","0","0","N","0","0","0","1","02301","0","","4.0","","9","N","N","","0","","0","0","0","3","2","","","1","0","0","0","0","0","0","1","0","1","","","","N","","","","","","","","","",""
"2006018218","","2","0","0","0","0","0","0","0","0","2","0","","02","2","2006","1","","","2305","11","0","0","0","0","2","0","0","0","","0","0","0","","","1","","0","","","","0","","4","0","0","0","2301","0","0","0","N","0","0","0","3","02301","1","","1.0","","2","N","N","","0","","0","0","0","0","0","","","2","1","0","0","0","0","0","1","0","2","","","","N","","","","","","","","","",""
"2006018239","","1","0","0","0","0","0","0","0","0","2","0","","02","2","2006","3","40.451704","-79.967555","1654","11","0","0","0","0","0","0","1","0","","0","0","0","","","0","","0","","40 27:06.134","","0","79 58:03.198","0","0","0","0","2301","0","0","0","N","0","0","0","2","02301","0","","6.0","","1","N","N","","0","","0","0","1","0","0","","","2","0","1","0","0","0","0","2","0","2","","","","N","","","","","","","","","",""
"2006018267","","0","0","0","0","0","0","0","0","0","7","1","","02","1","2006","3","40.507778","-80.136578","0854","11","0","0","0","0","0","1","0","0","4","0","1","0","","","1","","0","","40 30:28.000","1","0","80 08:11.680","3","0","0","0","2115","0","0","0","Y","0","0","0","1","68B03","0","","5.0","","1","N","N","","0","","1","0","0","3","8","N","","1","1","0","0","0","0","0","2","0","1","","","","N","","","","","","","","","",""
"2006018317","","2","0","0","0","0","0","0","0","0","4","0","","02","1","2006","3","40.383056","-80.193443","1634","11","1","0","0","1","0","0","0","0","","0","0","0","","","0","","3","","40 22:59.000","","0","80 11:36.394","0","0","0","0","2119","0","0","0","N","0","0","0","2","02119","0","","1.0","","9","N","N","","0","","0","0","0","0","0","","","2","0","0","0","0","0","0","2","0","2","","","","N","","","","","","","","","",""
"2006018340","","1","0","0","0","0","0","0","0","0","1","0","","02","2","2006","1","40.384444","-80.043897","0929","11","0","0","0","0","0","0","0","0","2","0","0","0","","","0","","0","","40 23:04.000","1","0","80 02:38.029","0","0","0","0","2109","0","0","0","N","0","0","0","2","02109","0","","6.0","","2","N","N","","0","","0","0","2","0","0","N","","3","0","0","0","0","0","0","2","0","3","","","","N","","","","","","","","","",""
"2006018537","","1","0","0","0","0","0","0","0","0","5","1","","02","1","2006","3","","","0913","11","0","0","0","0","0","2","0","0","2","0","1","0","","","1","","0","","40 26:30.12","3","0","79 51:27.36","3","0","0","0","2419","0","0","0","N","0","0","0","2","68B03","0","","1.0","","9","N","N","","0","","1","0","0","0","0","N","","2","1","1","0","0","0","0","2","0","2","","","","N","","","","","","","","","",""
"2006018681","","0","0","0","0","0","0","0","0","0","7","1","","02","1","2006","6","40.6622","-80.0935","0340","11","0","0","0","0","0","0","1","0","","0","1","0","","","0","","0","","40 39:43.920","","0","80 05:36.600","0","0","0","0","2212","0","0","0","N","0","0","0","1","68T02","0","","1.0","","2","N","N","","0","","0","0","0","0","0","","","1","0","0","0","0","0","0","2","0","1","","","","N","","","","","","","","","",""
"2006018766","","1","0","0","0","0","0","0","0","0","5","1","","02","1","2006","5","","","1231","11","1","0","0","0","0","0","0","0","1","0","1","0","","","0","","0","","","3","0","","0","0","0","0","2304","0","0","0","N","0","0","0","4","02304","0","","1.0","","1","N","N","","0","","0","0","0","0","0","N","","2","0","4","0","0","0","0","1","0","2","","","","N","","","","","","","","","",""