"CRN","ARRIVAL_TM","AUTOMOBILE_COUNT","BELTED_DEATH_COUNT","BELTED_SUSP_SERIOUS_INJ_COUNT","BICYCLE_COUNT","BICYCLE_DEATH_COUNT","BICYCLE_SUSP_SERIOUS_INJ_COUNT","BUS_COUNT","CHLDPAS_DEATH_COUNT","CHLDPAS_SUSP_SERIOUS_INJ_COUNT","COLLISION_TYPE","COMM_VEH_COUNT","CONS_ZONE_SPD_LIM","COUNTY","CRASH_MONTH","CRASH_YEAR","DAY_OF_WEEK","DEC_LATITUDE","DEC_LONGITUDE","DISPATCH_TM","DISTRICT","DRIVER_COUNT_16YR","DRIVER_COUNT_17YR","DRIVER_COUNT_18YR","DRIVER_COUNT_19YR","DRIVER_COUNT_20YR","DRIVER_COUNT_50_64YR","DRIVER_COUNT_65_74YR","DRIVER_COUNT_75PLUS","EST_HRS_CLOSED","FATAL_COUNT","HEAVY_TRUCK_COUNT","HORSE_BUGGY_COUNT","HOUR_OF_DAY","ILLUMINATION","INJURY_COUNT","INTERSECTION_RELATED","INTERSECT_TYPE","LANE_CLOSED","LATITUDE","LN_CLOSE_DIR","LOCATION_TYPE","LONGITUDE","MAX_SEVERITY_LEVEL","MCYCLE_DEATH_COUNT","MCYCLE_SUSP_SERIOUS_INJ_COUNT","MOTORCYCLE_COUNT","MUNICIPALITY","NONMOTR_COUNT","NONMOTR_DEATH_COUNT","NONMOTR_SUSP_SERIOUS_INJ_COUNT","NTFY_HIWY_MAINT","PED_COUNT","PED_DEATH_COUNT","PED_SUSP_SERIOUS_INJ_COUNT","PERSON_COUNT","POLICE_AGCY","POSSIBLE_INJ_COUNT","RDWY_SURF_TYPE_CD","RELATION_TO_ROAD","ROADWAY_CLEARED","ROAD_CONDITION","SCH_BUS_IND","SCH_ZONE_IND","SECONDARY_CRASH","SMALL_TRUCK_COUNT","SPEC_JURIS_CD","SUSP_MINOR_INJ_COUNT","SUSP_SERIOUS_INJ_COUNT","SUV_COUNT","TCD_FUNC_CD","TCD_TYPE","TFC_DETOUR_IND","TIME_OF_DAY","TOTAL_UNITS","TOT_INJ_COUNT","UNBELTED_OCC_COUNT","UNB_DEATH_COUNT","UNB_SUSP_SERIOUS_INJ_COUNT","UNK_INJ_DEG_COUNT","UNK_INJ_PER_COUNT","URBAN_RURAL","VAN_COUNT","VEHICLE_COUNT","WEATHER1","WEATHER2","WORKERS_PRES","WORK_ZONE_IND","WORK_ZONE_LOC","WORK_ZONE_TYPE","WZ_CLOSE_DETOUR","WZ_FLAGGER","WZ_LAW_OFFCR_IND","WZ_LN_CLOSURE","WZ_MOVING","WZ_OTHER","WZ_SHLDER_MDN","WZ_WORKERS_INJ_KILLED"
"2006018767","","1","0","0","0","0","0","0","0","0","8","0","","02","1","2006","3","","","0815","11","0","1","0","0","0","0","0","0","","0","0","0","","","1","","0","","","","7","","4","0","0","0","2304","1","0","0","N","1","0","0","2","02304","1","","1.0","","1","N","N","","0","","0","0","0","3","3","","","2","1","0","0","0","0","0","1","0","1","","","","N","","","","","","","","","",""
"2006018769","","1","0","0","0","0","0","0","0","0","7","0","","02","1","2006","2","40.335556","-80.132497","2237","11","0","0","1","0","0","0","0","0","3","0","0","0","","","0","","2","","40 20:08.000","1","0","80 07:56.988","0","0","0","0","2119","0","0","0","N","0","0","0","1","02119","0","","5.0","","9","N","N","","0","","0","0","0","0","0","N","","2","0","0","0","0","0","0","2","0","2","","","","N","","","","","","","","","",""
"2006018808","","1","0","0","0","0","0","0","0","0","4","0","","02","1","2006","2","40.416569","-79.809896","0145","11","0","0","0","0","0","0","0","0","","0","0","0","","","1","","0","","40 24:59.648","","0","79 48:35.625","3","0","0","0","2446","0","0","0","N","0","0","0","1","02446","0","","2.0","","9","N","N","","0","","1","0","1","0","0","","","2","1","0","0","0","0","0","2","0","2","","","","N","","","","","","","","","",""
"2006018812","","1","0","0","0","0","0","0","0","0","7","0","","02","1","2006","7","40.446922","-79.788952","0211","11","0","0","0","0","0","0","0","0","","0","0","0","","","0","","0","","40 26:48.919","","0","79 47:20.226","0","0","0","0","2446","0","0","0","N","0","0","0","1","02446","0","","4.0","","1","N","N","","0","","0","0","0","0","0","","","1","0","0","0","0","0","0","2","0","1","","","","N","","","","","","","","","",""
"2006018813","","2","0","0","0","0","0","0","0","0","4","0","","02","2","2006","1","40.437368","-79.777805","1710","11","0","0","0","0","0","1","0","0","1","0","0","0","","","1","","0","","40 26:14.525","3","0","79 46:40.098","8","0","0","0","2446","0","0","0","N","0","0","0","2","02446","0","","1.0","","2","N","N","","0","","0","0","0","0","0","N","","2","1","0","0","0","1","0","2","0","2","","","","N","","","","","","","","","",""
"2006018814","","1","0","0","0","0","0","0","0","0","1","0","","02","1","2006","5","40.443275","-79.767759","1703","11","0","0","0","1","0","0","0","0","","0","0","0","","","0","","0","","40 26:35.790","","0","79 46:03.932","0","0","0","0","2446","0","0","0","N","0","0","0","2","02446","0","","1.0","","9","N","N","","1","","0","0","0","0","0","","","2","0","0","0","0","0","0","2","0","2","","","","N","","","","","","","","","",""
"2006018815","","0","0","0","0","0","0","0","0","0","0","1","","02","1","2006","6","","","0529","11","0","0","0","0","0","0","0","0","3","0","1","0","","","1","","0","","40 26:17.16","2","0","79 45:25.92","4","0","0","0","2446","0","0","0","Y","0","0","0","1","02446","1","","7.0","","2","N","N","","0","","0","0","0","0","0","Y","","1","1","0","0","0","0","0","2","0","1","","","","N","","","","","","","","","",""
"2006018816","","1","0","0","0","0","0","0","0","0","7","0","","02","2","2006","1","","","0043","11","0","1","0","0","0","0","0","0","2","0","0","0","","","1","","0","","","5","0","","4","0","0","0","2446","0","0","0","N","0","0","0","1","02446","1","","4.0","","9","N","N","","0","","0","0","0","0","0","Y","","1","1","0","0","0","0","0","1","0","1","","","","N","","","","","","","","","",""
"2006018824","","1","0","0","0","0","0","0","0","0","1","0","","02","1","2006","4","40.609722","-80.053272","0730","11","0","0","0","0","0","1","0","0","","0","0","0","","","0","","0","","40 36:35.000","","0","80 03:11.778","0","0","0","0","2108","0","0","0","N","0","0","0","3","02108","0","","1.0","","9","N","N","","0","","0","0","1","0","0","","","2","0","0","0","0","0","0","2","0","2","","","","N","","","","","","","","","",""
"2006018831","","0","0","0","0","0","0","0","0","0","7","0","","02","1","2006","7","","","0613","11","0","0","0","0","0","0","0","0","","0","0","0","","","0","","0","","","","0","","0","0","0","0","2427","0","0","0","N","0","0","0","2","02427","0","","1.0","","9","N","N","","0","","0","0","1","0","0","","","1","0","0","0","0","0","0","1","0","1","","","","N","","","","","","","","","",""
"2006018858","","2","0","0","0","0","0","0","0","0","1","0","","02","1","2006","2","40.6187","-79.9071","1628","11","0","1","0","0","0","0","0","0","2","0","0","0","","","1","","0","","40 37:07.320","4","0","79 54:25.560","4","0","0","0","2220","0","0","0","N","0","0","0","2","02220","1","","1.0","","9","N","N","","0","","0","0","0","0","0","Y","","2","1","0","0","0","0","0","2","0","2","","05","","N","","","","","","","","","",""
"2006018869","","0","0","0","0","0","0","0","0","0","0","0","","02","2","2006","3","40.4918","-79.9507","0058","11","0","0","0","0","0","0","0","0","2","0","0","0","","","0","","6","","40 29:30.480","2","2","79 57:02.520","0","0","0","0","2430","0","0","0","N","0","0","0","1","02430","0","","4.0","","1","N","N","","0","","0","0","0","3","4","N","","1","0","0","0","0","0","0","2","1","1","","","","N","","","","","","","","","",""
"2006018874","","0","0","0","0","0","0","0","0","0","1","0","","02","1","2006","6","40.409444","-80.192706","1511","11","1","0","0","0","0","0","1","0","","0","0","0","","","1","","2","","40 24:34.000","","0","80 11:33.741","8","0","0","0","2214","0","0","0","N","0","0","0","2","02214","0","","1.0","","1","N","N","","2","","0","0","0","0","0","","","2","1","0","0","0","1","0","1","0","2","","","","N","","","","","","","","","",""
"2006018882","","1","0","0","0","0","0","0","0","0","4","0","","02","1","2006","4","40.422433","-79.863911","1755","11","0","0","0","0","0","0","1","0","","0","0","0","","","3","","1","","40 25:20.758","","0","79 51:50.079","8","0","0","0","2411","0","0","0","N","0","0","0","5","02411","0","","1.0","","1","N","N","","1","","0","0","0","3","3","","","2","3","2","0","0","3","0","2","0","2","","","","N","","","","","","","","","",""
"2006018900","","1","0","0","0","0","0","0","0","0","5","1","","02","1","2006","2","40.4309","-79.7443","1439","11","0","0","0","0","0","0","0","0","","0","1","0","","","0","","0","","40 25:51.240","","0","79 44:39.480","0","0","0","0","2446","0","0","0","N","0","0","0","2","68T09","0","","1.0","","1","N","N","","0","","0","0","0","0","0","","","2","0","0","0","0","0","0","2","0","2","","","","N","","","","","","","","","",""
"2006018907","","1","0","0","0","0","0","0","0","0","1","0","","02","2","2006","4","40.604444","-79.757176","0546","11","0","0","0","0","0","1","0","0","1","0","0","0","","","0","","2","","40 36:16.000","1","0","79 45:25.834","9","0","0","0","2464","0","0","0","N","0","0","0","2","02464","0","","1.0","","1","N","N","","1","","0","0","0","3","1","N","","2","0","0","0","0","0","2","2","0","2","","","","N","","","","","","","","","",""
"2006018948","","0","0","0","0","0","0","0","0","0","2","0","","02","1","2006","6","40.286389","-80.02293","1805","11","0","0","0","0","0","0","1","0","2","0","0","0","","","2","","2","","40 17:11.000","5","0","80 01:22.548","3","0","0","0","2219","0","0","0","N","0","0","0","2","02219","1","","1.0","","1","N","N","","0","","1","0","1","3","2","Y","","2","2","0","0","0","0","0","2","1","2","","","","N","","","","","","","","","",""
"2006018949","","0","0","0","0","0","0","0","0","0","7","0","","02","1","2006","3","40.2971","-79.9945","2104","11","0","0","0","0","0","0","0","0","1","0","0","0","","","1","","0","","40 17:49.560","2","0","79 59:40.200","2","0","0","0","2219","0","0","0","N","0","0","0","1","02219","0","","5.0","","9","N","N","","0","","0","1","1","0","0","N","","1","1","0","0","0","0","0","2","0","1","","","","N","","","","","","","","","",""
"2006018987","","0","0","0","0","0","0","0","0","0","1","2","","02","1","2006","3","40.425556","-80.019846","1700","11","0","0","0","0","0","1","0","0","2","0","2","0","","","1","","1","","40 25:32.000","1","0","80 01:11.445","8","0","0","0","2301","0","0","0","N","0","0","0","2","02301","0","","1.0","","9","N","N","","0","","0","0","0","3","2","N","","2","1","0","0","0","1","0","2","0","2","","","","N","","","","","","","","","",""
"2006018988","","0","0","0","0","0","0","0","0","0","7","0","","02","1","2006","3","","","0024","11","0","0","0","0","0","0","0","0","","0","0","0","","","0","","2","","","","0","","0","0","0","0","2301","0","0","0","N","0","0","0","2","02301","0","","5.0","","1","N","N","","0","","0","0","1","3","3","","","1","0","2","0","0","0","0","1","0","1","","","","N","","","","","","","","","",""
"2006018989","","0","0","1","0","0","0","0","0","0","7","1","","02","1","2006","2","40.405341","-80.030633","1822","11","0","0","0","0","0","0","0","0","","0","0","0","","","1","","0","","40 24:19.227","","0","80 01:50.278","2","0","0","0","2301","0","0","0","N","0","0","0","1","02301","0","","5.0","","1","N","N","","0","","0","1","0","0","0","","","1","1","0","0","0","0","0","2","1","1","","","","N","","","","","","","","","",""
"2006018990","","1","0","0","0","0","0","0","0","0","5","1","","02","1","2006","3","40.381667","-79.995973","1810","11","0","0","0","0","0","0","0","0","","0","0","0","","","1","","5","","40 22:54.000","","0","79 59:45.504","4","0","0","0","2301","0","0","0","N","0","0","0","3","02301","1","","1.0","","9","N","N","","0","","0","0","0","3","2","","","2","1","0","0","0","0","1","2","0","2","","","","N","","","","","","","","","",""
"2006018991","","1","0","0","0","0","0","0","0","0","7","0","","02","1","2006","7","40.429167","-79.99928","0218","11","0","0","0","0","0","0","0","0","1","0","0","0","","","0","","2","","40 25:45.000","2","0","79 59:57.407","0","0","0","0","2301","0","0","0","Y","0","0","0","4","02301","0","","5.0","","1","N","N","","0","","0","0","0","2","1","N","","1","0","0","0","0","0","0","2","0","1","","","","N","","","","","","","","","",""
"2006018992","","3","0","0","0","0","0","0","0","0","5","0","","02","2","2006","1","40.403595","-80.01551","2342","11","0","1","0","0","0","0","0","0","2","0","0","0","","","1","","0","","40 24:12.942","6","0","80 00:55.836","8","0","0","0","2301","0","0","0","N","0","0","0","5","02301","0","","1.0","","2","N","N","","1","","0","0","0","0","0","N","","4","1","0","0","0","1","0","2","0","4","","","","N","","","","","","","","","",""
"2006018993","","2","0","0","0","0","0","0","0","0","7","0","","02","2","2006","2","40.392381","-80.005312","0101","11","0","0","0","0","0","1","0","0","","0","0","0","","","0","","3","","40 23:32.571","","0","80 00:19.123","0","0","0","0","2301","0","0","0","N","0","0","0","2","02301","0","","4.0","","7","N","N","","0","","0","0","0","0","0","","","2","0","0","0","0","0","0","2","0","2","","","","N","","","","","","","","","",""
"2006018994","","0","0","0","0","0","0","0","0","0","7","0","","02","2","2006","2","","","0920","11","0","0","0","0","0","1","0","0","","0","0","0","","","1","","1","","","","0","","3","0","0","0","2301","0","0","0","","0","0","0","2","02301","0","","2.0","","7","N","N","","0","","1","0","1","3","3","","","1","1","0","0","0","0","0","1","0","1","","","","N","","","","","","","","","",""
"2006018995","","2","0","0","0","0","0","0","0","0","4","0","","02","2","2006","1","40.416944","-80.023175","2235","11","0","0","0","0","0","0","0","0","3","0","0","0","","","0","","1","","40 25:00.998","7","0","80 01:23.430","0","0","0","0","2301","0","0","0","N","0","0","0","1","02301","0","","1.0","","2","N","N","","0","","0","0","0","0","0","Y","","2","0","0","0","0","0","0","2","0","2","","","","N","","","","","","","","","",""
"2006018996","","0","0","0","0","0","0","0","0","0","1","0","","02","1","2006","1","40.396667","-80.030292","1525","11","0","0","0","0","0","0","0","0","","0","1","0","","","0","","2","","40 23:48.000","","0","80 01:49.052","0","0","0","0","2301","0","0","0","N","0","0","0","1","02301","0","","1.0","","9","N","N","","1","","0","0","0","0","0","","","2","0","0","0","0","0","0","2","0","2","","","","N","","","","","","","","","",""
"2006018997","","2","0","0","0","0","0","0","0","0","4","0","","02","2","2006","3","40.439792","-79.923074","1408","11","0","0","0","0","0","0","0","0","1","0","0","0","","","0","","1","","40 26:23.251","7","0","79 55:23.066","0","0","0","0","2301","0","0","0","N","0","0","0","2","02301","0","","1.0","","1","N","N","","0","","0","0","0","3","3","N","","2","0","0","0","0","0","0","2","0","2","","","","N","","","","","","","","","",""
"2006018998","","2","0","0","0","0","0","0","0","0","4","0","","02","2","2006","4","40.411489","-79.943762","1634","11","0","0","0","0","0","0","0","1","1","0","0","0","","","2","","1","","40 24:41.360","1","0","79 56:37.543","3","0","0","0","2301","0","0","0","N","0","0","0","3","02301","0","","1.0","","1","N","N","","0","","2","0","0","0","0","N","","2","2","0","0","0","0","0","2","0","2","","","","N","","","","","","","","","",""
"2006018999","","2","0","0","0","0","0","0","0","0","2","0","","02","1","2006","6","40.425928","-79.927759","0741","11","1","0","0","0","0","0","0","0","2","0","0","0","","","1","","0","","40 25:33.340","5","0","79 55:39.932","4","0","0","0","2301","0","0","0","N","0","0","0","2","02301","1","","1.0","","2","N","N","","0","","0","0","0","0","0","Y","","2","1","0","0","0","0","0","2","0","2","","","","N","","","","","","","","","",""
"2006019000","","1","0","0","0","0","0","0","0","0","1","0","","02","1","2006","6","40.435752","-79.927668","0815","11","0","0","0","0","0","0","0","0","","0","0","0","","","0","","1","","40 26:08.707","","0","79 55:39.604","0","0","0","0","2301","0","0","0","N","0","0","0","3","02301","0","","1.0","","2","N","N","","0","","0","0","1","3","3","","","2","0","0","0","0","0","0","2","0","2","","","","N","","","","","","","","","",""
"2006019003","","1","0","0","0","0","0","0","0","0","4","0","","02","2","2006","1","","","1000","11","0","0","0","0","0","0","0","0","","0","0","0","","","1","","2","","","","0","","4","0","0","0","2301","0","0","0","N","0","0","0","2","02301","1","","1.0","","9","N","N","","0","","0","0","1","0","0","","","2","1","0","0","0","0","0","1","0","2","","","","N","","","","","","","","","",""
"2006019004","","2","0","0","0","0","0","0","0","0","4","0","","02","2","2006","6","40.450716","-79.933584","0409","11","0","0","0","0","0","0","0","0","","0","0","0","","","0","","1","","40 27:02.577","","0","79 56:00.902","0","0","0","0","2301","0","0","0","N","0","0","0","2","02301","0","","1.0","","9","N","N","","0","","0","0","0","0","0","","","2","0","0","0","0","0","0","2","0","2","","","","N","","","","","","","","","",""
"2006019005","","0","0","0","0","0","0","0","0","0","7","0","","02","2","2006","6","","","1448","11","0","0","0","0","0","1","0","0","","0","0","0","","","0","","2","","","","0","","0","0","0","0","2301","0","0","0","N","0","0","0","1","02301","0","","5.0","","1","N","N","","0","","0","0","1","0","0","","","1","0","0","0","0","0","0","1","0","1","","","","N","","","","","","","","","",""
"2006019006","","1","0","0","0","0","0","0","0","0","4","0","","02","2","2006","1","","","1747","11","0","0","0","0","0","0","0","0","","0","0","0","","","0","","0","","","","0","","0","0","0","0","2301","0","0","0","N","0","0","0","1","02301","0","","2.0","","2","N","N","","0","","0","0","0","0","0","","","2","0","0","0","0","0","0","1","1","2","","","","N","","","","","","","","","",""
"2006019007","","3","0","0","0","0","0","0","0","0","1","0","","02","2","2006","2","40.443996","-79.938558","0027","11","0","1","0","0","0","0","0","0","","0","0","0","","","1","","0","","40 26:38.385","","0","79 56:18.809","4","0","0","0","2301","0","0","0","N","0","0","0","3","02301","1","","1.0","","2","N","N","","0","","0","0","1","0","0","","","4","1","1","0","0","0","0","2","0","4","","","","N","","","","","","","","","",""
"2006019008","","1","0","0","0","0","0","0","0","0","7","0","","02","2","2006","4","40.444501","-79.942424","2236","11","0","1","0","0","0","0","0","0","","0","0","0","","","0","","0","","40 26:40.204","","0","79 56:32.727","0","0","0","0","2301","0","0","0","N","0","0","0","1","02301","0","","5.0","","1","N","N","","0","","0","0","0","3","2","","","1","0","1","0","0","0","0","2","0","1","","","","N","","","","","","","","","",""
"2006019017","","3","0","0","0","0","0","0","0","0","4","0","","02","2","2006","1","40.462341","-79.943223","0329","11","0","0","0","0","0","0","0","0","1","0","0","0","","","1","","1","","40 27:44.427","6","0","79 56:35.602","8","0","0","0","2301","0","0","0","N","0","0","0","4","02301","0","","1.0","","9","N","N","","0","","0","0","0","3","3","N","","3","1","0","0","0","1","0","2","0","3","","","","N","","","","","","","","","",""
"2006019018","","3","0","0","0","0","0","0","0","0","6","0","","02","2","2006","3","40.46095","-79.924893","1119","11","0","0","0","0","0","0","2","0","","0","0","0","","","1","","1","","40 27:39.420","","0","79 55:29.614","8","0","0","0","2301","0","0","0","N","0","0","0","4","02301","0","","1.0","","1","N","N","","0","","0","0","0","3","3","","","3","1","0","0","0","1","0","2","0","3","","","","N","","","","","","","","","",""
"2006019019","","1","0","0","0","0","0","0","0","0","7","0","","02","2","2006","3","40.453889","-79.912355","1910","11","0","0","0","0","0","0","0","0","","0","0","0","","","0","","5","","40 27:14.000","","0","79 54:44.478","0","0","0","0","2301","0","0","0","N","0","0","0","1","02301","0","","4.0","","1","N","N","","0","","0","0","0","0","0","","","1","0","0","0","0","0","0","2","0","1","","","","N","","","","","","","","","",""
"2006019021","","2","0","0","0","0","0","0","0","0","4","0","","02","1","2006","4","40.44411","-79.966575","0609","11","0","0","0","0","0","0","0","0","","0","0","0","","","0","","2","","40 26:38.796","","0","79 57:59.670","0","0","0","0","2301","0","0","0","N","0","0","0","2","02301","0","","1.0","","1","N","N","","0","","0","0","0","0","0","","","2","0","1","0","0","0","0","2","0","2","","","","N","","","","","","","","","",""
"2006019023","","1","0","0","0","0","0","0","0","0","1","0","","02","1","2006","3","40.355923","-80.051694","0851","11","0","0","0","0","0","1","0","0","1","0","0","0","","","1","","0","","40 21:21.321","4","0","80 03:06.099","4","0","0","0","2109","0","0","0","N","0","0","0","3","02109","1","","1.0","","9","N","N","","1","","0","0","0","0","0","N","","2","1","0","0","0","0","0","2","0","2","","","","N","","","","","","","","","",""
"2006019024","","1","0","0","0","0","0","0","0","0","1","0","","02","2","2006","4","40.375719","-80.068654","1422","11","0","0","0","0","0","0","1","0","2","0","0","0","","","0","","0","","40 22:32.588","4","0","80 04:07.154","0","0","0","0","2109","0","0","0","N","0","0","0","2","02109","0","","1.0","","1","N","N","","0","","0","0","0","0","0","N","","2","0","0","0","0","0","0","2","1","2","","","","N","","","","","","","","","",""
"2006019025","","1","0","0","0","0","0","0","0","0","7","0","","02","1","2006","4","40.363055","-80.070374","0559","11","0","0","0","0","0","0","0","1","2","0","0","0","","","0","","0","","40 21:46.997","7","0","80 04:13.345","0","0","0","0","2109","0","0","0","N","0","0","0","1","02109","0","","5.0","","2","N","N","","0","","0","0","0","0","0","Y","","1","0","0","0","0","0","0","2","0","1","","","","N","","","","","","","","","",""
"2006019026","","2","0","0","0","0","0","0","0","0","4","0","","02","2","2006","4","40.395673","-80.04643","1659","11","0","0","0","0","0","0","0","0","2","0","0","0","","","1","","0","","40 23:44.423","1","0","80 02:47.147","8","0","0","0","2109","0","0","0","N","0","0","0","2","02109","0","","1.0","","1","N","N","","0","","0","0","0","0","0","N","","2","1","0","0","0","1","0","2","0","2","","","","N","","","","","","","","","",""
"2006019027","","0","0","0","0","0","0","0","0","0","5","0","","02","2","2006","7","40.38","-80.044673","1901","11","0","0","0","0","0","0","0","0","2","0","0","0","","","0","","0","","40 22:48.000","1","0","80 02:40.823","0","0","0","0","2109","0","0","0","N","0","0","0","4","02109","0","","1.0","","9","N","N","","0","","0","0","2","0","0","N","","2","0","0","0","0","0","0","2","0","2","","","","N","","","","","","","","","",""
"2006019177","","1","0","0","0","0","0","0","0","0","7","0","","02","1","2006","2","40.45266","-80.206737","1502","11","1","0","0","0","0","0","0","0","","0","0","0","","","0","","0","","40 27:09.575","","0","80 12:24.252","0","0","0","0","2214","0","0","0","N","0","0","0","1","02214","0","","4.0","","1","N","N","","0","","0","0","0","0","0","","","1","0","0","0","0","0","0","2","0","1","","","","N","","","","","","","","","",""
"2006019180","","1","0","0","0","0","0","0","0","0","1","0","","02","2","2006","5","40.38916","-79.821164","1145","11","0","0","0","0","0","0","0","0","1","0","0","0","","","1","","2","","40 23:20.976","2","0","79 49:16.190","8","0","0","0","2111","0","0","0","N","0","0","0","5","02111","0","","1.0","","9","N","N","","0","","0","0","0","0","0","Y","","3","1","1","0","0","1","0","2","2","3","","","","N","","","","","","","","","",""
"2006019258","","2","0","0","0","0","0","0","0","0","4","0","","02","2","2006","3","40.4835","-79.9718","1325","11","0","0","0","0","0","1","0","0","","0","0","0","","","0","","1","","40 29:00.600","","0","79 58:18.480","0","0","0","0","2118","0","0","0","N","0","0","0","3","02118","0","","1.0","","1","N","N","","0","","0","0","0","3","3","","","2","0","0","0","0","0","0","2","0","2","","","","N","","","","","","","","","",""
"2006019259","","2","0","0","0","0","0","0","0","0","4","0","","02","1","2006","1","40.46","-79.842685","1333","11","0","0","0","0","0","1","1","0","","0","0","0","","","1","","5","","40 27:36.000","","0","79 50:33.667","4","0","0","0","2113","0","0","0","N","0","0","0","2","02113","1","","1.0","","1","N","N","","0","","0","0","0","3","2","","","2","1","0","0","0","0","0","2","0","2","","","","N","","","","","","","","","",""
"2006019333","","2","0","0","0","0","0","0","0","0","6","0","","02","1","2006","3","","","1730","11","0","0","0","0","0","0","1","0","2","0","0","0","","","3","","0","","","3","0","","8","0","0","0","2446","0","0","0","N","0","0","0","3","02446","0","","1.0","","9","N","N","","0","","0","0","0","0","0","N","","2","3","0","0","0","3","0","1","0","2","","","","N","","","","","","","","","",""
"2006019334","","2","0","0","0","0","0","0","0","0","4","0","","02","1","2006","6","40.443333","-79.713489","1553","11","0","0","0","0","1","0","0","1","","0","0","0","","","0","","0","","40 26:36.000","","0","79 42:48.559","0","0","0","0","2446","0","0","0","N","0","0","0","3","02446","0","","1.0","","1","N","N","","1","","0","0","0","0","0","","","3","0","0","0","0","0","0","2","0","3","","","","N","","","","","","","","","",""
"2006019335","","2","0","0","0","0","0","0","0","0","4","0","","02","2","2006","7","40.437581","-79.770128","1430","11","0","0","0","0","0","0","0","0","1","0","0","0","","","2","","0","","40 26:15.292","1","0","79 46:12.462","8","0","0","0","2446","0","0","0","N","0","0","0","4","02446","0","","1.0","","1","N","N","","0","","0","0","0","0","0","N","","2","2","0","0","0","2","0","2","0","2","","","","N","","","","","","","","","",""
"2006019341","","3","0","0","0","0","0","0","0","0","1","0","","02","1","2006","5","40.489167","-79.903007","1745","11","0","0","0","0","0","1","0","0","","0","0","0","","","1","","0","","40 29:21.000","","0","79 54:10.824","8","0","0","0","2401","0","0","0","N","0","0","0","3","02401","0","","1.0","","1","N","N","","0","","0","0","0","0","0","","","3","1","0","0","0","1","0","2","0","3","","","","N","","","","","","","","","",""
"2006019365","","1","0","0","0","0","0","0","0","0","5","1","","02","2","2006","2","40.503611","-80.010185","1533","11","0","0","0","0","0","1","0","0","1","0","1","0","","","0","","0","","40 30:13.000","1","0","80 00:36.666","0","0","0","0","2301","0","0","0","N","0","0","0","3","02301","0","","1.0","","1","N","N","","0","","0","0","0","0","0","N","","2","0","0","0","0","0","0","2","0","2","","","","N","","","","","","","","","",""
"2006019366","","0","0","0","0","0","0","0","0","0","0","1","","02","2","2006","3","40.478611","-80.043146","0939","11","0","0","0","0","0","0","0","0","3","0","1","0","","","1","","1","","40 28:43.000","2","0","80 02:35.324","8","0","0","0","2301","0","0","0","N","0","0","0","1","02301","0","","1.0","","1","N","N","","0","","0","0","0","3","2","N","","1","1","0","0","0","1","0","2","0","1","","","","N","","","","","","","","","",""
"2006019367","","1","0","0","0","0","0","0","0","0","1","0","","02","2","2006","3","40.4648","-79.9797","1143","11","0","0","0","0","0","0","0","0","","0","0","0","","","2","","0","","40 27:53.280","","0","79 58:46.920","3","0","0","0","2301","0","0","0","N","0","0","0","2","02301","1","","1.0","","1","N","N","","0","","1","0","0","0","0","","","2","2","0","0","0","0","0","2","1","2","","","","N","","","","","","","","","",""
"2006019368","","1","0","0","0","0","0","0","0","0","7","0","","02","1","2006","6","","","2207","11","0","0","0","0","0","0","0","0","","0","0","0","","","1","","3","","","","0","","8","0","0","0","2301","0","0","0","N","0","0","0","1","02301","0","","4.0","","1","N","N","","0","","0","0","0","0","0","","","1","1","0","0","0","1","0","1","0","1","","","","N","","","","","","","","","",""
"2006019369","","1","0","0","0","0","0","0","0","0","0","0","","02","1","2006","3","","","1909","11","0","0","0","0","0","0","0","0","2","0","0","0","","","0","","2","","","6","0","","0","0","0","0","2301","0","0","0","N","0","0","0","1","02301","0","","2.0","","1","N","N","","0","","0","0","0","0","0","Y","","1","0","0","0","0","0","0","1","0","1","","","","N","","","","","","","","","",""
"2006019370","","1","0","0","0","0","0","0","0","0","7","0","","02","2","2006","7","40.506667","-80.006763","0222","11","0","0","0","0","0","0","0","0","","0","0","0","","","1","","1","","40 30:24.000","","0","80 00:24.347","8","0","0","0","2301","0","0","0","N","0","0","0","2","02301","0","","7.0","","9","N","N","","0","","0","0","0","0","0","","","1","1","0","0","0","1","0","2","0","1","","","","N","","","","","","","","","",""
"2006019371","","1","0","0","0","0","0","0","0","0","7","0","","02","1","2006","1","40.452119","-80.003385","2253","11","0","0","0","0","0","0","0","0","1","0","0","0","","","1","","2","","40 27:07.629","1","0","80 00:12.187","8","0","0","0","2301","0","0","0","N","0","0","0","1","02301","0","","1.0","","1","N","N","","0","","0","0","0","3","2","N","","1","1","1","0","0","1","0","2","0","1","","","","N","","","","","","","","","",""
"2006019372","","2","0","0","0","0","0","0","0","0","1","1","","02","1","2006","4","40.4659","-79.9789","1322","11","0","0","0","0","0","0","0","0","2","0","1","0","","","0","","0","","40 27:57.240","1","0","79 58:44.040","0","0","0","0","2301","0","0","0","N","0","0","0","3","02301","0","","1.0","","1","N","N","","0","","0","0","0","0","0","N","","3","0","0","0","0","0","0","2","0","3","","","","N","","","","","","","","","",""
"2006019373","","0","0","0","0","0","0","0","0","0","1","1","","02","1","2006","6","40.464444","-79.979821","0235","11","0","0","0","0","0","0","0","0","1","0","1","0","","","2","","1","","40 27:52.000","1","0","79 58:47.357","2","0","0","0","2301","0","0","0","N","0","0","0","3","02301","0","","1.0","","1","N","N","","1","","1","1","0","3","2","N","","2","2","0","0","0","0","0","2","0","2","","","","N","","","","","","","","","",""