"CRN","ARRIVAL_TM","AUTOMOBILE_COUNT","BELTED_DEATH_COUNT","BELTED_SUSP_SERIOUS_INJ_COUNT","BICYCLE_COUNT","BICYCLE_DEATH_COUNT","BICYCLE_SUSP_SERIOUS_INJ_COUNT","BUS_COUNT","CHLDPAS_DEATH_COUNT","CHLDPAS_SUSP_SERIOUS_INJ_COUNT","COLLISION_TYPE","COMM_VEH_COUNT","CONS_ZONE_SPD_LIM","COUNTY","CRASH_MONTH","CRASH_YEAR","DAY_OF_WEEK","DEC_LATITUDE","DEC_LONGITUDE","DISPATCH_TM","DISTRICT","DRIVER_COUNT_16YR","DRIVER_COUNT_17YR","DRIVER_COUNT_18YR","DRIVER_COUNT_19YR","DRIVER_COUNT_20YR","DRIVER_COUNT_50_64YR","DRIVER_COUNT_65_74YR","DRIVER_COUNT_75PLUS","EST_HRS_CLOSED","FATAL_COUNT","HEAVY_TRUCK_COUNT","HORSE_BUGGY_COUNT","HOUR_OF_DAY","ILLUMINATION","INJURY_COUNT","INTERSECTION_RELATED","INTERSECT_TYPE","LANE_CLOSED","LATITUDE","LN_CLOSE_DIR","LOCATION_TYPE","LONGITUDE","MAX_SEVERITY_LEVEL","MCYCLE_DEATH_COUNT","MCYCLE_SUSP_SERIOUS_INJ_COUNT","MOTORCYCLE_COUNT","MUNICIPALITY","NONMOTR_COUNT","NONMOTR_DEATH_COUNT","NONMOTR_SUSP_SERIOUS_INJ_COUNT","NTFY_HIWY_MAINT","PED_COUNT","PED_DEATH_COUNT","PED_SUSP_SERIOUS_INJ_COUNT","PERSON_COUNT","POLICE_AGCY","POSSIBLE_INJ_COUNT","RDWY_SURF_TYPE_CD","RELATION_TO_ROAD","ROADWAY_CLEARED","ROAD_CONDITION","SCH_BUS_IND","SCH_ZONE_IND","SECONDARY_CRASH","SMALL_TRUCK_COUNT","SPEC_JURIS_CD","SUSP_MINOR_INJ_COUNT","SUSP_SERIOUS_INJ_COUNT","SUV_COUNT","TCD_FUNC_CD","TCD_TYPE","TFC_DETOUR_IND","TIME_OF_DAY","TOTAL_UNITS","TOT_INJ_COUNT","UNBELTED_OCC_COUNT","UNB_DEATH_COUNT","UNB_SUSP_SERIOUS_INJ_COUNT","UNK_INJ_DEG_COUNT","UNK_INJ_PER_COUNT","URBAN_RURAL","VAN_COUNT","VEHICLE_COUNT","WEATHER1","WEATHER2","WORKERS_PRES","WORK_ZONE_IND","WORK_ZONE_LOC","WORK_ZONE_TYPE","WZ_CLOSE_DETOUR","WZ_FLAGGER","WZ_LAW_OFFCR_IND","WZ_LN_CLOSURE","WZ_MOVING","WZ_OTHER","WZ_SHLDER_MDN","WZ_WORKERS_INJ_KILLED"
"2006020369","","1","0","0","0","0","0","0","0","0","1","0","","02","1","2006","1","","","1558","11","0","0","0","0","2","0","0","0","","0","0","0","","","1","","0","","40 25:36.12","","0","79 54:58.68","4","0","0","0","2301","0","0","0","N","0","0","0","4","68B03","1","","1.0","","1","N","N","","0","","0","0","2","0","0","","","3","1","0","0","0","0","0","2","0","3","","","","N","","","","","","","","","",""
"2006020370","","3","0","0","0","0","0","0","0","0","1","0","","02","1","2006","6","","","0445","11","0","0","0","0","0","2","0","0","2","0","0","0","","","1","","0","","40 26:43.08","4","0","79 50:54.60","3","0","0","0","2419","0","0","0","N","0","0","0","4","68B03","0","","1.0","","2","N","N","","0","","1","0","0","0","0","N","","3","1","0","0","0","0","0","2","0","3","","","","N","","","","","","","","","",""
"2006020414","","0","0","0","0","0","0","0","0","0","7","0","","02","1","2006","5","40.455","-79.735117","0211","11","0","0","0","0","0","0","0","0","3","0","0","0","","","0","","0","","40 27:18.000","6","0","79 44:06.422","0","0","0","0","2446","0","0","0","N","0","0","0","1","02446","0","","4.0","","1","N","N","","1","","0","0","0","0","0","Y","","1","0","0","0","0","0","0","2","0","1","","","","N","","","","","","","","","",""
"2006020440","","0","0","0","0","0","0","0","0","0","1","0","","02","1","2006","6","","","1035","11","0","0","0","0","0","0","2","0","","0","1","0","","","1","","6","","40 26:31.56","","2","79 49:27.12","4","0","0","0","2301","0","0","0","N","0","0","0","2","68B03","1","","1.0","","1","N","N","","1","","0","0","0","3","3","","","2","1","0","0","0","0","0","2","0","2","","","","N","","","","","","","","","",""
"2006020441","","0","0","0","0","0","0","0","0","0","0","0","","02","1","2006","3","","","0836","11","0","0","0","0","0","0","0","0","","0","0","0","","","1","","0","","40 35:09.96","","0","80 06:00.00","8","0","0","0","2481","0","0","0","N","0","0","0","1","68B03","0","","1.0","","1","N","N","","1","","0","0","0","0","0","","","1","1","0","0","0","1","0","2","0","1","","","","N","","","","","","","","","",""
"2006020442","","1","0","0","0","0","0","0","0","0","1","0","","02","1","2006","5","","","1823","11","0","0","0","0","0","1","0","0","","0","0","0","","","0","","0","","40 24:48.96","","0","80 04:53.04","0","0","0","0","2435","0","0","0","N","0","0","0","2","68B03","0","","1.0","","1","N","N","","0","","0","0","0","0","0","","","2","0","0","0","0","0","0","2","1","2","","","","N","","","","","","","","","",""
"2006020450","","2","0","0","0","0","0","0","0","0","1","0","","02","1","2006","1","40.5041","-79.8598","0950","11","0","0","0","0","0","1","0","0","","0","0","0","","","0","","0","","40 30:14.760","","0","79 51:35.280","0","0","0","0","2112","0","0","0","N","0","0","0","3","68D02","0","","1.0","","1","N","N","","0","","0","0","0","0","0","","","2","0","1","0","0","0","0","2","0","2","","","","N","","","","","","","","","",""
"2006020503","","0","0","0","0","0","0","0","0","0","7","0","","02","1","2006","1","40.664722","-79.717028","0303","11","0","0","0","0","0","0","0","0","","0","0","0","","","0","","0","","40 39:53.000","","3","79 43:01.299","0","0","0","0","2106","0","0","0","N","0","0","0","1","68D02","0","","3.0","","2","N","N","","0","","0","0","1","0","0","","","1","0","0","0","0","0","0","2","0","1","","","","N","","","","","","","","","",""
"2006020505","","0","0","0","0","0","0","0","0","0","1","0","","02","1","2006","7","40.629","-79.7358","0505","11","0","0","0","0","0","1","0","0","","0","0","0","","","0","","0","","40 37:44.400","","0","79 44:08.880","0","0","0","0","2106","0","0","0","N","0","0","0","4","68D02","0","","1.0","","9","N","N","","1","","0","0","1","0","0","","","2","0","0","0","0","0","0","2","0","2","","","","N","","","","","","","","","",""
"2006020628","","1","0","0","0","0","0","0","0","0","1","0","","02","1","2006","1","","","1150","11","0","0","0","0","0","1","0","0","","0","0","0","","","0","","0","","40 25:46.92","","0","80 01:41.16","0","0","0","0","2301","0","0","0","N","0","0","0","3","68B03","0","","1.0","","1","N","N","","1","","0","0","0","0","0","","","2","0","1","0","0","0","0","2","0","2","","","","N","","","","","","","","","",""
"2006020629","","0","0","0","0","0","0","0","0","0","1","0","","02","1","2006","2","","","1340","11","0","0","0","0","0","1","0","0","","0","1","0","","","0","","0","","40 25:14.52","","0","80 02:53.16","0","0","0","0","2435","0","0","0","N","0","0","0","5","68B03","0","","1.0","","1","N","N","","0","","0","0","1","0","0","","","2","0","0","0","0","0","0","2","0","2","","","","N","","","","","","","","","",""
"2006020630","","3","0","0","0","0","0","0","0","0","1","0","","02","1","2006","2","","","0730","11","0","0","0","0","0","0","1","0","","0","0","0","","","0","","0","","40 25:28.20","","0","80 06:43.92","0","0","0","0","2102","0","0","0","N","0","0","0","4","68B03","0","","1.0","","1","N","N","","0","","0","0","1","0","0","","","4","0","0","0","0","0","0","2","0","4","","","","N","","","","","","","","","",""
"2006020631","","2","0","0","0","0","0","0","0","0","1","0","","02","1","2006","2","","","2212","11","0","0","0","1","0","0","0","0","2","0","0","0","","","3","","0","","40 25:12.00","1","0","80 03:02.16","4","0","0","0","2435","0","0","0","N","0","0","0","3","68B03","3","","1.0","","1","N","N","","0","","0","0","0","0","0","N","","2","3","1","0","0","0","0","2","0","2","","","","N","","","","","","","","","",""
"2006020632","","1","0","0","0","0","0","0","0","0","7","0","","02","1","2006","2","","","2148","11","0","0","0","0","0","1","0","0","","0","0","0","","","0","","7","","40 28:19.92","","2","80 00:16.56","0","0","0","0","2301","0","0","0","N","0","0","0","1","68B03","0","","2.0","","1","N","N","","0","","0","0","0","0","0","","","1","0","0","0","0","0","0","2","0","1","","","","N","","","","","","","","","",""
"2006020633","","2","0","0","0","0","0","0","0","0","1","0","","02","1","2006","3","40.5255","-80.0697","1828","11","0","0","0","0","0","2","0","0","","0","0","0","","","0","","7","","40 31:31.800","","2","80 04:10.920","0","0","0","0","2215","0","0","0","N","0","0","0","2","68B03","0","","1.0","","1","N","N","","0","","0","0","0","3","4","","","2","0","0","0","0","0","0","2","0","2","","","","N","","","","","","","","","",""
"2006020634","","0","0","0","0","0","0","0","0","0","99","0","","02","1","2006","3","40.553889","-80.116508","2245","11","0","0","0","0","0","0","0","0","","0","0","0","","","0","","0","","40 33:14.000","","0","80 06:59.429","0","0","0","0","2459","0","0","0","N","0","0","0","1","68B03","0","","1.0","","1","N","N","","0","","0","0","0","0","0","","","1","0","0","0","0","0","0","2","1","1","","","","N","","","","","","","","","",""
"2006020635","","1","0","0","0","0","0","0","0","0","0","0","","02","1","2006","1","40.455","-80.111232","2125","11","0","0","0","0","0","0","0","0","2","0","0","0","","","0","","0","","40 27:18.000","2","0","80 06:40.434","0","0","0","0","2115","0","0","0","N","0","0","0","1","68N03","0","","3.0","","1","N","N","","0","","0","0","0","0","0","N","","1","0","0","0","0","0","0","2","0","1","","","","N","","","","","","","","","",""
"2006020636","","1","0","0","0","0","0","0","0","0","7","0","","02","1","2006","4","","","0651","11","0","0","0","0","1","0","0","0","","0","0","0","","","0","","0","","40 26:40.20","","0","79 46:06.24","0","0","0","0","2446","0","0","0","N","0","0","0","1","68B03","0","","3.0","","1","N","N","","0","","0","0","0","0","0","","","1","0","0","0","0","0","0","2","0","1","","","","N","","","","","","","","","",""
"2006020637","","1","0","0","0","0","0","0","0","0","7","0","","02","1","2006","3","","","1931","11","0","0","0","0","0","0","0","0","","0","0","0","","","0","","0","","40 25:37.92","","0","79 53:28.32","0","0","0","0","2426","0","0","0","N","0","0","0","1","68B03","0","","3.0","","9","N","N","","0","","0","0","0","0","0","","","1","0","0","0","0","0","0","2","0","1","","","","N","","","","","","","","","",""
"2006020688","","2","0","0","0","0","0","0","0","0","1","0","","02","2","2006","2","40.446707","-80.060935","1803","11","0","0","0","1","0","0","0","0","2","0","0","0","","","0","","2","","40 26:48.145","2","0","80 03:39.366","0","0","0","0","2439","0","0","0","N","0","0","0","1","02439","0","","5.0","","1","N","N","","0","","0","0","0","3","3","N","","2","0","1","0","0","0","0","2","0","2","","","","N","","","","","","","","","",""
"2006020754","","2","0","0","0","0","0","0","0","0","4","0","","02","1","2006","6","40.486471","-80.009913","0724","11","0","1","0","0","0","1","0","0","2","0","0","0","","","3","","0","","40 29:11.296","5","0","80 00:35.686","4","0","0","0","2301","0","0","0","N","0","0","0","3","02301","3","","1.0","","2","N","N","","0","","0","0","0","0","0","Y","","2","3","0","0","0","0","0","2","0","2","","","","N","","","","","","","","","",""
"2006020766","","1","0","0","0","0","0","0","0","0","4","0","","02","2","2006","7","40.405418","-79.911442","1104","11","0","1","0","0","0","0","1","0","","0","0","0","","","1","","1","","40 24:19.504","","0","79 54:41.191","8","0","0","0","2438","0","0","0","N","0","0","0","2","02438","0","","1.0","","1","N","N","","0","","0","0","1","3","3","","","2","1","0","0","0","1","0","2","0","2","","","","N","","","","","","","","","",""
"2006020767","","1","0","0","1","0","0","0","0","0","8","0","","02","2","2006","6","","","1844","11","0","0","0","0","0","0","0","0","","0","0","0","","","1","","2","","","","0","","3","0","0","0","2432","1","0","0","N","0","0","0","2","02432","0","","1.0","","1","N","N","","0","","1","0","0","0","0","","","2","1","0","0","0","0","0","1","0","1","","","","N","","","","","","","","","",""
"2006020768","","2","0","0","0","0","0","0","0","0","4","0","","02","2","2006","7","40.504105","-79.944824","1100","11","1","0","0","0","0","0","0","0","2","0","0","0","","","1","","2","","40 30:14.779","7","0","79 56:41.366","8","0","0","0","2430","0","0","0","N","0","0","0","2","02430","0","","1.0","","1","N","N","","0","","0","0","0","0","0","N","","2","1","0","0","0","1","0","2","0","2","","","","N","","","","","","","","","",""
"2006020770","","2","0","0","0","0","0","0","0","0","1","0","","02","2","2006","7","40.5223","-80.0388","1334","11","0","0","0","0","0","1","0","0","","0","0","0","","","0","","0","","40 31:20.280","","0","80 02:19.680","0","0","0","0","2474","0","0","0","N","0","0","0","2","02474","0","","1.0","","1","N","N","","0","","0","0","0","0","0","","","2","0","0","0","0","0","0","2","0","2","","","","N","","","","","","","","","",""
"2006020774","","2","0","0","0","0","0","0","0","0","2","0","","02","2","2006","4","40.392778","-80.063374","1752","11","0","0","0","0","0","1","0","0","","0","0","0","","","0","","2","","40 23:34.000","","0","80 03:48.148","0","0","0","0","2117","0","0","0","N","0","0","0","2","02117","0","","1.0","","1","N","N","","0","","0","0","0","3","3","","","2","0","0","0","0","0","0","2","0","2","","","","N","","","","","","","","","",""
"2006020776","","2","0","0","0","0","0","0","0","0","2","0","","02","2","2006","7","40.528056","-79.849663","1305","11","0","0","0","0","0","0","0","0","","0","0","0","","","0","","0","","40 31:41.000","","3","79 50:58.785","0","0","0","0","2208","0","0","0","N","0","0","0","3","02208","0","","1.0","","1","N","N","","0","","0","0","0","0","0","","","2","0","0","0","0","0","0","2","0","2","","","","N","","","","","","","","","",""
"2006020825","","0","0","0","0","0","0","0","0","0","7","0","","02","2","2006","7","","","2052","11","1","0","0","0","0","0","0","0","1","0","0","0","","","1","","0","","","6","0","","4","0","0","0","2118","0","0","0","N","0","0","0","2","02118","1","","5.0","","1","N","N","","0","","0","0","1","0","0","Y","","1","1","0","0","0","0","0","1","0","1","","","","N","","","","","","","","","",""
"2006020826","","2","0","0","0","0","0","0","0","0","1","0","","02","2","2006","7","40.5122","-79.9579","2110","11","0","0","0","0","0","0","1","0","","0","0","0","","","0","","3","","40 30:43.920","","0","79 57:28.440","0","0","0","0","2118","0","0","0","N","0","0","0","2","02118","0","","1.0","","1","N","N","","0","","0","0","0","0","0","","","2","0","0","0","0","0","0","2","0","2","","","","N","","","","","","","","","",""
"2006020842","","2","0","0","0","0","0","0","0","0","1","0","","02","2","2006","1","40.513611","-79.951393","1050","11","0","0","0","0","0","2","0","0","","0","0","0","","","3","","2","","40 30:49.000","","0","79 57:05.013","4","0","0","0","2118","0","0","0","N","0","0","0","3","02118","3","","1.0","","9","N","N","","0","","0","0","0","3","2","","","2","3","0","0","0","0","0","2","0","2","","","","N","","","","","","","","","",""
"2006020850","","2","0","0","0","0","0","0","0","0","1","0","","02","2","2006","1","40.566111","-79.85948","1229","11","1","0","0","0","0","0","0","0","","0","0","0","","","2","","2","","40 33:58.000","","0","79 51:34.128","4","0","0","0","2209","0","0","0","","0","0","0","4","02209","2","","1.0","","1","N","N","","0","","0","0","0","0","0","","","2","2","0","0","0","0","0","2","0","2","","","","N","","","","","","","","","",""
"2006020854","","1","0","0","0","0","0","0","0","0","4","0","","02","2","2006","3","40.430363","-79.785826","1538","11","0","0","0","0","0","1","0","0","1","0","0","0","","","0","","1","","40 25:49.306","4","0","79 47:08.973","0","0","0","0","2446","0","0","0","N","0","0","0","2","02446","0","","1.0","","1","N","N","","0","","0","0","1","3","2","N","","2","0","0","0","0","0","0","2","0","2","","","","N","","","","","","","","","",""
"2006020856","","1","0","0","0","0","0","0","0","0","2","0","","02","2","2006","1","40.378333","-79.989765","1524","11","0","1","0","0","0","0","0","0","1","0","0","0","","","0","","2","","40 22:42.000","3","0","79 59:23.155","0","0","0","0","2476","0","0","0","N","0","0","0","4","02476","0","","1.0","","1","N","N","","2","","0","0","0","3","2","N","","3","0","0","0","0","0","0","2","0","3","","","","N","","","","","","","","","",""
"2006020857","","1","0","0","0","0","0","0","0","0","7","0","","02","2","2006","4","40.479759","-79.720512","0025","11","0","0","0","0","0","0","0","0","2","0","0","0","","","0","","0","","40 28:47.132","2","0","79 43:13.843","0","0","0","0","2466","0","0","0","N","0","0","0","1","02466","0","","4.0","","1","N","N","","0","","0","0","0","0","0","Y","","1","0","0","0","0","0","0","2","0","1","","","","N","","","","","","","","","",""
"2006020858","","1","0","0","0","0","0","0","0","0","7","0","","02","2","2006","1","40.4303","-79.7104","0352","11","0","0","0","1","0","0","0","0","2","0","0","0","","","3","","0","","40 25:49.080","4","0","79 42:37.440","2","0","0","0","2446","0","0","0","N","0","0","0","3","02446","0","","2.0","","9","N","N","","0","","2","1","0","0","0","N","","1","3","1","0","0","0","0","2","0","1","","","","N","","","","","","","","","",""
"2006020860","","2","0","0","0","0","0","0","0","0","5","0","","02","2","2006","4","","","2001","11","0","0","0","0","0","0","1","0","1","0","0","0","","","0","","0","","","3","0","","0","0","0","0","2111","0","0","0","N","0","0","0","1","02111","0","","1.0","","1","N","N","","0","","0","0","0","0","0","N","","2","0","0","0","0","0","0","1","0","2","","","","N","","","","","","","","","",""
"2006020881","","2","0","0","0","0","0","0","0","0","4","0","","02","2","2006","1","40.396234","-79.821242","2130","11","0","0","0","1","0","0","0","0","1","0","0","0","","","0","","2","","40 23:46.442","1","0","79 49:16.471","0","0","0","0","2111","0","0","0","N","0","0","0","2","02111","0","","1.0","","1","N","N","","0","","0","0","0","0","0","N","","2","0","0","0","0","0","0","2","0","2","","","","N","","","","","","","","","",""
"2006020890","","2","0","0","0","0","0","0","0","0","7","0","","02","2","2006","1","40.5162","-79.9536","0401","11","0","0","1","0","0","0","0","0","2","0","0","0","","","1","","0","","40 30:58.320","5","0","79 57:12.960","8","0","0","0","2118","0","0","0","N","0","0","0","1","02118","0","","2.0","","9","N","N","","0","","0","0","0","0","0","Y","","2","1","0","0","0","1","0","2","0","2","","","","N","","","","","","","","","",""
"2006020906","","2","0","0","0","0","0","0","0","0","4","0","","02","2","2006","6","40.375556","-79.994302","1806","11","0","0","0","0","0","2","0","0","","0","0","0","","","1","","0","","40 22:32.000","","0","79 59:39.488","8","0","0","0","2476","0","0","0","N","0","0","0","7","02476","0","","1.0","","1","N","N","","1","","0","0","0","0","0","","","4","1","0","0","0","1","0","2","1","4","","","","N","","","","","","","","","",""
"2006020946","","2","0","0","0","0","0","0","0","0","1","0","","02","2","2006","2","40.482242","-79.780524","1723","11","0","0","0","0","0","1","0","1","1","0","0","0","","","2","","3","","40 28:56.071","1","0","79 46:49.886","4","0","0","0","2466","0","0","0","N","0","0","0","4","02466","2","","1.0","","6","N","N","","1","","0","0","0","3","3","N","","3","2","0","0","0","0","0","2","0","3","","","","N","","","","","","","","","",""
"2006020951","","0","0","0","0","0","0","0","0","0","7","0","","02","2","2006","2","40.475278","-79.734232","1925","11","0","0","0","0","1","0","0","0","","0","0","0","","","1","","0","","40 28:31.000","","0","79 44:03.235","3","0","0","0","2466","0","0","0","N","0","0","0","1","02466","0","","5.0","","2","N","N","","0","","1","0","0","0","0","","","1","1","0","0","0","0","0","2","1","1","","","","N","","","","","","","","","",""
"2006020953","","1","0","0","0","0","0","0","0","0","1","0","25","02","2","2006","6","40.502222","-79.945213","1503","11","0","0","0","0","0","0","0","0","","0","0","0","","","0","","1","","40 30:08.000","","0","79 56:42.768","0","0","0","0","2430","0","0","0","N","0","0","0","2","02430","0","","1.0","","1","N","N","","1","","0","0","0","3","2","","","2","0","0","0","0","0","0","2","0","2","","","Y","Y","3","1","","","Y","","","","",""
"2006020955","","2","0","0","0","0","0","0","0","0","4","0","","02","1","2006","2","","","1745","11","0","0","0","0","0","0","0","0","1","0","0","0","","","2","","0","","","3","0","","4","0","0","0","2112","0","0","0","N","0","0","0","4","02112","2","","1.0","","9","N","N","","0","","0","0","0","0","0","Y","","2","2","0","0","0","0","0","1","0","2","","","","N","","","","","","","","","",""
"2006020956","","2","0","0","0","0","0","0","0","0","1","0","","02","1","2006","5","","","1505","11","0","0","0","0","0","1","0","0","1","0","0","0","","","0","","2","","","4","0","","0","0","0","0","2112","0","0","0","N","0","0","0","3","02112","0","","1.0","","9","N","N","","0","","0","0","0","0","0","N","","2","0","0","0","0","0","0","1","0","2","","","","N","","","","","","","","","",""
"2006020957","","3","0","0","0","0","0","0","0","0","1","0","","02","1","2006","5","40.453","-79.9962","1740","11","0","1","0","0","0","1","0","0","1","0","0","0","","","0","","0","","40 27:10.800","2","3","79 59:46.320","0","0","0","0","2112","0","0","0","N","0","0","0","3","02112","0","","1.0","","9","N","N","","0","","0","0","0","0","0","N","","3","0","1","0","0","0","0","2","0","3","","","","N","","","","","","","","","",""
"2006020958","","1","0","0","0","0","0","0","0","0","7","0","","02","1","2006","6","40.493","-79.91","0940","11","0","0","0","0","0","0","0","0","","0","0","0","","","0","","6","","40 29:34.800","","2","79 54:36.000","0","0","0","0","2112","0","0","0","N","0","0","0","1","02112","0","","7.0","","2","N","N","","0","","0","0","0","0","0","","","1","0","0","0","0","0","0","2","0","1","","","","N","","","","","","","","","",""
"2006020959","","1","0","0","0","0","0","0","0","0","2","0","","02","1","2006","2","40.487502","-79.882923","1803","11","0","0","1","0","0","0","0","0","","0","0","0","","","0","","1","","40 29:15.007","","0","79 52:58.523","0","0","0","0","2112","0","0","0","N","0","0","0","3","02112","0","","1.0","","1","N","N","","0","","0","0","0","3","2","","","2","0","0","0","0","0","0","2","1","2","","","","N","","","","","","","","","",""
"2006020960","","1","0","0","0","0","0","0","0","0","7","0","","02","1","2006","4","40.513825","-79.945415","2305","11","0","0","0","0","0","0","0","0","","0","0","0","","","0","","0","","40 30:49.771","","0","79 56:43.495","0","0","0","0","2112","0","0","0","Y","0","0","0","1","02112","0","","2.0","","2","N","N","","0","","0","0","0","0","0","","","1","0","0","0","0","0","0","2","0","1","","","","N","","","","","","","","","",""
"2006020961","","2","0","0","0","0","0","0","0","0","4","0","","02","2","2006","3","","","1056","11","0","0","1","0","0","1","0","0","","0","0","0","","","3","","2","","","","0","","8","0","0","0","2301","0","0","0","N","0","0","0","3","02301","0","","1.0","","1","N","N","","0","","0","0","0","0","0","","","2","3","0","0","0","3","0","1","0","2","","","","N","","","","","","","","","",""
"2006020962","","0","0","0","0","0","0","0","0","0","6","0","","02","2","2006","4","40.461578","-79.967126","1624","11","0","0","0","0","0","2","0","0","","0","0","0","","","0","","1","","40 27:41.680","","3","79 58:01.653","0","0","0","0","2301","0","0","0","N","0","0","0","4","02301","0","","1.0","","1","N","N","","1","","0","0","0","3","2","","","2","0","0","0","0","0","0","2","1","2","","","","N","","","","","","","","","",""
"2006020963","","2","0","0","0","0","0","0","0","0","4","0","","02","2","2006","5","40.483611","-79.94971","1727","11","0","0","0","1","0","0","0","0","","0","0","0","","","0","","1","","40 29:01.000","","0","79 56:58.956","0","0","0","0","2301","0","0","0","N","0","0","0","2","02301","0","","1.0","","1","N","N","","0","","0","0","0","0","0","","","2","0","0","0","0","0","0","2","0","2","","","","N","","","","","","","","","",""
"2006020967","","1","0","0","0","0","0","0","0","0","7","0","","02","1","2006","5","40.6086","-80.0566","0121","11","0","0","0","0","0","0","0","0","1","0","0","0","","","0","","0","","40 36:30.960","6","0","80 03:23.760","0","0","0","0","2108","0","0","0","Y","0","0","0","1","02108","0","","2.0","","2","N","N","","0","","0","0","0","0","0","Y","","1","0","0","0","0","0","0","2","0","1","","","","N","","","","","","","","","",""
"2006020968","","0","0","0","0","0","0","1","0","0","5","1","","02","1","2006","5","40.591111","-80.047414","1225","11","0","0","0","0","0","0","0","0","","0","0","0","","","0","","0","","40 35:28.000","","0","80 02:50.689","9","0","0","0","2108","0","0","0","N","0","0","0","4","02108","0","","1.0","","9","Y","N","","0","","0","0","1","0","0","","","3","0","0","0","0","0","1","2","0","3","","","","N","","","","","","","","","",""
"2006020969","","0","0","0","0","0","0","0","0","0","7","0","","02","2","2006","1","40.4728","-79.899592","0252","11","0","0","0","0","0","0","0","0","2","0","0","0","","","0","","0","","40 28:22.081","6","0","79 53:58.530","0","0","0","0","2301","0","0","0","N","0","0","0","1","02301","0","","4.0","","7","N","N","","0","","0","0","1","0","0","Y","","1","0","0","0","0","0","0","2","0","1","","","","N","","","","","","","","","",""
"2006020970","","2","0","0","0","0","0","0","0","0","4","0","","02","2","2006","3","40.459722","-79.924988","0115","11","0","0","0","0","0","0","0","0","","0","0","0","","","0","","1","","40 27:35.000","","0","79 55:29.957","0","0","0","0","2301","0","0","0","N","0","0","0","3","02301","0","","1.0","","9","N","N","","0","","0","0","0","3","1","","","2","0","0","0","0","0","0","2","0","2","","","","N","","","","","","","","","",""
"2006020971","","1","0","0","0","0","0","0","0","0","7","0","","02","2","2006","2","40.454604","-79.946424","0105","11","0","0","0","0","0","0","0","0","","0","0","0","","","0","","0","","40 27:16.573","","0","79 56:47.127","0","0","0","0","2301","0","0","0","N","0","0","0","1","02301","0","","5.0","","1","N","N","","0","","0","0","0","0","0","","","1","0","0","0","0","0","0","2","0","1","","","","N","","","","","","","","","",""
"2006020972","","0","0","0","0","0","0","0","0","0","7","0","","02","2","2006","1","40.47332","-79.888739","0406","11","0","0","0","0","0","0","0","0","1","0","0","0","","","0","","0","","40 28:23.952","4","0","79 53:19.460","0","0","0","0","2301","0","0","0","N","0","0","0","1","02301","0","","5.0","","6","N","N","","0","","0","0","1","0","0","N","","1","0","0","0","0","0","0","2","0","1","","","","N","","","","","","","","","",""
"2006020973","","1","0","0","0","0","0","0","0","0","1","0","","02","2","2006","1","40.459574","-79.888067","0426","11","0","0","0","0","0","0","0","0","","0","0","0","","","0","","0","","40 27:34.466","","0","79 53:17.041","0","0","0","0","2301","0","0","0","N","0","0","0","3","02301","0","","6.0","","7","N","N","","0","","0","0","0","0","0","","","2","0","0","0","0","0","0","2","1","2","","","","N","","","","","","","","","",""
"2006020974","","1","0","0","0","0","0","0","0","0","7","0","","02","2","2006","1","","","2237","11","0","0","0","0","0","0","0","0","1","0","0","0","","","1","","0","","","3","0","","8","0","0","0","2301","0","0","0","N","0","0","0","2","02301","0","","5.0","","9","N","N","","0","","0","0","0","0","0","Y","","1","1","0","0","0","1","1","1","0","1","","","","N","","","","","","","","","",""
"2006020975","","2","0","0","0","0","0","0","0","0","1","0","","02","2","2006","1","40.498731","-79.85378","1445","11","0","0","0","0","0","1","0","0","","0","0","0","","","1","","0","","40 29:55.433","","0","79 51:13.609","8","0","0","0","2301","0","0","0","N","0","0","0","5","02301","0","","1.0","","1","N","N","","0","","0","0","0","0","0","","","2","1","0","0","0","1","0","2","0","2","","","","N","","","","","","","","","",""
"2006020976","","3","0","0","0","0","0","0","0","0","1","0","","02","2","2006","2","","","0743","11","0","0","0","0","0","0","0","0","","0","0","0","","","0","","0","","","","0","","0","0","0","0","2301","0","0","0","N","0","0","0","3","02301","0","","1.0","","2","N","N","","0","","0","0","0","0","0","","","3","0","0","0","0","0","0","1","0","3","","","","N","","","","","","","","","",""
"2006020977","","0","0","0","0","0","0","0","0","0","7","0","","02","2","2006","2","40.478611","-79.936042","1508","11","0","0","0","0","0","0","0","1","","0","0","0","","","1","","0","","40 28:42.999","","0","79 56:09.751","8","0","0","0","2301","0","0","0","N","0","0","0","1","02301","0","","5.0","","1","N","N","","1","","0","0","0","0","0","","","1","1","0","0","0","1","0","2","0","1","","","","N","","","","","","","","","",""
"2006020978","","1","0","0","0","0","0","0","0","0","4","0","","02","2","2006","1","40.455213","-79.885356","1244","11","0","0","0","0","0","0","0","0","","0","0","0","","","0","","2","","40 27:18.766","","0","79 53:07.281","0","0","0","0","2301","0","0","0","N","0","0","0","5","02301","0","","1.0","","9","N","N","","0","","0","0","1","3","3","","","2","0","0","0","0","0","0","2","0","2","","","","N","","","","","","","","","",""