"CRN","ARRIVAL_TM","AUTOMOBILE_COUNT","BELTED_DEATH_COUNT","BELTED_SUSP_SERIOUS_INJ_COUNT","BICYCLE_COUNT","BICYCLE_DEATH_COUNT","BICYCLE_SUSP_SERIOUS_INJ_COUNT","BUS_COUNT","CHLDPAS_DEATH_COUNT","CHLDPAS_SUSP_SERIOUS_INJ_COUNT","COLLISION_TYPE","COMM_VEH_COUNT","CONS_ZONE_SPD_LIM","COUNTY","CRASH_MONTH","CRASH_YEAR","DAY_OF_WEEK","DEC_LATITUDE","DEC_LONGITUDE","DISPATCH_TM","DISTRICT","DRIVER_COUNT_16YR","DRIVER_COUNT_17YR","DRIVER_COUNT_18YR","DRIVER_COUNT_19YR","DRIVER_COUNT_20YR","DRIVER_COUNT_50_64YR","DRIVER_COUNT_65_74YR","DRIVER_COUNT_75PLUS","EST_HRS_CLOSED","FATAL_COUNT","HEAVY_TRUCK_COUNT","HORSE_BUGGY_COUNT","HOUR_OF_DAY","ILLUMINATION","INJURY_COUNT","INTERSECTION_RELATED","INTERSECT_TYPE","LANE_CLOSED","LATITUDE","LN_CLOSE_DIR","LOCATION_TYPE","LONGITUDE","MAX_SEVERITY_LEVEL","MCYCLE_DEATH_COUNT","MCYCLE_SUSP_SERIOUS_INJ_COUNT","MOTORCYCLE_COUNT","MUNICIPALITY","NONMOTR_COUNT","NONMOTR_DEATH_COUNT","NONMOTR_SUSP_SERIOUS_INJ_COUNT","NTFY_HIWY_MAINT","PED_COUNT","PED_DEATH_COUNT","PED_SUSP_SERIOUS_INJ_COUNT","PERSON_COUNT","POLICE_AGCY","POSSIBLE_INJ_COUNT","RDWY_SURF_TYPE_CD","RELATION_TO_ROAD","ROADWAY_CLEARED","ROAD_CONDITION","SCH_BUS_IND","SCH_ZONE_IND","SECONDARY_CRASH","SMALL_TRUCK_COUNT","SPEC_JURIS_CD","SUSP_MINOR_INJ_COUNT","SUSP_SERIOUS_INJ_COUNT","SUV_COUNT","TCD_FUNC_CD","TCD_TYPE","TFC_DETOUR_IND","TIME_OF_DAY","TOTAL_UNITS","TOT_INJ_COUNT","UNBELTED_OCC_COUNT","UNB_DEATH_COUNT","UNB_SUSP_SERIOUS_INJ_COUNT","UNK_INJ_DEG_COUNT","UNK_INJ_PER_COUNT","URBAN_RURAL","VAN_COUNT","VEHICLE_COUNT","WEATHER1","WEATHER2","WORKERS_PRES","WORK_ZONE_IND","WORK_ZONE_LOC","WORK_ZONE_TYPE","WZ_CLOSE_DETOUR","WZ_FLAGGER","WZ_LAW_OFFCR_IND","WZ_LN_CLOSURE","WZ_MOVING","WZ_OTHER","WZ_SHLDER_MDN","WZ_WORKERS_INJ_KILLED"
"2006023601","","0","0","0","0","0","0","0","0","0","7","0","","02","2","2006","1","","","","11","0","0","0","0","0","0","0","0","","0","0","0","","","1","","1","","","","0","","4","0","0","0","2301","0","0","0","N","0","0","0","1","02301","1","","2.0","","2","N","N","","0","","0","0","1","","0","","","1","1","0","0","0","0","0","1","0","1","","","","N","","","","","","","","","",""
"2006023602","","1","0","1","0","0","0","0","0","0","7","0","","02","2","2006","1","","","","11","0","0","0","0","0","0","0","0","2","0","0","0","","","2","","10","","","7","0","","2","0","0","0","2301","0","0","0","N","0","0","0","2","02301","0","","5.0","","9","N","N","","0","","1","1","0","","2","Y","","1","2","0","0","0","0","0","1","0","1","","","","N","","","","","","","","","",""
"2006023603","","1","0","0","0","0","0","0","0","0","7","0","","02","2","2006","4","","","","11","0","0","0","0","1","0","0","0","2","0","0","0","","","1","","0","","","6","0","","4","0","0","0","2301","0","0","0","N","0","0","0","1","03301","1","","4.0","","1","N","N","","0","","0","0","0","","0","Y","","1","1","0","0","0","0","0","1","0","1","","","","N","","","","","","","","","",""
"2006023604","","2","0","0","0","0","0","0","0","0","4","0","","02","2","2006","6","","","","11","0","0","0","0","0","0","0","0","1","0","0","0","","","0","","2","","","2","0","","0","0","0","0","2301","0","0","0","N","0","0","0","2","02301","0","","1.0","","9","N","N","","0","","0","0","0","","2","N","","2","0","0","0","0","0","0","1","0","2","","","","N","","","","","","","","","",""
"2006023605","","0","0","0","0","0","0","0","0","0","7","0","","02","2","2006","7","40.48","-80.0443","","11","0","0","0","0","0","0","0","0","2","0","0","0","","","1","","0","","40 28:48.000","1","0","80 02:39.480","4","0","0","0","2301","0","0","0","N","0","0","0","1","02301","1","","4.0","","2","N","N","","0","","0","0","1","","0","N","","1","1","0","0","0","0","0","2","0","1","","","","N","","","","","","","","","",""
"2006023653","","2","0","0","0","0","0","0","0","0","7","0","","02","2","2006","3","40.39425","-79.995064","","11","0","0","0","0","0","0","0","0","","0","0","0","","","0","","0","","40 23:39.300","","0","79 59:42.230","9","0","0","0","2301","0","0","0","N","0","0","0","1","02301","0","","5.0","","1","N","N","","0","","0","0","0","","0","","","2","0","0","0","0","0","1","2","0","2","","","","N","","","","","","","","","",""
"2006023659","","1","0","0","0","0","0","0","0","0","7","0","","02","2","2006","5","40.436","-79.9945","","11","0","0","0","0","0","0","0","0","1","0","0","0","","","0","","7","","40 26:09.600","3","2","79 59:40.200","0","0","0","0","2301","0","0","0","N","0","0","0","1","02301","0","","4.0","","9","N","N","","0","","0","0","0","","0","N","","2","0","0","0","0","0","0","2","0","1","","","","N","","","","","","","","","",""
"2006023718","","0","0","0","0","0","0","0","0","0","4","0","","02","1","2006","4","40.555","-79.812636","","11","0","0","0","0","0","1","0","0","","0","0","0","","","2","","0","","40 33:18.000","","0","79 48:45.489","4","0","0","0","2121","0","0","0","N","0","0","0","2","68D02","2","","1.0","","7","N","N","","1","","0","0","1","","0","","","2","2","1","0","0","0","0","2","0","2","","","","N","","","","","","","","","",""
"2006023778","","3","0","0","0","0","0","0","0","0","1","0","","02","1","2006","6","","","","11","0","0","0","1","0","0","0","0","","0","0","0","","","2","","0","","","","2","","4","0","0","0","2440","0","0","0","N","0","0","0","4","68T09","2","","1.0","","1","N","N","","0","","0","0","0","","0","","","3","2","0","0","0","0","0","1","0","3","","","","N","","","","","","","","","",""
"2006023791","","0","0","0","0","0","0","0","0","0","7","0","","02","1","2006","1","40.496111","-80.095249","","11","0","0","0","0","0","0","0","0","","0","0","0","","","1","","2","","40 29:46.000","","0","80 05:42.898","8","0","0","0","2122","0","0","0","N","0","0","0","1","02122","0","","2.0","","9","N","","","1","","0","0","0","","0","","","1","1","0","0","0","1","0","2","0","1","","","","N","","","","","","","","","",""
"2006023798","","0","0","0","0","0","0","0","0","0","7","0","","02","2","2006","3","40.4625","-80.283632","","11","0","0","0","0","0","0","0","0","","0","0","0","","","0","","0","","40 27:45.000","","0","80 17:01.076","0","0","0","0","2203","0","0","0","N","0","0","0","1","02203","0","","2.0","","2","N","N","","1","","0","0","0","","0","","","1","0","0","0","0","0","0","1","0","1","","","","N","","","","","","","","","",""
"2006023800","","0","0","0","0","0","0","0","0","0","5","0","","02","1","2006","6","","","","11","0","0","0","0","0","0","0","0","","0","0","0","","","1","","0","","40 27:06.84","","0","80 10:18.48","4","0","0","0","2214","0","0","0","N","0","0","0","2","68B03","1","","1.0","","1","N","N","","1","","0","0","1","","0","","","3","1","0","0","0","0","0","2","0","2","","","","N","","","","","","","","","",""
"2006023801","","1","0","0","0","0","0","0","0","0","2","0","","02","1","2006","4","","","","11","0","0","0","0","0","0","0","0","2","0","0","0","","","3","","0","","40 28:05.52","2","0","80 12:02.88","3","0","0","0","2203","0","0","0","N","0","0","0","3","68B03","2","","1.0","","7","N","N","","1","","1","0","0","","0","N","","2","3","0","0","0","0","0","2","0","2","","","","N","","","","","","","","","",""
"2006023808","","2","0","0","0","0","0","0","0","0","5","0","","02","1","2006","1","","","","11","0","0","0","0","0","1","0","0","","0","0","0","","","1","","0","","40 25:37.92","","0","79 55:10.20","4","0","0","0","2301","0","0","0","N","0","0","0","3","68B03","1","","1.0","","1","N","N","","0","","0","0","0","","0","","","2","1","0","0","0","0","0","2","0","2","","","","N","","","","","","","","","",""
"2006023809","","2","0","0","0","0","0","0","0","0","1","0","","02","1","2006","4","","","","11","0","0","0","1","0","0","0","0","","0","0","0","","","0","","0","","40 25:59.16","","0","79 52:13.08","0","0","0","0","2478","0","0","0","N","0","0","0","4","68B03","0","","1.0","","7","N","N","","0","","0","0","0","","0","","","2","0","0","0","0","0","0","2","0","2","","","","N","","","","","","","","","",""
"2006023879","","1","0","0","0","0","0","0","0","0","7","0","","02","1","2006","2","40.614","-79.9593","","11","0","0","0","0","0","0","0","0","1","0","0","0","","","0","","0","","40 36:50.400","3","0","79 57:33.480","0","0","0","0","2207","0","0","0","N","0","0","0","1","68T02","0","","2.0","","9","N","N","","0","","0","0","0","","0","N","","2","0","0","0","0","0","0","2","0","1","","","","N","","","","","","","","","",""
"2006023916","","2","0","0","0","0","0","0","0","0","2","0","","02","2","2006","7","40.292611","-79.883426","","11","0","0","0","0","0","0","0","1","","0","0","0","","","1","","1","","40 17:33.401","","0","79 53:00.335","4","0","0","0","2302","0","0","0","N","0","0","0","3","02302","1","","1.0","","1","N","N","","0","","0","0","0","","2","","","2","1","0","0","0","0","0","2","0","2","","","","N","","","","","","","","","",""
"2006023951","","2","0","0","0","0","0","0","0","0","4","0","","02","3","2006","3","40.633333","-80.059568","","11","0","0","0","0","0","0","0","1","","0","0","0","","","1","","1","","40 38:00.000","","0","80 03:34.445","3","0","0","0","2216","0","0","0","N","0","0","0","2","02505","0","","1.0","","1","N","N","","0","","1","0","0","","2","","","2","1","0","0","0","0","0","2","0","2","","","","N","","","","","","","","","",""
"2006023996","","2","0","0","0","0","0","0","0","0","6","0","","02","2","2006","4","40.435839","-79.993984","","11","0","0","0","0","2","0","0","0","1","0","0","0","","","1","","0","","40 26:09.020","4","7","79 59:38.342","8","0","0","0","2301","0","0","0","N","0","0","0","3","02301","0","","1.0","","1","N","N","","0","","0","0","0","","8","N","","2","1","1","0","0","1","0","2","0","2","","","","N","","","","","","","","","",""
"2006024021","","1","0","0","0","0","0","0","0","0","4","0","","02","2","2006","1","","","","11","0","0","0","0","0","1","0","0","","0","0","0","","","0","","0","","","","0","","9","0","0","0","2304","0","0","0","N","0","0","0","2","02304","0","","6.0","","9","N","N","","2","","0","0","0","","3","","","3","0","0","0","0","0","1","1","0","3","","","","N","","","","","","","","","",""
"2006024070","","2","0","0","0","0","0","0","0","0","1","0","","02","3","2006","2","","","","11","0","0","0","0","1","2","0","0","2","0","0","0","","","1","","0","","","3","0","","3","0","0","0","2203","0","0","0","Y","0","0","0","3","02203","0","","1.0","","1","N","N","","1","","1","0","0","","0","N","","3","1","0","0","0","0","0","1","0","3","","","","N","","","","","","","","","",""
"2006024091","","1","0","0","0","0","0","0","0","0","1","0","","02","2","2006","3","","","","11","0","0","0","0","0","0","0","1","","0","0","0","","","0","","1","","","","0","","0","0","0","0","2301","0","0","0","N","0","0","0","2","02301","0","","1.0","","1","N","N","","0","","0","0","1","","2","","","2","0","0","0","0","0","0","1","0","2","","","","N","","","","","","","","","",""
"2006024092","","1","0","0","0","0","0","0","0","0","7","0","","02","2","2006","4","","","","11","0","0","0","0","0","0","0","0","2","0","0","0","","","1","","2","","","5","0","","8","0","0","0","2301","0","0","0","N","0","0","0","1","02301","0","","2.0","","1","N","N","","0","","0","0","0","","3","Y","","1","1","0","0","0","1","0","1","0","1","","","","N","","","","","","","","","",""
"2006024093","","1","0","0","0","0","0","0","0","0","7","0","","02","2","2006","2","","","","11","0","0","0","0","0","0","0","0","1","0","0","0","","","0","","10","","","2","8","","0","0","0","0","2301","0","0","0","","0","0","0","1","02301","0","","3.0","","1","N","N","","0","","0","0","0","","2","N","","1","0","0","0","0","0","0","1","0","1","","","","N","","","","","","","","","",""
"2006024096","","3","0","0","0","0","0","0","0","0","5","0","","02","2","2006","4","40.423309","-79.971184","","11","0","0","0","0","1","0","0","0","2","0","0","0","","","0","","0","","40 25:23.912","6","0","79 58:16.262","0","0","0","0","2301","0","0","0","N","0","0","0","3","02301","0","","1.0","","1","N","N","","0","","0","0","0","","0","Y","","3","0","0","0","0","0","0","2","0","3","","","","N","","","","","","","","","",""
"2006024097","","2","0","0","0","0","0","0","0","0","5","0","","02","2","2006","2","40.433071","-80.042714","","11","0","0","0","0","1","0","0","1","","0","0","0","","","1","","0","","40 25:59.055","","0","80 02:33.770","4","0","0","0","2301","0","0","0","N","0","0","0","2","02301","1","","1.0","","1","N","N","","0","","0","0","0","","0","","","2","1","0","0","0","0","0","2","0","2","","","","N","","","","","","","","","",""
"2006024098","","3","0","0","0","0","0","0","0","0","4","0","","02","2","2006","3","","","","11","0","0","0","0","0","0","0","0","1","0","0","0","","","0","","1","","","1","0","","0","0","0","0","2301","0","0","0","N","0","0","0","2","02301","0","","1.0","","1","N","N","","0","","0","0","0","","1","N","","3","0","0","0","0","0","0","1","0","3","","","","N","","","","","","","","","",""
"2006024099","","2","0","0","0","0","0","0","0","0","1","0","","02","2","2006","4","40.4547","-79.969403","","11","0","0","0","0","0","0","0","0","","0","0","0","","","0","","0","","40 27:16.919","","0","79 58:09.852","0","0","0","0","2301","0","0","0","N","0","0","0","2","02301","0","","1.0","","98","N","N","","0","","0","0","0","","0","","","2","0","0","0","0","0","0","2","0","2","","","","N","","","","","","","","","",""
"2006024100","","2","0","0","0","0","0","0","0","0","4","0","","02","2","2006","3","","","","11","0","0","0","0","1","0","0","0","","0","0","0","","","0","","1","","","","0","","0","0","0","0","2301","0","0","0","N","0","0","0","3","02301","0","","1.0","","1","N","N","","0","","0","0","0","","2","","","2","0","0","0","0","0","0","1","0","2","","","","N","","","","","","","","","",""
"2006024101","","0","0","0","0","0","0","0","0","0","1","0","","02","2","2006","3","40.46163","-79.935078","","11","0","0","0","0","0","1","0","0","1","0","0","0","","","0","","1","","40 27:41.868","3","0","79 56:06.280","0","0","0","0","2301","0","0","0","","0","0","0","2","02301","0","","1.0","","1","N","N","","0","","0","0","1","","2","N","","2","0","0","0","0","0","0","2","1","2","","","","N","","","","","","","","","",""
"2006024103","","1","0","0","0","0","0","0","0","0","1","0","","02","2","2006","3","40.3801","-79.9942","","11","0","0","0","0","0","0","0","0","","0","0","0","","","1","","0","","40 22:48.360","","0","79 59:39.120","4","0","0","0","2301","0","0","0","N","0","0","0","3","02301","1","","1.0","","1","N","N","","0","","0","0","0","","0","","","2","1","0","0","0","0","0","2","1","2","","","","N","","","","","","","","","",""
"2006024350","","2","0","0","0","0","0","0","0","0","5","0","","02","1","2006","5","","","","11","0","0","0","0","0","0","0","0","","0","0","0","","","0","","0","","40 25:32.16","","0","79 54:15.84","0","0","0","0","2426","0","0","0","N","0","0","0","2","68B03","0","","1.0","","1","N","N","","0","","0","0","0","","0","","","2","0","0","0","0","0","0","2","0","2","","","","N","","","","","","","","","",""
"2006024351","","0","0","0","0","0","0","0","0","0","7","0","","02","1","2006","7","","","","11","0","0","0","1","0","0","0","0","","0","0","0","","","0","","0","","40 25:12.00","","0","80 03:02.16","0","0","0","0","2435","0","0","0","N","0","0","0","1","68R03","0","","2.0","","1","N","N","","1","","0","0","0","","0","","","1","0","0","0","0","0","0","2","0","1","","","","N","","","","","","","","","",""
"2006024352","","1","0","0","0","0","0","0","0","0","7","0","","02","1","2006","3","40.426667","-80.294983","","11","0","0","0","0","0","0","0","0","","0","0","0","","","1","","0","","40 25:36.000","","0","80 17:41.938","8","0","0","0","2214","0","0","0","N","0","0","0","1","68B03","0","","2.0","","9","N","N","","0","","0","0","0","","0","","","1","1","1","0","0","1","0","1","0","1","","","","N","","","","","","","","","",""
"2006024353","","2","0","0","0","0","0","0","0","0","99","0","","02","1","2006","2","","","","11","0","0","0","1","0","1","0","0","1","0","0","0","","","3","","0","","40 25:23.16","1","0","80 06:17.64","4","0","0","0","2102","0","0","0","N","0","0","0","6","68B03","3","","1.0","","1","N","N","","0","","0","0","0","","0","N","","3","3","0","0","0","0","1","2","0","3","","","","N","","","","","","","","","",""
"2006024354","","2","0","0","0","0","0","0","0","0","1","0","","02","1","2006","3","","","","11","0","0","0","0","0","1","0","0","","0","0","0","","","0","","0","","40 25:00.12","","0","80 05:09.60","0","0","0","0","2415","0","0","0","N","0","0","0","4","68B03","0","","1.0","","1","N","N","","0","","0","0","0","","0","","","3","0","0","0","0","0","0","2","1","3","","","","N","","","","","","","","","",""
"2006024644","","1","0","0","0","0","0","0","0","0","99","0","","02","1","2006","1","","","","11","0","0","0","0","0","0","0","0","","0","0","0","","","1","","0","","","","0","","4","0","0","0","2216","0","0","0","N","0","0","0","1","68T02","1","","1.0","","1","N","N","","0","","0","0","0","","0","","","1","1","0","0","0","0","0","1","0","1","","","","N","","","","","","","","","",""
"2006024645","","1","0","0","0","0","0","0","0","0","99","0","","02","1","2006","6","40.4721","-79.7654","","11","0","0","0","0","0","1","0","0","","0","0","0","","","1","","0","","40 28:19.560","","0","79 45:55.440","4","0","0","0","2466","0","0","0","N","0","0","0","3","68T02","1","","1.0","","1","N","N","","0","","0","0","0","","0","","","1","1","0","0","0","0","0","2","0","1","","","","N","","","","","","","","","",""
"2006024646","","1","0","0","0","0","0","0","0","0","7","0","","02","1","2006","4","40.5393","-79.8225","","11","0","0","0","0","0","0","0","0","","0","0","0","","","1","","0","","40 32:21.480","","3","79 49:21.000","4","0","0","0","2208","0","0","0","N","0","0","0","2","68T02","1","","4.0","","9","N","N","","0","","0","0","0","","0","","","1","1","0","0","0","0","0","2","0","1","","","","N","","","","","","","","","",""
"2006024685","","1","0","0","0","0","0","0","0","0","7","0","","02","1","2006","7","","","","11","0","0","0","0","0","0","0","0","","0","0","0","","","0","","0","","40 26:29.40","","0","79 49:42.60","0","0","0","0","2446","0","0","0","N","0","0","0","3","68B03","0","","2.0","","9","N","N","","0","","0","0","0","","0","","","1","0","0","0","0","0","0","2","0","1","","","","N","","","","","","","","","",""
"2006024686","","2","0","0","0","0","0","0","0","0","1","0","45","02","1","2006","5","","","","11","0","0","0","0","0","1","0","0","2","0","0","0","","","2","","0","","40 25:12.72","2","0","80 05:31.56","3","0","0","0","2115","0","0","0","N","0","0","0","2","68B03","1","","1.0","","1","N","N","","0","","1","0","0","","0","N","","2","2","0","0","0","0","0","2","0","2","","","Y","Y","2","2","","","Y","Y","","","",""
"2006024687","","1","0","0","0","0","0","0","0","0","0","0","","02","1","2006","7","","","","11","0","0","1","0","0","0","0","0","","0","0","0","","","1","","0","","40 32:59.28","","0","80 05:11.40","4","0","0","0","2215","0","0","0","Y","0","0","0","2","68B03","1","","2.0","","1","N","N","","0","","0","0","0","","0","","","1","1","0","0","0","0","0","2","0","1","","","","N","","","","","","","","","",""
"2006024904","","1","0","0","0","0","0","0","0","0","7","0","","02","1","2006","7","","","","11","0","0","0","1","0","0","0","0","","0","0","0","","","0","","0","","40 30:35.64","","0","80 16:47.28","0","0","0","0","2203","0","0","0","N","0","0","0","1","68B03","0","","3.0","","1","N","N","","0","","0","0","0","","0","","","1","0","0","0","0","0","0","2","0","1","","","","N","","","","","","","","","",""
"2006024905","","3","0","0","0","0","0","0","0","0","1","0","","02","1","2006","3","","","","11","0","0","0","0","0","1","0","0","1","0","0","0","","","0","","0","","40 26:17.52","2","3","80 00:45.72","0","0","0","0","2301","0","0","0","N","0","0","0","4","68B03","0","","1.0","","9","N","N","","0","","0","0","0","","0","N","","3","0","0","0","0","0","0","2","0","3","","","","N","","","","","","","","","",""
"2006024907","","1","0","0","0","0","0","0","0","0","7","0","","02","1","2006","6","","","","11","0","0","0","0","0","1","0","0","","0","0","0","","","0","","0","","40 26:43.08","","0","79 50:54.60","0","0","0","0","2419","0","0","0","Y","0","0","0","1","68B03","0","","2.0","","2","N","N","","0","","0","0","0","","0","","","1","0","0","0","0","0","0","2","0","1","","","","N","","","","","","","","","",""
"2006024908","","1","0","1","0","0","0","0","0","0","7","0","","02","1","2006","3","","","","11","0","0","0","0","0","1","0","0","1","0","0","0","","","1","","0","","","1","3","","2","0","0","0","2301","0","0","0","N","0","0","0","1","68B03","0","","2.0","","1","N","N","","0","","0","1","0","","0","N","","1","1","0","0","0","0","0","1","0","1","","","","N","","","","","","","","","",""
"2006024909","","0","0","0","0","0","0","0","0","0","1","0","","02","1","2006","4","40.4294","-80.0292","","11","0","0","0","1","0","0","1","0","","0","0","0","","","1","","0","","40 25:45.840","","2","80 01:45.120","4","0","0","0","2301","0","0","0","N","0","0","0","3","68B03","1","","1.0","","9","N","N","","1","","0","0","0","","0","","","2","1","0","0","0","0","0","2","1","2","","","","N","","","","","","","","","",""
"2006024972","","2","0","0","0","0","0","0","0","0","4","0","","02","2","2006","4","40.320556","-79.836022","","11","0","0","0","0","0","1","1","0","","0","0","0","","","0","","2","","40 19:14.000","","0","79 50:09.680","0","0","0","0","2469","0","0","0","N","0","0","0","2","02469","0","","1.0","","1","N","N","","0","","0","0","0","","3","","","2","0","1","0","0","0","0","2","0","2","","","","N","","","","","","","","","",""
"2006025027","","1","0","0","0","0","0","0","0","0","4","0","","02","2","2006","2","40.346579","-79.854758","","11","0","0","1","1","0","0","0","0","","0","0","0","","","0","","1","","40 20:47.684","","0","79 51:17.128","0","0","0","0","2304","0","0","0","N","0","0","0","2","02304","0","","1.0","","1","N","N","","1","","0","0","0","","2","","","2","0","0","0","0","0","0","2","0","2","","","","N","","","","","","","","","",""
"2006025028","","0","0","0","0","0","0","0","0","0","7","0","","02","2","2006","1","","","","11","0","0","0","0","0","0","0","0","","0","0","0","","","0","","0","","","","0","","0","0","0","0","2304","0","0","0","N","0","0","0","1","02504","0","","4.0","","7","N","N","","1","","0","0","0","","0","","","1","0","0","0","0","0","0","1","0","1","","","","N","","","","","","","","","",""
"2006025029","","1","0","0","0","0","0","0","0","0","1","0","","02","2","2006","7","","","","11","0","0","0","0","0","0","0","0","","0","0","0","","","0","","2","","","","0","","0","0","0","0","2304","0","0","0","N","0","0","0","7","02304","0","","1.0","","1","N","N","","1","","0","0","0","","2","","","2","0","0","0","0","0","0","1","0","2","","","","N","","","","","","","","","",""
"2006025030","","1","0","0","0","0","0","0","0","0","2","0","","02","2","2006","7","","","","11","0","0","0","0","0","0","0","0","","0","0","0","","","1","","0","","","","0","","4","0","0","0","2304","0","0","0","N","0","0","0","2","02304","1","","1.0","","9","N","N","","0","","0","0","1","","0","","","2","1","1","0","0","0","0","1","0","2","","","","N","","","","","","","","","",""
"2006025147","","0","0","0","0","0","0","0","0","0","7","0","","02","3","2006","4","40.5411","-79.7913","","11","0","0","0","0","0","1","0","0","2","0","0","0","","","1","","0","","40 32:27.960","5","0","79 47:28.680","8","0","0","0","2462","0","0","0","N","0","0","0","1","02462","0","","5.0","","1","N","N","","0","","0","0","1","","0","N","","1","1","0","0","0","1","0","2","0","1","","","","N","","","","","","","","","",""
"2006025163","","0","0","0","0","0","0","0","0","0","1","0","","02","2","2006","5","40.554444","-80.021259","","11","0","0","0","0","0","1","0","0","","0","0","0","","","0","","1","","40 33:16.000","","0","80 01:16.532","0","0","0","0","2108","0","0","0","N","0","0","0","2","02108","0","","1.0","","1","N","N","","0","","0","0","0","","2","","","2","0","0","0","0","0","0","2","2","2","","","","N","","","","","","","","","",""
"2006025164","","1","0","0","0","0","0","0","0","0","4","0","","02","2","2006","5","40.576876","-80.055876","","11","0","0","0","0","0","1","0","0","1","0","0","0","","","1","","1","","40 34:36.753","4","0","80 03:21.153","8","0","0","0","2108","0","0","0","N","0","0","0","2","02108","0","","1.0","","1","N","N","","1","","0","0","0","","3","Y","","2","1","1","0","0","1","0","2","0","2","","","","N","","","","","","","","","",""
"2006025165","","2","0","0","0","0","0","0","0","0","2","0","","02","2","2006","2","40.5675","-80.006841","","11","0","0","0","0","0","0","0","1","1","0","0","0","","","2","","1","","40 34:03.000","2","0","80 00:24.627","8","0","0","0","2108","0","0","0","N","0","0","0","2","02108","0","","1.0","","1","N","N","","0","","0","0","0","","2","N","","2","2","0","0","0","2","0","2","0","2","","","","N","","","","","","","","","",""
"2006025166","","1","0","0","0","0","0","0","0","0","1","0","","02","2","2006","5","40.5616","-80.0392","","11","0","0","1","0","0","1","0","0","","0","0","0","","","1","","0","","40 33:41.760","","7","80 02:21.120","4","0","0","0","2108","0","0","0","N","0","0","0","2","02108","1","","1.0","","9","N","N","","0","","0","0","1","","2","","","2","1","0","0","0","0","0","2","0","2","","","","N","","","","","","","","","",""
"2006025191","","1","0","0","0","0","0","0","0","0","7","0","","02","2","2006","6","","","","11","0","0","0","0","0","0","0","0","","0","0","0","","","0","","0","","","","0","","0","0","0","0","2214","0","0","0","Y","0","0","0","1","02214","0","","2.0","","9","N","N","","0","","0","0","0","","0","","","1","0","0","0","0","0","0","1","0","1","","05","","N","","","","","","","","","",""
"2006025214","","1","0","0","0","0","0","0","0","0","7","0","","02","2","2006","3","40.415556","-79.847685","","11","0","0","0","0","0","0","0","0","","0","0","0","","","0","","2","","40 24:56.000","","0","79 50:51.667","0","0","0","0","2411","0","0","0","N","0","0","0","1","02411","0","","4.0","","1","N","N","","0","","0","0","0","","0","","","1","0","0","0","0","0","0","2","0","1","","","","N","","","","","","","","","",""
"2006025242","","2","0","0","0","0","0","0","0","0","1","0","","02","1","2006","6","","","","11","0","0","0","0","1","1","0","0","1","0","0","0","","","0","","0","","40 24:58.32","2","0","80 05:07.44","0","0","0","0","2415","0","0","0","N","0","0","0","4","68B03","0","","1.0","","1","N","N","","0","","0","0","1","","0","N","","3","0","0","0","0","0","0","2","0","3","","","","N","","","","","","","","","",""
"2006025255","","1","0","0","0","0","0","0","0","0","7","0","","02","1","2006","5","40.4899","-79.8846","","11","0","0","0","0","0","0","0","0","","0","0","0","","","0","","0","","40 29:23.640","","2","79 53:04.560","0","0","0","0","2112","0","0","0","N","0","0","0","1","68D02","0","","2.0","","1","N","N","","0","","0","0","0","","0","","","1","0","0","0","0","0","0","2","0","1","","","","N","","","","","","","","","",""
"2006025318","","1","0","0","0","0","0","0","0","0","1","0","","02","2","2006","6","40.519167","-80.166045","","11","0","0","0","0","0","0","0","0","","0","0","0","","","0","","0","","40 31:09.000","","0","80 09:57.761","0","0","0","0","2420","0","0","0","N","0","0","0","1","02420","0","","6.0","","1","N","N","","1","","0","0","0","","0","","","2","0","0","0","0","0","0","2","0","2","","","","N","","","","","","","","","",""
"2006025364","","1","0","0","0","0","0","0","0","0","1","0","","02","2","2006","3","","","","11","0","1","0","0","0","0","0","0","2","0","0","0","","","1","","2","","","2","0","","8","0","0","0","2219","0","0","0","N","0","0","0","2","02219","0","","1.0","","1","N","N","","0","","0","0","1","","0","N","","2","1","0","0","0","1","0","1","0","2","","","","N","","","","","","","","","",""
"2006025455","","1","0","0","0","0","0","0","0","0","99","0","","02","1","2006","3","40.557778","-79.804901","","11","0","0","0","0","0","0","0","0","","0","0","0","","","0","","0","","40 33:28.000","","0","79 48:17.643","0","0","0","0","2121","0","0","0","N","0","0","0","1","68D02","0","","1.0","","1","N","N","","0","","0","0","0","","0","","","1","0","0","0","0","0","0","2","0","1","","","","N","","","","","","","","","",""
"2006025487","","1","0","0","0","0","0","0","0","0","1","0","","02","2","2006","6","40.322394","-79.892432","","11","0","0","0","0","0","0","0","1","1","0","0","0","","","1","","0","","40 19:20.618","5","0","79 53:32.755","8","0","0","0","2433","0","0","0","N","0","0","0","1","02433","0","","1.0","","1","N","N","","1","","0","0","0","","0","Y","","2","1","0","0","0","1","0","2","0","2","","","","N","","","","","","","","","",""
"2006025490","","0","0","0","0","0","0","0","0","0","6","0","","02","2","2006","7","40.449334","-80.072073","","11","0","0","0","0","0","0","0","0","","0","0","0","","","1","","0","","40 26:57.602","","0","80 04:19.462","8","0","0","0","2301","0","0","0","N","0","0","0","5","02301","0","","1.0","","1","N","N","","0","","0","0","2","","0","","","2","1","0","0","0","1","1","2","0","2","","","","N","","","","","","","","","",""