"CRN","ARRIVAL_TM","AUTOMOBILE_COUNT","BELTED_DEATH_COUNT","BELTED_SUSP_SERIOUS_INJ_COUNT","BICYCLE_COUNT","BICYCLE_DEATH_COUNT","BICYCLE_SUSP_SERIOUS_INJ_COUNT","BUS_COUNT","CHLDPAS_DEATH_COUNT","CHLDPAS_SUSP_SERIOUS_INJ_COUNT","COLLISION_TYPE","COMM_VEH_COUNT","CONS_ZONE_SPD_LIM","COUNTY","CRASH_MONTH","CRASH_YEAR","DAY_OF_WEEK","DEC_LATITUDE","DEC_LONGITUDE","DISPATCH_TM","DISTRICT","DRIVER_COUNT_16YR","DRIVER_COUNT_17YR","DRIVER_COUNT_18YR","DRIVER_COUNT_19YR","DRIVER_COUNT_20YR","DRIVER_COUNT_50_64YR","DRIVER_COUNT_65_74YR","DRIVER_COUNT_75PLUS","EST_HRS_CLOSED","FATAL_COUNT","HEAVY_TRUCK_COUNT","HORSE_BUGGY_COUNT","HOUR_OF_DAY","ILLUMINATION","INJURY_COUNT","INTERSECTION_RELATED","INTERSECT_TYPE","LANE_CLOSED","LATITUDE","LN_CLOSE_DIR","LOCATION_TYPE","LONGITUDE","MAX_SEVERITY_LEVEL","MCYCLE_DEATH_COUNT","MCYCLE_SUSP_SERIOUS_INJ_COUNT","MOTORCYCLE_COUNT","MUNICIPALITY","NONMOTR_COUNT","NONMOTR_DEATH_COUNT","NONMOTR_SUSP_SERIOUS_INJ_COUNT","NTFY_HIWY_MAINT","PED_COUNT","PED_DEATH_COUNT","PED_SUSP_SERIOUS_INJ_COUNT","PERSON_COUNT","POLICE_AGCY","POSSIBLE_INJ_COUNT","RDWY_SURF_TYPE_CD","RELATION_TO_ROAD","ROADWAY_CLEARED","ROAD_CONDITION","SCH_BUS_IND","SCH_ZONE_IND","SECONDARY_CRASH","SMALL_TRUCK_COUNT","SPEC_JURIS_CD","SUSP_MINOR_INJ_COUNT","SUSP_SERIOUS_INJ_COUNT","SUV_COUNT","TCD_FUNC_CD","TCD_TYPE","TFC_DETOUR_IND","TIME_OF_DAY","TOTAL_UNITS","TOT_INJ_COUNT","UNBELTED_OCC_COUNT","UNB_DEATH_COUNT","UNB_SUSP_SERIOUS_INJ_COUNT","UNK_INJ_DEG_COUNT","UNK_INJ_PER_COUNT","URBAN_RURAL","VAN_COUNT","VEHICLE_COUNT","WEATHER1","WEATHER2","WORKERS_PRES","WORK_ZONE_IND","WORK_ZONE_LOC","WORK_ZONE_TYPE","WZ_CLOSE_DETOUR","WZ_FLAGGER","WZ_LAW_OFFCR_IND","WZ_LN_CLOSURE","WZ_MOVING","WZ_OTHER","WZ_SHLDER_MDN","WZ_WORKERS_INJ_KILLED"
"2006025491","","1","0","0","0","0","0","0","0","0","7","0","","02","2","2006","1","","","","11","0","0","0","0","0","0","0","0","","0","0","0","","","0","","0","","","","0","","0","0","0","0","2301","0","0","0","N","0","0","0","1","02301","0","","5.0","","1","N","N","","0","","0","0","0","","0","","","2","0","0","0","0","0","0","1","0","1","","","","N","","","","","","","","","",""
"2006025492","","2","0","0","0","0","0","0","0","0","4","0","","02","2","2006","1","40.428611","-79.983195","","11","0","0","0","1","0","1","0","0","","0","0","0","","","0","","1","","40 25:43.000","","0","79 58:59.502","0","0","0","0","2301","0","0","0","N","0","0","0","4","02301","0","","1.0","","1","N","N","","0","","0","0","0","","0","","","2","0","0","0","0","0","0","2","0","2","","","","N","","","","","","","","","",""
"2006025493","","1","0","0","0","0","0","0","0","0","2","0","","02","2","2006","1","40.3825","-79.99593","","11","0","0","0","0","0","0","1","0","1","0","0","0","","","2","","1","","40 22:57.000","1","0","79 59:45.349","3","0","0","0","2301","0","0","0","N","0","0","0","4","02301","1","","1.0","","1","N","N","","0","","1","0","1","","2","Y","","2","2","1","0","0","0","0","2","0","2","","","","N","","","","","","","","","",""
"2006025494","","0","0","0","0","0","0","0","0","0","7","0","","02","2","2006","4","40.401716","-80.022249","","11","0","0","0","0","0","0","0","0","1","0","0","0","","","0","","2","","40 24:06.178","4","0","80 01:20.097","0","0","0","0","2301","0","0","0","N","0","0","0","1","02301","0","","5.0","","1","N","N","","0","","0","0","0","","0","Y","","1","0","0","0","0","0","0","2","1","1","","","","N","","","","","","","","","",""
"2006025496","","0","0","0","0","0","0","0","0","0","7","0","","02","2","2006","6","","","","11","0","0","0","0","0","0","0","0","","0","0","0","","","0","","0","","","","0","","0","0","0","0","2301","0","0","0","N","0","0","0","1","02301","0","","5.0","","1","N","N","","0","","0","0","0","","0","","","1","0","0","0","0","0","0","1","1","1","","","","N","","","","","","","","","",""
"2006025497","","2","0","0","0","0","0","0","0","0","4","0","","02","2","2006","1","40.396105","-79.997097","","11","0","0","0","0","0","1","0","0","","0","0","0","","","0","","1","","40 23:45.978","","0","79 59:49.549","0","0","0","0","2301","0","0","0","N","0","0","0","4","02301","0","","1.0","","1","N","N","","0","","0","0","0","","3","","","2","0","0","0","0","0","0","2","0","2","","","","N","","","","","","","","","",""
"2006025498","","3","0","0","0","0","0","0","0","0","6","0","","02","2","2006","6","","","","11","0","0","0","0","0","2","0","0","","0","0","0","","","1","","0","","","","3","","4","0","0","0","2301","0","0","0","N","0","0","0","3","02301","1","","1.0","","1","N","N","","0","","0","0","0","","2","","","3","1","0","0","0","0","0","1","0","3","","","","N","","","","","","","","","",""
"2006025499","","1","0","0","0","0","0","0","0","0","1","0","","02","2","2006","2","","","","11","0","0","0","1","0","2","0","0","","0","0","0","","","0","","1","","","","0","","0","0","0","0","2301","0","0","0","N","0","0","0","4","02301","0","","1.0","","1","N","N","","0","","0","0","1","","0","","","3","0","0","0","0","0","0","1","1","3","","","","N","","","","","","","","","",""
"2006025500","","2","0","0","0","0","0","0","0","0","4","0","","02","2","2006","3","","","","11","0","0","0","0","0","0","0","0","9","0","0","0","","","0","","1","","","4","0","","0","0","0","0","2301","0","0","0","N","0","0","0","3","02301","0","","1.0","","1","N","N","","0","","0","0","0","","2","N","","2","0","0","0","0","0","0","1","0","2","","","","N","","","","","","","","","",""
"2006025501","","1","0","0","0","0","0","0","0","0","2","0","","02","2","2006","7","40.444649","-79.944243","","11","0","0","0","0","1","0","0","0","","0","0","0","","","0","","0","","40 26:40.736","","0","79 56:39.273","0","0","0","0","2301","0","0","0","N","0","0","0","2","02301","0","","1.0","","1","N","N","","0","","0","0","0","","0","","","2","0","0","0","0","0","0","2","1","2","","","","N","","","","","","","","","",""
"2006025502","","3","0","0","0","0","0","0","0","0","1","0","","02","2","2006","2","40.383056","-79.930463","","11","0","0","0","0","0","0","1","0","","0","0","0","","","0","","1","","40 22:59.000","","0","79 55:49.665","0","0","0","0","2301","0","0","0","N","0","0","0","3","02301","0","","1.0","","1","N","N","","0","","0","0","0","","2","","","3","0","0","0","0","0","0","2","0","3","","","","N","","","","","","","","","",""
"2006025507","","1","0","0","0","0","0","0","0","0","7","0","","02","2","2006","4","40.436873","-79.963436","","11","0","0","0","1","0","0","0","0","2","0","0","0","","","0","","0","","40 26:12.744","4","0","79 57:48.369","0","0","0","0","2301","0","0","0","N","0","0","0","1","02301","0","","5.0","","1","N","N","","0","","0","0","0","","0","N","","2","0","1","0","0","0","0","2","0","1","","","","N","","","","","","","","","",""
"2006025508","","2","0","0","0","0","0","0","0","0","4","0","","02","2","2006","4","40.444585","-79.944259","","11","0","0","0","0","0","0","0","0","","0","0","0","","","0","","0","","40 26:40.505","","0","79 56:39.332","9","0","0","0","2301","0","0","0","N","0","0","0","2","02301","0","","1.0","","1","N","N","","0","","0","0","0","","0","","","2","0","0","0","0","0","1","2","0","2","","","","N","","","","","","","","","",""
"2006025509","","0","0","0","0","0","0","0","0","0","7","0","","02","2","2006","7","40.426432","-79.918532","","11","0","0","0","0","0","0","0","0","","0","0","0","","","0","","2","","40 25:35.155","","0","79 55:06.715","0","0","0","0","2301","0","0","0","N","0","0","0","1","02301","0","","4.0","","2","N","N","","0","","0","0","0","","3","","","1","0","0","0","0","0","0","2","1","1","","","","N","","","","","","","","","",""
"2006025510","","1","0","0","0","0","0","0","0","0","4","0","","02","2","2006","2","40.439444","-79.901449","","11","0","0","0","0","0","0","0","0","2","0","0","0","","","0","","0","","40 26:21.997","6","0","79 54:05.217","0","0","0","0","2301","0","0","0","N","0","0","0","3","02301","0","","1.0","","2","N","N","","1","","0","0","1","","0","N","","3","0","0","0","0","0","0","2","0","3","","","","N","","","","","","","","","",""
"2006025511","","2","0","0","0","0","0","0","0","0","4","0","","02","2","2006","5","","","","11","0","0","0","0","0","0","0","0","","0","0","0","","","2","","1","","","","0","","4","0","0","0","2301","0","0","0","N","0","0","0","2","02301","1","","1.0","","9","N","N","","0","","0","0","0","","2","","","2","2","0","0","0","1","0","1","0","2","","","","N","","","","","","","","","",""
"2006025515","","0","0","0","0","0","0","0","0","0","8","0","","02","2","2006","3","40.366451","-80.061236","","11","0","0","0","0","0","1","0","0","3","0","0","0","","","1","","2","","40 21:59.223","7","0","80 03:40.449","2","0","0","0","2109","1","0","1","N","1","0","1","3","02109","0","","1.0","","1","N","N","","0","","0","1","0","","3","Y","","2","1","0","0","0","0","0","2","1","1","","","","N","","","","","","","","","",""
"2006025516","","1","0","0","0","0","0","0","0","0","7","0","","02","2","2006","6","40.380419","-80.042998","","11","0","0","0","0","0","0","0","0","","0","0","0","","","0","","2","","40 22:49.508","","0","80 02:34.792","0","0","0","0","2109","0","0","0","N","0","0","0","1","02109","0","","3.0","","1","N","N","","0","","0","0","0","","3","","","1","0","0","0","0","0","0","2","0","1","","","","N","","","","","","","","","",""
"2006025717","","0","0","0","0","0","0","0","0","0","7","0","","02","1","2006","1","","","","11","0","0","0","0","0","0","0","0","","0","0","0","","","0","","0","","40 25:46.20","","0","80 08:00.24","0","0","0","0","2115","0","0","0","N","0","0","0","1","68B03","0","","4.0","","1","N","N","","1","","0","0","0","","0","","","1","0","0","0","0","0","0","2","0","1","","","","N","","","","","","","","","",""
"2006025718","","1","0","0","0","0","0","0","0","0","7","0","","02","1","2006","6","40.4325","-80.109153","","11","0","0","0","0","0","0","0","0","","0","0","0","","","0","","0","","40 25:57.000","","0","80 06:32.949","0","0","0","0","2115","0","0","0","Y","0","0","0","1","68B03","0","","4.0","","1","N","N","","0","","0","0","0","","0","","","1","0","0","0","0","0","0","2","0","1","","","","N","","","","","","","","","",""
"2006025719","","1","0","0","0","0","0","0","0","0","7","0","","02","1","2006","5","40.356483","-80.118354","","11","0","0","0","0","0","0","0","0","","0","0","0","","","1","","0","","40 21:23.337","","0","80 07:06.075","8","0","0","0","2119","0","0","0","N","0","0","0","1","68B03","0","","2.0","","1","N","N","","0","","0","0","0","","0","","","1","1","1","0","0","1","0","2","0","1","","","","N","","","","","","","","","",""
"2006025720","","0","0","0","0","0","0","0","0","0","7","0","","02","1","2006","3","","","","11","0","0","0","0","0","0","0","0","","0","0","0","","","1","","0","","40 25:04.44","","0","80 03:18.36","4","0","0","0","2435","0","0","0","N","0","0","0","1","68B03","1","","2.0","","9","N","N","","0","","0","0","1","","0","","","1","1","0","0","0","0","0","2","0","1","","","","N","","","","","","","","","",""
"2006025721","","1","0","0","0","0","0","0","0","0","99","0","","02","1","2006","1","","","","11","0","0","0","0","0","0","0","0","","0","0","0","","","0","","0","","40 33:00.00","","0","80 05:10.32","0","0","0","0","2215","0","0","0","Y","0","0","0","1","68B03","0","","1.0","","1","N","N","","0","","0","0","0","","0","","","1","0","0","0","0","0","0","2","0","1","","","","N","","","","","","","","","",""
"2006025722","","0","0","0","0","0","0","0","0","0","7","0","","02","1","2006","2","","","","11","0","0","0","0","0","0","0","0","","0","0","0","","","0","","0","","40 26:00.96","","0","80 08:31.92","0","0","0","0","2115","0","0","0","N","0","0","0","1","68B03","0","","4.0","","9","N","N","","1","","0","0","0","","0","","","1","0","0","0","0","0","0","2","0","1","","","","N","","","","","","","","","",""
"2006025723","","1","0","0","0","0","0","0","0","0","7","0","","02","1","2006","6","","","","11","0","0","0","0","0","1","0","0","","0","0","0","","","1","","0","","40 35:10.32","","0","80 06:00.00","4","0","0","0","2481","0","0","0","N","0","0","0","1","68B03","1","","3.0","","9","N","N","","0","","0","0","0","","0","","","1","1","0","0","0","0","0","2","0","1","","","","N","","","","","","","","","",""
"2006025724","","1","0","0","0","0","0","0","0","0","1","0","","02","1","2006","7","40.4379","-79.9943","","11","0","0","0","0","0","0","0","0","3","0","0","0","","","1","","0","","40 26:16.440","1","2","79 59:39.480","4","0","0","0","2301","0","0","0","N","0","0","0","6","68B03","1","","1.0","","1","N","N","","1","","0","0","1","","0","N","","3","1","1","0","0","0","0","2","0","3","","","","N","","","","","","","","","",""
"2006025727","","2","0","0","0","0","0","0","0","0","4","0","","02","1","2006","6","40.419167","-80.103203","","11","0","0","0","1","0","0","0","0","3","0","0","0","","","3","","0","","40 25:09.000","1","0","80 06:11.532","8","0","0","0","2102","0","0","0","N","0","0","0","4","68B03","0","","1.0","","1","N","N","","0","","0","0","0","","0","N","","3","3","0","0","0","3","0","2","0","2","","","","N","","","","","","","","","",""
"2006025854","","1","0","0","0","0","0","0","0","0","7","0","","02","2","2006","7","40.406258","-79.779943","","11","0","0","0","0","0","0","0","0","","0","0","0","","","0","","2","","40 24:22.528","","0","79 46:47.794","0","0","0","0","2453","0","0","0","N","0","0","0","0","02453","0","","4.0","","3","N","N","","0","","0","0","0","","0","","","1","0","0","0","0","0","0","2","0","1","","","","N","","","","","","","","","",""
"2006025872","0830","1","0","0","0","0","0","0","0","0","99","0","","02","2","2006","6","40.4175","-80.218919","0827","11","0","0","0","0","0","0","0","0","","0","0","0","","","1","","0","","40 25:03.000","","0","80 13:08.109","4","0","0","0","2214","0","0","0","N","0","0","0","1","02214","1","","1.0","","1","N","N","","0","","0","0","0","0","0","","","1","1","0","0","0","0","0","2","0","1","","","","N","","","","","","","","","",""
"2006025873","2333","1","0","0","0","0","0","0","0","0","7","0","","02","2","2006","4","40.45514","-80.191962","2333","11","0","0","0","1","0","0","0","0","","0","0","0","","","0","","2","","40 27:18.504","","0","80 11:31.063","0","0","0","0","2214","0","0","0","N","0","0","0","1","02214","0","","2.0","","7","N","N","","0","","0","0","0","0","0","","","1","0","0","0","0","0","0","2","0","1","","","","N","","","","","","","","","",""
"2006025898","2121","0","0","0","0","0","0","0","0","0","7","0","","02","2","2006","7","40.448929","-80.209491","2115","11","0","0","0","0","0","0","0","0","","0","0","0","","","1","","0","","40 26:56.144","","0","80 12:34.169","4","0","0","0","2214","0","0","0","N","0","0","0","1","02214","1","","4.0","","9","N","N","","1","","0","0","0","0","0","","","1","1","0","0","0","0","0","2","0","1","","","","N","","","","","","","","","",""
"2006025899","1828","1","0","0","0","0","0","0","0","0","4","0","","02","2","2006","4","40.45","-80.175","1823","11","0","0","0","0","0","0","0","0","","0","0","0","","","2","","1","","40 27:00.000","","0","80 10:30.000","4","0","0","0","2214","0","0","0","N","0","0","0","2","02214","2","","1.0","","1","N","N","","0","","0","0","1","3","2","","","2","2","0","0","0","0","0","2","0","2","","","","N","","","","","","","","","",""
"2006025900","1111","2","0","0","0","0","0","0","0","0","1","0","","02","2","2006","1","40.44008","-80.223566","1105","11","0","0","0","1","0","0","0","0","","0","0","0","","","0","","2","","40 26:24.289","","0","80 13:24.838","0","0","0","0","2214","0","0","0","N","0","0","0","2","02214","0","","1.0","","9","N","N","","0","","0","0","0","0","0","","","2","0","0","0","0","0","0","2","0","2","","","","N","","","","","","","","","",""
"2006025902","1630","2","0","0","0","0","0","0","0","0","4","0","","02","2","2006","6","40.448105","-80.181274","1630","11","0","0","0","1","0","0","0","1","1","0","0","0","","","0","","1","","40 26:53.178","3","0","80 10:52.586","0","0","0","0","2214","0","0","0","N","0","0","0","3","02214","0","","1.0","","1","N","N","","0","","0","0","0","3","2","N","","2","0","0","0","0","0","0","2","0","2","","","","N","","","","","","","","","",""
"2006026102","0754","3","0","0","0","0","0","0","0","0","1","0","","02","2","2006","7","40.478611","-80.043081","0748","11","0","0","0","0","0","1","0","0","2","0","0","0","","","1","","0","","40 28:43.000","2","0","80 02:35.093","4","0","0","0","2301","0","0","0","N","0","0","0","4","02301","1","","1.0","","2","N","N","","0","","0","0","1","0","0","N","","4","1","0","0","0","0","0","2","0","4","","","","N","","","","","","","","","",""
"2006026136","1456","0","0","0","0","0","0","0","0","0","1","0","","02","3","2006","3","40.5254","-79.9627","1447","11","0","0","0","0","0","1","0","0","1","0","0","0","","","1","","0","","40 31:31.440","5","0","79 57:45.720","3","0","0","0","2118","0","0","0","N","0","0","0","2","02118","0","","1.0","","1","N","N","","0","","1","0","2","0","0","N","","2","1","0","0","0","0","0","2","0","2","","","","N","","","","","","","","","",""
"2006026139","0726","1","0","0","0","0","0","0","0","0","7","0","","02","3","2006","6","40.537658","-80.207899","0724","11","0","0","0","0","0","0","0","0","2","0","0","0","","","0","","0","","40 32:15.568","2","0","80 12:28.436","0","0","0","0","2213","0","0","0","N","0","0","0","1","02213","0","","5.0","","2","N","N","","0","","0","0","0","0","0","N","","1","0","0","0","0","0","0","2","0","1","","","","N","","","","","","","","","",""
"2006026140","2209","1","0","0","0","0","0","0","0","0","7","0","","02","3","2006","3","40.5","-80.221989","2205","11","0","0","0","1","0","0","0","0","1","0","0","0","","","0","","1","","40 30:00.000","2","0","80 13:19.160","0","0","0","0","2213","0","0","0","N","0","0","0","1","02213","0","","4.0","","1","N","N","","0","","0","0","0","3","2","N","","2","0","0","0","0","0","0","2","0","1","","","","N","","","","","","","","","",""
"2006026157","1401","2","0","0","0","0","0","0","0","0","4","0","","02","2","2006","5","40.5652","-80.0382","1359","11","0","0","0","0","0","0","0","0","1","0","0","0","","","2","","0","","40 33:54.720","1","0","80 02:17.520","4","0","0","0","2108","0","0","0","N","0","0","0","2","02108","2","","1.0","","1","N","N","","0","","0","0","0","0","0","Y","","2","2","0","0","0","0","0","2","0","2","","","","N","","","","","","","","","",""
"2006026158","1936","1","0","0","0","0","0","0","0","0","8","0","","02","2","2006","5","40.581944","-80.038026","1933","11","0","0","0","0","0","0","0","0","1","0","0","0","","","1","","1","","40 34:55.000","1","0","80 02:16.893","8","0","0","0","2108","1","0","0","N","1","0","0","3","02108","0","","1.0","","9","N","N","","0","","0","0","0","3","2","N","","2","1","0","0","0","1","0","2","0","1","","","","N","","","","","","","","","",""
"2006026161","1736","1","0","0","0","0","0","0","0","0","4","0","","02","3","2006","4","40.599405","-79.807896","1730","11","0","0","0","0","0","1","0","0","","0","0","0","","","1","","2","","40 35:57.859","","0","79 48:28.426","4","0","0","0","2206","0","0","0","N","0","0","0","2","02464","1","","1.0","","1","N","N","","0","","0","0","1","0","0","","","2","1","0","0","0","0","0","1","0","2","","","","N","","","","","","","","","",""
"2006026164","1841","2","0","0","0","0","0","0","0","0","4","0","","02","3","2006","4","40.549722","-79.959455","1839","11","0","0","1","0","0","0","0","0","1","0","0","0","","","1","","1","","40 32:59.000","4","0","79 57:34.037","4","0","0","0","2118","0","0","0","N","0","0","0","2","02118","1","","1.0","","1","N","N","","0","","0","0","0","0","0","N","","2","1","0","0","0","0","0","2","0","2","","","","N","","","","","","","","","",""
"2006026211","1148","2","0","0","0","0","0","0","0","0","4","0","","02","2","2006","7","40.378333","-79.989765","1145","11","0","0","0","0","0","0","0","1","1","0","0","0","","","0","","2","","40 22:42.000","1","0","79 59:23.155","0","0","0","0","2476","0","0","0","N","0","0","0","2","02476","0","","1.0","","1","N","N","","0","","0","0","0","0","0","N","","2","0","0","0","0","0","0","2","0","2","","","","N","","","","","","","","","",""
"2006026212","1634","1","0","0","0","0","0","0","0","0","7","0","","02","2","2006","5","","","1633","11","0","0","0","0","0","0","1","0","","0","0","0","","","1","","0","","","","0","","3","0","0","0","2476","0","0","0","N","0","0","0","1","02476","0","","5.0","","1","N","N","","0","","1","0","0","0","0","","","1","1","0","0","0","0","0","1","0","1","","","","N","","","","","","","","","",""
"2006026214","0326","1","0","0","0","0","0","0","0","0","7","0","","02","2","2006","7","40.474444","-79.971378","0322","11","0","0","0","0","0","0","0","0","","0","0","0","","","0","","0","","40 28:28.000","","0","79 58:16.960","0","0","0","0","2118","0","0","0","N","0","0","0","0","02118","0","","5.0","","1","N","N","","0","","0","0","0","0","0","","","1","0","0","0","0","0","0","2","0","1","","","","N","","","","","","","","","",""
"2006026216","1905","2","0","0","0","0","0","0","0","0","2","0","","02","3","2006","4","40.50488","-79.949709","1904","11","0","0","1","0","0","0","1","0","","0","0","0","","","1","","2","","40 30:17.569","","0","79 56:58.952","4","0","0","0","2430","0","0","0","N","0","0","0","5","02430","1","","1.0","","9","N","N","","0","","0","0","0","0","0","","","2","1","0","0","0","0","0","2","0","2","","","","N","","","","","","","","","",""
"2006026228","0715","1","0","0","0","0","0","0","0","0","7","0","","02","3","2006","5","40.3828","-80.0689","0709","11","0","0","0","0","0","0","0","0","","0","0","0","","","0","","1","","40 22:58.080","","0","80 04:08.040","0","0","0","0","2117","0","0","0","N","0","0","0","1","02117","0","","4.0","","9","N","N","","0","","0","0","0","3","3","","","1","0","0","0","0","0","0","2","0","1","","","","N","","","","","","","","","",""
"2006026231","1148","0","0","0","0","0","0","0","0","0","1","0","","02","3","2006","3","40.3458","-80.0824","1143","11","0","0","0","0","0","0","1","0","","0","0","0","","","0","","0","","40 20:44.880","","0","80 04:56.640","0","0","0","0","2123","0","0","0","N","0","0","0","4","02123","0","","1.0","","1","N","N","","1","","0","0","0","0","0","","","2","0","0","0","0","0","0","2","1","2","","","","N","","","","","","","","","",""
"2006026234","0812","0","0","1","0","0","0","0","0","0","2","0","","02","3","2006","5","40.390833","-79.828418","0810","11","0","0","0","0","0","1","0","0","2","0","0","0","","","2","","0","","40 23:27.000","2","0","79 49:42.305","2","0","0","0","2111","0","0","0","N","0","0","0","2","02111","0","","1.0","","9","N","N","","1","","1","1","1","0","0","Y","","2","2","0","0","0","0","0","2","0","2","","","","N","","","","","","","","","",""
"2006026240","1043","1","0","0","0","0","0","0","0","0","4","0","","02","3","2006","5","40.5159","-79.9537","1038","11","0","0","0","0","0","2","0","0","1","0","0","0","","","0","","0","","40 30:57.240","2","0","79 57:13.320","0","0","0","0","2118","0","0","0","N","0","0","0","4","02118","0","","1.0","","9","N","N","","0","","0","0","0","0","0","N","","2","0","0","0","0","0","0","2","1","2","","","","N","","","","","","","","","",""
"2006026252","1605","3","0","0","0","0","0","0","0","0","1","0","","02","3","2006","5","40.3798","-79.8083","1603","11","0","0","0","0","0","1","0","0","","0","0","0","","","1","","2","","40 22:47.280","","0","79 48:29.880","8","0","0","0","2111","0","0","0","N","0","0","0","5","02111","0","","1.0","","1","N","N","","0","","0","0","0","3","2","","","3","1","0","0","0","1","0","2","0","3","","","","N","","","","","","","","","",""
"2006026260","2002","0","0","0","0","0","0","0","0","0","7","0","","02","3","2006","4","40.3754","-79.7968","1952","11","0","0","0","0","0","0","0","0","","0","0","0","","","1","","2","","40 22:31.440","","7","79 47:48.480","8","0","0","0","2111","0","0","0","N","0","0","0","1","02111","0","","5.0","","9","N","N","","1","","0","0","0","0","0","","","1","1","0","0","0","1","0","2","0","1","","","","N","","","","","","","","","",""
"2006026266","2000","2","0","0","0","0","0","0","0","0","1","0","","02","3","2006","5","40.3731","-80.0991","1955","11","0","0","0","0","0","1","0","0","","0","0","0","","","2","","2","","40 22:23.160","","2","80 05:56.760","8","0","0","0","2102","0","0","0","N","0","0","0","3","02102","0","","1.0","","1","N","N","","0","","0","0","0","3","2","","","2","2","0","0","0","2","0","2","0","2","","","","N","","","","","","","","","",""
"2006026268","1744","0","0","0","0","0","0","0","0","0","0","0","","02","3","2006","5","40.6611","-80.0455","1742","11","0","0","0","0","0","1","0","0","2","0","0","0","","","2","","0","","40 39:39.960","7","0","80 02:43.800","8","0","0","1","2216","0","0","0","N","0","0","0","2","02505","0","","4.0","","1","N","N","","0","","0","0","0","0","0","N","","1","2","0","0","0","2","0","2","0","1","","","","N","","","","","","","","","",""
"2006026295","0027","1","0","0","0","0","0","0","0","0","8","0","","02","2","2006","6","40.543889","-80.192681","0026","11","0","0","0","0","0","0","0","1","","1","0","0","","","0","","1","","40 32:38.000","","0","80 11:33.652","1","0","0","0","2427","1","1","0","N","1","1","0","2","02427","0","2","1.0","","1","N","N","","0","0","0","0","0","3","2","","","2","0","0","0","0","0","0","2","0","1","","","","N","","","","","","","","","",""
"2006026297","0641","1","0","0","0","0","0","0","0","0","8","0","","02","1","2006","6","40.38336","-80.056426","0640","11","0","0","0","0","0","0","0","0","4","1","0","0","","","1","","1","","40 23:00.096","6","0","80 03:23.133","1","0","0","0","2109","2","1","1","N","2","1","1","3","02109","0","2","1.0","","9","N","N","","0","0","0","1","0","3","2","Y","","3","1","0","0","0","0","0","2","0","1","","","","N","","","","","","","","","",""
"2006026301","0913","0","0","0","0","0","0","0","0","0","4","0","","02","1","2006","3","40.455","-79.992891","0912","11","0","0","0","0","0","3","0","0","4","1","0","0","","","2","","0","","40 27:18.000","2","0","79 59:34.407","1","0","0","0","2301","0","0","0","N","0","0","0","4","02301","2","2","1.0","","9","","N","","0","0","0","0","0","0","0","Y","","3","2","0","0","0","0","0","2","3","3","","","","N","","","","","","","","","",""
"2006026340","0551","1","0","0","0","0","0","0","0","0","7","0","","02","3","2006","6","","","0551","11","0","0","0","0","0","0","0","0","","0","0","0","","","0","","0","","","","0","","0","0","0","0","2448","0","0","0","N","0","0","0","1","02448","0","","5.0","","2","N","N","","0","","0","0","0","0","0","","","1","0","1","0","0","0","0","1","0","1","","","","N","","","","","","","","","",""
"2006026344","1117","0","0","0","0","0","0","0","0","0","8","0","","02","2","2006","5","","","1058","11","0","0","0","0","0","0","0","0","","0","0","0","","","1","","0","","","","7","","8","0","0","0","2301","1","0","0","N","1","0","0","3","02301","0","","1.0","","1","N","N","","0","","0","0","0","0","0","","","2","1","0","0","0","1","0","1","1","1","","","","N","","","","","","","","","",""
"2006026345","0325","1","0","0","0","0","0","0","0","0","7","0","","02","2","2006","7","","","0325","11","0","0","0","0","0","0","0","0","","0","0","0","","","0","","0","","","","0","","0","0","0","0","2301","0","0","0","N","0","0","0","2","02301","0","","4.0","","1","N","N","","0","","0","0","0","0","0","","","1","0","2","0","0","0","0","1","0","1","","","","N","","","","","","","","","",""
"2006026346","2030","2","0","0","0","0","0","0","0","0","5","0","","02","2","2006","5","","","2019","11","0","0","0","0","0","0","0","0","","0","0","0","","","0","","0","","","","0","","0","0","0","0","2301","0","0","0","N","0","0","0","0","02301","0","","6.0","","1","N","N","","0","","0","0","0","0","0","","","2","0","0","0","0","0","0","1","0","2","","","","N","","","","","","","","","",""
"2006026347","0203","0","0","0","0","0","0","0","0","0","7","0","","02","2","2006","1","40.4592","-80.0305","0200","11","0","0","0","0","0","0","0","0","","0","0","0","","","0","","0","","40 27:33.120","","0","80 01:49.800","0","0","0","0","2301","0","0","0","N","0","0","0","1","02301","0","","2.0","","2","N","N","","0","","0","0","1","0","0","","","1","0","0","0","0","0","0","2","0","1","","","","N","","","","","","","","","",""
"2006026349","1830","1","0","0","0","0","0","0","0","0","4","0","","02","2","2006","5","40.4607","-79.9227","1823","11","0","0","0","0","0","1","0","0","","0","0","0","","","2","","0","","40 27:38.520","","7","79 55:21.720","3","0","0","0","2301","0","0","0","N","0","0","0","5","02301","0","","1.0","","1","N","N","","0","","1","0","0","2","2","","","2","2","3","0","0","1","0","2","1","2","","","","N","","","","","","","","","",""
"2006026350","1314","2","0","0","0","0","0","0","0","0","4","0","","02","2","2006","7","","","1305","11","0","0","0","0","0","0","0","0","","0","0","0","","","0","","1","","","","0","","0","0","0","0","2301","0","0","0","N","0","0","0","5","02301","0","","1.0","","9","N","N","","0","","0","0","0","3","2","","","2","0","0","0","0","0","0","1","0","2","","","","N","","","","","","","","","",""