"CRN","ARRIVAL_TM","AUTOMOBILE_COUNT","BELTED_DEATH_COUNT","BELTED_SUSP_SERIOUS_INJ_COUNT","BICYCLE_COUNT","BICYCLE_DEATH_COUNT","BICYCLE_SUSP_SERIOUS_INJ_COUNT","BUS_COUNT","CHLDPAS_DEATH_COUNT","CHLDPAS_SUSP_SERIOUS_INJ_COUNT","COLLISION_TYPE","COMM_VEH_COUNT","CONS_ZONE_SPD_LIM","COUNTY","CRASH_MONTH","CRASH_YEAR","DAY_OF_WEEK","DEC_LATITUDE","DEC_LONGITUDE","DISPATCH_TM","DISTRICT","DRIVER_COUNT_16YR","DRIVER_COUNT_17YR","DRIVER_COUNT_18YR","DRIVER_COUNT_19YR","DRIVER_COUNT_20YR","DRIVER_COUNT_50_64YR","DRIVER_COUNT_65_74YR","DRIVER_COUNT_75PLUS","EST_HRS_CLOSED","FATAL_COUNT","HEAVY_TRUCK_COUNT","HORSE_BUGGY_COUNT","HOUR_OF_DAY","ILLUMINATION","INJURY_COUNT","INTERSECTION_RELATED","INTERSECT_TYPE","LANE_CLOSED","LATITUDE","LN_CLOSE_DIR","LOCATION_TYPE","LONGITUDE","MAX_SEVERITY_LEVEL","MCYCLE_DEATH_COUNT","MCYCLE_SUSP_SERIOUS_INJ_COUNT","MOTORCYCLE_COUNT","MUNICIPALITY","NONMOTR_COUNT","NONMOTR_DEATH_COUNT","NONMOTR_SUSP_SERIOUS_INJ_COUNT","NTFY_HIWY_MAINT","PED_COUNT","PED_DEATH_COUNT","PED_SUSP_SERIOUS_INJ_COUNT","PERSON_COUNT","POLICE_AGCY","POSSIBLE_INJ_COUNT","RDWY_SURF_TYPE_CD","RELATION_TO_ROAD","ROADWAY_CLEARED","ROAD_CONDITION","SCH_BUS_IND","SCH_ZONE_IND","SECONDARY_CRASH","SMALL_TRUCK_COUNT","SPEC_JURIS_CD","SUSP_MINOR_INJ_COUNT","SUSP_SERIOUS_INJ_COUNT","SUV_COUNT","TCD_FUNC_CD","TCD_TYPE","TFC_DETOUR_IND","TIME_OF_DAY","TOTAL_UNITS","TOT_INJ_COUNT","UNBELTED_OCC_COUNT","UNB_DEATH_COUNT","UNB_SUSP_SERIOUS_INJ_COUNT","UNK_INJ_DEG_COUNT","UNK_INJ_PER_COUNT","URBAN_RURAL","VAN_COUNT","VEHICLE_COUNT","WEATHER1","WEATHER2","WORKERS_PRES","WORK_ZONE_IND","WORK_ZONE_LOC","WORK_ZONE_TYPE","WZ_CLOSE_DETOUR","WZ_FLAGGER","WZ_LAW_OFFCR_IND","WZ_LN_CLOSURE","WZ_MOVING","WZ_OTHER","WZ_SHLDER_MDN","WZ_WORKERS_INJ_KILLED"
"2006027838","0236","1","0","0","0","0","0","0","0","0","7","0","","02","1","2006","7","40.4864","-79.9133","0227","11","0","0","0","0","0","0","0","0","","0","0","0","","","0","","3","","40 29:11.040","","8","79 54:47.880","0","0","0","0","2112","0","0","0","Y","0","0","0","2","68D02","0","","2.0","","1","N","N","","0","","0","0","0","0","0","","","1","0","2","0","0","0","0","2","0","1","","","","N","","","","","","","","","",""
"2006027910","1753","1","0","0","0","0","0","0","0","0","7","0","","02","2","2006","7","","","1749","11","0","1","0","0","0","0","0","0","","0","0","0","","","0","","0","","","","0","","0","0","0","0","2480","0","0","0","N","0","0","0","2","02480","0","","5.0","","9","N","N","","0","","0","0","0","0","0","","","1","0","0","0","0","0","0","1","0","1","","","","N","","","","","","","","","",""
"2006027919","2136","2","0","0","0","0","0","0","0","0","1","0","","02","2","2006","4","40.2875","-79.994735","2133","11","1","0","0","0","0","1","0","0","","0","0","0","","","1","","0","","40 17:15.000","","0","79 59:41.046","4","0","0","0","2219","0","0","0","N","0","0","0","3","02219","1","","1.0","","1","N","N","","0","","0","0","0","0","0","","","2","1","0","0","0","0","0","2","0","2","","","","N","","","","","","","","","",""
"2006027955","1630","2","0","0","0","0","0","0","0","0","4","0","","02","2","2006","6","","","1625","11","0","0","0","0","0","1","0","0","","0","0","0","","","0","","0","","","","0","","0","0","0","0","2301","0","0","0","N","0","0","0","3","02301","0","","1.0","","1","N","N","","0","","0","0","0","0","0","","","2","0","1","0","0","0","0","1","0","2","","","","N","","","","","","","","","",""
"2006027956","0812","2","0","0","0","0","0","0","0","0","4","0","","02","2","2006","5","40.393075","-80.019065","0811","11","0","0","0","0","0","0","0","0","","0","0","0","","","0","","2","","40 23:35.070","","0","80 01:08.634","0","0","0","0","2301","0","0","0","N","0","0","0","2","02301","0","","1.0","","1","","N","","0","","0","0","0","3","3","","","2","0","0","0","0","0","0","2","0","2","","","","N","","","","","","","","","",""
"2006027957","0918","2","0","0","0","0","0","0","0","0","1","0","","02","2","2006","6","40.396111","-79.998153","0912","11","0","0","0","0","0","0","0","0","","0","0","0","","","0","","1","","40 23:46.000","","0","79 59:53.349","9","0","0","1","2301","0","0","0","N","0","0","0","3","02301","0","","1.0","","1","N","N","","0","","0","0","0","3","2","","","3","0","0","0","0","0","1","2","0","3","","","","N","","","","","","","","","",""
"2006027958","1712","2","0","0","0","0","0","0","0","0","2","0","","02","3","2006","5","40.451422","-80.052157","1710","11","0","0","0","0","0","0","0","0","","0","0","0","","","0","","2","","40 27:05.119","","0","80 03:07.765","0","0","0","0","2301","0","0","0","N","0","0","0","2","02301","0","","1.0","","1","N","N","","0","","0","0","0","0","0","","","2","0","0","0","0","0","0","2","0","2","","","","N","","","","","","","","","",""
"2006027960","2326","1","0","0","0","0","0","0","0","0","7","0","","02","2","2006","2","40.437418","-79.915247","2324","11","0","0","0","0","0","0","0","0","","0","0","0","","","0","","0","","40 26:14.704","","0","79 54:54.889","0","0","0","0","2301","0","0","0","N","0","0","0","1","02301","0","","2.0","","2","N","N","","0","","0","0","0","0","0","","","1","0","0","0","0","0","0","2","0","1","","","","N","","","","","","","","","",""
"2006027962","1933","1","0","0","0","0","0","0","0","0","8","0","","02","3","2006","4","40.463121","-79.951855","1927","11","0","0","0","0","0","0","0","0","","0","0","0","","","1","","2","","40 27:47.235","","0","79 57:06.678","8","0","0","0","2301","1","0","0","","1","0","0","2","02301","0","","1.0","","1","N","N","","0","","0","0","0","3","2","","","2","1","0","0","0","1","0","2","0","1","","","","N","","","","","","","","","",""
"2006027963","0806","2","0","0","0","0","0","0","0","0","4","0","","02","3","2006","4","40.45555","-79.888078","0755","11","0","0","0","0","0","0","0","0","","0","0","0","","","0","","1","","40 27:19.980","","0","79 53:17.080","0","0","0","0","2301","0","0","0","N","0","0","0","2","02301","0","","1.0","","1","N","N","","0","","0","0","0","3","2","","","2","0","0","0","0","0","0","2","0","2","","","","N","","","","","","","","","",""
"2006027964","1030","2","0","0","0","0","0","0","0","0","4","0","","02","2","2006","2","","","1028","11","0","0","0","0","0","2","0","0","1","0","0","0","","","0","","2","","","3","0","","0","0","0","0","2301","0","0","0","N","0","0","0","2","02301","0","","1.0","","1","","N","","0","","0","0","0","3","2","N","","2","0","0","0","0","0","0","1","0","2","","","","N","","","","","","","","","",""
"2006027965","2159","1","0","0","0","0","0","0","0","0","4","0","","02","2","2006","5","40.44465","-79.896163","2155","11","0","0","0","0","0","0","0","0","","0","0","0","","","2","","2","","40 26:40.740","","0","79 53:46.186","4","0","0","0","2301","0","0","0","N","0","0","0","5","02301","1","","1.0","","9","N","N","","0","","0","0","1","3","3","","","2","2","2","0","0","1","0","2","0","2","","","","N","","","","","","","","","",""
"2006027966","1706","1","0","0","0","0","0","0","0","0","1","0","","02","3","2006","4","","","1658","11","0","0","0","0","0","0","0","0","","0","0","0","","","0","","1","","","","0","","0","0","0","0","2301","0","0","0","N","0","0","0","2","02301","0","","1.0","","1","N","N","","0","","0","0","0","3","2","","","2","0","0","0","0","0","0","1","1","2","","","","N","","","","","","","","","",""
"2006027967","1159","2","0","0","0","0","0","0","0","0","5","0","","02","2","2006","5","40.4372","-79.9987","1147","11","0","0","0","0","0","1","0","0","1","0","0","0","","","0","","7","","40 26:13.920","1","2","79 59:55.320","0","0","0","0","2301","0","0","0","N","0","0","0","2","02301","0","","7.0","","1","","N","","0","","0","0","0","0","0","Y","","2","0","0","0","0","0","0","2","0","2","","","","N","","","","","","","","","",""
"2006028092","1445","2","0","0","0","0","0","0","0","0","1","0","","02","3","2006","2","40.405278","-80.074375","1440","11","0","0","0","0","0","1","0","0","","0","0","0","","","1","","2","","40 24:19.000","","0","80 04:27.749","4","0","0","0","2415","0","0","0","N","0","0","0","2","02415","1","","1.0","","1","N","N","","0","","0","0","0","0","0","","","2","1","0","0","0","0","0","2","0","2","","","","N","","","","","","","","","",""
"2006028101","0617","2","0","0","0","0","0","0","0","0","7","0","","02","2","2006","6","","","0605","11","0","0","0","0","0","0","0","0","","0","0","0","","","1","","0","","40 25:25.32","","3","80 06:29.16","4","0","0","0","2115","0","0","0","N","0","0","0","2","68B03","1","","2.0","","9","N","N","","0","","0","0","0","0","0","","","2","1","0","0","0","0","0","2","0","2","","","","N","","","","","","","","","",""
"2006028102","1010","1","0","0","0","0","0","0","0","0","7","0","","02","1","2006","6","40.4253","-80.0295","1006","11","0","0","0","0","0","0","0","0","","0","0","0","","","0","","0","","40 25:31.080","","2","80 01:46.200","0","0","0","0","2301","0","0","0","N","0","0","0","1","68B03","0","","4.0","","1","N","N","","0","","0","0","0","0","0","","","1","0","0","0","0","0","0","2","0","1","","","","N","","","","","","","","","",""
"2006028220","1941","0","0","0","0","0","0","0","0","0","7","0","","02","2","2006","2","40.445095","-80.190139","1939","11","0","0","1","0","0","0","0","0","","0","0","0","","","0","","0","","40 26:42.342","","0","80 11:24.500","0","0","0","0","2214","0","0","0","","0","0","0","1","02214","0","","5.0","","7","N","N","","0","","0","0","0","0","0","","","1","0","0","0","0","0","0","2","1","1","","","","N","","","","","","","","","",""
"2006028221","1752","1","0","0","0","0","0","0","0","0","4","0","","02","2","2006","1","","","1750","11","0","0","0","0","0","1","0","0","2","0","0","0","","","0","","2","","","1","0","","0","0","0","0","2214","0","0","0","N","0","0","0","5","02214","0","","1.0","","1","N","N","","0","","0","0","1","3","3","N","","2","0","0","0","0","0","0","1","0","2","","","","N","","","","","","","","","",""
"2006028222","1355","1","0","0","0","0","0","0","0","0","1","0","","02","2","2006","5","","","1350","11","0","0","0","0","0","0","0","0","","0","0","0","","","0","","0","","","","0","","0","0","0","0","2214","0","0","0","N","0","0","0","2","02214","0","","1.0","","1","N","N","","1","","0","0","0","3","3","","","2","0","0","0","0","0","0","1","0","2","","","","N","","","","","","","","","",""
"2006028223","0447","1","0","0","0","0","0","0","0","0","7","0","","02","2","2006","1","40.445341","-80.211836","0445","11","0","0","0","0","0","0","0","0","","0","0","0","","","0","","0","","40 26:43.227","","0","80 12:42.610","0","0","0","0","2214","0","0","0","","0","0","0","1","02214","0","","4.0","","1","","","","0","","0","0","0","0","0","","","1","0","0","0","0","0","0","2","0","1","","","","N","","","","","","","","","",""
"2006028231","0214","1","0","0","0","0","0","0","0","0","7","0","","02","2","2006","6","40.451187","-80.20676","0214","11","0","0","0","0","0","0","0","0","","0","0","0","","","0","","0","","40 27:04.272","","0","80 12:24.335","0","0","0","0","2214","0","0","0","N","0","0","0","1","02214","0","","4.0","","9","N","N","","0","","0","0","0","0","0","","","1","0","0","0","0","0","0","2","0","1","","","","N","","","","","","","","","",""
"2006028232","0600","0","0","0","0","0","0","0","0","0","0","0","","02","2","2006","1","","","0555","11","0","0","0","0","0","0","0","0","2","0","0","0","","","1","","2","","","3","0","","4","0","0","0","2214","0","0","0","N","0","0","0","3","02214","1","","1.0","","2","N","N","","3","","0","0","0","0","0","N","","3","1","0","0","0","0","0","1","0","3","","","","N","","","","","","","","","",""
"2006028233","2359","1","0","0","0","0","0","0","0","0","7","0","","02","2","2006","7","","","2354","11","0","0","0","1","0","0","0","0","","0","0","0","","","1","","0","","","","0","","8","0","0","0","2214","0","0","0","N","0","0","0","1","02214","0","","4.0","","1","N","N","","0","","0","0","0","0","0","","","2","1","1","0","0","1","0","1","0","2","","","","N","","","","","","","","","",""
"2006028234","1232","2","0","0","0","0","0","0","0","0","2","0","","02","3","2006","2","40.3704","-79.7863","1229","11","0","0","0","0","0","1","0","0","","0","0","0","","","2","","2","","40 22:13.440","","7","79 47:10.680","3","0","0","0","2111","0","0","0","","0","0","0","3","02111","0","","1.0","","1","N","N","","0","","2","0","0","3","2","","","2","2","0","0","0","0","0","2","0","2","","","","N","","","","","","","","","",""
"2006028289","2107","1","0","0","0","0","0","0","0","0","7","0","","02","2","2006","1","40.464518","-79.828629","2107","11","0","1","0","0","0","0","0","0","","0","0","0","","","1","","0","","40 27:52.264","","0","79 49:43.064","3","0","0","0","2113","0","0","0","N","0","0","0","1","02113","0","","2.0","","1","N","N","","0","","1","0","0","0","0","","","1","1","0","0","0","0","0","2","0","1","","","","N","","","","","","","","","",""
"2006028290","1201","2","0","0","0","0","0","0","0","0","5","0","","02","2","2006","6","40.501667","-79.806408","1150","11","0","1","0","0","0","0","0","0","1","0","0","0","","","0","","3","","40 30:06.000","7","0","79 48:23.069","0","0","0","0","2113","0","0","0","N","0","0","0","2","02113","0","","1.0","","1","N","N","","0","","0","0","0","3","3","N","","2","0","0","0","0","0","0","2","0","2","","","","N","","","","","","","","","",""
"2006028343","2151","1","0","0","0","0","0","0","0","0","7","0","","02","1","2006","7","40.41938","-79.746051","2146","11","0","1","0","0","0","0","0","0","1","0","0","0","","","0","","0","","40 25:09.768","3","0","79 44:45.783","0","0","0","0","2446","0","0","0","N","0","0","0","1","02446","0","","2.0","","2","N","N","","0","","0","0","0","0","0","N","","1","0","0","0","0","0","0","2","0","1","","","","N","","","","","","","","","",""
"2006028344","2325","1","0","0","0","0","0","0","0","0","7","0","","02","1","2006","6","40.44227","-79.755239","2316","11","0","0","0","0","0","0","0","0","","0","0","0","","","1","","0","","40 26:32.172","","0","79 45:18.860","4","0","0","0","2446","0","0","0","N","0","0","0","1","02446","1","","4.0","","1","N","N","","0","","0","0","0","0","0","","","1","1","0","0","0","0","0","2","0","1","","","","N","","","","","","","","","",""
"2006028447","2220","1","0","0","0","0","0","0","0","0","7","0","","02","3","2006","6","40.3318","-80.0706","2220","11","0","0","0","0","0","0","0","0","","0","0","0","","","0","","0","","40 19:54.480","","2","80 04:14.160","0","0","0","0","2123","0","0","0","Y","0","0","0","1","02123","0","","2.0","","1","N","N","","0","","0","0","0","0","0","","","1","0","0","0","0","0","0","2","0","1","","","","N","","","","","","","","","",""
"2006028464","1500","1","0","0","0","0","0","0","0","0","7","0","","02","3","2006","1","40.651944","-79.936334","1443","11","1","0","0","0","0","0","0","0","","0","0","0","","","0","","0","","40 39:07.000","","0","79 56:10.804","0","0","0","0","2217","0","0","0","N","0","0","0","1","02505","0","","5.0","","9","N","N","","0","","0","0","0","0","0","","","1","0","0","0","0","0","0","2","0","1","","","","N","","","","","","","","","",""
"2006028469","1459","2","0","0","0","0","0","0","0","0","1","0","","02","3","2006","2","40.2915","-79.9145","1455","11","0","0","0","0","0","1","0","0","","0","0","0","","","1","","0","","40 17:29.400","","0","79 54:52.200","4","0","0","0","2440","0","0","0","N","0","0","0","3","02440","1","","1.0","","1","N","N","","0","","0","0","0","0","0","","","2","1","0","0","0","0","0","2","0","2","","","","N","","","","","","","","","",""
"2006028470","1534","1","0","0","0","0","0","1","0","0","5","1","","02","3","2006","3","40.538889","-79.840041","1533","11","0","0","0","0","0","0","0","0","1","0","0","0","","","0","","1","","40 32:20.000","3","0","79 50:24.147","0","0","0","0","2208","0","0","0","N","0","0","0","2","02208","0","","1.0","","1","Y","N","","0","","0","0","0","3","2","N","","2","0","0","0","0","0","0","2","0","2","","","","N","","","","","","","","","",""
"2006028473","1525","2","0","0","0","0","0","0","0","0","4","0","","02","3","2006","2","40.323333","-80.055602","1523","11","0","0","0","0","0","0","1","0","2","0","0","0","","","4","","0","","40 19:24.000","6","0","80 03:20.167","3","0","0","0","2407","0","0","0","N","0","0","0","4","02407","1","","2.0","","1","N","N","","0","","2","0","0","0","0","Y","","2","4","0","0","0","1","0","2","0","2","","","","N","","","","","","","","","",""
"2006028474","0041","1","0","0","0","0","0","0","0","0","7","0","","02","3","2006","2","40.331277","-80.052777","0038","11","0","0","0","0","0","0","0","0","2","0","0","0","","","0","","2","","40 19:52.598","6","0","80 03:09.996","0","0","0","0","2407","0","0","0","N","0","0","0","1","02407","0","","2.0","","1","N","N","","0","","0","0","0","3","3","Y","","1","0","0","0","0","0","0","2","0","1","","","","N","","","","","","","","","",""
"2006028475","1555","3","0","0","0","0","0","0","0","0","1","0","","02","3","2006","2","40.4267","-79.8901","1553","11","0","0","0","0","0","1","0","0","2","0","0","0","","","1","","1","","40 25:36.120","3","2","79 53:24.360","8","0","0","0","2426","0","0","0","N","0","0","0","3","02426","0","","1.0","","1","N","N","","0","","0","0","0","3","2","N","","3","1","0","0","0","1","0","2","0","3","","","","N","","","","","","","","","",""
"2006028476","1621","3","0","0","0","0","0","0","0","0","4","0","","02","3","2006","6","","","1618","11","0","0","0","0","0","1","1","0","","0","0","0","","","0","","2","","","","0","","0","0","0","0","2426","0","0","0","N","0","0","0","4","02426","0","","1.0","","1","N","N","","0","","0","0","0","3","2","","","3","0","3","0","0","0","0","1","0","3","","","","N","","","","","","","","","",""
"2006028482","1116","0","0","0","0","0","0","0","0","0","5","1","","02","2","2006","7","40.443473","-80.004613","1116","11","0","0","0","0","0","1","0","0","","0","1","0","","","1","","2","","40 26:36.502","","0","80 00:16.606","8","0","0","0","2301","0","0","0","N","0","0","0","2","02301","0","","1.0","","9","N","N","","0","","0","0","1","0","0","","","2","1","0","0","0","1","0","2","0","2","","","","N","","","","","","","","","",""
"2006028508","0259","1","0","0","0","0","0","0","0","0","7","0","","02","1","2006","4","","","0250","11","0","0","0","0","0","0","0","0","1","0","0","0","","","0","","0","","","4","0","","0","0","0","0","2115","0","0","0","N","0","0","0","1","68B03","0","","2.0","","7","N","N","","0","","0","0","0","0","0","N","","1","0","0","0","0","0","0","1","0","1","","","","N","","","","","","","","","",""
"2006028541","0918","1","0","0","0","0","0","1","0","0","4","1","","02","2","2006","3","40.4126","-79.8563","0918","11","0","0","0","0","0","1","0","0","","0","0","0","","","0","","1","","40 24:45.360","","0","79 51:22.680","0","0","0","0","2411","0","0","0","N","0","0","0","2","02411","0","","1.0","","1","Y","N","","0","","0","0","0","3","3","","","2","0","0","0","0","0","0","2","0","2","","","","N","","","","","","","","","",""
"2006028552","1843","1","0","0","0","0","0","0","0","0","4","0","","02","3","2006","4","40.427804","-79.928568","1839","11","0","0","0","0","1","0","1","0","","0","0","0","","","1","","1","","40 25:40.096","","0","79 55:42.843","8","0","0","1","2301","0","0","0","N","0","0","0","2","02301","0","","1.0","","1","N","N","","0","","0","0","0","3","2","","","2","1","0","0","0","1","0","2","0","2","","","","N","","","","","","","","","",""
"2006028614","1719","1","0","0","0","0","0","0","0","0","8","0","","02","2","2006","2","40.443056","-79.953366","1709","11","0","0","0","0","0","0","0","0","","0","0","0","","","1","","1","","40 26:35.000","","0","79 57:12.117","4","0","0","0","2301","1","0","0","N","1","0","0","3","02301","1","","1.0","","9","N","N","","0","","0","0","0","3","2","","","2","1","0","0","0","0","0","2","0","1","","","","N","","","","","","","","","",""
"2006028615","1050","2","0","0","0","0","0","0","0","0","4","0","","02","2","2006","3","40.449472","-80.002558","1047","11","0","0","0","0","0","1","0","0","1","0","0","0","","","1","","1","","40 26:58.099","1","0","80 00:09.210","4","0","0","0","2301","0","0","0","N","0","0","0","2","02301","1","","1.0","","1","N","N","","0","","0","0","0","3","2","N","","2","1","0","0","0","0","0","2","0","2","","","","N","","","","","","","","","",""
"2006028616","1052","1","0","0","0","0","0","0","0","0","7","0","","02","2","2006","3","","","1044","11","0","0","0","0","0","0","0","0","","0","0","0","","","1","","0","","","","0","","3","0","0","0","2301","0","0","0","N","0","0","0","2","02301","0","","5.0","","9","N","N","","0","","1","0","0","0","0","","","1","1","0","0","0","0","0","1","0","1","","","","N","","","","","","","","","",""
"2006028618","2354","1","0","0","0","0","0","0","0","0","7","0","","02","2","2006","2","40.45701","-79.955214","2346","11","0","0","0","0","0","0","0","0","1","0","0","0","","","1","","0","","40 27:25.237","2","0","79 57:18.772","8","0","0","0","2301","0","0","0","N","0","0","0","1","02301","0","","4.0","","2","N","N","","0","","0","0","0","0","0","N","","1","1","0","0","0","1","0","2","0","1","","","","N","","","","","","","","","",""
"2006028619","1227","2","0","0","0","0","0","0","0","0","4","0","","02","2","2006","7","40.454758","-79.94256","1225","11","0","0","0","0","0","1","0","0","","0","0","0","","","1","","0","","40 27:17.128","","0","79 56:33.216","8","0","0","0","2301","0","0","0","N","0","0","0","3","02301","0","","1.0","","1","N","N","","0","","0","0","0","0","0","","","2","1","0","0","0","1","0","2","0","2","","","","N","","","","","","","","","",""
"2006028620","2101","0","0","0","0","0","0","0","0","0","7","0","","02","2","2006","2","40.466409","-79.908101","2053","11","0","0","0","0","0","0","0","0","","0","0","0","","","0","","0","","40 27:59.074","","0","79 54:29.163","0","0","0","0","2301","0","0","0","N","0","0","0","1","02301","0","","5.0","","9","N","N","","0","","0","0","0","0","0","","","1","0","0","0","0","0","0","2","1","1","","","","N","","","","","","","","","",""
"2006028621","0330","1","0","0","0","0","0","0","0","0","7","0","","02","2","2006","1","40.454268","-80.054048","0319","11","0","0","0","0","0","0","0","0","","0","0","0","","","0","","0","","40 27:15.364","","0","80 03:14.572","0","0","0","0","2301","0","0","0","N","0","0","0","1","02301","0","","2.0","","9","N","N","","0","","0","0","0","0","0","","","1","0","1","0","0","0","0","2","0","1","","","","N","","","","","","","","","",""
"2006028622","2308","1","0","0","0","0","0","0","0","0","4","0","","02","3","2006","4","","","2306","11","0","0","0","0","1","1","0","0","1","0","0","0","","","1","","1","","","7","0","","4","0","0","0","2301","0","0","0","N","0","0","0","2","02301","1","","1.0","","1","N","N","","1","","0","0","0","3","2","N","","2","1","0","0","0","0","0","1","0","2","","","","N","","","","","","","","","",""
"2006028623","0226","3","0","0","0","0","0","0","0","0","6","0","","02","2","2006","7","40.4533","-80.0397","0226","11","0","0","0","0","0","0","0","0","","0","0","0","","","0","","0","","40 27:11.880","","0","80 02:22.920","0","0","0","0","2301","0","0","0","N","0","0","0","4","02301","0","","1.0","","1","N","N","","0","","0","0","0","0","0","","","3","0","4","0","0","0","0","2","0","3","","","","N","","","","","","","","","",""
"2006028624","1622","1","0","0","0","0","0","0","0","0","7","0","","02","2","2006","3","","","1603","11","0","0","0","1","0","0","0","0","","0","0","0","","","1","","0","","","","0","","4","0","0","0","2301","0","0","0","N","0","0","0","1","02301","1","","3.0","","1","N","N","","0","","0","0","0","0","0","","","1","1","0","0","0","0","0","1","0","1","","","","N","","","","","","","","","",""
"2006028625","1253","1","0","0","0","0","0","0","0","0","1","0","","02","2","2006","3","40.450553","-79.978765","1524","11","0","0","0","0","0","1","0","0","","0","0","0","","","1","","0","","40 27:01.990","","0","79 58:43.555","4","0","0","0","2301","0","0","0","N","0","0","0","2","02301","1","","1.0","","1","N","N","","1","","0","0","0","0","0","","","2","1","0","0","0","0","0","2","0","2","","","","N","","","","","","","","","",""
"2006028626","1110","1","0","0","0","0","0","0","0","0","1","0","","02","2","2006","2","","","1103","11","0","0","0","0","0","0","0","0","","0","0","0","","","1","","1","","","","0","","8","0","0","0","2301","0","0","0","N","0","0","0","4","02301","0","","1.0","","1","N","N","","0","","0","0","0","3","2","","","2","1","0","0","0","1","0","1","1","2","","","","N","","","","","","","","","",""
"2006028646","1624","1","0","0","0","0","0","0","0","0","1","0","","02","3","2006","5","40.439167","-79.760647","1618","11","0","0","0","0","0","0","0","0","","0","0","0","","","1","","0","","40 26:21.000","","0","79 45:38.330","4","0","0","0","2446","0","0","0","N","0","0","0","3","02446","1","","1.0","","9","N","N","","1","","0","0","0","3","4","","","2","1","1","0","0","0","0","2","0","2","","","","N","","","","","","","","","",""
"2006028649","0106","1","0","0","0","0","0","0","0","0","7","0","","02","2","2006","1","40.297778","-80.014196","0106","11","0","0","1","0","0","0","0","0","3","0","0","0","","","1","","0","","40 17:52.000","5","0","80 00:51.104","4","0","0","0","2219","0","0","0","N","0","0","0","1","02219","1","","2.0","","1","N","N","","0","","0","0","0","0","0","Y","","1","1","0","0","0","0","0","2","0","1","","","","N","","","","","","","","","",""
"2006028653","1340","1","0","0","0","0","0","0","0","0","1","0","","02","3","2006","4","40.316408","-79.963007","1332","11","0","0","0","0","0","1","0","0","","0","0","0","","","1","","0","","40 18:59.070","","0","79 57:46.824","4","0","0","0","2440","0","0","0","N","0","0","0","3","02440","1","","1.0","","1","N","N","","0","","0","0","0","0","0","","","3","1","0","0","0","0","0","2","2","3","","","","N","","","","","","","","","",""
"2006028701","1853","1","0","0","0","0","0","0","0","0","1","0","","02","2","2006","2","","","1847","11","0","0","0","0","0","0","0","0","1","0","0","0","","","0","","8","","","4","6","","0","0","0","0","2304","0","0","0","N","0","0","0","4","02304","0","","1.0","","7","N","N","","1","","0","0","0","0","0","Y","","2","0","0","0","0","0","0","1","0","2","","","","N","","","","","","","","","",""
"2006028702","0744","1","0","0","0","0","0","0","0","0","1","0","","02","2","2006","5","","","0741","11","0","0","0","0","0","1","0","0","","0","0","0","","","1","","7","","","","8","","4","0","0","0","2304","0","0","0","N","0","0","0","2","02304","1","","7.0","","9","N","N","","1","","0","0","0","9","3","","","2","1","0","0","0","0","0","1","0","2","","","","N","","","","","","","","","",""
"2006028703","1519","1","0","0","0","0","0","0","0","0","4","0","","02","2","2006","6","","","1512","11","0","0","0","0","0","0","0","0","","0","0","0","","","0","","0","","","","0","","0","0","0","0","2304","0","0","0","N","0","0","0","4","02304","0","","1.0","","1","N","N","","0","","0","0","0","0","0","","","2","0","0","0","0","0","0","1","1","2","","","","N","","","","","","","","","",""
"2006028710","1407","0","0","0","0","0","0","0","0","0","4","0","","02","2","2006","2","","","1407","11","0","0","0","0","0","0","0","0","1","0","0","0","","","3","","0","","","3","7","","3","0","0","0","2446","0","0","0","N","0","0","0","4","02446","2","","1.0","","1","N","N","","0","","1","0","1","0","0","N","","2","3","0","0","0","0","0","1","1","2","","","","N","","","","","","","","","",""
"2006028711","0348","1","0","0","0","0","0","0","0","0","7","0","","02","2","2006","5","40.449719","-79.767945","0345","11","0","0","0","0","0","0","0","0","","0","0","0","","","0","","0","","40 26:58.988","","0","79 46:04.602","0","0","0","0","2446","0","0","0","N","0","0","0","1","02446","0","","4.0","","1","N","N","","0","","0","0","0","0","0","","","1","0","1","0","0","0","0","2","0","1","","","","N","","","","","","","","","",""
"2006028712","1521","0","0","0","0","0","0","0","0","0","1","0","","02","2","2006","7","40.436111","-79.784837","1514","11","0","0","0","0","0","0","0","0","","0","0","0","","","0","","0","","40 26:10.000","","0","79 47:05.414","0","0","0","0","2446","0","0","0","N","0","0","0","8","02446","0","","1.0","","9","N","N","","0","","0","0","1","0","0","","","2","0","0","0","0","0","0","2","0","2","","","","N","","","","","","","","","",""
"2006028713","1211","0","0","0","0","0","0","0","0","0","4","0","","02","2","2006","6","","","2111","11","0","0","0","0","0","0","0","0","1","0","0","0","","","1","","0","","","1","7","","4","0","0","0","2446","0","0","0","N","0","0","0","3","02446","1","","1.0","","1","N","N","","1","","0","0","1","0","0","N","","2","1","0","0","0","0","0","1","0","2","","","","N","","","","","","","","","",""
"2006028720","1603","1","0","0","0","0","0","0","0","0","1","0","","02","2","2006","3","40.612222","-80.054343","1600","11","0","0","1","0","0","1","0","0","1","0","0","0","","","1","","1","","40 36:44.000","1","0","80 03:15.633","8","0","0","0","2108","0","0","0","N","0","0","0","6","02108","0","","1.0","","1","N","N","","0","","0","0","1","3","2","N","","3","1","0","0","0","1","0","2","1","3","","","","N","","","","","","","","","",""