"CRN","ARRIVAL_TM","AUTOMOBILE_COUNT","BELTED_DEATH_COUNT","BELTED_SUSP_SERIOUS_INJ_COUNT","BICYCLE_COUNT","BICYCLE_DEATH_COUNT","BICYCLE_SUSP_SERIOUS_INJ_COUNT","BUS_COUNT","CHLDPAS_DEATH_COUNT","CHLDPAS_SUSP_SERIOUS_INJ_COUNT","COLLISION_TYPE","COMM_VEH_COUNT","CONS_ZONE_SPD_LIM","COUNTY","CRASH_MONTH","CRASH_YEAR","DAY_OF_WEEK","DEC_LATITUDE","DEC_LONGITUDE","DISPATCH_TM","DISTRICT","DRIVER_COUNT_16YR","DRIVER_COUNT_17YR","DRIVER_COUNT_18YR","DRIVER_COUNT_19YR","DRIVER_COUNT_20YR","DRIVER_COUNT_50_64YR","DRIVER_COUNT_65_74YR","DRIVER_COUNT_75PLUS","EST_HRS_CLOSED","FATAL_COUNT","HEAVY_TRUCK_COUNT","HORSE_BUGGY_COUNT","HOUR_OF_DAY","ILLUMINATION","INJURY_COUNT","INTERSECTION_RELATED","INTERSECT_TYPE","LANE_CLOSED","LATITUDE","LN_CLOSE_DIR","LOCATION_TYPE","LONGITUDE","MAX_SEVERITY_LEVEL","MCYCLE_DEATH_COUNT","MCYCLE_SUSP_SERIOUS_INJ_COUNT","MOTORCYCLE_COUNT","MUNICIPALITY","NONMOTR_COUNT","NONMOTR_DEATH_COUNT","NONMOTR_SUSP_SERIOUS_INJ_COUNT","NTFY_HIWY_MAINT","PED_COUNT","PED_DEATH_COUNT","PED_SUSP_SERIOUS_INJ_COUNT","PERSON_COUNT","POLICE_AGCY","POSSIBLE_INJ_COUNT","RDWY_SURF_TYPE_CD","RELATION_TO_ROAD","ROADWAY_CLEARED","ROAD_CONDITION","SCH_BUS_IND","SCH_ZONE_IND","SECONDARY_CRASH","SMALL_TRUCK_COUNT","SPEC_JURIS_CD","SUSP_MINOR_INJ_COUNT","SUSP_SERIOUS_INJ_COUNT","SUV_COUNT","TCD_FUNC_CD","TCD_TYPE","TFC_DETOUR_IND","TIME_OF_DAY","TOTAL_UNITS","TOT_INJ_COUNT","UNBELTED_OCC_COUNT","UNB_DEATH_COUNT","UNB_SUSP_SERIOUS_INJ_COUNT","UNK_INJ_DEG_COUNT","UNK_INJ_PER_COUNT","URBAN_RURAL","VAN_COUNT","VEHICLE_COUNT","WEATHER1","WEATHER2","WORKERS_PRES","WORK_ZONE_IND","WORK_ZONE_LOC","WORK_ZONE_TYPE","WZ_CLOSE_DETOUR","WZ_FLAGGER","WZ_LAW_OFFCR_IND","WZ_LN_CLOSURE","WZ_MOVING","WZ_OTHER","WZ_SHLDER_MDN","WZ_WORKERS_INJ_KILLED"
"2006033055","1835","1","0","0","0","0","0","0","0","0","1","0","","02","2","2006","1","40.555556","-79.811228","1827","11","0","0","0","0","1","1","0","0","","0","0","0","","","0","","3","","40 33:20.000","","2","79 48:40.421","0","0","0","0","2121","0","0","0","N","0","0","0","3","68D02","0","","1.0","","1","N","N","","0","","0","0","1","","4","","","2","0","0","0","0","0","0","2","0","2","","","","N","","","","","","","","","",""
"2006033058","0837","0","0","0","0","0","0","1","0","0","7","1","","02","1","2006","6","","","0828","11","0","0","0","0","0","0","0","0","1","0","0","0","","","1","","0","","","1","2","","3","0","0","0","2401","0","0","0","Y","0","0","0","1","68D02","0","","4.0","","1","Y","N","","0","","1","0","0","","0","N","","1","1","0","0","0","0","0","2","0","1","","","","N","","","","","","","","","",""
"2006033069","0106","2","0","0","0","0","0","0","0","0","5","0","","02","4","2006","2","40.390736","-79.913671","0102","11","0","0","0","0","0","0","0","0","","0","0","0","","","0","","0","","40 23:26.651","","0","79 54:49.214","0","0","0","0","2472","0","0","0","N","0","0","0","1","02472","0","","6.0","","9","N","N","","0","","0","0","0","","3","","","2","0","0","0","0","0","0","2","0","2","","","","N","","","","","","","","","",""
"2006033089","1642","1","0","0","0","0","0","0","0","0","4","0","","02","3","2006","7","40.455746","-79.910475","1630","11","0","0","0","0","0","0","0","0","","0","0","0","","","0","","1","","40 27:20.686","","0","79 54:37.709","0","0","0","0","2301","0","0","0","N","0","0","0","4","02301","0","","1.0","","9","N","N","","0","","0","0","0","","0","","","2","0","3","0","0","0","0","2","1","2","","","","N","","","","","","","","","",""
"2006033090","1302","4","0","0","0","0","0","0","0","0","4","0","","02","3","2006","6","40.405804","-79.93807","1245","11","0","0","0","0","0","0","1","0","","0","0","0","","","0","","2","","40 24:20.894","","0","79 56:17.052","0","0","0","0","2301","0","0","0","N","0","0","0","2","02301","0","","1.0","","1","N","N","","0","","0","0","0","","3","","","4","0","0","0","0","0","0","2","0","4","","","","N","","","","","","","","","",""
"2006033092","0750","1","0","0","0","0","0","0","0","0","4","0","","02","3","2006","5","40.463963","-79.924539","0747","11","0","0","0","0","0","0","0","0","","0","0","0","","","0","","1","","40 27:50.266","","0","79 55:28.340","9","0","0","0","2301","0","0","0","N","0","0","0","2","02301","0","","1.0","","1","N","N","","1","","0","0","0","","3","","","2","0","0","0","0","0","1","2","0","2","","","","N","","","","","","","","","",""
"2006033093","2157","2","0","0","0","0","0","0","0","0","1","0","","02","3","2006","5","40.456574","-79.939691","2153","11","0","0","0","0","1","0","0","0","","0","0","0","","","0","","1","","40 27:23.665","","0","79 56:22.888","0","0","0","0","2301","0","0","0","N","0","0","0","3","02301","0","","1.0","","1","N","N","","0","","0","0","0","","2","","","2","0","0","0","0","0","0","2","0","2","","","","N","","","","","","","","","",""
"2006033095","1541","2","0","0","0","0","0","0","0","0","4","0","","02","3","2006","7","","","1537","11","0","0","0","0","0","0","0","1","","0","0","0","","","1","","2","","","","0","","8","0","0","0","2109","0","0","0","N","0","0","0","2","02109","0","","1.0","","1","N","N","","0","","0","0","0","","3","","","2","1","0","0","0","1","0","1","0","2","","","","N","","","","","","","","","",""
"2006033147","1308","1","0","0","0","0","0","0","0","0","7","0","","02","3","2006","5","","","1251","11","0","0","0","0","0","0","0","0","","0","0","0","","","1","","0","","40 25:50.16","","0","80 01:36.12","4","0","0","0","2301","0","0","0","N","0","0","0","1","68B03","1","","2.0","","9","N","N","","0","","0","0","0","","0","","","1","1","0","0","0","0","0","2","0","1","","","","N","","","","","","","","","",""
"2006033171","2136","2","0","0","0","0","0","0","0","0","0","0","","02","3","2006","6","40.481389","-79.87615","2132","11","0","0","0","0","0","1","0","0","","0","0","0","","","0","","2","","40 28:53.000","","0","79 52:34.139","0","0","0","0","2113","0","0","0","N","0","0","0","7","02113","0","","1.0","","1","N","N","","0","","0","0","0","","2","","","2","0","0","0","0","0","0","2","0","2","","","","N","","","","","","","","","",""
"2006033172","0953","2","0","0","0","0","0","0","0","0","4","0","","02","3","2006","1","40.4775","-79.799659","0847","11","0","0","0","0","0","0","0","0","","0","0","0","","","0","","0","","40 28:39.000","","0","79 47:58.772","0","0","0","0","2113","0","0","0","N","0","0","0","5","02113","0","","1.0","","1","N","N","","0","","0","0","0","","0","","","2","0","0","0","0","0","0","2","0","2","","","","N","","","","","","","","","",""
"2006033173","0232","1","0","0","0","0","0","0","0","0","7","0","","02","3","2006","1","","","0228","11","0","0","0","0","0","0","0","0","","0","0","0","","","1","","0","","","","0","","3","0","0","0","2113","0","0","0","N","0","0","0","1","02113","0","","4.0","","9","N","N","","0","","1","0","0","","0","","","1","1","0","0","0","0","0","1","0","1","","","","N","","","","","","","","","",""
"2006033174","1542","2","0","0","0","0","0","0","0","0","1","0","","02","3","2006","4","40.484618","-79.859332","1536","11","0","0","0","0","0","1","0","0","","0","0","0","","","1","","0","","40 29:04.626","","0","79 51:33.596","4","0","0","0","2113","0","0","0","N","0","0","0","3","02113","1","","1.0","","1","N","Y","","0","","0","0","0","","0","","","2","1","0","0","0","0","0","2","0","2","","","","N","","","","","","","","","",""
"2006033175","1150","1","0","0","0","0","0","0","0","0","1","0","","02","3","2006","6","40.4525","-79.826159","1142","11","0","0","0","0","0","1","1","0","","0","0","0","","","1","","0","","40 27:09.000","","0","79 49:34.171","4","0","0","0","2113","0","0","0","N","0","0","0","5","02113","1","","1.0","","1","N","N","","1","","0","0","0","","0","","","2","1","0","0","0","0","0","2","0","2","","","","N","","","","","","","","","",""
"2006033176","0242","0","0","0","0","0","0","0","0","0","7","0","","02","3","2006","1","40.495","-79.831046","0237","11","0","0","0","0","0","0","0","0","","0","0","0","","","1","","0","","40 29:42.000","","0","79 49:51.764","4","0","0","0","2113","0","0","0","N","0","0","0","1","02113","1","","4.0","","1","N","N","","0","","0","0","1","","0","","","1","1","0","0","0","0","0","2","0","1","","","","N","","","","","","","","","",""
"2006033177","1149","2","0","0","0","0","0","0","0","0","1","0","","02","3","2006","6","40.485","-79.85687","1143","11","0","0","0","0","0","0","1","0","","0","0","0","","","1","","2","","40 29:06.000","","0","79 51:24.731","8","0","0","0","2113","0","0","0","N","0","0","0","6","02113","0","","1.0","","1","N","N","","0","","0","0","1","","0","","","3","1","0","0","0","1","0","2","0","3","","","","N","","","","","","","","","",""
"2006033178","1449","1","0","0","0","0","0","0","0","0","4","0","","02","3","2006","6","40.470278","-79.810301","1445","11","0","0","0","0","0","0","1","0","","0","0","0","","","1","","0","","40 28:13.000","","0","79 48:37.085","4","0","0","0","2113","0","0","0","N","0","0","0","4","02113","1","","1.0","","1","N","N","","0","","0","0","1","","0","","","2","1","0","0","0","0","0","2","0","2","","","","N","","","","","","","","","",""
"2006033179","0925","1","0","0","0","0","0","0","0","0","7","0","","02","3","2006","7","40.468868","-79.872913","0918","11","0","0","0","0","0","0","0","0","","0","0","0","","","0","","0","","40 28:07.924","","0","79 52:22.486","0","0","0","0","2113","0","0","0","N","0","0","0","1","02113","0","","5.0","","1","N","N","","0","","0","0","0","","0","","","1","0","0","0","0","0","0","2","0","1","","","","N","","","","","","","","","",""
"2006033190","0750","2","0","0","0","0","0","0","0","0","1","0","","02","2","2006","3","40.43727","-79.775821","0748","11","0","0","0","0","0","0","0","0","1","0","0","0","","","3","","0","","40 26:14.172","3","0","79 46:32.955","4","0","0","0","2446","0","0","0","N","0","0","0","5","02446","3","","1.0","","2","N","N","","0","","0","0","1","","0","N","","3","3","1","0","0","0","0","2","0","3","","","","N","","","","","","","","","",""
"2006033191","0820","1","0","0","0","0","0","0","0","0","7","0","","02","3","2006","4","","","0818","11","0","0","0","0","0","0","0","0","","0","0","0","","","1","","0","","","","0","","4","0","0","0","2446","0","0","0","N","0","0","0","1","02446","1","","5.0","","2","N","N","","0","","0","0","0","","0","","","1","1","1","0","0","0","0","1","0","1","","","","N","","","","","","","","","",""
"2006033192","0914","2","0","0","0","0","0","0","0","0","4","0","","02","3","2006","4","","","0910","11","0","0","0","0","0","0","0","1","","0","0","0","","","0","","2","","","","0","","0","0","0","0","2446","0","0","0","N","0","0","0","2","02446","0","","1.0","","9","N","N","","0","","0","0","0","","3","","","2","0","0","0","0","0","0","1","0","2","","","","N","","","","","","","","","",""
"2006033194","1534","1","0","0","0","0","0","0","0","0","99","0","","02","3","2006","3","40.428333","-79.729715","1529","11","0","0","0","0","1","0","0","0","1","0","0","0","","","1","","0","","40 25:42.000","3","0","79 43:46.974","4","0","0","0","2446","0","0","0","N","0","0","0","1","02446","1","","4.0","","1","N","N","","0","","0","0","0","","0","Y","","1","1","0","0","0","0","0","2","0","1","","","","N","","","","","","","","","",""
"2006033195","0723","1","0","0","0","0","0","0","0","0","2","0","","02","3","2006","4","40.434","-79.7532","0711","11","1","0","0","0","0","1","0","0","","0","0","0","","","0","","0","","40 26:02.400","","0","79 45:11.520","0","0","0","0","2446","0","0","0","N","0","0","0","2","02446","0","","1.0","","2","N","N","","0","","0","0","1","","2","","","2","0","0","0","0","0","0","2","0","2","","","","N","","","","","","","","","",""
"2006033196","1957","2","0","0","0","0","0","0","0","0","4","0","","02","3","2006","6","40.447953","-79.781766","1956","11","0","0","0","0","0","0","1","0","","0","0","0","","","2","","2","","40 26:52.630","","1","79 46:54.357","4","0","0","0","2446","0","0","0","N","0","0","0","3","02446","2","","1.0","","1","N","N","","0","","0","0","0","","3","","","2","2","1","0","0","0","0","2","0","2","","","","N","","","","","","","","","",""
"2006033206","2152","1","0","0","0","0","0","0","0","0","7","0","","02","2","2006","2","40.669444","-79.714623","2145","11","0","0","0","0","0","0","0","0","","0","0","0","","","0","","0","","40 40:10.000","","0","79 42:52.642","0","0","0","0","2106","0","0","0","Y","0","0","0","3","68D02","0","","4.0","","7","N","N","","0","","0","0","0","","0","","","1","0","0","0","0","0","0","2","0","1","","","","N","","","","","","","","","",""
"2006033207","0705","1","0","0","0","0","0","0","0","0","7","0","","02","3","2006","6","","","0634","11","0","0","0","0","0","0","0","0","","0","0","0","","","0","","0","","40 26:25.08","","0","79 45:29.88","0","0","0","0","2446","0","0","0","Y","0","0","0","1","68B03","0","","4.0","","1","N","N","","0","","0","0","0","","0","","","1","0","0","0","0","0","0","2","0","1","","","","N","","","","","","","","","",""
"2006033208","0138","1","0","0","0","0","0","0","0","0","7","0","","02","2","2006","1","40.5443","-79.8361","0118","11","0","0","0","0","0","0","0","0","","0","0","0","","","1","","0","","40 32:39.480","","0","79 50:09.960","4","0","0","0","2208","0","0","0","N","0","0","0","1","68D02","1","","4.0","","1","N","N","","0","","0","0","0","","0","","","1","1","0","0","0","0","0","2","0","1","","","","N","","","","","","","","","",""
"2006033232","0646","1","0","0","0","0","0","0","0","0","7","0","","02","4","2006","3","40.389256","-79.946303","0645","11","0","0","0","0","0","0","0","0","","0","0","0","","","0","","0","","40 23:21.321","","0","79 56:46.690","0","0","0","0","2403","0","0","0","N","0","0","0","1","02403","0","","5.0","","9","N","N","","0","","0","0","0","","0","","","1","0","0","0","0","0","0","2","0","1","","","","N","","","","","","","","","",""
"2006033248","1102","1","0","0","0","0","0","0","0","0","4","0","","02","4","2006","3","40.5282","-79.7103","1057","11","0","0","0","0","1","0","0","0","1","0","0","0","","","1","","0","","40 31:41.520","2","0","79 42:37.080","4","0","0","0","2466","0","0","0","N","0","0","0","2","02466","1","","1.0","","1","N","N","","0","","0","0","0","","0","N","","2","1","0","0","0","0","0","1","1","2","","","","N","","","","","","","","","",""
"2006033251","0750","2","0","0","0","0","0","0","0","0","4","0","","02","4","2006","2","40.430604","-80.062024","0748","11","0","0","0","0","0","1","0","0","","0","0","0","","","0","","1","","40 25:50.175","","0","80 03:43.286","0","0","0","0","2421","0","0","0","N","0","0","0","2","02421","0","","1.0","","1","N","N","","0","","0","0","0","","3","","","2","0","1","0","0","0","0","2","0","2","","","","N","","","","","","","","","",""
"2006033263","0811","2","0","0","0","0","0","0","0","0","1","0","","02","4","2006","2","40.518799","-80.188708","0808","11","0","0","0","0","0","1","0","0","","0","0","0","","","0","","0","","40 31:07.676","","0","80 11:19.350","0","0","0","0","2213","0","0","0","N","0","0","0","2","02213","0","","1.0","","9","N","N","","0","","0","0","0","","0","","","2","0","0","0","0","0","0","2","0","2","","","","N","","","","","","","","","",""
"2006033264","1447","1","0","0","0","0","0","0","0","0","1","0","","02","4","2006","1","40.321944","-80.056705","1447","11","0","0","0","0","0","0","0","0","","0","0","0","","","1","","1","","40 19:19.000","","0","80 03:24.137","8","0","0","0","2407","0","0","0","N","0","0","0","4","02407","0","","1.0","","1","N","N","","0","","0","0","1","","0","","","2","1","0","0","0","1","0","2","0","2","","","","N","","","","","","","","","",""
"2006033265","1553","2","0","0","0","0","0","0","0","0","1","0","","02","3","2006","7","40.3575","-80.050352","1549","11","0","0","0","0","0","0","0","1","","0","0","0","","","1","","0","","40 21:27.000","","0","80 03:01.267","4","0","0","0","2407","0","0","0","N","0","0","0","5","02407","1","","1.0","","1","N","N","","0","","0","0","0","","0","","","2","1","0","0","0","0","0","2","0","2","","","","N","","","","","","","","","",""
"2006033266","1745","1","0","0","0","0","0","0","0","0","4","0","","02","3","2006","5","40.350353","-80.044423","1741","11","0","1","0","0","0","1","0","0","","0","0","0","","","1","","2","","40 21:01.270","","0","80 02:39.922","4","0","0","0","2407","0","0","0","N","0","0","0","5","02407","1","","1.0","","1","N","N","","0","","0","0","1","","3","","","2","1","0","0","0","0","0","2","0","2","","","","N","","","","","","","","","",""
"2006033451","1720","2","0","0","0","0","0","0","0","0","1","0","","02","4","2006","3","40.367905","-79.965712","1712","11","0","0","0","0","0","0","1","0","","0","0","0","","","0","","0","","40 22:04.458","","0","79 57:56.563","0","0","0","0","2476","0","0","0","N","0","0","0","1","02476","0","","1.0","","1","N","N","","0","","0","0","0","","0","","","2","0","0","0","0","0","0","2","0","2","","","","N","","","","","","","","","",""
"2006033461","0833","3","0","0","0","0","0","0","0","0","1","0","","02","3","2006","2","40.396667","-79.770796","0823","11","0","0","0","0","1","2","0","0","1","0","0","0","","","1","","0","","40 23:48.000","1","0","79 46:14.867","8","0","0","0","2446","0","0","0","Y","0","0","0","4","02446","0","","1.0","","1","N","N","","0","","0","0","1","","0","N","","4","1","0","0","0","1","0","2","0","4","","","","N","","","","","","","","","",""
"2006033471","0250","0","0","0","0","0","0","0","0","0","7","0","","02","2","2006","1","40.495","-79.9073","0220","11","0","0","0","0","0","0","0","0","2","0","0","0","","","0","","0","","40 29:42.000","1","0","79 54:26.280","0","0","0","0","2112","0","0","0","N","0","0","0","4","68D02","0","","3.0","","7","N","N","","1","","0","0","1","","0","N","","2","0","0","0","0","0","0","2","0","2","","","","N","","","","","","","","","",""
"2006033503","0749","1","0","0","0","0","0","0","0","0","7","0","","02","2","2006","7","","","0749","11","0","0","0","0","0","0","0","0","2","0","0","0","","","0","","0","","40 25:55.56","3","0","79 57:35.28","0","0","0","0","2301","0","0","0","N","0","0","0","1","68B03","0","","4.0","","2","N","N","","0","","0","0","0","","0","N","","1","0","0","0","0","0","0","2","0","1","","","","N","","","","","","","","","",""
"2006033504","0837","0","0","0","0","0","0","0","0","0","7","0","","02","2","2006","7","","","0837","11","0","0","0","0","0","0","0","0","","0","0","0","","","0","","0","","40 25:44.76","","0","79 56:38.04","0","0","0","0","2301","0","0","0","N","0","0","0","1","68B03","0","","4.0","","2","N","N","","1","","0","0","0","","0","","","1","0","0","0","0","0","0","2","0","1","","","","N","","","","","","","","","",""
"2006033505","0850","1","0","0","0","0","0","0","0","0","7","0","","02","2","2006","7","","","0825","11","0","0","0","0","0","0","0","0","2","0","0","0","","","0","","0","","40 25:51.24","4","0","79 57:27.72","0","0","0","0","2301","0","0","0","N","0","0","0","2","68B03","0","","4.0","","2","N","N","","1","","0","0","0","","0","N","","2","0","0","0","0","0","0","2","0","2","","","","N","","","","","","","","","",""
"2006033506","0933","0","0","0","0","0","0","0","0","0","7","0","","02","2","2006","7","","","0933","11","0","0","0","0","0","0","0","0","2","0","0","0","","","0","","0","","40 26:07.80","3","0","79 58:40.08","0","0","0","0","2301","0","0","0","N","0","0","0","3","68B03","0","","4.0","","2","N","N","","1","","0","0","0","","0","N","","1","0","0","0","0","0","0","2","0","1","","","","N","","","","","","","","","",""
"2006033551","0220","1","0","0","0","0","0","0","0","0","7","0","","02","3","2006","6","40.4559","-80.0294","0214","11","0","0","0","0","0","1","0","0","2","0","0","0","","","2","","0","","40 27:21.240","1","0","80 01:45.840","8","0","0","0","2301","0","0","0","N","0","0","0","2","02301","0","","4.0","","1","N","N","","0","","0","0","0","","0","N","","1","2","2","0","0","2","0","2","0","1","","","","N","","","","","","","","","",""
"2006033552","1259","1","0","0","0","0","0","0","0","0","4","0","","02","3","2006","3","40.445","-79.930342","1256","11","0","0","0","0","0","1","0","0","","0","0","0","","","2","","1","","40 26:42.000","","0","79 55:49.231","4","0","0","0","2301","0","0","0","N","0","0","0","2","02301","1","","1.0","","1","N","N","","0","","0","0","0","","0","","","2","2","0","0","0","1","0","2","1","2","","","","N","","","","","","","","","",""
"2006033553","1931","2","0","0","0","0","0","0","0","0","1","0","","02","3","2006","7","40.4649","-79.9798","1929","11","0","0","1","0","0","0","0","0","","0","0","0","","","0","","0","","40 27:53.640","","0","79 58:47.280","0","0","0","0","2301","0","0","0","N","0","0","0","3","02301","0","","1.0","","9","N","N","","0","","0","0","0","","0","","","2","0","0","0","0","0","0","2","0","2","","","","N","","","","","","","","","",""
"2006033554","1232","2","0","0","0","0","0","0","0","0","1","0","","02","3","2006","5","40.449444","-80.0183","1230","11","0","0","0","0","0","0","0","0","","0","0","0","","","1","","1","","40 26:58.000","","0","80 01:05.880","4","0","0","0","2301","0","0","0","N","0","0","0","3","02301","1","","1.0","","1","N","N","","0","","0","0","0","","2","","","2","1","0","0","0","0","0","2","0","2","","","","N","","","","","","","","","",""
"2006033555","2222","2","0","0","0","0","0","0","0","0","1","0","","02","3","2006","1","40.437428","-79.979527","2218","11","0","0","0","0","0","0","0","0","","0","0","0","","","1","","1","","40 26:14.740","","0","79 58:46.297","8","0","0","0","2301","0","0","0","N","0","0","0","7","02301","0","","1.0","","1","N","N","","1","","0","0","0","","0","","","3","1","0","0","0","1","0","2","0","3","","","","N","","","","","","","","","",""
"2006033556","1345","1","0","0","0","0","0","0","0","0","4","0","","02","3","2006","2","","","1332","11","0","0","0","0","0","0","0","0","","0","0","0","","","0","","0","","","","0","","0","0","0","0","2301","0","0","0","N","0","0","0","4","02301","0","","1.0","","1","N","N","","0","","0","0","0","","0","","","2","0","0","0","0","0","0","1","1","2","","","","N","","","","","","","","","",""
"2006033557","0916","2","0","0","0","0","0","0","0","0","4","0","","02","3","2006","4","40.458333","-79.957099","0907","11","0","0","0","0","0","0","0","0","","0","0","0","","","1","","1","","40 27:30.000","","0","79 57:25.557","8","0","0","0","2301","0","0","0","N","0","0","0","3","02301","0","","1.0","","1","N","N","","0","","0","0","0","","2","","","2","1","0","0","0","1","0","2","0","2","","","","N","","","","","","","","","",""
"2006033558","1926","2","0","0","0","0","0","0","0","0","5","0","","02","3","2006","4","40.438059","-80.004381","1924","11","0","0","0","0","0","0","0","0","","0","0","0","","","0","","1","","40 26:17.012","","0","80 00:15.771","0","0","0","0","2301","0","0","0","N","0","0","0","2","02301","0","","1.0","","1","N","N","","0","","0","0","0","","0","","","2","0","0","0","0","0","0","2","0","2","","","","N","","","","","","","","","",""
"2006033559","2101","2","0","0","0","0","0","0","0","0","4","0","","02","3","2006","4","40.452348","-79.982098","2057","11","0","0","0","0","0","0","0","0","2","0","0","0","","","2","","0","","40 27:08.452","4","0","79 58:55.552","4","0","0","0","2301","0","0","0","N","0","0","0","2","02301","2","","1.0","","1","N","N","","0","","0","0","2","","0","Y","","4","2","0","0","0","0","0","2","0","4","","","","N","","","","","","","","","",""
"2006033560","1015","0","0","0","0","0","0","0","0","0","7","1","","02","3","2006","5","40.431111","-79.959148","1002","11","0","0","0","0","0","1","0","0","","0","1","0","","","0","","2","","40 25:52.000","","1","79 57:32.932","0","0","0","0","2301","0","0","0","N","0","0","0","1","02301","0","","5.0","","1","N","N","","0","","0","0","0","","2","","","1","0","0","0","0","0","0","2","0","1","","","","N","","","","","","","","","",""
"2006033561","1531","1","0","0","1","0","0","0","0","0","8","0","","02","3","2006","3","40.422938","-80.024461","1523","11","0","0","0","0","0","1","0","0","","0","0","0","","","1","","2","","40 25:22.576","","0","80 01:28.059","4","0","0","0","2301","1","0","0","N","0","0","0","2","02301","1","","1.0","","1","N","N","","0","","0","0","0","","0","","","2","1","0","0","0","0","0","2","0","1","","","","N","","","","","","","","","",""
"2006033562","1845","1","0","0","0","0","0","0","0","0","7","0","","02","3","2006","3","","","1841","11","0","0","0","1","0","0","0","0","","0","0","0","","","0","","0","","","","0","","0","0","0","0","2301","0","0","0","N","0","0","0","2","02301","0","","5.0","","1","N","N","","0","","0","0","0","","0","","","1","0","0","0","0","0","0","1","0","1","","","","N","","","","","","","","","",""
"2006033563","0913","3","0","0","0","0","0","0","0","0","1","0","","02","3","2006","4","40.409314","-80.031985","0857","11","0","0","0","0","0","1","0","0","","0","0","0","","","1","","0","","40 24:33.530","","0","80 01:55.145","8","0","0","0","2301","0","0","0","N","0","0","0","3","02301","0","","1.0","","1","N","N","","0","","0","0","0","","0","","","3","1","0","0","0","1","0","2","0","3","","","","N","","","","","","","","","",""
"2006033564","1405","2","0","0","0","0","0","0","0","0","2","0","","02","3","2006","3","40.419732","-80.008377","1350","11","0","0","0","0","0","0","0","0","","0","0","0","","","0","","0","","40 25:11.035","","0","80 00:30.157","0","0","0","0","2301","0","0","0","N","0","0","0","3","02301","0","","1.0","","1","N","N","","0","","0","0","0","","0","","","2","0","0","0","0","0","0","2","0","2","","","","N","","","","","","","","","",""
"2006033565","0600","1","0","0","0","0","0","0","0","0","7","0","","02","3","2006","5","40.406111","-80.003629","0550","11","0","0","0","0","0","0","0","0","","0","0","0","","","0","","2","","40 24:22.000","","0","80 00:13.065","0","0","0","0","2301","0","0","0","N","0","0","0","0","02301","0","","4.0","","9","N","N","","0","","0","0","0","","0","","","1","0","0","0","0","0","0","2","0","1","","","","N","","","","","","","","","",""
"2006033566","1557","3","0","0","0","0","0","0","0","0","1","0","","02","3","2006","3","40.4141","-80.0095","1547","11","0","0","0","0","0","0","0","0","1","0","0","0","","","0","","0","","40 24:50.760","2","3","80 00:34.200","0","0","0","0","2301","0","0","0","N","0","0","0","3","02301","0","","1.0","","1","N","N","","0","","0","0","0","","0","N","","3","0","0","0","0","0","0","2","0","3","","","","N","","","","","","","","","",""
"2006033567","2210","1","0","0","0","0","0","0","0","0","7","0","","02","3","2006","1","40.380679","-79.998075","2202","11","0","1","0","0","0","0","0","0","","0","0","0","","","0","","3","","40 22:50.444","","0","79 59:53.070","0","0","0","0","2301","0","0","0","N","0","0","0","1","02301","0","","4.0","","1","N","N","","0","","0","0","0","","0","","","1","0","0","0","0","0","0","2","0","1","","","","N","","","","","","","","","",""
"2006033568","1624","0","0","0","0","0","0","0","0","0","7","0","","02","3","2006","3","","","1617","11","0","0","0","0","0","1","0","0","1","0","0","0","","","0","","0","","","6","0","","0","0","0","0","2301","0","0","0","N","0","0","0","1","02301","0","","5.0","","1","N","N","","1","","0","0","0","","0","Y","","2","0","0","0","0","0","0","1","0","1","","","","N","","","","","","","","","",""
"2006033600","1609","2","0","0","0","0","0","0","0","0","1","0","","02","3","2006","4","40.427441","-79.913686","1605","11","0","0","0","0","0","2","0","0","2","0","0","0","","","0","","0","","40 25:38.787","3","0","79 54:49.269","0","0","0","0","2301","0","0","0","N","0","0","0","2","02301","0","","1.0","","1","N","N","","0","","0","0","0","","0","N","","2","0","0","0","0","0","0","2","0","2","","","","N","","","","","","","","","",""
"2006033710","2109","1","0","0","0","0","0","0","0","0","7","0","","02","2","2006","4","","","2105","11","0","0","1","0","0","0","0","0","1","0","0","0","","","0","","0","","40 25:44.40","1","0","80 01:45.12","0","0","0","0","2301","0","0","0","N","0","0","0","1","68B03","0","","4.0","","1","N","N","","0","","0","0","0","","0","N","","1","0","0","0","0","0","0","2","0","1","","","","N","","","","","","","","","",""
"2006033711","1427","2","0","0","0","0","0","0","0","0","7","0","","02","2","2006","7","","","1425","11","0","0","0","0","0","1","1","0","1","0","0","0","","","2","","0","","40 25:53.76","4","0","79 57:30.60","4","0","0","0","2301","0","0","0","N","0","0","0","5","68B03","2","","4.0","","1","N","N","","0","","0","0","0","","0","N","","2","2","0","0","0","0","0","2","0","2","","","","N","","","","","","","","","",""
"2006033712","1157","2","0","0","0","0","0","0","0","0","1","0","","02","2","2006","2","","","1157","11","0","0","0","1","0","0","0","0","","0","0","0","","","1","","0","","40 26:27.60","","0","79 49:47.28","4","0","0","0","2113","0","0","0","N","0","0","0","4","68B03","1","","1.0","","9","N","N","","0","","0","0","0","","8","","","2","1","0","0","0","0","0","2","0","2","","","","N","","","","","","","","","",""
"2006033713","2256","1","0","0","0","0","0","0","0","0","7","0","","02","2","2006","4","40.554167","-80.116719","2250","11","0","0","0","0","0","0","0","0","","0","0","0","","","1","","0","","40 33:15.000","","0","80 07:00.188","4","0","0","0","2125","0","0","0","N","0","0","0","1","68B03","1","","2.0","","6","N","N","","0","","0","0","0","","0","","","1","1","0","0","0","0","0","2","0","1","","","","N","","","","","","","","","",""