"CRN","ARRIVAL_TM","AUTOMOBILE_COUNT","BELTED_DEATH_COUNT","BELTED_SUSP_SERIOUS_INJ_COUNT","BICYCLE_COUNT","BICYCLE_DEATH_COUNT","BICYCLE_SUSP_SERIOUS_INJ_COUNT","BUS_COUNT","CHLDPAS_DEATH_COUNT","CHLDPAS_SUSP_SERIOUS_INJ_COUNT","COLLISION_TYPE","COMM_VEH_COUNT","CONS_ZONE_SPD_LIM","COUNTY","CRASH_MONTH","CRASH_YEAR","DAY_OF_WEEK","DEC_LATITUDE","DEC_LONGITUDE","DISPATCH_TM","DISTRICT","DRIVER_COUNT_16YR","DRIVER_COUNT_17YR","DRIVER_COUNT_18YR","DRIVER_COUNT_19YR","DRIVER_COUNT_20YR","DRIVER_COUNT_50_64YR","DRIVER_COUNT_65_74YR","DRIVER_COUNT_75PLUS","EST_HRS_CLOSED","FATAL_COUNT","HEAVY_TRUCK_COUNT","HORSE_BUGGY_COUNT","HOUR_OF_DAY","ILLUMINATION","INJURY_COUNT","INTERSECTION_RELATED","INTERSECT_TYPE","LANE_CLOSED","LATITUDE","LN_CLOSE_DIR","LOCATION_TYPE","LONGITUDE","MAX_SEVERITY_LEVEL","MCYCLE_DEATH_COUNT","MCYCLE_SUSP_SERIOUS_INJ_COUNT","MOTORCYCLE_COUNT","MUNICIPALITY","NONMOTR_COUNT","NONMOTR_DEATH_COUNT","NONMOTR_SUSP_SERIOUS_INJ_COUNT","NTFY_HIWY_MAINT","PED_COUNT","PED_DEATH_COUNT","PED_SUSP_SERIOUS_INJ_COUNT","PERSON_COUNT","POLICE_AGCY","POSSIBLE_INJ_COUNT","RDWY_SURF_TYPE_CD","RELATION_TO_ROAD","ROADWAY_CLEARED","ROAD_CONDITION","SCH_BUS_IND","SCH_ZONE_IND","SECONDARY_CRASH","SMALL_TRUCK_COUNT","SPEC_JURIS_CD","SUSP_MINOR_INJ_COUNT","SUSP_SERIOUS_INJ_COUNT","SUV_COUNT","TCD_FUNC_CD","TCD_TYPE","TFC_DETOUR_IND","TIME_OF_DAY","TOTAL_UNITS","TOT_INJ_COUNT","UNBELTED_OCC_COUNT","UNB_DEATH_COUNT","UNB_SUSP_SERIOUS_INJ_COUNT","UNK_INJ_DEG_COUNT","UNK_INJ_PER_COUNT","URBAN_RURAL","VAN_COUNT","VEHICLE_COUNT","WEATHER1","WEATHER2","WORKERS_PRES","WORK_ZONE_IND","WORK_ZONE_LOC","WORK_ZONE_TYPE","WZ_CLOSE_DETOUR","WZ_FLAGGER","WZ_LAW_OFFCR_IND","WZ_LN_CLOSURE","WZ_MOVING","WZ_OTHER","WZ_SHLDER_MDN","WZ_WORKERS_INJ_KILLED"
"2006033756","0120","1","0","0","0","0","0","0","0","0","2","0","","02","3","2006","7","40.330682","-79.987328","0120","11","0","0","0","0","0","0","0","0","2","0","0","0","","","2","","0","","40 19:50.455","1","0","79 59:14.380","3","0","0","0","2219","0","0","0","N","0","0","0","2","02219","0","","1.0","","1","N","N","","0","","1","0","1","","2","N","","2","2","0","0","0","1","0","2","0","2","","","","N","","","","","","","","","",""
"2006033757","2136","2","0","0","0","0","0","0","0","0","4","0","","02","3","2006","1","40.322054","-79.99517","2132","11","0","1","0","0","0","1","0","0","1","0","0","0","","","1","","2","","40 19:19.394","1","0","79 59:42.612","4","0","0","0","2219","0","0","0","N","0","0","0","6","02219","1","","1.0","","1","N","N","","0","","0","0","0","","3","N","","2","1","0","0","0","0","0","2","0","2","","","","N","","","","","","","","","",""
"2006033963","0101","1","0","0","0","0","0","0","0","0","7","0","","02","4","2006","4","40.378611","-79.828232","0058","11","0","0","0","0","0","0","0","0","","0","0","0","","","1","","0","","40 22:43.000","","0","79 49:41.636","2","0","0","0","2111","0","0","0","N","0","0","0","1","02111","0","","3.0","","9","N","N","","0","","0","1","0","","0","","","1","1","1","0","1","0","0","2","0","1","","","","N","","","","","","","","","",""
"2006034275","2157","1","0","0","0","0","0","0","0","0","7","0","","02","2","2006","7","","","2150","11","0","0","0","0","0","0","0","0","","0","0","0","","","0","","0","","40 25:26.76","","0","80 06:36.00","0","0","0","0","2115","0","0","0","Y","0","0","0","1","68B03","0","","2.0","","9","N","N","","0","","0","0","0","","0","","","1","0","0","0","0","0","0","2","0","1","","","","N","","","","","","","","","",""
"2006034276","1528","2","0","0","0","0","0","0","0","0","1","0","","02","2","2006","4","","","1501","11","0","0","0","0","0","2","0","0","1","0","0","0","","","0","","0","","40 25:37.92","3","0","79 55:14.88","0","0","0","0","2301","0","0","0","N","0","0","0","3","68B03","0","","1.0","","9","N","N","","0","","0","0","1","","0","N","","3","0","0","0","0","0","0","2","0","3","","","","N","","","","","","","","","",""
"2006034277","0847","1","0","0","0","0","0","0","0","0","1","0","","02","2","2006","5","","","0846","11","0","0","0","0","0","2","0","0","2","0","0","0","","","0","","0","","40 24:53.28","2","0","80 04:59.88","0","0","0","0","2457","0","0","0","N","0","0","0","5","68B03","0","","1.0","","1","N","N","","1","","0","0","2","","0","N","","4","0","0","0","0","0","0","2","0","4","","","","N","","","","","","","","","",""
"2006034549","","3","0","0","0","0","0","0","0","0","1","0","","02","1","2006","7","","","","11","0","0","0","0","0","2","1","0","1","0","0","0","","","3","","0","","40 25:54.48","1","0","80 01:28.20","4","0","0","0","2301","0","0","0","N","0","0","0","5","68B03","3","","1.0","","1","N","N","","0","","0","0","1","","0","N","","4","3","0","0","0","0","0","2","0","4","","","","N","","","","","","","","","",""
"2006034550","","2","0","0","0","0","0","0","0","0","1","0","","02","3","2006","5","40.446111","-80.170722","","11","0","0","0","0","0","1","0","0","","0","0","0","","","1","","3","","40 26:46.000","","0","80 10:14.598","4","0","0","0","2214","0","0","0","N","0","0","0","2","68B03","1","","1.0","","9","N","N","","0","","0","0","0","","4","","","2","1","0","0","0","0","0","2","0","2","","","","N","","","","","","","","","",""
"2006034552","","0","0","0","0","0","0","0","0","0","7","0","","02","2","2006","2","40.651389","-80.094288","","11","0","0","0","0","0","1","0","0","","0","0","0","","","0","","0","","40 39:05.000","","0","80 05:39.437","0","0","0","0","2212","0","0","0","Y","0","0","0","1","68B03","0","","2.0","","1","N","N","","0","","0","0","0","","0","","","1","0","0","0","0","0","0","2","1","1","","","","N","","","","","","","","","",""
"2006034553","","2","0","0","0","0","0","0","0","0","6","0","","02","2","2006","4","","","","11","0","0","0","0","0","0","0","0","","0","0","0","","","2","","0","","40 28:22.08","","0","80 12:56.16","4","0","0","0","2203","0","0","0","N","0","0","0","2","68B03","2","","1.0","","1","N","N","","0","","0","0","0","","0","","","2","2","0","0","0","0","0","2","0","2","","","","N","","","","","","","","","",""
"2006034554","","1","0","0","0","0","0","0","0","0","7","0","","02","2","2006","7","","","","11","0","0","0","0","0","0","0","0","1","0","0","0","","","0","","2","","40 25:24.60","4","0","80 06:22.68","0","0","0","0","2115","0","0","0","N","0","0","0","1","68B03","0","","3.0","","6","N","N","","0","","0","0","0","","0","N","","1","0","0","0","0","0","0","2","0","1","","","","N","","","","","","","","","",""
"2006034555","","2","0","0","0","0","0","0","0","0","1","0","","02","2","2006","7","","","","11","0","0","0","1","0","1","0","0","","0","0","0","","","0","","6","","40 25:47.28","","2","79 57:25.20","0","0","0","0","2301","0","0","0","N","0","0","0","2","68B03","0","","1.0","","1","N","N","","0","","0","0","0","","4","","","2","0","0","0","0","0","0","2","0","2","","","","N","","","","","","","","","",""
"2006034556","","2","0","0","0","0","0","0","0","0","4","0","","02","2","2006","7","","","","11","0","0","0","0","0","0","0","0","2","0","0","0","","","1","","0","","40 27:08.28","1","0","80 10:22.80","4","0","0","0","2214","0","0","0","N","0","0","0","9","68B03","1","","1.0","","1","N","N","","0","","0","0","0","","0","N","","2","1","2","0","0","0","0","2","0","2","","","","N","","","","","","","","","",""
"2006034557","","0","0","0","0","0","0","0","0","0","7","0","","02","2","2006","7","","","","11","0","0","0","0","0","0","0","0","","0","0","0","","","0","","0","","40 27:45.72","","0","79 59:59.28","0","0","0","0","2301","0","0","0","N","0","0","0","1","68B03","0","","3.0","","2","N","N","","0","","0","0","1","","0","","","1","0","0","0","0","0","0","2","0","1","","","","N","","","","","","","","","",""
"2006034558","","2","0","0","0","0","0","0","0","0","1","0","","02","2","2006","7","","","","11","0","0","0","0","0","0","0","0","2","0","0","0","","","2","","0","","40 24:53.64","2","0","80 03:42.12","3","0","0","0","2435","0","0","0","N","0","0","0","4","68B03","1","","1.0","","1","N","N","","0","","1","0","0","","0","N","","2","2","3","0","0","0","1","2","0","2","","","","N","","","","","","","","","",""
"2006034638","","1","0","0","0","0","0","0","0","0","7","0","","02","3","2006","6","40.343588","-79.849415","","11","0","0","0","0","0","0","0","1","1","0","0","0","","","1","","1","","40 20:36.916","5","0","79 50:57.894","4","0","0","0","2304","0","0","0","N","0","0","0","2","02304","1","","5.0","","1","N","N","","0","","0","0","0","","0","N","","1","1","0","0","0","0","0","2","0","1","","","","N","","","","","","","","","",""
"2006034639","","1","0","0","0","0","0","0","0","0","7","0","","02","3","2006","4","","","","11","0","0","0","0","0","0","0","0","","0","0","0","","","1","","0","","","","0","","4","0","0","0","2304","0","0","0","N","0","0","0","2","02304","1","","5.0","","1","N","N","","0","","0","0","0","","0","","","1","1","0","0","0","0","0","1","0","1","","","","N","","","","","","","","","",""
"2006034640","","1","0","0","0","0","0","0","0","0","4","0","","02","3","2006","5","40.358056","-79.83185","","11","0","0","0","0","0","1","0","0","","0","0","0","","","2","","0","","40 21:29.000","","0","79 49:54.661","4","0","0","0","2304","0","0","0","N","0","0","0","3","02304","2","","1.0","","1","N","N","","1","","0","0","0","","0","","","2","2","0","0","0","0","0","2","0","2","","","","N","","","","","","","","","",""
"2006034641","","1","0","0","0","0","0","0","0","0","5","0","","02","3","2006","6","40.349444","-79.885815","","11","0","0","0","0","0","0","0","0","","0","0","0","","","1","","2","","40 20:58.000","","0","79 53:08.934","4","0","0","0","2423","0","0","0","N","0","0","0","3","02304","1","","2.0","","1","N","N","","0","","0","0","1","","0","","","2","1","0","0","0","0","1","2","0","2","","","","N","","","","","","","","","",""
"2006034642","","0","0","0","0","0","0","0","0","0","8","0","","02","3","2006","6","","","","11","0","0","0","0","0","0","0","0","","0","0","0","","","1","","10","","","","0","","8","0","0","0","2304","1","0","0","N","1","0","0","2","02304","0","","5.0","","9","N","N","","0","","0","0","1","","0","","","2","1","0","0","0","1","0","1","0","1","","","","N","","","","","","","","","",""
"2006034643","","2","0","0","0","0","0","0","0","0","7","0","","02","3","2006","7","","","","11","0","0","0","0","0","0","0","1","2","0","0","0","","","4","","6","","","6","2","","3","0","0","0","2304","0","0","0","N","0","0","0","4","02304","2","","2.0","","1","N","N","","0","","2","0","0","","0","Y","","2","4","0","0","0","0","0","1","0","2","","","","N","","","","","","","","","",""
"2006034644","","2","0","0","0","0","0","0","0","0","1","0","","02","3","2006","4","40.348967","-79.852891","","11","0","0","0","0","0","0","0","0","","0","0","0","","","1","","10","","40 20:56.281","","7","79 51:10.407","4","0","0","0","2304","0","0","0","N","0","0","0","2","02304","1","","9.0","","9","N","N","","0","","0","0","0","","0","","","3","1","0","0","0","0","0","2","1","3","","","","N","","","","","","","","","",""
"2006034645","","0","0","0","0","0","0","0","0","0","4","0","","02","3","2006","5","","","","11","0","0","0","0","0","1","0","0","","0","0","0","","","0","","2","","","","0","","0","0","0","0","2304","0","0","0","N","0","0","0","7","02304","0","","1.0","","9","N","N","","0","","0","0","0","","2","","","2","0","0","0","0","0","0","1","2","2","","","","N","","","","","","","","","",""
"2006034693","","0","0","0","0","0","0","0","0","0","7","0","","02","2","2006","4","40.447222","-80.164908","","11","0","0","0","0","0","0","0","0","","0","0","0","","","1","","7","","40 26:50.000","","2","80 09:53.670","4","0","0","0","2115","0","0","0","Y","0","0","0","1","68B03","1","","2.0","","1","N","N","","1","","0","0","0","","0","","","1","1","0","0","0","0","0","2","0","1","","","","N","","","","","","","","","",""
"2006034694","","1","0","0","0","0","0","0","0","0","1","0","","02","2","2006","1","40.5875","-80.099923","","11","0","0","0","1","0","0","1","0","","0","0","0","","","0","","0","","40 35:15.000","","0","80 05:59.721","0","0","0","0","2481","0","0","0","N","0","0","0","4","68B03","0","","1.0","","1","N","N","","0","","0","0","1","","0","","","2","0","0","0","0","0","0","2","0","2","","","","N","","","","","","","","","",""
"2006034695","","1","0","0","0","0","0","0","0","0","4","0","","02","3","2006","6","","","","11","0","0","0","0","0","1","0","0","","0","0","0","","","0","","0","","40 26:03.84","","0","79 59:23.28","0","0","0","0","2301","0","0","0","N","0","0","0","3","68B03","0","","1.0","","1","N","N","","1","","0","0","0","","0","","","3","0","0","0","0","0","0","2","0","3","","","","N","","","","","","","","","",""
"2006034696","","2","0","0","0","0","0","0","0","0","1","0","","02","2","2006","7","","","","11","0","0","0","0","0","1","0","0","2","0","0","0","","","1","","7","","40 26:29.04","3","2","79 45:41.76","3","0","0","0","2446","0","0","0","N","0","0","0","6","68B03","0","","1.0","","9","N","N","","1","","1","0","1","","0","N","","4","1","1","0","0","0","0","2","0","4","","","","N","","","","","","","","","",""
"2006034697","","2","0","0","0","0","0","0","0","0","1","0","","02","2","2006","2","","","","11","0","0","0","0","0","0","0","0","","0","0","0","","","1","","6","","40 26:11.76","","2","80 00:02.52","4","0","0","0","2301","0","0","0","N","0","0","0","2","68B03","1","","1.0","","1","N","N","","0","","0","0","0","","4","","","2","1","0","0","0","0","0","2","0","2","","","","N","","","","","","","","","",""
"2006034699","","1","0","0","0","0","0","0","0","0","1","0","","02","2","2006","3","","","","11","0","0","0","0","0","0","0","0","","0","0","0","","","0","","0","","40 30:03.96","","0","80 01:28.56","0","0","0","0","2301","0","0","0","N","0","0","0","2","68B03","0","","1.0","","1","N","N","","0","","0","0","1","","0","","","2","0","0","0","0","0","0","2","0","2","","","","N","","","","","","","","","",""
"2006034702","","4","0","0","0","0","0","0","0","0","1","0","","02","1","2006","6","40.4925","-79.949309","","11","0","0","0","0","0","2","0","0","","0","0","0","","","0","","6","","40 29:33.000","","2","79 56:57.513","0","0","0","0","2461","0","0","0","N","0","0","0","4","68D02","0","","1.0","","1","N","N","","0","","0","0","0","","0","","","4","0","0","0","0","0","0","2","0","4","","","","N","","","","","","","","","",""
"2006034708","","1","0","0","0","0","0","0","0","0","7","0","","02","2","2006","4","40.6125","-79.758311","","11","0","0","0","0","0","0","0","0","","0","0","0","","","1","","0","","40 36:45.000","","0","79 45:29.918","4","0","0","0","2465","0","0","0","N","0","0","0","1","68D02","1","","2.0","","1","N","N","","0","","0","0","0","","0","","","1","1","1","0","0","0","0","2","0","1","","","","N","","","","","","","","","",""
"2006034710","","0","0","0","0","0","0","0","0","0","7","0","","02","2","2006","4","40.5022","-79.8617","","11","0","0","0","0","0","1","0","0","2","0","0","0","","","0","","0","","40 30:07.920","2","3","79 51:42.120","0","0","0","0","2112","0","0","0","N","0","0","0","1","68D02","0","","2.0","","2","N","N","","0","","0","0","1","","0","N","","1","0","0","0","0","0","0","2","0","1","","","","N","","","","","","","","","",""
"2006034718","","4","0","0","0","0","0","0","0","0","1","0","","02","2","2006","1","","","","11","0","0","0","0","0","2","0","0","1","0","0","0","","","0","","0","","40 25:35.76","4","0","79 54:59.76","0","0","0","0","2426","0","0","0","N","0","0","0","8","68B03","0","","1.0","","1","N","N","","0","","0","0","0","","0","N","","4","0","0","0","0","0","0","2","0","4","","","","N","","","","","","","","","",""
"2006034869","","1","0","0","0","0","0","0","0","0","1","0","","02","3","2006","5","40.3837","-79.9311","","11","0","0","0","0","0","1","0","0","1","0","0","0","","","0","","0","","40 23:01.320","1","3","79 55:51.960","0","0","0","0","2301","0","0","0","N","0","0","0","2","02301","0","","1.0","","1","N","N","","0","","0","0","0","","0","N","","2","0","0","0","0","0","0","2","1","2","","","","N","","","","","","","","","",""
"2006034870","","1","0","0","0","0","0","0","0","0","7","0","","02","3","2006","5","40.436389","-79.963966","","11","0","0","0","0","0","0","0","0","1","0","0","0","","","0","","2","","40 26:11.000","4","0","79 57:50.278","0","0","0","0","2301","0","0","0","N","0","0","0","1","02301","0","","4.0","","1","N","N","","0","","0","0","0","","0","Y","","1","0","0","0","0","0","0","2","0","1","","","","N","","","","","","","","","",""
"2006034871","","1","0","0","0","0","0","0","0","0","1","0","","02","3","2006","3","","","","11","0","0","0","0","0","0","0","0","","0","0","0","","","1","","2","","","","0","","8","0","0","0","2301","0","0","0","N","0","0","0","2","02301","0","","1.0","","1","N","N","","0","","0","0","1","","3","","","2","1","1","0","0","1","0","1","0","2","","","","N","","","","","","","","","",""
"2006034872","","1","0","0","0","0","0","0","0","0","7","0","","02","3","2006","4","40.424722","-79.952994","","11","0","0","0","1","0","0","0","0","2","0","0","0","","","1","","1","","40 25:29.000","1","3","79 57:10.780","8","0","0","0","2301","0","0","0","N","0","0","0","1","02301","0","","4.0","","9","N","N","","0","","0","0","0","","0","N","","1","1","0","0","0","1","0","2","0","1","","","","N","","","","","","","","","",""
"2006034873","","0","0","0","0","0","0","0","0","0","7","0","","02","3","2006","4","40.405904","-79.941795","","11","0","0","0","0","0","0","0","0","","0","0","0","","","0","","0","","40 24:21.254","","0","79 56:30.462","9","0","0","0","2301","0","0","0","N","0","0","0","1","02301","0","","5.0","","1","N","N","","0","","0","0","2","","0","","","2","0","0","0","0","0","1","2","0","2","","","","N","","","","","","","","","",""
"2006034874","","0","0","0","0","0","0","0","0","0","7","0","","02","3","2006","6","","","","11","0","0","0","0","0","0","0","0","","0","1","0","","","0","","10","","","","0","","9","0","0","0","2301","0","0","0","N","0","0","0","1","02301","0","","7.0","","1","N","N","","0","","0","0","0","","0","","","1","0","0","0","0","0","1","1","0","1","","","","N","","","","","","","","","",""
"2006034875","","2","0","0","0","0","0","0","0","0","4","0","","02","3","2006","2","","","","11","0","0","0","0","0","2","0","0","2","0","0","0","","","2","","0","","","3","0","","3","0","0","0","2301","0","0","0","N","0","0","0","3","02301","0","","1.0","","1","N","N","","0","","1","0","0","","0","N","","2","2","1","0","0","1","0","1","0","2","","","","N","","","","","","","","","",""
"2006034876","","1","0","0","0","0","0","0","0","0","7","0","","02","3","2006","5","40.427301","-79.913496","","11","0","0","0","0","0","0","0","1","9","0","0","0","","","1","","0","","40 25:38.283","5","0","79 54:48.585","3","0","0","0","2301","0","0","0","N","0","0","0","1","02301","0","","4.0","","1","N","N","","0","","1","0","0","","0","Y","","1","1","1","0","0","0","0","2","0","1","","","","N","","","","","","","","","",""
"2006034877","","2","0","0","0","0","0","0","0","0","4","0","","02","3","2006","7","","","","11","0","0","0","0","0","0","0","1","","0","0","0","","","1","","1","","","","0","","8","0","0","0","2301","0","0","0","N","0","0","0","2","02301","0","","1.0","","9","N","N","","0","","0","0","0","","2","","","2","1","0","0","0","1","0","1","0","2","","","","N","","","","","","","","","",""
"2006034878","","2","0","0","0","0","0","0","0","0","4","0","","02","3","2006","5","40.421782","-79.929769","","11","0","0","0","0","0","2","0","0","1","0","0","0","","","1","","1","","40 25:18.415","1","0","79 55:47.168","8","0","0","0","2301","0","0","0","N","0","0","0","2","02301","0","","1.0","","1","N","N","","0","","0","0","0","","3","N","","2","1","0","0","0","1","0","2","0","2","","","","N","","","","","","","","","",""
"2006035037","","0","0","0","0","0","0","0","0","0","1","0","","02","2","2006","1","40.356389","-80.11834","","11","0","0","0","0","0","0","0","0","","0","0","0","","","0","","0","","40 21:23.000","","0","80 07:06.023","0","0","0","0","2119","0","0","0","N","0","0","0","2","68B03","0","","1.0","","1","N","N","","0","","0","0","2","","0","","","2","0","0","0","0","0","0","2","0","2","","","","N","","","","","","","","","",""
"2006035038","","1","0","0","0","0","0","0","0","0","7","0","","02","2","2006","7","40.3969","-80.1027","","11","0","0","0","0","0","0","0","0","","0","0","0","","","1","","0","","40 23:48.840","","2","80 06:09.720","8","0","0","0","2102","0","0","0","N","0","0","0","1","68B03","0","","4.0","","1","N","N","","0","","0","0","0","","0","","","1","1","0","0","0","1","0","2","0","1","","","","N","","","","","","","","","",""
"2006035039","","3","0","0","0","0","0","0","0","0","1","0","","02","2","2006","1","","","","11","0","0","0","0","0","1","0","0","","0","0","0","","","0","","0","","40 25:37.92","","0","79 55:14.88","0","0","0","0","2301","0","0","0","N","0","0","0","7","68B03","0","","1.0","","9","N","N","","0","","0","0","0","","0","","","3","0","0","0","0","0","0","2","0","3","","","","N","","","","","","","","","",""
"2006035040","","1","0","0","0","0","0","0","0","0","1","0","","02","2","2006","1","","","","11","0","0","0","0","0","0","0","0","","0","0","0","","","1","","0","","40 26:10.32","","3","79 58:21.00","4","0","0","0","2301","0","0","0","N","0","0","0","3","68B03","1","","1.0","","1","N","N","","1","","0","0","0","","0","","","3","1","0","0","0","0","0","2","1","3","","","","N","","","","","","","","","",""
"2006035041","","1","0","0","0","0","0","0","0","0","1","0","","02","2","2006","6","","","","11","0","0","0","0","0","0","0","1","","0","1","0","","","1","","0","","40 25:37.92","","0","79 55:09.84","4","0","0","0","2301","0","0","0","N","0","0","0","2","68B03","1","","1.0","","1","N","N","","0","","0","0","0","","0","","","2","1","0","0","0","0","0","2","0","2","","","","N","","","","","","","","","",""
"2006035042","","1","0","0","0","0","0","0","0","0","1","0","","02","2","2006","6","","","","11","0","0","0","0","0","1","0","0","","0","0","0","","","0","","0","","40 25:14.88","","0","80 02:53.16","0","0","0","0","2301","0","0","0","N","0","0","0","2","68B03","0","","1.0","","1","N","N","","1","","0","0","0","","0","","","2","0","0","0","0","0","0","2","0","2","","","","N","","","","","","","","","",""
"2006035043","","3","0","0","0","0","0","0","0","0","1","0","","02","1","2006","3","","","","11","0","0","0","0","0","0","0","0","","0","0","0","","","0","","0","","","","0","","0","0","0","0","2435","0","0","0","N","0","0","0","3","68B03","0","","1.0","","1","N","N","","0","","0","0","0","","0","","","3","0","0","0","0","0","0","1","0","3","","","","N","","","","","","","","","",""
"2006035044","","2","0","0","0","0","0","0","0","0","5","0","","02","1","2006","6","","","","11","0","0","0","0","0","0","0","0","","0","0","0","","","0","","0","","40 25:53.76","","0","80 01:30.72","0","0","0","0","2301","0","0","0","N","0","0","0","2","68B03","0","","1.0","","1","N","N","","0","","0","0","0","","0","","","2","0","0","0","0","0","0","2","0","2","","","","N","","","","","","","","","",""
"2006035045","","1","0","0","0","0","0","0","0","0","5","0","","02","3","2006","6","40.4267","-80.2954","","11","0","0","0","0","0","1","0","0","1","0","0","0","","","1","","0","","40 25:36.120","3","0","80 17:43.440","4","0","0","0","2115","0","0","0","N","0","0","0","3","68B03","1","","1.0","","1","N","N","","0","","0","0","1","","0","N","","2","1","0","0","0","0","0","1","0","2","","","","N","","","","","","","","","",""
"2006035046","","1","0","0","0","0","0","0","0","0","7","0","","02","2","2006","7","","","","11","0","0","0","0","0","0","0","0","9","0","0","0","","","0","","0","","40 25:55.56","3","0","79 57:35.28","0","0","0","0","2301","0","0","0","N","0","0","0","2","68B03","0","","4.0","","2","N","N","","0","","0","0","1","","0","N","","2","0","0","0","0","0","0","2","0","2","","","","N","","","","","","","","","",""
"2006035047","","1","0","0","0","0","0","0","0","0","7","0","","02","2","2006","5","","","","11","0","0","0","0","0","0","0","0","","0","0","0","","","1","","0","","40 28:26.40","","0","80 00:21.96","3","0","0","0","2301","0","0","0","N","0","0","0","1","68B03","0","","1.0","","1","N","N","","0","","1","0","0","","0","","","1","1","1","0","0","0","0","2","0","1","","","","N","","","","","","","","","",""
"2006035048","","1","0","0","0","0","0","0","0","0","7","0","","02","3","2006","1","","","","11","0","0","0","0","0","0","0","0","","0","0","0","","","0","","0","","40 32:26.16","","0","80 04:49.80","0","0","0","0","2481","0","0","0","N","0","0","0","1","68B03","0","","3.0","","1","N","N","","0","","0","0","0","","0","","","1","0","0","0","0","0","0","2","0","1","","","","N","","","","","","","","","",""
"2006035063","","1","0","0","0","0","0","0","0","0","1","0","","02","2","2006","3","40.526389","-80.159123","","11","0","0","0","0","0","1","0","0","1","0","0","0","","","0","","1","","40 31:35.000","2","0","80 09:32.842","0","0","0","0","2436","0","0","0","N","0","0","0","2","68B03","0","","1.0","","1","N","N","","0","","0","0","0","","2","N","","2","0","0","0","0","0","0","2","1","2","","","","N","","","","","","","","","",""
"2006035206","","3","0","0","0","0","0","0","0","0","1","0","","02","3","2006","4","40.473056","-79.820598","","11","0","2","0","0","0","2","0","0","1","0","0","0","","","1","","0","","40 28:23.000","3","0","79 49:14.151","4","0","0","0","2113","0","0","0","N","0","0","0","11","02113","1","","1.0","","9","N","N","","0","","0","0","0","","0","N","","4","1","1","0","0","0","0","2","1","4","","","","N","","","","","","","","","",""
"2006035207","","1","0","0","0","0","0","0","0","0","7","0","","02","3","2006","7","40.464005","-79.857977","","11","0","1","0","0","0","0","0","0","","0","0","0","","","0","","0","","40 27:50.418","","0","79 51:28.717","0","0","0","0","2113","0","0","0","N","0","0","0","1","02113","0","","5.0","","1","N","N","","0","","0","0","0","","0","","","1","0","0","0","0","0","0","2","0","1","","","","N","","","","","","","","","",""
"2006035311","","1","0","0","0","0","0","0","0","0","5","0","","02","3","2006","4","","","","11","0","0","0","0","1","0","0","0","2","0","0","0","","","1","","0","","40 26:30.12","4","0","79 50:12.12","4","0","0","0","2419","0","0","0","N","0","0","0","2","68B03","1","","1.0","","1","N","N","","0","","0","0","1","","0","N","","2","1","0","0","0","0","0","2","0","2","","","","N","","","","","","","","","",""
"2006035312","","1","0","0","0","0","0","0","0","0","7","0","","02","2","2006","2","40.426935","-80.294931","","11","0","0","0","0","0","0","0","0","","0","0","0","","","0","","0","","40 25:36.965","","0","80 17:41.752","0","0","0","0","2214","0","0","0","N","0","0","0","1","68B03","0","","3.0","","2","N","N","","0","","0","0","0","","0","","","1","0","0","0","0","0","0","1","0","1","","","","N","","","","","","","","","",""
"2006035313","","0","0","0","0","0","0","0","0","0","7","0","99","02","2","2006","2","","","","11","0","0","0","0","0","0","0","0","","0","0","0","","","0","","0","","40 30:35.64","","0","80 16:47.28","0","0","0","0","2203","0","0","0","N","0","0","0","1","68B03","0","","5.0","","2","N","N","","0","","0","0","1","","0","","","1","0","0","0","0","0","0","2","0","1","","","U","Y","8","8","","","U","","","","",""
"2006035314","","1","0","0","0","0","0","0","0","0","1","0","55","02","2","2006","2","","","","11","0","0","0","0","0","0","0","0","","0","0","0","","","0","","0","","40 30:35.64","","0","80 16:47.28","0","0","0","0","2203","0","0","0","N","0","0","0","2","68B03","0","","1.0","","2","N","N","","0","","0","0","1","","0","","","2","0","0","0","0","0","0","2","0","2","","","N","Y","4","1","","","N","","Y","","Y",""
"2006035315","","2","0","0","0","0","0","0","0","0","5","0","","02","2","2006","1","","","","11","0","0","0","0","0","0","0","0","","0","0","0","","","0","","0","","40 26:03.12","","0","79 52:07.32","0","0","0","0","2426","0","0","0","N","0","0","0","3","68B03","0","","1.0","","7","N","N","","0","","0","0","0","","0","","","2","0","0","0","0","0","0","2","0","2","","","","N","","","","","","","","","",""
"2006035317","","1","0","0","0","0","0","0","0","0","7","0","","02","2","2006","7","","","","11","0","0","0","0","0","0","0","0","","0","0","0","","","0","","0","","40 25:35.76","","0","79 54:59.76","0","0","0","0","2426","0","0","0","N","0","0","0","1","68B03","0","","2.0","","6","N","N","","0","","0","0","0","","0","","","1","0","0","0","0","0","0","2","0","1","","","","N","","","","","","","","","",""
"2006035382","","2","0","0","0","0","0","0","0","0","1","0","","02","4","2006","4","","","","11","0","0","0","0","0","0","0","1","","0","0","0","","","0","","5","","","","0","","0","0","0","0","2424","0","0","0","N","0","0","0","2","02424","0","","1.0","","1","N","N","","0","","0","0","0","","3","","","2","0","0","0","0","0","0","1","0","2","","","","N","","","","","","","","","",""