"CRN","ARRIVAL_TM","AUTOMOBILE_COUNT","BELTED_DEATH_COUNT","BELTED_SUSP_SERIOUS_INJ_COUNT","BICYCLE_COUNT","BICYCLE_DEATH_COUNT","BICYCLE_SUSP_SERIOUS_INJ_COUNT","BUS_COUNT","CHLDPAS_DEATH_COUNT","CHLDPAS_SUSP_SERIOUS_INJ_COUNT","COLLISION_TYPE","COMM_VEH_COUNT","CONS_ZONE_SPD_LIM","COUNTY","CRASH_MONTH","CRASH_YEAR","DAY_OF_WEEK","DEC_LATITUDE","DEC_LONGITUDE","DISPATCH_TM","DISTRICT","DRIVER_COUNT_16YR","DRIVER_COUNT_17YR","DRIVER_COUNT_18YR","DRIVER_COUNT_19YR","DRIVER_COUNT_20YR","DRIVER_COUNT_50_64YR","DRIVER_COUNT_65_74YR","DRIVER_COUNT_75PLUS","EST_HRS_CLOSED","FATAL_COUNT","HEAVY_TRUCK_COUNT","HORSE_BUGGY_COUNT","HOUR_OF_DAY","ILLUMINATION","INJURY_COUNT","INTERSECTION_RELATED","INTERSECT_TYPE","LANE_CLOSED","LATITUDE","LN_CLOSE_DIR","LOCATION_TYPE","LONGITUDE","MAX_SEVERITY_LEVEL","MCYCLE_DEATH_COUNT","MCYCLE_SUSP_SERIOUS_INJ_COUNT","MOTORCYCLE_COUNT","MUNICIPALITY","NONMOTR_COUNT","NONMOTR_DEATH_COUNT","NONMOTR_SUSP_SERIOUS_INJ_COUNT","NTFY_HIWY_MAINT","PED_COUNT","PED_DEATH_COUNT","PED_SUSP_SERIOUS_INJ_COUNT","PERSON_COUNT","POLICE_AGCY","POSSIBLE_INJ_COUNT","RDWY_SURF_TYPE_CD","RELATION_TO_ROAD","ROADWAY_CLEARED","ROAD_CONDITION","SCH_BUS_IND","SCH_ZONE_IND","SECONDARY_CRASH","SMALL_TRUCK_COUNT","SPEC_JURIS_CD","SUSP_MINOR_INJ_COUNT","SUSP_SERIOUS_INJ_COUNT","SUV_COUNT","TCD_FUNC_CD","TCD_TYPE","TFC_DETOUR_IND","TIME_OF_DAY","TOTAL_UNITS","TOT_INJ_COUNT","UNBELTED_OCC_COUNT","UNB_DEATH_COUNT","UNB_SUSP_SERIOUS_INJ_COUNT","UNK_INJ_DEG_COUNT","UNK_INJ_PER_COUNT","URBAN_RURAL","VAN_COUNT","VEHICLE_COUNT","WEATHER1","WEATHER2","WORKERS_PRES","WORK_ZONE_IND","WORK_ZONE_LOC","WORK_ZONE_TYPE","WZ_CLOSE_DETOUR","WZ_FLAGGER","WZ_LAW_OFFCR_IND","WZ_LN_CLOSURE","WZ_MOVING","WZ_OTHER","WZ_SHLDER_MDN","WZ_WORKERS_INJ_KILLED"
"2006035424","","2","0","0","0","0","0","0","0","0","2","0","","02","4","2006","4","40.492535","-80.049406","","11","0","0","0","0","0","0","0","0","","0","0","0","","","2","","1","","40 29:33.126","","0","80 02:57.861","4","0","0","0","2404","0","0","0","N","0","0","0","2","02404","2","","1.0","","1","N","N","","0","","0","0","0","","2","","","2","2","0","0","0","0","0","2","0","2","","","","N","","","","","","","","","",""
"2006035429","","0","0","0","0","0","0","0","0","0","7","0","","02","3","2006","1","40.561279","-79.987517","","11","0","0","0","0","0","0","0","0","","0","0","0","","","0","","2","","40 33:40.603","","0","79 59:15.060","0","0","0","0","2207","0","0","0","N","0","0","0","1","02207","0","","5.0","","1","N","N","","0","","0","0","1","","0","","","1","0","1","0","0","0","0","2","0","1","","","","N","","","","","","","","","",""
"2006035430","","1","0","0","0","0","0","0","0","0","7","0","","02","4","2006","4","40.521667","-80.042215","","11","1","0","0","0","0","0","0","0","","0","0","0","","","0","","0","","40 31:18.000","","0","80 02:31.974","9","0","0","0","2474","0","0","0","Y","0","0","0","1","02474","0","","4.0","","1","N","N","","0","","0","0","0","","0","","","1","0","0","0","0","0","1","2","0","1","","","","N","","","","","","","","","",""
"2006035436","","1","0","0","0","0","0","0","0","0","4","0","","02","3","2006","3","","","","11","0","0","0","0","0","0","0","0","1","0","0","0","","","2","","0","","","2","0","","3","0","0","0","2213","0","0","0","N","0","0","0","3","02213","1","","1.0","","1","N","N","","0","","1","0","1","","0","N","","2","2","1","0","0","0","0","1","0","2","","","","N","","","","","","","","","",""
"2006035513","","2","0","0","0","0","0","0","0","0","4","0","","02","3","2006","1","40.327222","-79.840229","","11","0","0","0","0","0","0","1","0","","0","0","0","","","0","","2","","40 19:38.000","","0","79 50:24.825","0","0","0","0","2304","0","0","0","N","0","0","0","1","02304","0","","2.0","","9","N","N","","0","","0","0","0","","2","","","2","0","0","0","0","0","0","2","0","2","","","","N","","","","","","","","","",""
"2006035525","","2","0","0","0","0","0","0","0","0","4","0","","02","3","2006","3","40.552771","-80.022695","","11","0","0","0","0","0","0","0","0","1","0","0","0","","","1","","0","","40 33:09.975","6","0","80 01:21.702","4","0","0","0","2116","0","0","0","N","0","0","0","2","02116","1","","1.0","","1","N","N","","0","","0","0","0","","0","Y","","2","1","0","0","0","0","0","2","0","2","","","","N","","","","","","","","","",""
"2006035547","","2","0","0","0","0","0","0","0","0","5","0","","02","4","2006","3","40.576667","-79.954454","","11","0","0","0","0","0","2","1","0","2","0","0","0","","","2","","0","","40 34:36.000","2","0","79 57:16.035","4","0","0","0","2207","0","0","0","N","0","0","0","7","02207","2","","1.0","","1","N","N","","0","","0","0","1","","0","N","","4","2","0","0","0","0","0","2","1","4","","","","N","","","","","","","","","",""
"2006035560","","2","0","0","0","0","0","0","0","0","1","0","","02","3","2006","6","","","","11","0","0","0","0","0","1","0","0","","0","0","0","","","1","","0","","","","3","","4","0","0","0","2456","0","0","0","N","0","0","0","1","02456","1","","1.0","","2","N","N","","0","","0","0","0","","0","","","2","1","0","0","0","0","0","1","0","2","","","","N","","","","","","","","","",""
"2006035562","","1","0","0","0","0","0","0","0","0","4","0","","02","3","2006","2","","","","11","0","0","0","0","0","0","0","0","1","0","0","0","","","0","","1","","","4","0","","0","0","0","0","2301","0","0","0","N","0","0","0","2","02301","0","","1.0","","1","N","N","","0","","0","0","2","","3","N","","3","0","0","0","0","0","0","1","0","3","","","","N","","","","","","","","","",""
"2006035563","","1","0","0","0","0","0","0","0","0","8","0","","02","3","2006","3","40.489444","-80.018327","","11","0","0","0","0","0","0","0","0","","0","0","0","","","1","","5","","40 29:22.000","","0","80 01:05.977","4","0","0","0","2301","1","0","0","N","1","0","0","2","02301","1","","1.0","","1","N","N","","0","","0","0","0","","2","","","2","1","0","0","0","0","0","2","0","1","","","","N","","","","","","","","","",""
"2006035564","","1","0","0","0","0","0","0","0","0","7","0","","02","3","2006","7","40.474626","-79.881325","","11","0","0","0","0","0","0","0","0","2","0","0","0","","","0","","0","","40 28:28.653","6","0","79 52:52.770","0","0","0","0","2301","0","0","0","N","0","0","0","2","02301","0","","4.0","","1","N","N","","0","","0","0","0","","0","Y","","1","0","0","0","0","0","0","2","0","1","","","","N","","","","","","","","","",""
"2006035565","","2","0","0","0","0","0","0","0","0","2","0","","02","3","2006","2","","","","11","0","0","0","0","0","0","0","0","","0","0","0","","","0","","3","","","","0","","0","0","0","0","2301","0","0","0","N","0","0","0","2","02301","0","","1.0","","1","N","N","","0","","0","0","0","","2","","","2","0","0","0","0","0","0","1","0","2","","","","N","","","","","","","","","",""
"2006035566","","3","0","0","0","0","0","0","0","0","1","0","","02","3","2006","3","","","","11","0","0","0","0","0","0","0","0","","0","0","0","","","1","","1","","","","0","","8","0","0","0","2301","0","0","0","N","0","0","0","4","02301","0","","1.0","","1","N","N","","0","","0","0","0","","2","","","3","1","1","0","0","1","1","1","0","3","","","","N","","","","","","","","","",""
"2006035567","","1","0","0","0","0","0","0","0","0","2","0","","02","3","2006","2","40.395124","-79.986798","","11","0","0","0","0","0","0","1","0","1","0","0","0","","","1","","2","","40 23:42.446","3","0","79 59:12.472","4","0","0","0","2301","0","0","0","N","0","0","0","2","02301","1","","1.0","","1","N","N","","0","","0","0","1","","0","N","","2","1","1","0","0","0","0","2","0","2","","","","N","","","","","","","","","",""
"2006035568","","1","0","0","0","0","0","0","0","0","1","0","","02","3","2006","2","40.4444","-80.0282","","11","0","0","0","0","0","0","0","0","1","0","0","0","","","0","","7","","40 26:39.840","4","8","80 01:41.520","0","0","0","0","2301","0","0","0","N","0","0","0","2","02301","0","","1.0","","1","N","N","","1","","0","0","0","","0","N","","2","0","0","0","0","0","0","2","0","2","","","","N","","","","","","","","","",""
"2006035569","","2","0","0","0","0","0","0","0","0","4","0","","02","3","2006","7","40.425548","-79.968537","","11","0","0","0","0","0","0","0","0","","0","0","0","","","0","","0","","40 25:31.972","","0","79 58:06.733","0","0","0","0","2301","0","0","0","N","0","0","0","3","02301","0","","1.0","","1","N","N","","0","","0","0","0","","3","","","2","0","1","0","0","0","0","2","0","2","","","","N","","","","","","","","","",""
"2006035570","","0","0","0","0","0","0","0","0","0","1","0","","02","3","2006","3","40.396111","-79.998144","","11","0","0","0","0","0","1","0","0","","0","0","0","","","0","","1","","40 23:46.000","","0","79 59:53.318","0","0","0","0","2301","0","0","0","N","0","0","0","2","02301","0","","1.0","","1","N","N","","1","","0","0","1","","2","","","2","0","0","0","0","0","0","2","0","2","","","","N","","","","","","","","","",""
"2006035580","","2","0","0","0","0","0","0","0","0","4","0","","02","3","2006","2","","","","11","0","0","0","0","0","0","0","0","1","0","0","0","","","0","","1","","","2","0","","0","0","0","0","2301","0","0","0","N","0","0","0","2","02301","0","","1.0","","1","N","N","","0","","0","0","0","","2","Y","","2","0","0","0","0","0","0","1","0","2","","","","N","","","","","","","","","",""
"2006035581","","0","0","0","0","0","0","0","0","0","8","0","","02","3","2006","2","40.4627","-80.0518","","11","0","0","0","0","0","0","0","0","","0","0","0","","","1","","2","","40 27:45.720","","0","80 03:06.480","4","0","0","0","2301","1","0","0","N","1","0","0","2","02301","1","","1.0","","1","N","N","","0","","0","0","0","","2","","","2","1","0","0","0","0","1","2","0","1","","","","N","","","","","","","","","",""
"2006035618","","2","0","0","0","0","0","0","0","0","1","0","","02","2","2006","5","","","","11","0","0","0","0","0","1","0","0","2","0","0","0","","","1","","0","","40 26:06.36","4","0","79 59:03.84","4","0","0","0","2301","0","0","0","N","0","0","0","2","68B03","1","","1.0","","1","N","N","","0","","0","0","0","","0","N","","2","1","0","0","0","0","0","2","0","2","","","","N","","","","","","","","","",""
"2006035821","","1","0","0","0","0","0","0","0","0","7","0","","02","1","2006","2","","","","11","0","0","0","1","0","0","0","0","","0","0","0","","","0","","0","","40 28:04.80","","0","80 12:03.24","0","0","0","0","2213","0","0","0","N","0","0","0","2","68B03","0","","2.0","","1","N","N","","0","","0","0","0","","0","","","1","0","0","0","0","0","0","2","0","1","","","","N","","","","","","","","","",""
"2006035890","","1","0","0","0","0","0","0","0","0","1","0","","02","3","2006","3","40.413829","-79.850973","","11","0","0","0","0","1","0","0","0","","0","0","0","","","3","","2","","40 24:49.784","","0","79 51:03.502","8","0","0","0","2411","0","0","0","N","0","0","0","4","02411","0","","1.0","","1","N","N","","1","","0","0","0","","0","","","2","3","2","0","0","3","0","2","0","2","","","","N","","","","","","","","","",""
"2006035895","","1","0","0","0","0","0","0","0","0","7","0","","02","2","2006","7","","","","11","0","0","0","0","0","0","0","0","1","0","0","0","","","0","","0","","40 25:35.76","4","0","79 54:59.76","0","0","0","0","2426","0","0","0","N","0","0","0","1","68B03","0","","2.0","","9","N","N","","0","","0","0","0","","0","N","","1","0","0","0","0","0","0","2","0","1","","","","N","","","","","","","","","",""
"2006035896","","1","0","0","0","0","0","0","0","0","7","0","","02","2","2006","2","","","","11","0","0","0","0","0","0","0","0","2","0","0","0","","","1","","0","","40 26:10.32","4","0","79 58:21.00","3","0","0","0","2301","0","0","0","N","0","0","0","1","68B03","0","","4.0","","9","N","N","","0","","1","0","0","","0","N","","1","1","0","0","0","0","0","2","0","1","","","","N","","","","","","","","","",""
"2006035940","","2","0","0","0","0","0","0","0","0","2","0","","02","3","2006","3","40.459722","-79.924988","","11","0","0","0","0","0","0","0","0","","0","0","0","","","0","","1","","40 27:35.000","","0","79 55:29.957","0","0","0","0","2301","0","0","0","N","0","0","0","2","02301","0","","1.0","","1","N","N","","0","","0","0","0","","2","","","2","0","0","0","0","0","0","2","0","2","","","","N","","","","","","","","","",""
"2006035941","","1","0","0","0","0","0","0","0","0","7","0","","02","3","2006","2","40.4873","-79.9403","","11","0","0","0","0","0","1","0","0","3","0","0","0","","","2","","0","","40 29:14.280","6","0","79 56:25.080","4","0","0","0","2301","0","0","0","N","0","0","0","2","02301","2","","5.0","","1","N","N","","0","","0","0","0","","0","Y","","1","2","0","0","0","0","0","2","0","1","","","","N","","","","","","","","","",""
"2006035942","","1","0","0","0","0","0","0","0","0","7","0","","02","3","2006","2","40.467751","-79.928092","","11","0","0","0","0","1","0","0","0","1","0","0","0","","","3","","1","","40 28:03.903","1","0","79 55:41.131","2","0","0","0","2301","0","0","0","N","0","0","0","3","02301","0","","5.0","","1","N","N","","0","","0","2","0","","1","Y","","1","3","0","0","0","1","0","2","0","1","","","","N","","","","","","","","","",""
"2006035943","","2","0","0","0","0","0","0","0","0","6","0","","02","3","2006","2","40.453889","-79.949469","","11","0","0","0","0","0","1","0","0","","0","0","0","","","1","","1","","40 27:14.000","","0","79 56:58.090","8","0","0","0","2301","0","0","0","N","0","0","0","2","02301","0","","1.0","","1","N","N","","0","","0","0","0","","3","","","2","1","0","0","0","1","0","2","0","2","","","","N","","","","","","","","","",""
"2006035944","","1","0","0","0","0","0","0","0","0","1","0","","02","3","2006","2","40.4865","-79.9132","","11","0","0","1","0","0","0","0","0","","0","0","0","","","0","","6","","40 29:11.400","","2","79 54:47.520","0","0","0","0","2301","0","0","0","N","0","0","0","2","02301","0","","1.0","","1","N","N","","0","","0","0","1","","0","","","2","0","0","0","0","0","0","2","0","2","","","","N","","","","","","","","","",""
"2006035987","","0","0","0","0","0","0","0","0","0","7","0","","02","2","2006","6","40.526389","-80.159123","","11","0","0","0","0","0","0","0","0","2","0","0","0","","","0","","1","","40 31:35.000","2","0","80 09:32.842","0","0","0","0","2436","0","0","0","N","0","0","0","1","68B03","0","","2.0","","1","N","N","","0","","0","0","1","","2","N","","1","0","0","0","0","0","0","2","0","1","","","","N","","","","","","","","","",""
"2006036012","","1","0","0","0","0","0","0","0","0","4","0","","02","3","2006","7","","","","11","0","0","0","0","0","0","0","0","","0","0","0","","","1","","2","","","","0","","8","0","0","1","2461","0","0","0","N","0","0","0","2","02461","0","","1.0","","9","N","N","","0","","0","0","0","","0","","","2","1","0","0","0","1","0","1","0","2","","","","N","","","","","","","","","",""
"2006036024","","2","0","0","0","0","0","0","0","0","4","0","","02","3","2006","1","40.516389","-80.159079","","11","0","0","0","0","0","0","0","1","","0","0","0","","","0","","1","","40 30:59.000","","0","80 09:32.685","0","0","0","0","2420","0","0","0","","0","0","0","2","02420","0","","1.0","","9","","","","0","","0","0","0","","3","","","2","0","1","0","0","0","0","2","0","2","","","","N","","","","","","","","","",""
"2006036071","","1","0","0","0","0","0","0","0","0","7","0","","02","2","2006","7","","","","11","0","0","0","0","0","0","0","0","","0","0","0","","","0","","0","","40 26:02.76","","0","79 52:08.04","0","0","0","0","2478","0","0","0","N","0","0","0","2","68B03","0","","4.0","","6","N","N","","0","","0","0","0","","0","","","1","0","0","0","0","0","0","2","0","1","","","","N","","","","","","","","","",""
"2006036088","","1","0","0","0","0","0","0","0","0","6","0","","02","4","2006","4","40.548611","-79.838099","","11","0","0","0","0","0","0","0","0","","0","1","0","","","1","","2","","40 32:55.000","","0","79 50:17.156","8","0","0","0","2208","0","0","0","N","0","0","0","3","02208","0","","1.0","","1","N","N","","0","","0","0","0","","3","","","2","1","0","0","0","1","0","2","0","2","","","","N","","","","","","","","","",""
"2006036089","","2","0","0","0","0","0","0","0","0","4","0","","02","4","2006","4","40.343333","-80.060333","","11","0","0","0","0","0","1","0","0","1","0","0","0","","","1","","1","","40 20:36.000","1","0","80 03:37.197","4","0","0","0","2123","0","0","0","N","0","0","0","4","02123","1","","1.0","","1","N","N","","0","","0","0","0","","2","N","","2","1","4","0","0","0","0","2","0","2","","","","N","","","","","","","","","",""
"2006036098","","1","0","0","0","0","0","0","0","0","4","0","","02","4","2006","5","40.3696","-80.1014","","11","0","0","1","0","0","0","0","1","1","0","0","0","","","1","","0","","40 22:10.560","3","0","80 06:05.040","8","0","0","0","2102","0","0","0","N","0","0","0","2","02102","0","","1.0","","1","N","N","","1","","0","0","0","","0","N","","2","1","1","0","0","1","0","2","0","2","","","","N","","","","","","","","","",""
"2006036115","","0","0","0","0","0","0","0","0","0","5","0","","02","4","2006","5","","","","11","0","0","0","0","0","0","0","0","","0","0","0","","","0","","0","","","","0","","0","0","0","0","2448","0","0","0","N","0","0","0","1","02448","0","","1.0","","1","N","N","","1","","0","0","1","","0","","","2","0","1","0","0","0","0","1","0","2","","","","N","","","","","","","","","",""
"2006036170","","1","0","0","0","0","0","0","0","0","7","0","","02","3","2006","6","40.543889","-80.043598","","11","0","0","0","0","0","0","0","0","1","0","0","0","","","0","","0","","40 32:38.000","6","0","80 02:36.953","0","0","0","0","2116","0","0","0","N","0","0","0","1","02116","0","","2.0","","1","N","N","","0","","0","0","0","","0","Y","","1","0","0","0","0","0","0","2","0","1","","","","N","","","","","","","","","",""
"2006036196","","2","0","1","0","0","0","0","0","0","2","0","","02","4","2006","3","40.345","-80.082201","","11","0","0","0","0","0","1","0","0","2","0","0","0","","","2","","1","","40 20:42.000","3","0","80 04:55.923","2","0","0","0","2123","0","0","0","N","0","0","0","2","02123","0","","1.0","","1","N","N","","0","","1","1","0","","2","N","","2","2","0","0","0","0","0","2","0","2","","","","N","","","","","","","","","",""
"2006036198","","0","0","0","0","0","0","0","0","0","99","0","","02","4","2006","6","40.5522","-79.8441","","11","0","0","0","0","0","1","0","0","","0","0","0","","","0","","0","","40 33:07.920","","0","79 50:38.760","0","0","0","0","2208","0","0","0","N","0","0","0","1","02208","0","","1.0","","9","N","N","","1","","0","0","0","","0","","","1","0","0","0","0","0","0","2","0","1","","","","N","","","","","","","","","",""
"2006036199","","1","0","0","0","0","0","0","0","0","4","0","","02","4","2006","7","","","","11","0","0","0","0","0","0","1","0","","0","0","0","","","0","","1","","","","0","","0","0","0","0","2438","0","0","0","N","0","0","0","4","02438","0","","1.0","","1","N","N","","1","","0","0","1","","3","","","3","0","0","0","0","0","0","1","0","3","","","","N","","","","","","","","","",""
"2006036204","","2","0","0","0","0","0","0","0","0","4","0","","02","4","2006","6","40.564722","-79.956784","","11","0","0","1","0","0","1","0","1","1","0","0","0","","","2","","2","","40 33:53.000","2","0","79 57:24.422","3","0","0","0","2207","0","0","0","Y","0","0","0","4","02207","1","","1.0","","9","N","N","","0","","1","0","1","","3","N","","3","2","0","0","0","0","0","2","0","3","","","","N","","","","","","","","","",""
"2006036208","","2","0","0","0","0","0","0","0","0","4","0","","02","4","2006","5","40.3866","-80.0924","","11","0","0","0","0","0","0","0","1","","0","0","0","","","0","","0","","40 23:11.760","","7","80 05:32.640","0","0","0","0","2102","0","0","0","N","0","0","0","2","02102","0","","1.0","","1","N","N","","0","","0","0","0","","2","","","2","0","0","0","0","0","0","2","0","2","","","","N","","","","","","","","","",""
"2006036211","","1","0","0","0","0","0","0","0","0","4","0","","02","4","2006","5","40.378333","-79.804441","","11","0","0","0","0","0","1","1","0","3","0","0","0","","","3","","0","","40 22:42.000","6","0","79 48:15.986","2","0","0","0","2111","0","0","0","N","0","0","0","3","02111","1","","1.0","","1","N","N","","0","","1","1","0","","0","N","","2","3","3","0","1","0","0","2","1","2","","","","N","","","","","","","","","",""
"2006036213","","0","0","0","0","0","0","0","0","0","5","0","","02","4","2006","6","40.634722","-79.93984","","11","0","0","0","0","0","0","0","0","","0","0","0","","","0","","1","","40 38:05.000","","0","79 56:23.424","0","0","0","0","2217","0","0","0","N","0","0","0","2","02505","0","","1.0","","9","N","N","","0","","0","0","1","","2","","","2","0","0","0","0","0","0","2","1","2","","","","N","","","","","","","","","",""
"2006036216","","2","0","0","0","0","0","0","0","0","2","0","","02","4","2006","5","40.3865","-80.0923","","11","0","0","0","0","0","1","1","0","2","0","0","0","","","1","","0","","40 23:11.400","4","7","80 05:32.280","3","0","0","0","2102","0","0","0","N","0","0","0","3","02102","0","","1.0","","1","N","N","","0","","1","0","0","","0","N","","2","1","0","0","0","0","0","2","0","2","","","","N","","","","","","","","","",""
"2006036217","","1","0","0","0","0","0","0","0","0","0","0","","02","4","2006","6","40.539167","-79.962683","","11","0","0","0","0","0","0","0","0","1","0","0","0","","","0","","0","","40 32:21.000","2","0","79 57:45.659","0","0","0","0","2118","0","0","0","N","0","0","0","1","02118","0","","1.0","","1","N","N","","0","","0","0","0","","0","N","","1","0","0","0","0","0","0","2","0","1","","","","N","","","","","","","","","",""
"2006036229","","1","0","0","0","0","0","0","0","0","7","0","","02","3","2006","6","40.4911","-80.152","","11","0","0","1","0","0","0","0","0","","0","0","0","","","0","","0","","40 29:27.960","","0","80 09:07.200","0","0","0","0","2213","0","0","0","N","0","0","0","1","02213","0","","2.0","","9","N","N","","0","","0","0","0","","0","","","1","0","0","0","0","0","0","2","0","1","","","","N","","","","","","","","","",""
"2006036241","","2","0","0","0","0","0","0","0","0","4","0","","02","4","2006","6","40.391","-80.0733","","11","0","0","0","0","0","1","0","1","","0","0","0","","","0","","0","","40 23:27.600","","0","80 04:23.880","0","0","0","0","2117","0","0","0","N","0","0","0","2","02117","0","","1.0","","1","N","N","","0","","0","0","0","","0","","","2","0","0","0","0","0","0","2","0","2","","","","N","","","","","","","","","",""
"2006036247","","1","0","0","0","0","0","0","0","0","1","0","","02","4","2006","5","","","","11","0","0","0","0","0","1","0","0","","0","0","0","","","0","","0","","","","0","","0","0","0","0","2403","0","0","0","N","0","0","0","3","02403","0","","1.0","","1","N","N","","1","","0","0","0","","0","","","2","0","0","0","0","0","0","1","0","2","","","","N","","","","","","","","","",""
"2006036283","","1","0","0","0","0","0","0","0","0","7","0","","02","3","2006","1","","","","11","0","0","0","0","0","0","0","0","","0","0","0","","","0","","0","","","","0","","9","0","0","0","2301","0","0","0","N","0","0","0","1","02301","0","","5.0","","9","N","N","","0","","0","0","0","","0","","","1","0","0","0","0","0","1","1","0","1","","","","N","","","","","","","","","",""
"2006036284","","2","0","0","0","0","0","0","0","0","1","0","","02","4","2006","6","40.400556","-80.082842","","11","0","0","0","0","0","0","0","0","2","0","0","0","","","2","","2","","40 24:02.000","2","0","80 04:58.232","8","0","0","0","2415","0","0","0","N","0","0","0","4","02415","0","","1.0","","9","N","N","","0","","0","0","0","","0","N","","2","2","0","0","0","2","0","2","0","2","","","","N","","","","","","","","","",""
"2006036286","","1","0","0","0","0","0","0","0","0","7","0","","02","4","2006","6","40.4754","-79.7655","","11","0","0","0","0","0","0","1","0","1","0","0","0","","","1","","0","","40 28:31.440","6","0","79 45:55.800","4","0","0","0","2466","0","0","0","N","0","0","0","1","02466","1","","5.0","","9","N","N","","0","","0","0","0","","0","N","","1","1","0","0","0","0","0","2","0","1","","","","N","","","","","","","","","",""
"2006036290","","3","0","0","0","0","0","0","0","0","5","0","","02","4","2006","7","","","","11","0","0","0","0","0","0","0","0","1","0","0","0","","","1","","0","","","6","0","","8","0","0","0","2470","0","0","0","N","0","0","0","1","02424","0","","4.0","","9","N","N","","0","","0","0","0","","0","N","","3","1","0","0","0","1","0","1","0","3","","","","N","","","","","","","","","",""
"2006036317","","2","0","0","0","0","0","0","0","0","1","0","","02","4","2006","7","","","","11","0","0","0","0","0","1","0","0","","0","0","0","","","0","","1","","","","0","","0","0","0","0","2104","0","0","0","N","0","0","0","4","02104","0","","1.0","","1","N","N","","0","","0","0","0","","0","","","2","0","0","0","0","0","0","1","0","2","","","","N","","","","","","","","","",""
"2006036321","","1","0","0","0","0","0","0","0","0","4","0","","02","4","2006","5","40.3802","-80.0858","","11","0","0","0","0","1","0","0","0","1","0","0","0","","","0","","2","","40 22:48.720","3","0","80 05:08.880","0","0","0","0","2117","0","0","0","N","0","0","0","3","02117","0","","1.0","","1","N","N","","0","","0","0","0","","3","N","","2","0","0","0","0","0","0","2","1","2","","","","N","","","","","","","","","",""
"2006036322","","1","0","0","0","0","0","0","0","0","7","0","","02","4","2006","7","40.378333","-79.9926","","11","0","0","0","1","0","0","0","0","1","0","0","0","","","1","","0","","40 22:42.000","1","0","79 59:33.359","2","0","0","0","2476","0","0","0","N","0","0","0","1","02476","0","","4.0","","1","N","N","","0","","0","1","0","","0","Y","","1","1","1","0","1","0","0","2","0","1","","","","N","","","","","","","","","",""
"2006036323","","2","0","0","0","0","0","0","0","0","4","0","","02","4","2006","4","40.618056","-79.945193","","11","0","1","0","0","0","1","0","0","1","0","0","0","","","0","","2","","40 37:05.000","1","0","79 56:42.696","0","0","0","0","2217","0","0","0","N","0","0","0","2","02505","0","","1.0","","1","N","N","","0","","0","0","0","","0","N","","2","0","0","0","0","0","0","2","0","2","","","","N","","","","","","","","","",""
"2006036324","","1","0","0","0","0","0","1","0","0","0","1","","02","4","2006","7","40.438041","-79.994066","","11","0","0","0","0","0","0","0","0","","0","0","0","","","1","","1","","40 26:16.948","","0","79 59:38.639","4","0","0","0","2301","0","0","0","N","0","0","0","2","02503","1","","1.0","","1","N","N","","0","","0","0","0","","2","","","2","1","0","0","0","0","0","2","0","2","","","","N","","","","","","","","","",""
"2006036325","","0","0","0","0","0","0","0","0","0","7","0","","02","4","2006","5","40.496211","-79.94086","","11","0","0","0","0","0","0","0","0","","0","0","0","","","0","","0","","40 29:46.361","","0","79 56:27.097","0","0","0","0","2430","0","0","0","N","0","0","0","1","02430","0","","5.0","","1","N","N","","1","","0","0","0","","0","","","1","0","1","0","0","0","0","2","0","1","","","","N","","","","","","","","","",""
"2006036328","","0","0","0","0","0","0","0","0","0","1","0","","02","4","2006","1","40.495556","-80.066978","","11","0","0","0","0","0","0","0","0","","0","0","0","","","0","","2","","40 29:44.000","","0","80 04:01.121","0","0","0","0","2402","0","0","0","N","0","0","0","3","02402","0","","1.0","","1","N","N","","0","","0","0","2","","2","","","2","0","0","0","0","0","0","2","0","2","","","","N","","","","","","","","","",""
"2006036338","","1","0","0","0","0","0","0","0","0","5","0","","02","4","2006","1","","","","11","0","0","0","0","0","0","0","0","","0","0","0","","","0","","0","","","","0","","0","0","0","0","2466","0","0","0","N","0","0","0","3","02466","0","","9.0","","1","N","N","","0","","0","0","0","","8","","","2","0","0","0","0","0","0","1","1","2","","","","N","","","","","","","","","",""
"2006036349","","0","0","0","0","0","0","1","0","0","4","1","","02","4","2006","7","40.446111","-79.892721","","11","0","0","0","0","0","1","0","0","","0","0","0","","","0","","2","","40 26:46.000","","0","79 53:33.797","0","0","0","0","2478","0","0","0","N","0","0","0","4","02503","0","","1.0","","1","N","N","","0","","0","0","1","","3","","","2","0","1","0","0","0","0","2","0","2","","","","N","","","","","","","","","",""
"2006036356","","1","0","0","0","0","0","1","0","0","2","1","","02","4","2006","3","","","","11","0","0","0","0","0","0","0","0","","0","0","0","","","1","","0","","","","0","","3","0","0","0","2301","0","0","0","N","0","0","0","3","02503","0","","1.0","","9","N","N","","0","","1","0","0","","0","","","2","1","0","0","0","0","0","1","0","2","","","","N","","","","","","","","","",""
"2006036358","","2","0","0","0","0","0","0","0","0","4","0","","02","4","2006","5","40.426223","-79.757735","","11","0","0","0","0","0","1","0","0","","0","0","0","","","0","","2","","40 25:34.402","","0","79 45:27.846","0","0","0","0","2446","0","0","0","N","0","0","0","2","02446","0","","1.0","","1","N","N","","0","","0","0","0","","3","","","2","0","1","0","0","0","0","2","0","2","","","","N","","","","","","","","","",""