"CRN","ARRIVAL_TM","AUTOMOBILE_COUNT","BELTED_DEATH_COUNT","BELTED_SUSP_SERIOUS_INJ_COUNT","BICYCLE_COUNT","BICYCLE_DEATH_COUNT","BICYCLE_SUSP_SERIOUS_INJ_COUNT","BUS_COUNT","CHLDPAS_DEATH_COUNT","CHLDPAS_SUSP_SERIOUS_INJ_COUNT","COLLISION_TYPE","COMM_VEH_COUNT","CONS_ZONE_SPD_LIM","COUNTY","CRASH_MONTH","CRASH_YEAR","DAY_OF_WEEK","DEC_LATITUDE","DEC_LONGITUDE","DISPATCH_TM","DISTRICT","DRIVER_COUNT_16YR","DRIVER_COUNT_17YR","DRIVER_COUNT_18YR","DRIVER_COUNT_19YR","DRIVER_COUNT_20YR","DRIVER_COUNT_50_64YR","DRIVER_COUNT_65_74YR","DRIVER_COUNT_75PLUS","EST_HRS_CLOSED","FATAL_COUNT","HEAVY_TRUCK_COUNT","HORSE_BUGGY_COUNT","HOUR_OF_DAY","ILLUMINATION","INJURY_COUNT","INTERSECTION_RELATED","INTERSECT_TYPE","LANE_CLOSED","LATITUDE","LN_CLOSE_DIR","LOCATION_TYPE","LONGITUDE","MAX_SEVERITY_LEVEL","MCYCLE_DEATH_COUNT","MCYCLE_SUSP_SERIOUS_INJ_COUNT","MOTORCYCLE_COUNT","MUNICIPALITY","NONMOTR_COUNT","NONMOTR_DEATH_COUNT","NONMOTR_SUSP_SERIOUS_INJ_COUNT","NTFY_HIWY_MAINT","PED_COUNT","PED_DEATH_COUNT","PED_SUSP_SERIOUS_INJ_COUNT","PERSON_COUNT","POLICE_AGCY","POSSIBLE_INJ_COUNT","RDWY_SURF_TYPE_CD","RELATION_TO_ROAD","ROADWAY_CLEARED","ROAD_CONDITION","SCH_BUS_IND","SCH_ZONE_IND","SECONDARY_CRASH","SMALL_TRUCK_COUNT","SPEC_JURIS_CD","SUSP_MINOR_INJ_COUNT","SUSP_SERIOUS_INJ_COUNT","SUV_COUNT","TCD_FUNC_CD","TCD_TYPE","TFC_DETOUR_IND","TIME_OF_DAY","TOTAL_UNITS","TOT_INJ_COUNT","UNBELTED_OCC_COUNT","UNB_DEATH_COUNT","UNB_SUSP_SERIOUS_INJ_COUNT","UNK_INJ_DEG_COUNT","UNK_INJ_PER_COUNT","URBAN_RURAL","VAN_COUNT","VEHICLE_COUNT","WEATHER1","WEATHER2","WORKERS_PRES","WORK_ZONE_IND","WORK_ZONE_LOC","WORK_ZONE_TYPE","WZ_CLOSE_DETOUR","WZ_FLAGGER","WZ_LAW_OFFCR_IND","WZ_LN_CLOSURE","WZ_MOVING","WZ_OTHER","WZ_SHLDER_MDN","WZ_WORKERS_INJ_KILLED"
"2006037657","","1","0","0","0","0","0","0","0","0","4","0","","02","3","2006","5","40.433935","-80.013215","","11","0","0","0","0","0","1","0","0","","0","0","0","","","0","","0","","40 26:02.166","","0","80 00:47.574","0","0","0","0","2301","0","0","0","N","0","0","0","1","02301","0","","1.0","","1","N","N","","0","","0","0","1","","0","","","2","0","0","0","0","0","0","2","0","2","","","","N","","","","","","","","","",""
"2006037658","","1","0","0","0","0","0","0","0","0","4","0","","02","3","2006","6","40.4283","-79.9732","","11","0","0","0","0","0","0","0","0","1","0","0","0","","","0","","2","","40 25:41.880","1","0","79 58:23.520","0","0","0","0","2301","0","0","0","","0","0","0","2","02301","0","","1.0","","1","N","N","","0","","0","0","1","","2","N","","2","0","0","0","0","0","0","2","0","2","","","","N","","","","","","","","","",""
"2006037861","","1","0","0","0","0","0","0","0","0","4","0","","02","4","2006","2","40.323117","-79.956552","","11","0","0","0","0","0","0","0","0","2","0","0","0","","","1","","2","","40 19:23.221","1","0","79 57:23.587","4","0","0","0","2454","0","0","0","N","0","0","0","2","02454","1","","1.0","","1","N","N","","1","","0","0","0","","3","N","","2","1","0","0","0","0","0","2","0","2","","","","N","","","","","","","","","",""
"2006037863","","2","0","0","0","0","0","0","0","0","4","0","","02","3","2006","5","40.316667","-79.828854","","11","0","0","0","0","0","2","0","0","1","0","0","0","","","0","","2","","40 19:00.000","4","0","79 49:43.874","0","0","0","0","2469","0","0","0","N","0","0","0","2","02469","0","","1.0","","1","N","N","","0","","0","0","0","","0","N","","2","0","0","0","0","0","0","2","0","2","","","","N","","","","","","","","","",""
"2006037878","","1","0","0","0","0","0","0","0","0","4","0","","02","3","2006","5","40.284444","-79.844071","","11","0","0","0","0","0","0","0","0","1","0","0","0","","","0","","2","","40 17:04.000","4","0","79 50:38.655","0","0","0","0","2443","0","0","0","N","0","0","0","2","02443","0","","1.0","","1","N","N","","0","","0","0","1","","0","N","","2","0","0","0","0","0","0","1","0","2","","","","N","","","","","","","","","",""
"2006037879","","1","0","0","0","0","0","0","0","0","2","0","","02","3","2006","6","40.305556","-79.83859","","11","0","0","0","0","0","0","0","0","2","0","0","0","","","1","","0","","40 18:20.000","6","0","79 50:18.923","8","0","0","1","2443","0","0","0","N","0","0","0","2","02443","0","","1.0","","1","N","N","","0","","0","0","0","","0","N","","2","1","1","0","0","1","0","1","0","2","","","","N","","","","","","","","","",""
"2006037880","","0","0","0","0","0","0","0","0","0","1","0","","02","3","2006","2","","","","11","0","0","0","0","0","1","0","0","2","0","0","0","","","2","","2","","","6","0","","4","0","0","0","2463","0","0","0","","0","0","0","2","02463","2","","1.0","","9","","","","1","","0","0","0","","3","Y","","2","2","0","0","0","0","0","1","1","2","","","","N","","","","","","","","","",""
"2006037881","","0","0","0","0","0","0","0","0","0","2","0","","02","3","2006","6","","","","11","0","0","0","0","0","0","0","0","","0","0","0","","","5","","1","","","","0","","3","0","0","0","2463","0","0","0","N","0","0","0","5","02463","0","","1.0","","1","N","N","","0","","2","0","2","","8","","","2","5","2","0","0","3","0","1","0","2","","","","N","","","","","","","","","",""
"2006037882","","1","0","0","0","0","0","0","0","0","8","0","","02","3","2006","4","","","","11","0","0","0","0","0","0","1","0","","0","0","0","","","1","","1","","","","0","","8","0","0","0","2463","1","0","0","N","1","0","0","2","02463","0","","1.0","","1","N","N","","0","","0","0","0","","2","","","2","1","0","0","0","1","0","1","0","1","","","","N","","","","","","","","","",""
"2006037883","","1","0","0","0","0","0","0","0","0","8","0","","02","3","2006","4","","","","11","0","0","0","0","0","0","0","0","1","0","0","0","","","1","","1","","","1","0","","4","0","0","0","2403","1","0","0","N","1","0","0","2","02463","1","","1.0","","1","N","N","","0","","0","0","0","","0","N","","2","1","0","0","0","0","0","1","0","1","","","","N","","","","","","","","","",""
"2006037884","","1","0","0","0","0","0","0","0","0","5","0","","02","3","2006","7","","","","11","0","0","0","0","0","0","0","0","","0","0","0","","","0","","0","","","","0","","0","0","0","0","2463","0","0","0","","0","0","0","2","02463","0","","6.0","","9","","","","1","","0","0","0","","3","","","2","0","0","0","0","0","0","1","0","2","","","","N","","","","","","","","","",""
"2006037913","","0","0","0","0","0","0","0","0","0","0","0","","02","3","2006","2","40.608611","-80.052694","","11","0","0","0","0","0","1","0","0","3","0","0","0","","","0","","2","","40 36:31.000","2","0","80 03:09.697","0","0","0","0","2108","0","0","0","N","0","0","0","2","02108","0","","1.0","","1","N","N","","1","","0","0","0","","0","N","","1","0","0","0","0","0","0","2","0","1","","","","N","","","","","","","","","",""
"2006037914","","3","0","0","0","0","0","0","0","0","4","0","","02","3","2006","5","40.560278","-80.014069","","11","0","0","0","0","1","1","0","0","1","0","0","0","","","0","","0","","40 33:37.000","3","0","80 00:50.648","0","0","0","0","2108","0","0","0","N","0","0","0","5","02108","0","","1.0","","2","N","N","","0","","0","0","0","","0","N","","3","0","0","0","0","0","0","2","0","3","","","","N","","","","","","","","","",""
"2006037915","","1","0","0","0","0","0","0","0","0","7","0","","02","3","2006","7","40.556111","-80.035855","","11","0","0","0","0","0","0","0","0","1","0","0","0","","","1","","0","","40 33:22.000","6","0","80 02:09.078","8","0","0","0","2108","0","0","0","N","0","0","0","2","02108","0","","4.0","","1","N","N","","0","","0","0","0","","0","Y","","1","1","0","0","0","1","1","2","0","1","","","","N","","","","","","","","","",""
"2006037916","","1","0","0","0","0","0","0","0","0","1","0","","02","3","2006","2","40.581667","-80.03794","","11","0","0","0","0","0","0","0","1","1","0","0","0","","","1","","0","","40 34:54.000","1","0","80 02:16.585","4","0","0","0","2108","0","0","0","N","0","0","0","4","02108","1","","1.0","","1","N","N","","0","","0","0","0","","0","N","","2","1","0","0","0","0","0","2","1","2","","","","N","","","","","","","","","",""
"2006037917","","1","0","0","0","0","0","0","0","0","1","0","","02","3","2006","6","40.558056","-80.023338","","11","0","0","0","0","0","1","0","0","2","0","0","0","","","2","","1","","40 33:29.000","3","0","80 01:24.015","8","0","0","0","2108","0","0","0","N","0","0","0","3","02108","0","","1.0","","1","N","N","","0","","0","0","2","","2","N","","3","2","0","0","0","2","0","2","0","3","","","","N","","","","","","","","","",""
"2006037964","","2","0","0","0","0","0","0","0","0","4","0","","02","3","2006","7","40.453451","-79.931781","","11","0","0","0","0","0","0","0","0","1","0","0","0","","","1","","1","","40 27:12.423","5","0","79 55:54.411","4","0","0","0","2301","0","0","0","N","0","0","0","3","02301","1","","1.0","","1","N","N","","0","","0","0","0","","0","Y","","2","1","0","0","0","0","0","2","0","2","","","","N","","","","","","","","","",""
"2006037965","","1","0","0","0","0","0","0","0","0","8","0","","02","3","2006","5","40.437667","-79.95437","","11","0","0","0","0","0","1","0","0","1","0","0","0","","","1","","0","","40 26:15.601","6","0","79 57:15.732","3","0","0","0","2301","1","0","0","N","1","0","0","4","02301","0","","1.0","","1","N","N","","0","","1","0","0","","0","Y","","3","1","0","0","0","0","0","2","1","2","","","","N","","","","","","","","","",""
"2006037966","","1","0","0","0","0","0","0","0","0","6","0","","02","3","2006","5","40.408147","-79.941825","","11","0","0","0","0","0","1","0","0","","0","0","0","","","3","","1","","40 24:29.329","","0","79 56:30.570","4","0","0","0","2301","0","0","0","N","0","0","0","3","02301","3","","1.0","","1","N","N","","1","","0","0","0","","3","","","2","3","0","0","0","0","0","2","0","2","","","","N","","","","","","","","","",""
"2006037967","","1","0","0","0","0","0","0","0","0","1","0","","02","3","2006","7","40.427416","-79.930843","","11","0","0","0","0","0","0","0","0","","0","0","0","","","0","","0","","40 25:38.697","","0","79 55:51.034","0","0","0","0","2301","0","0","0","N","0","0","0","1","02301","0","","6.0","","9","N","N","","0","","0","0","0","","0","","","2","0","0","0","0","0","0","2","0","2","","","","N","","","","","","","","","",""
"2006037969","","2","0","0","0","0","0","0","0","0","4","0","","02","3","2006","4","40.450559","-79.93008","","11","0","0","0","0","0","0","0","0","","0","0","0","","","0","","1","","40 27:02.012","","0","79 55:48.288","0","0","0","0","2301","0","0","0","N","0","0","0","2","02301","0","","1.0","","1","N","N","","0","","0","0","0","","3","","","2","0","0","0","0","0","0","2","0","2","","","","N","","","","","","","","","",""
"2006037970","","2","0","0","0","0","0","0","0","0","4","0","","02","3","2006","7","40.431144","-79.959222","","11","0","0","0","0","0","2","0","0","1","0","0","0","","","0","","1","","40 25:52.118","3","0","79 57:33.198","0","0","0","0","2301","0","0","0","N","0","0","0","8","02301","0","","1.0","","9","N","N","","0","","0","0","3","","2","N","","5","0","0","0","0","0","0","2","0","5","","","","N","","","","","","","","","",""
"2006037971","","2","0","0","0","0","0","0","0","0","4","0","","02","3","2006","3","40.456574","-79.939691","","11","0","0","0","0","0","0","0","0","","0","0","0","","","1","","1","","40 27:23.665","","0","79 56:22.888","4","0","0","0","2301","0","0","0","N","0","0","0","3","02301","1","","1.0","","1","N","N","","0","","0","0","0","","2","","","2","1","0","0","0","0","0","2","0","2","","","","N","","","","","","","","","",""
"2006037972","","3","0","0","0","0","0","0","0","0","6","0","","02","3","2006","5","40.4878","-79.8972","","11","0","0","0","0","0","1","0","1","","0","0","0","","","0","","0","","40 29:16.080","","0","79 53:49.920","0","0","0","0","2301","0","0","0","N","0","0","0","5","02301","0","","1.0","","1","N","N","","0","","0","0","0","","0","","","3","0","0","0","0","0","0","2","0","3","","","","N","","","","","","","","","",""
"2006037973","","2","0","0","0","0","0","0","0","0","5","0","","02","3","2006","6","40.461739","-79.948884","","11","0","0","1","0","0","0","0","0","","0","0","0","","","0","","0","","40 27:42.260","","0","79 56:55.984","0","0","0","0","2301","0","0","0","N","0","0","0","1","02301","0","","1.0","","1","N","N","","0","","0","0","0","","0","","","2","0","0","0","0","0","0","2","0","2","","","","N","","","","","","","","","",""
"2006037975","","1","0","0","0","0","0","0","0","0","7","0","","02","3","2006","2","40.457841","-79.941932","","11","0","0","0","0","0","1","0","0","3","0","0","0","","","1","","2","","40 27:28.227","4","0","79 56:30.955","4","0","0","0","2301","0","0","0","N","0","0","0","1","02301","1","","5.0","","1","N","N","","0","","0","0","0","","0","Y","","1","1","0","0","0","0","0","2","0","1","","","","N","","","","","","","","","",""
"2006037976","","0","0","0","0","0","0","0","0","0","1","0","","02","3","2006","6","40.389524","-79.936443","","11","0","0","0","0","0","0","0","0","1","0","0","0","","","0","","10","","40 23:22.288","2","3","79 56:11.193","0","0","0","0","2301","0","0","0","N","0","0","0","2","02301","0","","1.0","","1","N","N","","0","","0","0","2","","0","N","","2","0","0","0","0","0","0","2","0","2","","","","N","","","","","","","","","",""
"2006037979","","1","0","0","0","0","0","0","0","0","8","0","","02","3","2006","7","40.38966","-80.028546","","11","0","0","0","0","0","0","0","0","","0","0","0","","","1","","0","","40 23:22.776","","7","80 01:42.765","4","0","0","0","2109","1","0","0","N","1","0","0","2","02109","1","","1.0","","1","N","Y","","0","","0","0","0","","0","","","2","1","0","0","0","0","0","2","0","1","","","","N","","","","","","","","","",""
"2006037980","","2","0","0","0","0","0","0","0","0","2","0","","02","3","2006","7","40.378056","-80.06468","","11","0","1","0","0","0","0","0","0","1","0","0","0","","","0","","1","","40 22:41.000","4","0","80 03:52.849","0","0","0","0","2109","0","0","0","N","0","0","0","2","02109","0","","1.0","","1","N","N","","0","","0","0","0","","2","N","","2","0","0","0","0","0","0","2","0","2","","","","N","","","","","","","","","",""
"2006037981","","1","0","0","0","0","0","0","0","0","7","0","","02","3","2006","1","40.376583","-80.05285","","11","1","0","0","0","0","0","0","0","3","0","0","0","","","0","","0","","40 22:35.698","4","0","80 03:10.260","0","0","0","0","2109","0","0","0","N","0","0","0","2","02109","0","","2.0","","1","N","N","","0","","0","0","0","","0","Y","","1","0","0","0","0","0","0","2","0","1","","","","N","","","","","","","","","",""
"2006038061","","2","0","0","0","0","0","0","0","0","4","0","","02","3","2006","5","40.45004","-80.183303","","11","0","0","0","0","0","1","0","0","2","0","0","0","","","1","","1","","40 27:00.144","3","0","80 10:59.890","4","0","0","0","2214","0","0","0","N","0","0","0","2","02214","1","","1.0","","1","N","N","","0","","0","0","0","","2","N","","2","1","0","0","0","0","0","2","0","2","","","","N","","","","","","","","","",""
"2006038086","","4","0","0","0","0","0","0","0","0","4","0","","02","3","2006","4","40.442933","-79.772979","","11","0","0","0","0","0","0","1","1","","0","0","0","","","1","","1","","40 26:34.558","","0","79 46:22.724","8","0","0","0","2446","0","0","0","N","0","0","0","3","02446","0","","1.0","","1","N","N","","1","","0","0","0","","3","","","5","1","1","0","0","1","0","2","0","5","","","","N","","","","","","","","","",""
"2006038087","","0","0","0","0","0","0","1","0","0","1","1","","02","3","2006","4","40.414095","-79.805876","","11","0","0","0","0","0","0","0","0","3","0","0","0","","","0","","0","","40 24:50.742","5","0","79 48:21.153","0","0","0","0","2446","0","0","0","N","0","0","0","2","02446","0","","1.0","","7","N","N","","0","","0","0","1","","0","Y","","2","0","0","0","0","0","0","2","0","2","","","","N","","","","","","","","","",""
"2006038106","","2","0","0","0","0","0","0","0","0","1","0","","02","3","2006","6","40.466718","-80.034629","","11","0","0","0","0","0","1","0","0","","0","0","0","","","2","","2","","40 28:00.185","","0","80 02:04.665","4","0","0","0","2301","0","0","0","N","0","0","0","3","02301","2","","1.0","","1","N","N","","0","","0","0","0","","0","","","2","2","2","0","0","0","0","2","0","2","","","","N","","","","","","","","","",""
"2006038107","","2","0","0","0","0","0","0","0","0","4","0","","02","3","2006","7","40.464722","-79.979784","","11","0","0","0","0","0","0","0","0","2","0","0","0","","","5","","2","","40 27:53.000","1","0","79 58:47.221","2","0","0","0","2301","0","0","0","N","0","0","0","6","02301","2","","1.0","","1","N","N","","0","","0","1","0","","2","N","","2","5","0","0","0","2","0","2","0","2","","","","N","","","","","","","","","",""
"2006038126","","0","0","0","0","0","0","0","0","0","7","0","","02","4","2006","4","40.377693","-80.141838","","11","0","0","0","0","0","0","0","0","2","0","0","0","","","1","","0","","40 22:39.694","6","99","80 08:30.616","2","0","0","0","2102","0","0","0","N","0","0","0","1","02102","0","","2.0","","1","N","N","","1","","0","1","0","","0","N","","1","1","0","0","0","0","0","2","0","1","","","","N","","","","","","","","","",""
"2006038130","","0","0","0","0","0","0","0","0","0","8","0","","02","4","2006","3","40.4388","-79.7672","","11","0","0","0","0","0","0","0","0","3","0","0","0","","","1","","0","","40 26:19.680","3","0","79 46:01.920","2","0","0","0","2446","1","0","1","N","1","0","1","3","02446","0","","1.0","","9","N","N","","0","","0","1","1","","0","Y","","2","1","0","0","0","0","0","2","0","1","","","","N","","","","","","","","","",""
"2006038134","","3","0","0","0","0","0","0","0","0","4","0","","02","4","2006","3","40.4275","-80.053238","","11","0","0","0","0","0","0","0","0","","0","0","0","","","0","","0","","40 25:39.000","","0","80 03:11.656","0","0","0","0","2435","0","0","0","N","0","0","0","3","02435","0","","1.0","","1","N","N","","0","","0","0","0","","0","","","3","0","0","0","0","0","0","2","0","3","","","","N","","","","","","","","","",""
"2006038138","","0","0","0","0","0","0","0","0","0","0","0","","02","4","2006","3","40.317754","-80.077185","","11","0","0","0","0","0","0","0","0","","0","0","0","","","1","","2","","40 19:03.914","","0","80 04:37.866","8","0","0","1","2123","0","0","0","N","0","0","0","1","02123","0","","1.0","","1","N","N","","0","","0","0","0","","3","","","1","1","0","0","0","1","0","2","0","1","","","","N","","","","","","","","","",""
"2006038144","","2","0","0","0","0","0","0","0","0","4","0","","02","4","2006","4","","","","11","0","0","0","0","0","1","0","0","1","0","0","0","","","1","","0","","","4","0","","4","0","0","0","2212","0","0","0","N","0","0","0","2","02505","1","","1.0","","1","N","N","","0","","0","0","0","","0","N","","2","1","0","0","0","0","0","1","0","2","","","","N","","","","","","","","","",""
"2006038149","","1","0","0","0","0","0","0","0","0","99","0","","02","4","2006","2","40.559568","-79.923589","","11","1","0","0","0","0","0","0","0","","0","0","0","","","0","","0","","40 33:34.443","","0","79 55:24.920","0","0","0","0","2207","0","0","0","N","0","0","0","3","02207","0","","1.0","","1","N","N","","0","","0","0","0","","0","","","1","0","0","0","0","0","0","2","0","1","","","","N","","","","","","","","","",""
"2006038150","","1","0","0","0","0","0","0","0","0","8","0","","02","4","2006","7","40.614167","-79.944738","","11","0","0","0","0","0","0","0","0","1","0","0","0","","","0","","2","","40 36:51.000","3","0","79 56:41.056","9","0","0","0","2207","1","0","0","N","1","0","0","2","02207","0","","1.0","","1","N","N","","0","","0","0","0","","0","N","","2","0","0","0","0","0","1","2","0","1","","","","N","","","","","","","","","",""
"2006038153","","1","0","0","0","0","0","0","0","0","1","0","","02","4","2006","4","","","","11","0","0","1","0","0","1","0","0","","0","0","0","","","2","","2","","","","0","","8","0","0","0","2466","0","0","0","N","0","0","0","2","02466","0","","1.0","","1","N","N","","0","","0","0","1","","3","","","2","2","0","0","0","2","0","1","0","2","","","","N","","","","","","","","","",""
"2006038159","","2","0","0","0","0","0","0","0","0","1","0","","02","3","2006","4","40.456096","-79.965115","","11","0","0","0","0","0","0","0","0","","0","0","0","","","0","","0","","40 27:21.944","","0","79 57:54.414","0","0","0","0","2301","0","0","0","N","0","0","0","3","02301","0","","1.0","","1","N","N","","0","","0","0","1","","0","","","3","0","0","0","0","0","0","2","0","3","","","","N","","","","","","","","","",""
"2006038160","","1","0","0","0","0","0","0","0","0","1","0","","02","3","2006","3","40.4296","-79.999","","11","0","0","0","0","0","2","1","0","2","0","0","0","","","0","","0","","40 25:46.560","2","3","79 59:56.400","0","0","0","0","2301","0","0","0","N","0","0","0","3","02301","0","","1.0","","1","N","N","","0","","0","0","1","","0","N","","3","0","0","0","0","0","0","2","1","3","","","","N","","","","","","","","","",""
"2006038175","","2","0","0","0","0","0","0","0","0","1","0","","02","3","2006","3","40.561111","-80.013326","","11","0","0","0","0","0","1","0","0","","0","0","0","","","1","","0","","40 33:40.000","","0","80 00:47.974","4","0","0","0","2108","0","0","0","N","0","0","0","2","02108","1","","1.0","","1","N","N","","0","","0","0","0","","0","","","2","1","0","0","0","0","0","2","0","2","","","","N","","","","","","","","","",""
"2006038190","","1","0","0","0","0","0","0","0","0","4","0","","02","4","2006","4","40.4975","-80.069744","","11","0","1","0","0","0","0","0","0","","0","0","0","","","1","","2","","40 29:51.000","","0","80 04:11.077","4","0","0","0","2402","0","0","0","N","0","0","0","3","02402","1","","1.0","","1","N","N","","0","","0","0","1","","3","","","2","1","0","0","0","0","0","2","0","2","","","","N","","","","","","","","","",""
"2006038192","","1","0","0","0","0","0","0","0","0","0","0","","02","4","2006","4","40.521564","-79.787738","","11","0","0","0","0","0","0","0","0","","0","0","0","","","0","","0","","40 31:17.632","","0","79 47:15.858","0","0","0","0","2466","0","0","0","N","0","0","0","1","02466","0","","2.0","","1","N","N","","0","","0","0","0","","0","","","1","0","0","0","0","0","0","2","0","1","","","","N","","","","","","","","","",""
"2006038231","","1","0","0","0","0","0","0","0","0","4","0","","02","4","2006","5","40.495278","-80.066361","","11","0","0","0","0","0","1","0","0","","0","0","0","","","0","","0","","40 29:43.000","","0","80 03:58.901","0","0","0","0","2402","0","0","0","N","0","0","0","4","02402","0","","1.0","","1","N","N","","0","","0","0","1","","0","","","2","0","2","0","0","0","0","2","0","2","","","","N","","","","","","","","","",""
"2006038235","","2","0","0","0","0","0","0","0","0","7","0","","02","4","2006","4","","","","11","0","0","0","0","0","0","0","0","1","0","0","0","","","0","","0","","","3","0","","9","0","0","0","2444","0","0","0","N","0","0","0","2","02444","0","","4.0","","3","N","N","","0","","0","0","0","","0","Y","","2","0","0","0","0","0","2","1","0","2","","","","N","","","","","","","","","",""
"2006038238","","0","0","0","0","0","0","0","0","0","4","0","","02","4","2006","5","40.471164","-79.708917","","11","0","0","0","0","0","1","0","0","","0","0","0","","","2","","0","","40 28:16.190","","0","79 42:32.101","4","0","0","0","2466","0","0","0","N","0","0","0","4","02466","2","","1.0","","1","N","N","","1","","0","0","1","","0","","","2","2","0","0","0","0","0","2","0","2","","","","N","","","","","","","","","",""
"2006038239","","0","0","0","0","0","0","0","0","0","7","0","","02","4","2006","3","40.545278","-79.972358","","11","0","1","0","0","0","0","0","0","1","0","0","0","","","0","","2","","40 32:43.000","1","0","79 58:20.488","0","0","0","0","2118","0","0","0","N","0","0","0","1","02118","0","","2.0","","1","N","N","","0","","0","0","0","","0","N","","1","0","1","0","0","0","0","2","1","1","","","","N","","","","","","","","","",""
"2006038240","","1","0","0","0","0","0","0","0","0","4","0","","02","4","2006","2","40.522068","-80.217554","","11","0","0","0","0","0","0","0","0","2","0","0","0","","","2","","2","","40 31:19.444","5","0","80 13:03.194","4","0","0","0","2213","0","0","0","N","0","0","0","2","02213","2","","1.0","","1","N","N","","0","","0","0","1","","3","N","","2","2","0","0","0","0","0","2","0","2","","","","N","","","","","","","","","",""
"2006038241","","2","0","0","0","0","0","0","0","0","4","0","","02","4","2006","2","40.505556","-80.14724","","11","0","1","0","0","0","0","0","0","","0","0","0","","","0","","2","","40 30:20.000","","0","80 08:50.065","0","0","0","0","2213","0","0","0","N","0","0","0","4","02213","0","","1.0","","1","N","N","","0","","0","0","0","","0","","","2","0","0","0","0","0","0","2","0","2","","","","N","","","","","","","","","",""
"2006038242","","2","0","0","0","0","0","0","0","0","4","0","","02","4","2006","2","40.503611","-80.222361","","11","0","0","0","0","0","0","0","0","2","0","0","0","","","1","","1","","40 30:13.000","2","0","80 13:20.498","4","0","0","0","2213","0","0","0","N","0","0","0","2","02213","1","","1.0","","1","N","N","","0","","0","0","0","","2","N","","2","1","0","0","0","0","0","2","0","2","","","","N","","","","","","","","","",""
"2006038243","","1","0","0","0","0","0","0","0","0","1","0","","02","3","2006","2","40.5225","-80.224342","","11","0","0","0","0","0","2","0","0","","0","0","0","","","1","","2","","40 31:21.000","","0","80 13:27.631","4","0","0","0","2213","0","0","0","N","0","0","0","7","02213","1","","1.0","","1","N","N","","0","","0","0","1","","0","","","3","1","0","0","0","0","0","2","1","3","","","","N","","","","","","","","","",""
"2006038244","","0","0","0","0","0","0","0","0","0","7","0","","02","4","2006","2","40.5","-80.2201","","11","0","0","0","0","0","0","0","0","","0","0","0","","","1","","0","","40 30:00.000","","0","80 13:12.360","4","0","0","0","2213","0","0","0","Y","0","0","0","1","02213","1","","3.0","","1","N","N","","0","","0","0","1","","0","","","1","1","0","0","0","0","0","2","0","1","","","","N","","","","","","","","","",""
"2006038245","","0","0","0","0","0","0","0","0","0","1","0","","02","4","2006","6","40.348064","-80.026269","","11","0","0","0","0","0","0","1","0","","0","0","0","","","0","","0","","40 20:53.030","","0","80 01:34.567","0","0","0","0","2407","0","0","0","N","0","0","0","2","02407","0","","1.0","","9","N","N","","2","","0","0","0","","0","","","2","0","0","0","0","0","0","2","0","2","","","","N","","","","","","","","","",""
"2006038246","","1","0","0","0","0","0","0","0","0","1","0","","02","3","2006","2","40.343333","-80.024968","","11","0","0","0","0","0","0","0","0","1","0","0","0","","","1","","2","","40 20:36.000","6","0","80 01:29.885","2","0","1","1","2407","0","0","0","N","0","0","0","2","02407","0","","1.0","","1","N","N","","0","","0","1","0","","0","Y","","2","1","0","0","0","0","0","2","0","2","","","","N","","","","","","","","","",""
"2006038248","","2","0","0","0","0","0","0","0","0","4","0","","02","4","2006","6","40.365278","-80.017228","","11","1","0","0","0","0","0","0","0","1","0","0","0","","","1","","0","","40 21:55.000","2","0","80 01:02.022","4","0","0","0","2416","0","0","0","N","0","0","0","3","02416","1","","1.0","","1","N","N","","0","","0","0","0","","0","N","","2","1","0","0","0","0","0","2","0","2","","","","N","","","","","","","","","",""
"2006038249","","2","0","0","0","0","0","0","0","0","4","0","","02","4","2006","1","40.4267","-79.8901","","11","0","0","0","0","0","0","0","0","1","0","0","0","","","0","","2","","40 25:36.120","7","1","79 53:24.360","0","0","0","0","2426","0","0","0","N","0","0","0","7","02426","0","","1.0","","1","N","N","","0","","0","0","0","","2","Y","","2","0","0","0","0","0","0","2","0","2","","","","N","","","","","","","","","",""
"2006038355","","1","0","0","0","0","0","0","0","0","4","0","","02","4","2006","5","40.367778","-79.779834","","11","0","0","0","1","0","1","0","0","","0","0","0","","","0","","1","","40 22:04.000","","0","79 46:47.401","0","0","0","0","2111","0","0","0","N","0","0","0","3","02111","0","","1.0","","9","N","N","","1","","0","0","0","","0","","","2","0","0","0","0","0","0","2","0","2","","","","N","","","","","","","","","",""
"2006038370","","1","0","0","0","0","0","0","0","0","7","0","","02","3","2006","7","40.37116","-80.062117","","11","0","0","0","0","0","1","0","0","3","1","0","0","","","0","","0","","40 22:16.176","5","0","80 03:43.621","1","0","0","0","2109","0","0","0","","0","0","0","1","02109","0","2","4.0","","2","N","N","","0","0","0","0","0","","0","Y","","1","0","1","1","0","0","0","2","0","1","","","","N","","","","","","","","","",""
"2006038394","","0","0","0","0","0","0","1","0","0","1","1","99","02","4","2006","5","40.5261","-79.8155","","11","0","0","0","0","0","0","0","0","","0","0","0","","","1","","0","","40 31:33.960","","0","79 48:55.800","8","0","0","0","2466","0","0","0","N","0","0","0","5","02466","0","","1.0","","1","N","N","","0","","0","0","0","","0","","","2","1","0","0","0","1","0","2","1","2","","","Y","Y","3","1","","","N","","","","",""