"CRN","ARRIVAL_TM","AUTOMOBILE_COUNT","BELTED_DEATH_COUNT","BELTED_SUSP_SERIOUS_INJ_COUNT","BICYCLE_COUNT","BICYCLE_DEATH_COUNT","BICYCLE_SUSP_SERIOUS_INJ_COUNT","BUS_COUNT","CHLDPAS_DEATH_COUNT","CHLDPAS_SUSP_SERIOUS_INJ_COUNT","COLLISION_TYPE","COMM_VEH_COUNT","CONS_ZONE_SPD_LIM","COUNTY","CRASH_MONTH","CRASH_YEAR","DAY_OF_WEEK","DEC_LATITUDE","DEC_LONGITUDE","DISPATCH_TM","DISTRICT","DRIVER_COUNT_16YR","DRIVER_COUNT_17YR","DRIVER_COUNT_18YR","DRIVER_COUNT_19YR","DRIVER_COUNT_20YR","DRIVER_COUNT_50_64YR","DRIVER_COUNT_65_74YR","DRIVER_COUNT_75PLUS","EST_HRS_CLOSED","FATAL_COUNT","HEAVY_TRUCK_COUNT","HORSE_BUGGY_COUNT","HOUR_OF_DAY","ILLUMINATION","INJURY_COUNT","INTERSECTION_RELATED","INTERSECT_TYPE","LANE_CLOSED","LATITUDE","LN_CLOSE_DIR","LOCATION_TYPE","LONGITUDE","MAX_SEVERITY_LEVEL","MCYCLE_DEATH_COUNT","MCYCLE_SUSP_SERIOUS_INJ_COUNT","MOTORCYCLE_COUNT","MUNICIPALITY","NONMOTR_COUNT","NONMOTR_DEATH_COUNT","NONMOTR_SUSP_SERIOUS_INJ_COUNT","NTFY_HIWY_MAINT","PED_COUNT","PED_DEATH_COUNT","PED_SUSP_SERIOUS_INJ_COUNT","PERSON_COUNT","POLICE_AGCY","POSSIBLE_INJ_COUNT","RDWY_SURF_TYPE_CD","RELATION_TO_ROAD","ROADWAY_CLEARED","ROAD_CONDITION","SCH_BUS_IND","SCH_ZONE_IND","SECONDARY_CRASH","SMALL_TRUCK_COUNT","SPEC_JURIS_CD","SUSP_MINOR_INJ_COUNT","SUSP_SERIOUS_INJ_COUNT","SUV_COUNT","TCD_FUNC_CD","TCD_TYPE","TFC_DETOUR_IND","TIME_OF_DAY","TOTAL_UNITS","TOT_INJ_COUNT","UNBELTED_OCC_COUNT","UNB_DEATH_COUNT","UNB_SUSP_SERIOUS_INJ_COUNT","UNK_INJ_DEG_COUNT","UNK_INJ_PER_COUNT","URBAN_RURAL","VAN_COUNT","VEHICLE_COUNT","WEATHER1","WEATHER2","WORKERS_PRES","WORK_ZONE_IND","WORK_ZONE_LOC","WORK_ZONE_TYPE","WZ_CLOSE_DETOUR","WZ_FLAGGER","WZ_LAW_OFFCR_IND","WZ_LN_CLOSURE","WZ_MOVING","WZ_OTHER","WZ_SHLDER_MDN","WZ_WORKERS_INJ_KILLED"
"2006040698","","0","0","0","0","0","0","0","0","0","7","0","","02","3","2006","5","","","","11","0","0","0","0","0","0","0","0","","0","0","0","","","0","","0","","","","0","","0","0","0","0","2113","0","0","0","N","0","0","0","1","02113","0","","2.0","","1","N","N","","0","","0","0","0","","0","","","1","0","0","0","0","0","0","1","1","1","","","","N","","","","","","","","","",""
"2006040721","","3","0","0","0","0","0","0","0","0","1","0","","02","3","2006","7","40.437222","-79.778954","","11","0","1","0","0","0","1","0","0","2","0","0","0","","","3","","0","","40 26:14.000","3","0","79 46:44.234","3","0","0","0","2446","0","0","0","N","0","0","0","4","02446","1","","1.0","","1","N","N","","0","","2","0","0","","0","N","","3","3","0","0","0","0","0","2","0","3","","","","N","","","","","","","","","",""
"2006040722","","1","0","0","0","0","0","0","0","0","7","0","","02","3","2006","6","","","","11","0","0","0","0","0","1","0","0","2","0","0","0","","","1","","0","","","5","0","","8","0","0","0","2446","0","0","0","N","0","0","0","1","02446","0","","4.0","","1","N","N","","0","","0","0","0","","0","Y","","1","1","1","0","0","1","0","1","0","1","","","","N","","","","","","","","","",""
"2006040723","","3","0","0","0","0","0","0","0","0","4","0","","02","3","2006","1","40.435115","-79.768473","","11","0","0","0","0","0","1","1","0","1","0","0","0","","","2","","1","","40 26:06.414","4","0","79 46:06.502","4","0","0","0","2446","0","0","0","N","0","0","0","3","02446","2","","1.0","","1","N","N","","0","","0","0","0","","2","Y","","3","2","0","0","0","0","0","2","0","3","","","","N","","","","","","","","","",""
"2006040724","","2","0","0","0","0","0","0","0","0","1","0","","02","3","2006","6","40.431389","-79.802932","","11","0","0","0","0","0","0","0","0","","0","0","0","","","1","","0","","40 25:53.000","","3","79 48:10.556","4","0","0","0","2446","0","0","0","N","0","0","0","2","02446","1","","1.0","","9","N","N","","0","","0","0","0","","0","","","2","1","0","0","0","0","0","2","0","2","","","","N","","","","","","","","","",""
"2006040792","","0","0","0","0","0","0","0","0","0","7","0","","02","3","2006","4","40.660556","-79.720724","","11","0","0","0","0","0","1","0","0","","0","0","0","","","0","","0","","40 39:38.000","","3","79 43:14.605","0","0","0","0","2106","0","0","0","Y","0","0","0","1","68D02","0","","4.0","","2","N","N","","1","","0","0","0","","0","","","1","0","0","0","0","0","0","2","0","1","","","","N","","","","","","","","","",""
"2006040811","","1","0","0","0","0","0","0","0","0","7","0","","02","2","2006","2","","","","11","0","0","0","0","0","0","0","0","","0","0","0","","","0","","0","","40 25:15.24","","0","80 02:50.64","0","0","0","0","2435","0","0","0","Y","0","0","0","1","68B03","0","","2.0","","1","N","N","","0","","0","0","0","","0","","","2","0","0","0","0","0","0","2","0","1","","","","N","","","","","","","","","",""
"2006040812","","1","0","0","0","0","0","0","0","0","1","0","","02","2","2006","3","40.503056","-80.025413","","11","0","0","0","0","0","1","0","0","","0","0","0","","","1","","1","","40 30:11.000","","2","80 01:31.485","4","0","0","0","2116","0","0","0","N","0","0","0","4","68B03","1","","1.0","","1","N","N","","1","","0","0","0","","2","","","2","1","0","0","0","0","3","2","0","2","","","","N","","","","","","","","","",""
"2006040813","","1","0","0","0","0","0","0","0","0","7","0","","02","2","2006","3","","","","11","0","0","0","0","0","1","0","0","","0","0","0","","","2","","0","","40 25:14.16","","0","80 05:35.88","3","0","0","0","2457","0","0","0","N","0","0","0","2","68B03","1","","2.0","","2","N","N","","0","","1","0","0","","0","","","1","2","1","0","0","0","0","2","0","1","","","","N","","","","","","","","","",""
"2006040814","","0","0","0","0","0","0","0","0","0","1","0","","02","3","2006","7","","","","11","0","0","0","0","0","0","1","0","","0","0","0","","","1","","0","","40 26:15.72","","4","80 00:48.24","4","0","0","0","2301","0","0","0","N","0","0","0","3","68B03","1","","1.0","","1","N","N","","2","","0","0","0","","0","","","2","1","1","0","0","0","0","2","0","2","","","","N","","","","","","","","","",""
"2006040815","","1","0","0","0","0","0","0","0","0","7","0","","02","2","2006","3","","","","11","0","0","0","0","0","1","0","0","","0","0","0","","","1","","0","","40 26:43.08","","0","79 50:54.60","4","0","0","0","2419","0","0","0","N","0","0","0","1","68B03","1","","4.0","","1","N","N","","0","","0","0","0","","0","","","1","1","0","0","0","0","0","2","0","1","","","","N","","","","","","","","","",""
"2006040816","","1","0","0","0","0","0","0","0","0","7","0","","02","2","2006","3","","","","11","0","0","0","0","0","0","0","0","","0","0","0","","","1","","0","","40 25:53.76","","0","79 57:30.96","4","0","0","0","2301","0","0","0","N","0","0","0","1","68B03","1","","2.0","","1","N","N","","0","","0","0","0","","0","","","1","1","0","0","0","0","0","2","0","1","","","","N","","","","","","","","","",""
"2006040817","","1","0","1","0","0","0","0","0","0","7","0","","02","3","2006","5","40.500556","-80.121634","","11","0","0","0","0","1","0","0","0","","0","0","0","","","1","","0","","40 30:02.000","","0","80 07:17.883","2","0","0","0","2115","0","0","0","N","0","0","0","1","68B03","0","","3.0","","1","N","N","","0","","0","1","0","","8","","","2","1","0","0","0","0","0","2","0","1","","","","N","","","","","","","","","",""
"2006040818","","1","0","0","0","0","0","0","0","0","7","0","","02","2","2006","7","","","","11","0","0","0","1","0","0","0","0","","0","0","0","","","1","","0","","40 25:32.88","","0","80 01:51.60","4","0","0","0","2301","0","0","0","N","0","0","0","2","68B03","1","","4.0","","1","N","N","","0","","0","0","0","","0","","","1","1","1","0","0","0","0","2","0","1","","","","N","","","","","","","","","",""
"2006040820","","2","0","0","0","0","0","0","0","0","1","0","","02","2","2006","3","40.4934","-80.1267","","11","0","0","0","0","0","0","0","0","2","0","0","0","","","2","","0","","40 29:36.240","2","0","80 07:36.120","3","0","0","0","2115","0","0","0","N","0","0","0","2","68B03","1","","1.0","","9","N","N","","0","","1","0","0","","0","N","","2","2","0","0","0","0","0","2","0","2","","","","N","","","","","","","","","",""
"2006040821","","3","0","0","0","0","0","0","0","0","1","0","","02","3","2006","5","","","","11","0","0","0","0","0","2","0","0","","0","0","0","","","2","","0","","40 25:37.92","","0","79 53:28.32","4","0","0","0","2419","0","0","0","N","0","0","0","6","68B03","2","","1.0","","9","N","N","","0","","0","0","1","","0","","","4","2","0","0","0","0","0","2","0","4","","","","N","","","","","","","","","",""
"2006040822","","2","0","0","0","0","0","0","0","0","1","0","","02","3","2006","6","","","","11","0","0","0","0","0","0","0","1","","0","0","0","","","0","","0","","40 25:54.48","","0","80 01:28.20","0","0","0","0","2301","0","0","0","N","0","0","0","2","68B03","0","","1.0","","1","N","N","","0","","0","0","0","","0","","","2","0","0","0","0","0","0","2","0","2","","","","N","","","","","","","","","",""
"2006040823","","1","0","0","0","0","0","0","0","0","1","0","","02","3","2006","6","","","","11","0","0","1","0","0","0","0","0","","0","0","0","","","0","","0","","40 25:40.80","","4","79 55:29.28","0","0","0","0","2301","0","0","0","N","0","0","0","2","68B03","0","","1.0","","1","N","N","","0","","0","0","0","","0","","","2","0","1","0","0","0","0","2","1","2","","","","N","","","","","","","","","",""
"2006040824","","1","0","0","0","0","0","0","0","0","7","0","","02","2","2006","7","","","","11","0","0","0","0","0","0","0","0","2","0","0","0","","","1","","0","","40 26:08.16","3","0","79 58:38.28","4","0","0","0","2301","0","0","0","N","0","0","0","1","68B03","1","","4.0","","2","N","N","","0","","0","0","0","","0","N","","1","1","0","0","0","0","0","2","0","1","","","","N","","","","","","","","","",""
"2006040825","","1","0","0","0","0","0","0","0","0","7","0","","02","3","2006","5","40.579444","-80.115688","","11","0","0","0","0","0","0","0","0","","0","0","0","","","1","","0","","40 34:46.000","","0","80 06:56.477","3","0","0","0","2481","0","0","0","N","0","0","0","1","68B03","0","","2.0","","7","N","N","","0","","1","0","0","","0","","","1","1","0","0","0","0","0","2","0","1","","","","N","","","","","","","","","",""
"2006040826","","1","0","0","0","0","0","0","0","0","1","0","","02","3","2006","4","40.446944","-80.167389","","11","0","0","0","0","0","1","0","0","","0","0","0","","","2","","6","","40 26:49.000","","2","80 10:02.600","4","0","0","0","2115","0","0","0","N","0","0","0","3","68B03","2","","1.0","","1","N","N","","0","","0","0","1","","3","","","2","2","0","0","0","0","0","2","0","2","","","","N","","","","","","","","","",""
"2006040827","","1","0","0","0","0","0","0","0","0","1","0","","02","3","2006","5","","","","11","0","0","0","0","0","1","0","0","","0","0","0","","","0","","0","","40 26:44.16","","0","80 00:34.56","0","0","0","0","2301","0","0","0","N","0","0","0","2","68B03","0","","1.0","","1","N","N","","1","","0","0","0","","0","","","2","0","1","0","0","0","0","2","0","2","","","","N","","","","","","","","","",""
"2006040828","","1","0","0","0","0","0","0","0","0","7","0","","02","3","2006","2","","","","11","0","0","0","0","0","0","0","0","","0","0","0","","","1","","0","","40 27:08.28","","0","80 10:22.80","4","0","0","0","2203","0","0","0","N","0","0","0","2","68B03","1","","3.0","","1","N","N","","0","","0","0","0","","0","","","1","1","1","0","0","0","0","2","0","1","","","","N","","","","","","","","","",""
"2006040829","","1","0","0","0","0","0","0","0","0","7","0","","02","2","2006","3","40.445833","-79.848477","","11","0","0","0","0","0","0","1","0","","0","0","0","","","0","","6","","40 26:45.000","","2","79 50:54.517","0","0","0","0","2419","0","0","0","N","0","0","0","1","68B03","0","","3.0","","1","N","N","","0","","0","0","0","","0","","","1","0","0","0","0","0","0","2","0","1","","","","N","","","","","","","","","",""
"2006040851","","1","0","0","0","0","0","0","0","0","7","0","","02","3","2006","7","40.611389","-79.756514","","11","0","0","0","0","0","1","0","0","","0","0","0","","","0","","7","","40 36:41.000","","2","79 45:23.452","0","0","0","0","2464","0","0","0","Y","0","0","0","2","68D02","0","","2.0","","9","N","N","","0","","0","0","0","","8","","","1","0","0","0","0","0","0","2","0","1","","","","N","","","","","","","","","",""
"2006040913","","2","0","0","0","0","0","0","0","0","1","0","","02","3","2006","3","40.466667","-80.025143","","11","0","0","0","0","0","1","0","0","1","0","0","0","","","0","","1","","40 28:00.000","3","0","80 01:30.516","0","0","0","0","2301","0","0","0","N","0","0","0","2","02301","0","","1.0","","9","N","N","","0","","0","0","0","","4","N","","2","0","0","0","0","0","0","2","0","2","","","","N","","","","","","","","","",""
"2006040914","","1","0","0","0","0","0","0","0","0","6","0","","02","3","2006","3","","","","11","0","0","0","0","0","1","0","0","","0","0","0","","","0","","0","","","","0","","0","0","0","0","2301","0","0","0","N","0","0","0","2","02301","0","","1.0","","9","N","N","","0","","0","0","1","","0","","","2","0","0","0","0","0","0","1","0","2","","","","N","","","","","","","","","",""
"2006040953","","2","0","0","0","0","0","0","0","0","4","0","","02","4","2006","4","40.3272","-79.9445","","11","0","0","0","0","0","1","0","0","1","0","0","0","","","1","","0","","40 19:37.920","1","0","79 56:40.200","8","0","0","0","2454","0","0","0","N","0","0","0","3","02454","0","","1.0","","1","N","N","","0","","0","0","0","","0","N","","2","1","0","0","0","1","0","2","0","2","","","","N","","","","","","","","","",""
"2006040958","","2","0","0","0","0","0","0","0","0","1","0","","02","4","2006","5","40.6137","-80.0546","","11","1","0","0","0","0","0","0","0","","0","0","0","","","0","","0","","40 36:49.320","","0","80 03:16.560","0","0","0","0","2216","0","0","0","N","0","0","0","7","02505","0","","1.0","","1","N","N","","0","","0","0","1","","0","","","3","0","1","0","0","0","0","1","0","3","","","","N","","","","","","","","","",""
"2006040962","","0","0","0","0","0","0","0","0","0","99","0","","02","4","2006","4","40.230953","-79.864378","","11","0","0","0","0","0","0","0","0","","0","0","0","","","1","","0","","40 13:51.430","","0","79 51:51.760","8","0","0","1","2204","0","0","0","N","0","0","0","1","02204","0","","1.0","","1","N","N","","0","","0","0","0","","0","","","1","1","0","0","0","1","0","1","0","1","","","","N","","","","","","","","","",""
"2006040968","","0","0","0","0","0","0","0","0","0","7","0","","02","4","2006","4","40.245","-79.894626","","11","0","0","0","0","0","1","0","0","2","0","0","0","","","1","","0","","40 14:42.000","5","0","79 53:40.653","8","0","0","0","2204","0","0","0","N","0","0","0","2","02204","0","","4.0","","1","N","N","","1","","0","0","0","","0","N","","1","1","0","0","0","1","0","1","0","1","","","","N","","","","","","","","","",""
"2006040970","","1","0","0","0","0","0","0","0","0","4","0","","02","4","2006","6","","","","11","0","0","1","1","0","0","0","0","","0","0","0","","","0","","0","","","","0","","0","0","0","0","2407","0","0","0","N","0","0","0","2","02407","0","","1.0","","1","N","N","","0","","0","0","0","","0","","","2","0","0","0","0","0","0","1","1","2","","","","N","","","","","","","","","",""
"2006040991","","0","0","0","0","0","0","0","0","0","7","0","","02","4","2006","1","40.3817","-79.9958","","11","0","0","0","0","0","1","0","0","1","0","0","0","","","2","","0","","40 22:54.120","2","0","79 59:44.880","3","0","0","2","2301","0","0","0","N","0","0","0","2","02301","1","","4.0","","1","N","N","","0","","1","0","0","","0","Y","","2","2","0","0","0","0","0","2","0","2","","","","N","","","","","","","","","",""
"2006041085","","0","0","0","0","0","0","0","0","0","7","1","","02","2","2006","3","40.497","-79.9373","","11","0","0","0","0","0","1","0","0","4","0","1","0","","","1","","0","","40 29:49.200","2","3","79 56:14.280","4","0","0","0","2112","0","0","0","Y","0","0","0","1","68D02","1","","2.0","","9","N","N","","0","","0","0","0","","0","Y","","1","1","0","0","0","0","0","2","0","1","","","","N","","","","","","","","","",""
"2006041099","","2","0","0","0","0","0","0","0","0","4","0","","02","4","2006","4","40.454167","-79.947694","","11","0","0","0","0","0","1","0","0","3","1","0","0","","","2","","1","","40 27:15.000","1","0","79 56:51.697","1","0","0","0","2301","0","0","0","N","0","0","0","3","02301","0","2","1.0","","1","N","N","","0","0","0","0","0","","2","N","","2","2","2","1","0","2","0","2","0","2","","","","N","","","","","","","","","",""
"2006041100","","0","0","0","0","0","0","0","0","0","1","0","","02","3","2006","6","","","","11","0","0","0","0","0","1","0","0","","0","0","0","","","0","","0","","","","0","","9","0","0","0","2301","0","0","0","N","0","0","0","3","02301","0","","1.0","","1","N","N","","0","","0","0","1","","0","","","2","0","0","0","0","0","1","1","1","2","","","","N","","","","","","","","","",""
"2006041126","","1","0","0","0","0","0","0","0","0","0","0","","02","3","2006","2","40.459658","-79.855884","","11","0","0","0","0","0","0","0","0","2","0","0","0","","","1","","0","","40 27:34.768","1","0","79 51:21.182","4","0","0","0","2113","0","0","0","N","0","0","0","3","02113","1","","4.0","","1","N","N","","0","","0","0","0","","0","Y","","1","1","1","0","0","0","0","2","0","1","","","","N","","","","","","","","","",""
"2006041130","","1","0","0","0","0","0","0","0","0","1","0","","02","3","2006","7","40.431944","-79.817698","","11","0","0","0","0","1","0","0","0","","0","0","0","","","0","","0","","40 25:55.000","","3","79 49:03.714","0","0","0","0","2446","0","0","0","N","0","0","0","4","02446","0","","1.0","","1","N","N","","0","","0","0","1","","0","","","2","0","0","0","0","0","0","2","0","2","","","","N","","","","","","","","","",""
"2006041155","","1","0","0","0","0","0","0","0","0","7","0","","02","4","2006","7","40.337979","-79.956267","","11","0","0","0","1","0","0","0","0","3","0","0","0","","","1","","3","","40 20:16.724","7","0","79 57:22.561","4","0","0","0","2454","0","0","0","N","0","0","0","1","02454","1","","2.0","","1","N","N","","0","","0","0","1","","0","Y","","2","1","1","0","0","0","0","2","0","2","","","","N","","","","","","","","","",""
"2006041156","","2","0","0","0","0","0","0","0","0","1","0","","02","4","2006","5","","","","11","0","0","0","0","0","0","0","0","","0","0","0","","","0","","0","","","","0","","0","0","0","0","2118","0","0","0","N","0","0","0","1","02118","0","","1.0","","1","N","N","","0","","0","0","0","","0","","","2","0","0","0","0","0","0","1","0","2","","","","N","","","","","","","","","",""
"2006041166","","1","0","0","0","0","0","0","0","0","4","0","","02","4","2006","5","40.338889","-80.06578","","11","0","0","1","0","0","0","0","0","3","0","0","0","","","2","","1","","40 20:20.000","2","0","80 03:56.807","3","0","0","0","2123","0","0","0","N","0","0","0","2","02123","0","","1.0","","1","N","N","","0","","2","0","1","","2","Y","","2","2","0","0","0","0","0","2","0","2","","","","N","","","","","","","","","",""
"2006041167","","2","0","0","0","0","0","0","0","0","4","0","","02","4","2006","5","40.4361","-79.7854","","11","0","0","0","0","0","0","0","1","1","0","0","0","","","1","","0","","40 26:09.960","3","7","79 47:07.440","4","0","0","0","2446","0","0","0","N","0","0","0","2","02446","1","","1.0","","1","N","N","","0","","0","0","0","","2","N","","2","1","1","0","0","0","0","2","0","2","","","","N","","","","","","","","","",""
"2006041169","","2","0","0","0","0","0","0","0","0","4","0","","02","4","2006","6","40.36091","-79.993897","","11","0","0","0","0","0","1","0","0","","0","0","0","","","0","","2","","40 21:39.277","","0","79 59:38.030","0","0","0","0","2476","0","0","0","N","0","0","0","2","02476","0","","1.0","","1","N","N","","0","","0","0","0","","0","","","2","0","0","0","0","0","0","2","0","2","","","","N","","","","","","","","","",""
"2006041171","","1","0","0","0","0","0","0","0","0","4","0","","02","4","2006","6","40.613611","-79.947421","","11","0","0","0","0","0","0","0","0","","0","0","0","","","0","","1","","40 36:49.000","","0","79 56:50.715","0","0","0","0","2207","0","0","0","N","0","0","0","2","02207","0","","1.0","","1","N","N","","1","","0","0","0","","2","","","2","0","0","0","0","0","0","2","0","2","","","","N","","","","","","","","","",""
"2006041175","","1","0","0","0","0","0","0","0","0","1","0","","02","4","2006","5","40.3268","-80.0769","","11","0","0","0","0","0","0","1","0","","0","0","0","","","0","","1","","40 19:36.480","","0","80 04:36.840","0","0","0","0","2123","0","0","0","N","0","0","0","3","02123","0","","1.0","","1","N","N","","1","","0","0","0","","0","","","2","0","0","0","0","0","0","2","0","2","","","","N","","","","","","","","","",""
"2006041187","","1","0","0","0","0","0","0","0","0","1","0","","02","4","2006","2","","","","11","0","0","0","0","0","0","0","0","1","0","0","0","","","1","","1","","","7","0","","3","0","0","0","2302","1","0","0","N","1","0","0","2","02302","0","","1.0","","1","N","N","","0","","1","0","0","","0","Y","","2","1","0","0","0","0","0","1","0","1","","","","N","","","","","","","","","",""
"2006041189","","0","0","0","0","0","0","0","0","0","1","0","","02","4","2006","2","40.509167","-80.202512","","11","0","0","1","0","0","0","0","0","","0","0","0","","","0","","1","","40 30:33.000","","0","80 12:09.043","0","0","0","0","2213","0","0","0","N","0","0","0","3","02213","0","","1.0","","1","N","N","","0","","0","0","1","","3","","","2","0","0","0","0","0","0","2","1","2","","","","N","","","","","","","","","",""
"2006041214","","1","0","0","0","0","0","0","0","0","7","0","","02","4","2006","4","40.3865","-80.0923","","11","0","0","0","0","0","0","0","0","","0","0","0","","","0","","0","","40 23:11.400","","0","80 05:32.280","0","0","0","0","2117","0","0","0","N","0","0","0","1","02117","0","","4.0","","1","N","N","","0","","0","0","0","","0","","","1","0","1","0","0","0","0","2","0","1","","","","N","","","","","","","","","",""
"2006041216","","2","0","0","0","0","0","0","0","0","0","0","","02","4","2006","2","40.622222","-80.054108","","11","0","0","1","0","0","0","0","0","1","0","0","0","","","0","","0","","40 37:20.000","2","0","80 03:14.788","0","0","0","0","2216","0","0","0","N","0","0","0","4","02505","0","","1.0","","1","N","N","","0","","0","0","0","","0","N","","2","0","0","0","0","0","0","2","0","2","","","","N","","","","","","","","","",""
"2006041218","","2","0","0","0","0","0","0","0","0","2","0","","02","4","2006","6","","","","11","0","0","0","0","0","0","0","0","1","0","0","0","","","3","","0","","","4","0","","4","0","0","0","2216","0","0","0","N","0","0","0","4","02505","3","","1.0","","9","N","N","","0","","0","0","0","","0","N","","2","3","0","0","0","0","0","1","0","2","","","","N","","","","","","","","","",""
"2006041224","","1","0","0","0","0","0","0","0","0","7","0","","02","4","2006","6","40.441729","-79.85729","","11","0","0","0","0","0","0","0","0","1","0","0","0","","","0","","0","","40 26:30.224","1","0","79 51:26.243","0","0","0","0","2419","0","0","0","N","0","0","0","1","02419","0","","2.0","","1","N","N","","0","","0","0","0","","0","N","","1","0","0","0","0","0","0","2","0","1","","","","N","","","","","","","","","",""
"2006041227","","1","0","0","0","0","0","0","0","0","7","0","","02","4","2006","5","40.408333","-80.080736","","11","0","0","0","0","0","0","1","0","","0","0","0","","","0","","10","","40 24:30.000","","0","80 04:50.649","0","0","0","0","2415","0","0","0","N","0","0","0","1","02415","0","","5.0","","1","N","N","","0","","0","0","0","","0","","","1","0","0","0","0","0","0","2","0","1","","","","N","","","","","","","","","",""
"2006041235","","1","0","0","1","0","0","0","0","0","8","0","","02","4","2006","7","","","","11","0","0","0","1","0","0","0","0","","0","0","0","","","1","","2","","","","7","","4","0","0","0","2219","1","0","0","N","0","0","0","2","02501","1","","4.0","","1","N","N","","0","","0","0","0","","0","","","2","1","0","0","0","0","0","1","0","1","","","","N","","","","","","","","","",""
"2006041236","","3","0","0","0","0","0","0","0","0","1","0","","02","4","2006","7","40.6054","-79.9472","","11","0","0","0","0","0","0","0","0","","0","0","0","","","2","","0","","40 36:19.440","","0","79 56:49.920","8","0","0","0","2207","0","0","0","N","0","0","0","6","02207","0","","1.0","","9","N","N","","1","","0","0","0","","2","","","4","2","0","0","0","2","0","2","0","4","","","","N","","","","","","","","","",""
"2006041240","","0","0","0","0","0","0","0","0","0","7","0","","02","4","2006","6","40.524167","-80.035235","","11","0","0","0","0","0","0","0","0","","0","0","0","","","0","","2","","40 31:27.000","","0","80 02:06.845","0","0","0","0","2474","0","0","0","N","0","0","0","2","02474","0","","4.0","","1","N","N","","2","","0","0","0","","0","","","2","0","0","0","0","0","0","2","0","2","","","","N","","","","","","","","","",""
"2006041260","","1","0","0","0","0","0","0","0","0","4","0","","02","4","2006","6","40.358889","-79.975725","","11","0","0","1","0","0","0","0","0","1","0","0","0","","","0","","2","","40 21:32.000","3","0","79 58:32.610","0","0","0","0","2476","0","0","0","N","0","0","0","5","02476","0","","1.0","","9","N","N","","0","","0","0","0","","3","N","","2","0","0","0","0","0","0","2","1","2","","","","N","","","","","","","","","",""
"2006041262","","2","0","0","0","0","0","0","0","0","1","0","","02","4","2006","4","40.608743","-79.968314","","11","0","0","0","0","0","0","0","0","2","0","0","0","","","1","","2","","40 36:31.475","1","0","79 58:05.931","8","0","0","0","2207","0","0","0","N","0","0","0","2","02207","0","","1.0","","1","","N","","0","","0","0","0","","0","N","","2","1","0","0","0","1","0","2","0","2","","","","N","","","","","","","","","",""
"2006041315","","1","0","0","0","0","0","0","0","0","1","0","","02","4","2006","7","40.510278","-79.993154","","11","0","0","0","0","0","0","0","0","","0","0","0","","","1","","0","","40 30:37.000","","0","79 59:35.354","8","0","0","0","2116","0","0","0","N","0","0","0","4","02116","0","","1.0","","9","N","N","","0","","0","0","1","","0","","","2","1","0","0","0","1","0","2","0","2","","","","N","","","","","","","","","",""
"2006041318","","0","0","0","0","0","0","0","0","0","7","0","","02","4","2006","1","40.512109","-80.002885","","11","0","0","0","0","0","0","0","0","1","0","0","0","","","0","","0","","40 30:43.592","2","0","80 00:10.386","9","0","0","0","2116","0","0","0","N","0","0","0","1","02116","0","","4.0","","1","N","N","","0","","0","0","1","","0","N","","1","0","0","0","0","0","1","2","0","1","","","","N","","","","","","","","","",""
"2006041337","","1","0","0","0","0","0","0","0","0","7","0","","02","4","2006","1","40.559882","-79.806209","","11","0","0","0","0","0","0","1","0","1","0","0","0","","","1","","0","","40 33:35.574","6","0","79 48:22.352","4","0","0","0","2121","0","0","0","Y","0","0","0","1","02121","1","","2.0","","1","N","N","","0","","0","0","0","","0","N","","1","1","0","0","0","0","0","2","0","1","","","","N","","","","","","","","","",""
"2006041347","","1","0","0","0","0","0","0","0","0","7","0","","02","4","2006","2","","","","11","0","0","0","0","0","0","0","0","2","0","0","0","","","0","","3","","","7","0","","0","0","0","0","2102","0","0","0","Y","0","0","0","2","02102","0","","4.0","","1","N","N","","0","","0","0","0","","0","Y","","1","0","1","0","0","0","0","1","0","1","","","","N","","","","","","","","","",""
"2006041349","","1","0","0","0","0","0","0","0","0","7","0","","02","4","2006","1","40.351944","-79.97767","","11","0","0","0","0","0","0","0","0","","0","0","0","","","2","","1","","40 21:07.000","","0","79 58:39.611","2","0","0","0","2476","0","0","0","N","0","0","0","3","02476","0","","5.0","","9","N","N","","0","","1","1","0","","2","","","1","2","0","0","0","0","0","2","0","1","","","","N","","","","","","","","","",""
"2006041354","","1","0","0","0","0","0","0","0","0","6","0","","02","4","2006","6","40.2","-79.9107","","11","0","0","0","0","0","0","0","0","","0","0","0","","","0","","0","","40 12:00.000","","7","79 54:38.520","0","0","0","0","2204","0","0","0","N","0","0","0","1","02204","0","","4.0","","9","N","N","","1","","0","0","0","","0","","","2","0","0","0","0","0","0","2","0","2","","","","N","","","","","","","","","",""
"2006041377","","0","0","0","0","0","0","0","0","0","4","0","","02","4","2006","6","40.380556","-79.812126","","11","0","0","0","0","0","0","0","0","1","0","0","0","","","0","","2","","40 22:50.000","1","0","79 48:43.652","0","0","0","0","2424","0","0","0","N","0","0","0","5","02424","0","","1.0","","1","N","N","","1","","0","0","1","","0","N","","2","0","0","0","0","0","0","2","0","2","","","","N","","","","","","","","","",""
"2006041381","","1","0","0","0","0","0","0","0","0","7","0","","02","4","2006","7","40.343333","-80.060351","","11","0","0","0","0","0","1","0","0","1","0","0","0","","","0","","1","","40 20:36.000","2","0","80 03:37.262","0","0","0","0","2123","0","0","0","N","0","0","0","1","02123","0","","4.0","","9","N","N","","0","","0","0","0","","2","N","","1","0","0","0","0","0","0","2","0","1","","","","N","","","","","","","","","",""