"CRN","ARRIVAL_TM","AUTOMOBILE_COUNT","BELTED_DEATH_COUNT","BELTED_SUSP_SERIOUS_INJ_COUNT","BICYCLE_COUNT","BICYCLE_DEATH_COUNT","BICYCLE_SUSP_SERIOUS_INJ_COUNT","BUS_COUNT","CHLDPAS_DEATH_COUNT","CHLDPAS_SUSP_SERIOUS_INJ_COUNT","COLLISION_TYPE","COMM_VEH_COUNT","CONS_ZONE_SPD_LIM","COUNTY","CRASH_MONTH","CRASH_YEAR","DAY_OF_WEEK","DEC_LATITUDE","DEC_LONGITUDE","DISPATCH_TM","DISTRICT","DRIVER_COUNT_16YR","DRIVER_COUNT_17YR","DRIVER_COUNT_18YR","DRIVER_COUNT_19YR","DRIVER_COUNT_20YR","DRIVER_COUNT_50_64YR","DRIVER_COUNT_65_74YR","DRIVER_COUNT_75PLUS","EST_HRS_CLOSED","FATAL_COUNT","HEAVY_TRUCK_COUNT","HORSE_BUGGY_COUNT","HOUR_OF_DAY","ILLUMINATION","INJURY_COUNT","INTERSECTION_RELATED","INTERSECT_TYPE","LANE_CLOSED","LATITUDE","LN_CLOSE_DIR","LOCATION_TYPE","LONGITUDE","MAX_SEVERITY_LEVEL","MCYCLE_DEATH_COUNT","MCYCLE_SUSP_SERIOUS_INJ_COUNT","MOTORCYCLE_COUNT","MUNICIPALITY","NONMOTR_COUNT","NONMOTR_DEATH_COUNT","NONMOTR_SUSP_SERIOUS_INJ_COUNT","NTFY_HIWY_MAINT","PED_COUNT","PED_DEATH_COUNT","PED_SUSP_SERIOUS_INJ_COUNT","PERSON_COUNT","POLICE_AGCY","POSSIBLE_INJ_COUNT","RDWY_SURF_TYPE_CD","RELATION_TO_ROAD","ROADWAY_CLEARED","ROAD_CONDITION","SCH_BUS_IND","SCH_ZONE_IND","SECONDARY_CRASH","SMALL_TRUCK_COUNT","SPEC_JURIS_CD","SUSP_MINOR_INJ_COUNT","SUSP_SERIOUS_INJ_COUNT","SUV_COUNT","TCD_FUNC_CD","TCD_TYPE","TFC_DETOUR_IND","TIME_OF_DAY","TOTAL_UNITS","TOT_INJ_COUNT","UNBELTED_OCC_COUNT","UNB_DEATH_COUNT","UNB_SUSP_SERIOUS_INJ_COUNT","UNK_INJ_DEG_COUNT","UNK_INJ_PER_COUNT","URBAN_RURAL","VAN_COUNT","VEHICLE_COUNT","WEATHER1","WEATHER2","WORKERS_PRES","WORK_ZONE_IND","WORK_ZONE_LOC","WORK_ZONE_TYPE","WZ_CLOSE_DETOUR","WZ_FLAGGER","WZ_LAW_OFFCR_IND","WZ_LN_CLOSURE","WZ_MOVING","WZ_OTHER","WZ_SHLDER_MDN","WZ_WORKERS_INJ_KILLED"
"2006045000","","2","0","0","0","0","0","1","0","0","1","1","","02","4","2006","3","40.4866","-79.9422","","11","0","0","0","0","0","0","0","0","","0","0","0","","","1","","0","","40 29:11.760","","0","79 56:31.920","8","0","0","0","2301","0","0","0","N","0","0","0","3","02301","0","","1.0","","1","Y","N","","0","","0","0","0","","0","","","3","1","0","0","0","1","0","2","0","3","","","","N","","","","","","","","","",""
"2006045086","","1","0","0","0","0","0","0","0","0","7","0","","02","2","2006","7","","","","11","0","0","0","0","0","0","0","0","","0","0","0","","","0","","0","","40 28:26.40","","0","80 00:21.96","0","0","0","0","2301","0","0","0","N","0","0","0","1","68B03","0","","2.0","","2","N","N","","0","","0","0","0","","0","","","1","0","0","0","0","0","0","2","0","1","","","","N","","","","","","","","","",""
"2006045087","","3","0","0","0","0","0","0","0","0","1","0","","02","3","2006","7","","","","11","0","0","0","1","0","0","0","0","2","0","0","0","","","0","","0","","40 25:37.92","3","0","79 53:28.32","0","0","0","0","2411","0","0","0","N","0","0","0","9","68B03","0","","1.0","","1","N","N","","0","","0","0","0","","0","N","","3","0","0","0","0","0","0","2","0","3","","","","N","","","","","","","","","",""
"2006045088","","1","0","0","0","0","0","0","0","0","7","0","","02","2","2006","3","","","","11","0","0","0","0","0","0","0","0","1","0","0","0","","","0","","7","","40 26:29.04","3","2","79 45:41.76","0","0","0","0","2446","0","0","0","Y","0","0","0","1","68B03","0","","7.0","","9","N","N","","0","","0","0","0","","0","N","","1","0","0","0","0","0","0","2","0","1","","","","N","","","","","","","","","",""
"2006045098","","1","0","0","0","0","0","0","0","0","7","0","","02","4","2006","4","40.586389","-80.0448","","11","0","0","1","0","0","0","0","0","1","0","0","0","","","1","","0","","40 35:11.000","1","0","80 02:41.281","4","0","0","0","2108","0","0","0","N","0","0","0","2","02108","1","","4.0","","1","N","N","","0","","0","0","0","","0","N","","1","1","0","0","0","0","0","2","0","1","","","","N","","","","","","","","","",""
"2006045099","","3","0","0","0","0","0","0","0","0","5","0","","02","4","2006","3","40.6075","-80.052032","","11","0","0","0","0","0","0","2","0","2","0","0","0","","","1","","0","","40 36:27.000","1","0","80 03:07.314","8","0","0","0","2108","0","0","0","N","0","0","0","5","02108","0","","1.0","","1","N","N","","0","","0","0","0","","0","N","","3","1","0","0","0","1","0","2","0","3","","","","N","","","","","","","","","",""
"2006045100","","1","0","0","0","0","0","0","0","0","7","0","","02","4","2006","3","40.5848","-80.0426","","11","0","0","0","1","0","0","0","0","3","0","0","0","","","0","","0","","40 35:05.280","2","0","80 02:33.360","0","0","0","0","2108","0","0","0","N","0","0","0","1","02108","0","","5.0","","1","N","N","","0","","0","0","0","","0","Y","","1","0","0","0","0","0","0","2","0","1","","","","N","","","","","","","","","",""
"2006045101","","1","0","0","0","0","0","0","0","0","7","0","","02","4","2006","4","40.569167","-80.03739","","11","0","0","0","0","0","0","0","0","1","0","0","0","","","0","","0","","40 34:09.000","1","0","80 02:14.605","0","0","0","0","2108","0","0","0","N","0","0","0","1","02108","0","","4.0","","1","N","N","","0","","0","0","0","","0","N","","1","0","0","0","0","0","0","2","0","1","","","","N","","","","","","","","","",""
"2006045105","","1","0","0","0","0","0","0","0","0","7","0","","02","4","2006","2","","","","11","0","0","0","0","0","1","0","0","","0","0","0","","","0","","0","","40 26:40.56","","0","79 46:11.64","0","0","0","0","2446","0","0","0","N","0","0","0","3","68B03","0","","2.0","","9","N","N","","0","","0","0","0","","0","","","2","0","0","0","0","0","0","2","1","2","","","","N","","","","","","","","","",""
"2006045134","","2","0","0","0","0","0","0","0","0","1","0","","02","4","2006","6","40.368889","-80.049369","","11","0","1","0","0","0","0","0","0","2","0","0","0","","","2","","2","","40 22:08.000","2","0","80 02:57.727","4","0","0","0","2109","0","0","0","N","0","0","0","6","02109","2","","1.0","","9","N","N","","0","","0","0","0","","0","N","","2","2","0","0","0","0","0","2","0","2","","","","N","","","","","","","","","",""
"2006045152","","1","0","0","0","0","0","0","0","0","99","0","","02","3","2006","6","40.450278","-80.111102","","11","0","0","0","0","0","0","0","0","","0","0","0","","","1","","0","","40 27:01.000","","0","80 06:39.968","4","0","0","0","2115","0","0","0","N","0","0","0","1","68B03","1","","1.0","","1","N","N","","0","","0","0","0","","0","","","1","1","0","0","0","0","0","2","0","1","","","","N","","","","","","","","","",""
"2006045153","","0","0","0","0","0","0","0","0","0","99","0","","02","3","2006","6","40.450278","-80.111102","","11","0","0","0","0","0","0","0","0","","0","0","0","","","1","","0","","40 27:01.000","","0","80 06:39.968","4","0","0","0","2115","0","0","0","N","0","0","0","1","68B03","1","","1.0","","1","N","N","","0","","0","0","0","","0","","","1","1","0","0","0","0","0","2","1","1","","","","N","","","","","","","","","",""
"2006045154","","1","0","0","0","0","0","0","0","0","7","0","","02","3","2006","1","","","","11","0","0","0","0","0","1","0","0","1","0","0","0","","","1","","0","","40 26:25.80","3","0","79 49:53.40","4","0","0","0","2419","0","0","0","N","0","0","0","1","68B03","1","","4.0","","1","N","N","","0","","0","0","0","","0","N","","1","1","1","0","0","0","0","2","0","1","","","","N","","","","","","","","","",""
"2006045185","","2","0","0","0","0","0","0","0","0","1","0","","02","3","2006","6","","","","11","0","0","0","1","0","0","0","0","","0","0","0","","","0","","7","","40 25:50.88","","2","79 57:27.36","0","0","0","0","2301","0","0","0","N","0","0","0","2","68B03","0","","1.0","","9","N","N","","0","","0","0","0","","0","","","2","0","0","0","0","0","0","2","0","2","","","","N","","","","","","","","","",""
"2006045186","","2","0","0","0","0","0","0","0","0","1","0","","02","3","2006","6","","","","11","0","0","0","0","0","0","0","0","","0","0","0","","","1","","0","","40 25:35.76","","0","79 54:59.76","4","0","0","0","2426","0","0","0","N","0","0","0","3","68B03","1","","1.0","","1","N","N","","0","","0","0","0","","0","","","3","1","0","0","0","0","0","2","1","3","","","","N","","","","","","","","","",""
"2006045202","","1","0","0","0","0","0","0","0","0","7","0","","02","4","2006","7","40.3402","-79.9673","","11","0","0","0","0","0","0","0","0","","0","0","0","","","1","","2","","40 20:24.720","","0","79 58:02.280","3","0","0","0","2454","0","0","0","N","0","0","0","1","02454","0","","2.0","","1","N","N","","0","","1","0","0","","2","","","1","1","0","0","0","0","0","2","0","1","","","","N","","","","","","","","","",""
"2006045209","","1","0","0","0","0","0","0","0","0","2","0","","02","5","2006","4","","","","11","0","0","0","0","0","0","0","0","","0","0","0","","","0","","5","","","","0","","0","0","0","0","2302","0","0","0","N","0","0","0","3","02302","0","","1.0","","1","N","N","","0","","0","0","1","","3","","","2","0","0","0","0","0","0","1","0","2","","","","N","","","","","","","","","",""
"2006045213","","3","0","0","0","0","0","0","0","0","1","0","","02","5","2006","4","40.3969","-79.7934","","11","0","0","0","0","0","1","0","0","1","0","0","0","","","1","","0","","40 23:48.840","4","0","79 47:36.240","3","0","0","0","2446","0","0","0","N","0","0","0","3","02446","0","","1.0","","1","N","N","","0","","1","0","0","","0","N","","3","1","0","0","0","0","0","2","0","3","","","","N","","","","","","","","","",""
"2006045216","","2","0","0","0","0","0","0","0","0","4","0","","02","5","2006","4","40.6144","-79.9473","","11","0","0","0","0","0","1","0","0","","0","0","0","","","0","","0","","40 36:51.840","","0","79 56:50.280","0","0","0","0","2207","0","0","0","N","0","0","0","3","02207","0","","1.0","","1","N","N","","0","","0","0","0","","0","","","2","0","0","0","0","0","0","2","0","2","","","","N","","","","","","","","","",""
"2006045218","","1","0","0","0","0","0","0","0","0","4","0","","02","5","2006","7","40.543056","-79.993609","","11","0","0","0","0","0","0","0","1","1","0","0","0","","","1","","2","","40 32:35.000","5","0","79 59:36.991","8","0","0","0","2116","0","0","0","N","0","0","0","3","02116","0","","1.0","","1","N","N","","0","","0","0","1","","3","Y","","2","1","1","0","0","1","0","2","0","2","","","","N","","","","","","","","","",""
"2006045221","","2","0","0","0","0","0","0","0","0","1","0","","02","4","2006","6","40.390556","-80.074085","","11","0","0","0","0","1","0","0","0","","0","0","0","","","1","","0","","40 23:26.000","","0","80 04:26.707","4","0","0","0","2117","0","0","0","N","0","0","0","3","02117","1","","1.0","","1","N","N","","0","","0","0","0","","0","","","2","1","0","0","0","0","0","2","0","2","","","","N","","","","","","","","","",""
"2006045222","","0","0","0","0","0","0","0","0","0","4","0","","02","5","2006","4","40.360795","-79.796553","","11","0","1","0","0","0","0","0","0","1","0","0","0","","","1","","2","","40 21:38.861","2","0","79 47:47.590","4","0","0","0","2111","0","0","0","N","0","0","0","3","02111","1","","1.0","","1","N","N","","1","","0","0","0","","3","N","","2","1","1","0","0","0","0","2","1","2","","","","N","","","","","","","","","",""
"2006045229","","1","0","0","0","0","0","0","0","0","1","0","","02","5","2006","6","40.476944","-79.707068","","11","0","0","0","0","0","0","0","0","","0","0","0","","","0","","0","","40 28:37.000","","0","79 42:25.446","0","0","0","0","2466","0","0","0","N","0","0","0","6","02466","0","","1.0","","1","N","N","","0","","0","0","1","","0","","","2","0","0","0","0","0","0","2","0","2","","","","N","","","","","","","","","",""
"2006045235","","0","0","0","0","0","0","0","0","0","7","0","","02","5","2006","5","40.591111","-79.888152","","11","0","0","0","0","0","0","0","0","2","0","0","0","","","0","","0","","40 35:28.000","6","0","79 53:17.348","0","0","0","0","2209","0","0","0","N","0","0","0","1","02209","0","","2.0","","1","N","N","","1","","0","0","0","","0","Y","","1","0","0","0","0","0","0","1","0","1","","","","N","","","","","","","","","",""
"2006045236","","2","0","0","0","0","0","0","0","0","4","0","","02","5","2006","2","","","","11","0","0","2","0","0","0","0","0","","0","0","0","","","1","","2","","","","0","","4","0","0","0","2407","0","0","0","N","0","0","0","2","02407","1","","1.0","","1","N","N","","0","","0","0","0","","3","","","2","1","0","0","0","0","0","1","0","2","","","","N","","","","","","","","","",""
"2006045270","","1","0","0","0","0","0","0","0","0","1","0","","02","4","2006","7","40.5575","-80.039459","","11","0","0","0","0","0","1","0","0","1","0","0","0","","","2","","2","","40 33:27.000","5","0","80 02:22.051","4","0","0","0","2108","0","0","0","N","0","0","0","3","02108","2","","1.0","","1","N","N","","0","","0","0","1","","3","N","","2","2","0","0","0","0","0","2","0","2","","","","N","","","","","","","","","",""
"2006045272","","1","0","0","0","0","0","0","0","0","8","0","","02","4","2006","5","40.395929","-80.023042","","11","0","0","0","0","0","1","0","0","","0","0","0","","","1","","0","","40 23:45.344","","0","80 01:22.951","4","0","0","0","2301","1","0","0","N","1","0","0","5","02301","1","","1.0","","1","N","N","","0","","0","0","0","","0","","","2","1","0","0","0","0","0","2","0","1","","","","N","","","","","","","","","",""
"2006045293","","2","0","0","0","0","0","0","0","0","1","0","","02","5","2006","4","40.475157","-80.087786","","11","0","0","0","0","0","1","0","0","1","0","0","0","","","1","","0","","40 28:30.565","4","0","80 05:16.029","4","0","0","0","2126","0","0","0","N","0","0","0","3","02126","1","","1.0","","1","N","N","","0","","0","0","0","","0","N","","2","1","0","0","0","0","0","2","0","2","","","","N","","","","","","","","","",""
"2006045301","","1","0","0","0","0","0","0","0","0","7","0","","02","4","2006","3","","","","11","0","0","0","0","0","0","0","0","","0","0","0","","","1","","1","","","","0","","4","0","0","0","2301","0","0","0","N","0","0","0","1","02301","1","","5.0","","98","N","N","","0","","0","0","0","","2","","","1","1","0","0","0","0","0","1","0","1","","","","N","","","","","","","","","",""
"2006045302","","3","0","0","0","0","0","0","0","0","4","0","","02","4","2006","3","","","","11","0","0","0","0","0","1","0","0","","0","0","0","","","0","","2","","","","0","","0","0","0","0","2301","0","0","0","N","0","0","0","3","02301","0","","1.0","","1","N","N","","0","","0","0","0","","2","","","3","0","0","0","0","0","0","1","0","3","","","","N","","","","","","","","","",""
"2006045303","","1","0","0","0","0","0","0","0","0","1","0","","02","4","2006","3","40.449444","-80.025079","","11","0","0","0","0","0","1","0","0","9","0","0","0","","","0","","1","","40 26:58.000","2","2","80 01:30.284","0","0","0","0","2301","0","0","0","N","0","0","0","2","02301","0","","7.0","","1","N","N","","0","","0","0","0","","4","N","","2","0","0","0","0","0","0","2","1","2","","","","N","","","","","","","","","",""
"2006045304","","2","0","0","0","0","0","0","0","0","4","0","","02","4","2006","3","40.449793","-79.950765","","11","0","0","0","0","0","0","0","1","","0","0","0","","","0","","1","","40 26:59.254","","0","79 57:02.754","0","0","0","0","2301","0","0","0","N","0","0","0","2","02301","0","","1.0","","1","N","N","","0","","0","0","0","","2","","","2","0","0","0","0","0","0","2","0","2","","","","N","","","","","","","","","",""
"2006045306","","2","0","0","0","0","0","0","0","0","1","0","","02","4","2006","3","40.441521","-79.995415","","11","0","0","0","0","0","1","0","0","2","0","0","0","","","0","","0","","40 26:29.475","4","0","79 59:43.494","0","0","0","0","2301","0","0","0","N","0","0","0","2","02301","0","","1.0","","1","N","N","","0","","0","0","0","","1","N","","2","0","0","0","0","0","0","2","0","2","","","","N","","","","","","","","","",""
"2006045307","","1","0","0","0","0","0","0","0","0","1","0","","02","4","2006","4","","","","11","0","0","0","0","0","0","0","0","1","0","0","0","","","0","","3","","","3","0","","0","0","0","0","2301","0","0","0","N","0","0","0","2","02301","0","","1.0","","1","N","N","","0","","0","0","1","","2","N","","2","0","0","0","0","0","0","1","0","2","","","","N","","","","","","","","","",""
"2006045308","","1","0","0","0","0","0","0","0","0","99","0","","02","4","2006","4","40.4417","-79.9924","","11","0","0","0","0","0","1","0","0","","0","0","0","","","0","","0","","40 26:30.120","","0","79 59:32.640","0","0","0","0","2301","0","0","0","N","0","0","0","2","02301","0","","1.0","","1","N","N","","1","","0","0","0","","0","","","2","0","0","0","0","0","0","2","0","2","","","","N","","","","","","","","","",""
"2006045309","","0","0","0","0","0","0","0","0","0","8","0","","02","4","2006","5","","","","11","0","0","0","0","0","0","0","0","","0","0","0","","","1","","2","","","","0","","4","0","0","0","2301","1","0","0","N","1","0","0","2","02301","1","","1.0","","1","N","N","","0","","0","0","0","","0","","","2","1","0","0","0","0","0","1","1","1","","","","N","","","","","","","","","",""
"2006045310","","1","0","0","0","0","0","0","0","0","5","1","","02","4","2006","5","","","","11","0","0","0","0","0","1","0","0","2","0","1","0","","","1","","5","","","2","0","","4","0","0","0","2301","0","0","0","N","0","0","0","2","02301","1","","1.0","","1","N","N","","0","","0","0","0","","2","N","","2","1","0","0","0","0","0","1","0","2","","","","N","","","","","","","","","",""
"2006045311","","0","0","0","0","0","0","0","0","0","8","0","","02","4","2006","2","40.437392","-79.999303","","11","0","0","0","0","0","0","0","0","1","0","1","0","","","1","","1","","40 26:14.611","3","0","79 59:57.489","8","0","0","0","2301","1","0","0","N","1","0","0","2","02301","0","","1.0","","1","N","N","","0","","0","0","0","","2","N","","2","1","0","0","0","1","0","2","0","1","","","","N","","","","","","","","","",""
"2006045319","","1","0","0","0","0","0","0","0","0","1","0","","02","3","2006","4","","","","11","0","0","0","0","0","0","0","0","9","0","0","0","","","2","","6","","40 25:12.00","2","2","80 03:02.16","4","0","0","0","2117","0","0","0","N","0","0","0","2","68B03","1","","7.0","","1","N","N","","0","","0","0","0","","4","N","","2","2","0","0","0","1","0","2","1","2","","","","N","","","","","","","","","",""
"2006045587","","1","0","0","0","0","0","0","0","0","5","1","","02","3","2006","5","","","","11","0","0","0","0","0","0","0","0","1","0","1","0","","","1","","0","","40 26:21.48","1","3","80 00:37.80","4","0","0","0","2301","0","0","0","N","0","0","0","2","68B03","1","","1.0","","1","N","N","","0","","0","0","0","","0","N","","2","1","0","0","0","0","0","2","0","2","","","","N","","","","","","","","","",""
"2006045588","","2","0","0","0","0","0","0","0","0","1","0","","02","4","2006","3","","","","11","0","0","0","0","0","1","0","0","1","0","0","0","","","1","","0","","40 25:37.92","4","4","79 55:09.84","4","0","0","0","2301","0","0","0","N","0","0","0","3","68B03","1","","1.0","","1","N","N","","0","","0","0","0","","0","N","","2","1","0","0","0","0","0","2","0","2","","","","N","","","","","","","","","",""
"2006045643","","0","0","0","0","0","0","0","0","0","2","0","","02","4","2006","7","40.586667","-80.041629","","11","0","0","0","0","0","0","0","0","","0","0","0","","","1","","1","","40 35:12.000","","0","80 02:29.866","4","0","0","0","2108","0","0","0","","0","0","0","2","02108","1","","1.0","","1","N","N","","0","","0","0","2","","2","","","2","1","0","0","0","0","0","2","0","2","","","","N","","","","","","","","","",""
"2006045696","","0","0","0","0","0","0","0","0","0","7","0","","02","4","2006","3","40.38327","-79.930462","","11","0","0","0","0","0","1","0","0","2","0","0","0","","","1","","0","","40 22:59.773","2","0","79 55:49.664","4","0","0","0","2301","0","0","0","N","0","0","0","1","02301","1","","2.0","","1","N","N","","1","","0","0","0","","0","Y","","1","1","0","0","0","0","0","2","0","1","","","","N","","","","","","","","","",""
"2006045697","","2","0","0","0","0","0","0","0","0","4","0","","02","4","2006","2","40.419688","-79.928002","","11","0","0","0","0","0","0","0","0","","0","0","0","","","1","","0","","40 25:10.876","","0","79 55:40.807","3","0","0","0","2301","0","0","0","N","0","0","0","3","02301","0","","1.0","","1","N","N","","0","","1","0","0","","0","","","2","1","0","0","0","0","0","2","0","2","","","","N","","","","","","","","","",""
"2006045700","","1","0","0","0","0","0","0","0","0","1","0","","02","4","2006","4","40.460166","-79.89766","","11","0","0","0","0","0","0","0","0","","0","0","0","","","0","","0","","40 27:36.599","","0","79 53:51.575","0","0","0","0","2301","0","0","0","N","0","0","0","2","02301","0","","1.0","","1","N","N","","0","","0","0","1","","0","","","2","0","0","0","0","0","0","2","0","2","","","","N","","","","","","","","","",""
"2006045701","","2","0","0","0","0","0","0","0","0","4","0","","02","4","2006","3","40.465202","-79.951239","","11","0","0","0","0","0","1","0","0","","0","0","0","","","1","","2","","40 27:54.727","","0","79 57:04.460","8","0","0","0","2301","0","0","0","N","0","0","0","2","02301","0","","1.0","","1","N","N","","0","","0","0","0","","3","","","2","1","0","0","0","1","0","2","0","2","","","","N","","","","","","","","","",""
"2006045702","","2","0","0","0","0","0","0","0","0","1","0","","02","4","2006","3","40.455833","-79.894435","","11","0","0","0","0","0","0","0","1","2","0","0","0","","","1","","1","","40 27:21.000","3","0","79 53:39.965","8","0","0","0","2301","0","0","0","N","0","0","0","2","02301","0","","1.0","","1","N","N","","0","","0","0","0","","2","N","","2","1","0","0","0","1","0","2","0","2","","","","N","","","","","","","","","",""
"2006045703","","2","0","0","0","0","0","0","0","0","5","0","","02","4","2006","4","40.469966","-79.927612","","11","0","0","0","0","0","1","0","0","","0","0","0","","","2","","1","","40 28:11.877","","0","79 55:39.403","4","0","0","0","2301","0","0","0","N","0","0","0","6","02301","1","","1.0","","1","N","N","","0","","0","0","0","","0","","","2","2","0","0","0","1","0","2","0","2","","","","N","","","","","","","","","",""
"2006045707","","1","0","0","0","0","0","0","0","0","7","0","","02","5","2006","4","","","","11","0","0","0","0","0","0","0","1","","0","0","0","","","0","","10","","","","7","","0","0","0","0","2422","0","0","0","","0","0","0","1","02503","0","","5.0","","1","","","","0","","0","0","0","","0","","","1","0","0","0","0","0","0","1","0","1","","","","N","","","","","","","","","",""
"2006045735","","2","0","0","0","0","0","0","0","0","1","0","","02","3","2006","4","","","","11","0","0","0","0","0","2","0","0","9","0","0","0","","","1","","6","","40 25:51.96","7","8","79 52:22.44","4","0","0","0","2411","0","0","0","Y","0","0","0","3","68B03","1","","1.0","","2","N","N","","0","","0","0","0","","0","N","","3","1","0","0","0","0","0","2","1","3","","","","N","","","","","","","","","",""
"2006045736","","2","0","0","0","0","0","0","0","0","1","1","","02","3","2006","4","40.434722","-79.869174","","11","0","0","0","0","0","2","0","0","4","1","1","0","","","2","","0","","40 26:05.000","4","2","79 52:09.028","1","0","0","0","2411","1","1","0","Y","1","1","0","5","68B03","1","1","1.0","","2","N","N","","0","9","0","0","0","","0","Y","","5","2","2","0","0","1","0","2","1","4","","","","N","","","","","","","","","",""
"2006045737","","1","0","0","0","0","0","0","0","0","7","0","","02","2","2006","3","","","","11","0","0","0","0","0","1","0","0","1","0","0","0","","","0","","0","","40 25:05.88","1","0","80 05:18.24","0","0","0","0","2457","0","0","0","N","0","0","0","1","68B03","0","","4.0","","2","N","N","","0","","0","0","0","","0","N","","1","0","0","0","0","0","0","2","0","1","","","","N","","","","","","","","","",""
"2006045738","","2","0","0","0","0","0","0","0","0","1","0","","02","3","2006","6","","","","11","0","0","0","0","0","1","0","0","","0","0","0","","","2","","0","","40 25:26.76","","0","80 06:33.84","4","0","0","0","2102","0","0","0","N","0","0","0","4","68B03","1","","1.0","","1","N","N","","0","","0","0","0","","0","","","2","2","0","0","0","1","0","2","0","2","","","","N","","","","","","","","","",""
"2006045809","","1","0","0","0","0","0","0","0","0","0","0","","02","4","2006","6","40.463611","-79.839659","","11","0","0","0","0","0","1","0","0","1","0","0","0","","","0","","0","","40 27:49.000","3","0","79 50:22.772","0","0","0","0","2113","0","0","0","N","0","0","0","2","02113","0","","1.0","","9","N","N","","1","","0","0","0","","0","N","","2","0","0","0","0","0","0","2","0","2","","","","N","","","","","","","","","",""
"2006045810","","2","0","0","0","0","0","0","0","0","1","0","","02","4","2006","2","40.484167","-79.819288","","11","0","0","0","0","0","2","0","0","","0","0","0","","","3","","0","","40 29:03.000","","0","79 49:09.437","4","0","0","0","2113","0","0","0","N","0","0","0","5","02113","3","","1.0","","1","N","N","","0","","0","0","1","","0","","","4","3","0","0","0","0","0","2","0","4","","","","N","","","","","","","","","",""
"2006045811","","3","0","0","0","0","0","0","0","0","1","0","","02","4","2006","1","40.456389","-79.822932","","11","0","1","0","0","0","0","0","1","","0","0","0","","","0","","2","","40 27:23.000","","0","79 49:22.555","0","0","0","0","2113","0","0","0","N","0","0","0","4","02113","0","","1.0","","1","N","N","","0","","0","0","0","","0","","","3","0","0","0","0","0","0","2","0","3","","","","N","","","","","","","","","",""
"2006045812","","0","0","0","0","0","0","0","0","0","7","0","","02","4","2006","4","40.477778","-79.786113","","11","0","0","0","0","0","0","0","0","","0","0","0","","","0","","10","","40 28:40.000","","0","79 47:10.006","0","0","0","0","2113","0","0","0","N","0","0","0","1","02113","0","","2.0","","1","N","N","","0","","0","0","1","","0","","","1","0","0","0","0","0","0","2","0","1","","","","N","","","","","","","","","",""
"2006045813","","2","0","0","0","0","0","0","0","0","4","0","","02","4","2006","7","40.46","-79.842685","","11","0","0","0","0","1","0","0","0","","0","0","0","","","0","","2","","40 27:36.000","","0","79 50:33.667","9","0","0","0","2113","0","0","0","N","0","0","0","4","02113","0","","1.0","","1","N","N","","0","","0","0","0","","0","","","2","0","0","0","0","0","1","2","0","2","","","","N","","","","","","","","","",""
"2006045814","","1","0","0","0","0","0","0","0","0","7","0","","02","4","2006","2","40.467222","-79.835982","","11","0","0","0","0","0","0","0","0","2","0","0","0","","","0","","0","","40 28:02.000","3","0","79 50:09.534","0","0","0","0","2113","0","0","0","","0","0","0","1","02113","0","","5.0","","1","","","","0","","0","0","0","","0","N","","1","0","0","0","0","0","0","2","0","1","","","","N","","","","","","","","","",""
"2006045881","","1","0","0","0","0","0","0","0","0","1","0","","02","3","2006","7","40.44","-79.7606","","11","1","0","0","0","0","0","0","0","","0","0","0","","","0","","6","","40 26:24.000","","2","79 45:38.160","0","0","0","0","2446","0","0","0","N","0","0","0","4","68B03","0","","1.0","","9","N","N","","0","","0","0","1","","0","","","2","0","0","0","0","0","0","2","0","2","","","","N","","","","","","","","","",""
"2006045890","","1","0","0","0","0","0","0","0","0","1","0","","02","2","2006","3","","","","11","0","0","0","0","0","0","0","1","","0","0","0","","","0","","0","","40 26:22.56","","0","80 00:33.84","0","0","0","0","2301","0","0","0","N","0","0","0","3","68B03","0","","1.0","","1","N","N","","0","","0","0","2","","0","","","3","0","0","0","0","0","0","2","0","3","","","","N","","","","","","","","","",""
"2006045891","","2","0","0","0","0","0","0","0","0","1","0","","02","3","2006","6","","","","11","0","0","0","0","0","0","0","0","","0","0","0","","","0","","0","","40 25:15.60","","0","80 02:49.92","0","0","0","0","2435","0","0","0","N","0","0","0","6","68B03","0","","1.0","","1","N","N","","0","","0","0","0","","0","","","3","0","0","0","0","0","0","2","1","3","","","","N","","","","","","","","","",""
"2006045892","","1","0","0","0","0","0","0","0","0","5","1","","02","3","2006","5","40.586389","-80.100754","","11","0","0","0","0","0","0","0","0","","0","1","0","","","0","","0","","40 35:11.000","","0","80 06:02.714","0","0","0","0","2481","0","0","0","N","0","0","0","2","68B03","0","","1.0","","1","N","N","","0","","0","0","0","","0","","","2","0","0","0","0","0","0","2","0","2","","","","N","","","","","","","","","",""
"2006045928","","1","0","0","0","0","0","0","0","0","7","0","","02","4","2006","4","40.4631","-79.983073","","11","0","0","0","0","0","0","0","1","","0","0","0","","","1","","2","","40 27:47.160","","0","79 58:59.062","4","0","0","0","2301","0","0","0","N","0","0","0","1","02301","1","","5.0","","1","N","N","","0","","0","0","0","","0","","","1","1","0","0","0","0","0","2","0","1","","","","N","","","","","","","","","",""