"CRN","ARRIVAL_TM","AUTOMOBILE_COUNT","BELTED_DEATH_COUNT","BELTED_SUSP_SERIOUS_INJ_COUNT","BICYCLE_COUNT","BICYCLE_DEATH_COUNT","BICYCLE_SUSP_SERIOUS_INJ_COUNT","BUS_COUNT","CHLDPAS_DEATH_COUNT","CHLDPAS_SUSP_SERIOUS_INJ_COUNT","COLLISION_TYPE","COMM_VEH_COUNT","CONS_ZONE_SPD_LIM","COUNTY","CRASH_MONTH","CRASH_YEAR","DAY_OF_WEEK","DEC_LATITUDE","DEC_LONGITUDE","DISPATCH_TM","DISTRICT","DRIVER_COUNT_16YR","DRIVER_COUNT_17YR","DRIVER_COUNT_18YR","DRIVER_COUNT_19YR","DRIVER_COUNT_20YR","DRIVER_COUNT_50_64YR","DRIVER_COUNT_65_74YR","DRIVER_COUNT_75PLUS","EST_HRS_CLOSED","FATAL_COUNT","HEAVY_TRUCK_COUNT","HORSE_BUGGY_COUNT","HOUR_OF_DAY","ILLUMINATION","INJURY_COUNT","INTERSECTION_RELATED","INTERSECT_TYPE","LANE_CLOSED","LATITUDE","LN_CLOSE_DIR","LOCATION_TYPE","LONGITUDE","MAX_SEVERITY_LEVEL","MCYCLE_DEATH_COUNT","MCYCLE_SUSP_SERIOUS_INJ_COUNT","MOTORCYCLE_COUNT","MUNICIPALITY","NONMOTR_COUNT","NONMOTR_DEATH_COUNT","NONMOTR_SUSP_SERIOUS_INJ_COUNT","NTFY_HIWY_MAINT","PED_COUNT","PED_DEATH_COUNT","PED_SUSP_SERIOUS_INJ_COUNT","PERSON_COUNT","POLICE_AGCY","POSSIBLE_INJ_COUNT","RDWY_SURF_TYPE_CD","RELATION_TO_ROAD","ROADWAY_CLEARED","ROAD_CONDITION","SCH_BUS_IND","SCH_ZONE_IND","SECONDARY_CRASH","SMALL_TRUCK_COUNT","SPEC_JURIS_CD","SUSP_MINOR_INJ_COUNT","SUSP_SERIOUS_INJ_COUNT","SUV_COUNT","TCD_FUNC_CD","TCD_TYPE","TFC_DETOUR_IND","TIME_OF_DAY","TOTAL_UNITS","TOT_INJ_COUNT","UNBELTED_OCC_COUNT","UNB_DEATH_COUNT","UNB_SUSP_SERIOUS_INJ_COUNT","UNK_INJ_DEG_COUNT","UNK_INJ_PER_COUNT","URBAN_RURAL","VAN_COUNT","VEHICLE_COUNT","WEATHER1","WEATHER2","WORKERS_PRES","WORK_ZONE_IND","WORK_ZONE_LOC","WORK_ZONE_TYPE","WZ_CLOSE_DETOUR","WZ_FLAGGER","WZ_LAW_OFFCR_IND","WZ_LN_CLOSURE","WZ_MOVING","WZ_OTHER","WZ_SHLDER_MDN","WZ_WORKERS_INJ_KILLED"
"2006046789","","2","0","0","0","0","0","0","0","0","99","0","","02","4","2006","4","40.436055","-80.026556","","11","0","0","0","0","0","1","0","0","","0","0","0","","","0","","0","","40 26:09.798","","0","80 01:35.601","0","0","0","0","2301","0","0","0","N","0","0","0","2","02301","0","","1.0","","1","N","N","","0","","0","0","0","","0","","","2","0","0","0","0","0","0","2","0","2","","","","N","","","","","","","","","",""
"2006046790","","1","0","0","0","0","0","0","0","0","1","0","","02","4","2006","5","40.383889","-79.995534","","11","0","0","0","0","0","0","0","0","","0","0","0","","","0","","2","","40 23:02.000","","0","79 59:43.923","0","0","0","1","2301","0","0","0","N","0","0","0","2","02301","0","","1.0","","1","N","N","","0","","0","0","0","","0","","","2","0","0","0","0","0","0","2","0","2","","","","N","","","","","","","","","",""
"2006046791","","1","0","0","0","0","0","0","0","0","7","0","","02","4","2006","5","40.408823","-79.976395","","11","0","0","0","0","0","0","0","0","","0","0","0","","","1","","0","","40 24:31.762","","0","79 58:35.022","2","0","0","0","2301","0","0","0","N","0","0","0","1","02301","0","","5.0","","1","N","N","","0","","0","1","0","","0","","","1","1","1","0","1","0","0","2","0","1","","","","N","","","","","","","","","",""
"2006046792","","1","0","0","0","0","0","0","0","0","4","0","","02","4","2006","3","40.425141","-79.964112","","11","0","0","0","0","0","0","0","0","1","0","0","0","","","2","","1","","40 25:30.509","3","0","79 57:50.802","8","0","0","0","2301","0","0","0","N","0","0","0","4","02301","0","","1.0","","1","N","N","","0","","0","0","1","","3","N","","2","2","0","0","0","2","0","2","0","2","","","","N","","","","","","","","","",""
"2006046793","","1","0","0","0","0","0","0","0","0","4","0","","02","4","2006","3","40.422013","-79.965194","","11","0","0","0","0","0","1","0","0","1","0","0","0","","","2","","0","","40 25:19.246","4","0","79 57:54.698","4","0","0","0","2301","0","0","0","N","0","0","0","3","02301","2","","1.0","","1","N","N","","0","","0","0","1","","0","N","","2","2","0","0","0","0","0","2","0","2","","","","N","","","","","","","","","",""
"2006046794","","2","0","0","0","0","0","0","0","0","4","0","","02","4","2006","5","","","","11","0","0","0","0","0","1","0","0","","0","0","0","","","2","","2","","","","0","","8","0","0","0","2301","0","0","0","N","0","0","0","2","02301","0","","1.0","","1","N","N","","0","","0","0","0","","0","","","2","2","0","0","0","2","0","1","0","2","","","","N","","","","","","","","","",""
"2006046795","","1","0","0","0","0","0","0","0","0","7","0","","02","4","2006","7","40.436944","-80.040189","","11","0","0","0","0","0","0","0","0","","0","0","0","","","0","","0","","40 26:13.000","","0","80 02:24.681","0","0","0","0","2301","0","0","0","N","0","0","0","1","02301","0","","2.0","","1","N","N","","0","","0","0","0","","0","","","1","0","0","0","0","0","0","2","0","1","","","","N","","","","","","","","","",""
"2006046796","","1","0","0","0","0","0","0","0","0","4","0","","02","4","2006","7","","","","11","0","0","0","0","0","1","0","0","","0","0","0","","","0","","1","","","","0","","0","0","0","0","2301","0","0","0","N","0","0","0","2","02301","0","","1.0","","9","N","N","","0","","0","0","1","","2","","","2","0","0","0","0","0","0","1","0","2","","","","N","","","","","","","","","",""
"2006046798","","1","0","0","0","0","0","0","0","0","1","0","","02","4","2006","6","40.38327","-79.930462","","11","0","0","0","0","0","1","0","0","2","0","0","0","","","2","","0","","40 22:59.773","1","0","79 55:49.664","4","0","0","0","2301","0","0","0","N","0","0","0","6","02301","2","","1.0","","1","N","N","","2","","0","0","0","","0","N","","3","2","1","0","0","0","0","2","0","3","","","","N","","","","","","","","","",""
"2006046802","","1","0","0","0","0","0","0","0","0","7","0","","02","4","2006","5","40.449264","-79.98517","","11","0","1","0","0","0","0","0","0","","0","0","0","","","0","","0","","40 26:57.350","","0","79 59:06.612","0","0","0","0","2301","0","0","0","N","0","0","0","1","02301","0","","5.0","","1","N","N","","0","","0","0","0","","0","","","1","0","0","0","0","0","0","2","0","1","","","","N","","","","","","","","","",""
"2006046803","","2","0","0","0","0","0","0","0","0","2","0","","02","4","2006","3","40.583611","-79.992025","","11","0","0","0","1","0","0","0","1","3","0","0","0","","","3","","3","","40 35:01.000","7","0","79 59:31.289","3","0","0","0","2108","0","0","0","N","0","0","0","3","02501","0","","1.0","","1","N","N","","0","","3","0","0","","3","N","","2","3","1","0","0","0","0","1","0","2","","","","N","","","","","","","","","",""
"2006046842","","2","0","0","0","0","0","0","0","0","4","0","","02","4","2006","7","40.418435","-79.795071","","11","0","0","0","0","0","2","0","0","1","0","0","0","","","1","","0","","40 25:06.366","3","0","79 47:42.257","4","0","0","0","2446","0","0","0","N","0","0","0","2","02446","1","","1.0","","1","N","N","","0","","0","0","0","","0","Y","","2","1","0","0","0","0","0","2","0","2","","","","N","","","","","","","","","",""
"2006046843","","1","0","0","0","0","0","0","0","0","1","0","","02","4","2006","2","","","","11","0","0","0","0","0","0","0","0","","0","0","0","","","2","","0","","","","0","","4","0","0","0","2446","0","0","0","N","0","0","0","3","02446","2","","1.0","","1","N","N","","0","","0","0","0","","3","","","2","2","0","0","0","0","0","1","1","2","","","","N","","","","","","","","","",""
"2006046920","","2","0","0","0","0","0","0","0","0","4","0","","02","4","2006","1","","","","11","0","0","0","0","0","1","0","0","","0","0","0","","","2","","2","","","","0","","4","0","0","0","2304","0","0","0","N","0","0","0","5","02304","1","","1.0","","1","N","N","","0","","0","0","0","","3","","","2","2","0","0","0","1","0","1","0","2","","","","N","","","","","","","","","",""
"2006046921","","3","0","0","0","0","0","0","0","0","1","0","","02","4","2006","2","40.331389","-79.844592","","11","0","1","0","0","0","1","0","0","","0","0","0","","","3","","1","","40 19:53.000","","0","79 50:40.531","8","0","0","0","2304","0","0","0","N","0","0","0","3","02304","0","","1.0","","1","N","N","","0","","0","0","0","","0","","","3","3","0","0","0","3","0","2","0","3","","","","N","","","","","","","","","",""
"2006046922","","2","0","0","0","0","0","0","0","0","4","0","","02","4","2006","1","40.345861","-79.849421","","11","0","1","0","0","0","0","0","0","","0","0","0","","","1","","1","","40 20:45.099","","0","79 50:57.915","8","0","0","0","2304","0","0","0","N","0","0","0","3","02304","0","","1.0","","1","N","N","","0","","0","0","0","","2","","","2","1","0","0","0","1","0","2","0","2","","","","N","","","","","","","","","",""
"2006046923","","2","0","0","0","0","0","0","0","0","5","0","","02","4","2006","2","40.345861","-79.849421","","11","0","0","0","0","0","1","0","0","1","0","0","0","","","3","","1","","40 20:45.099","6","0","79 50:57.915","8","0","0","0","2304","0","0","0","N","0","0","0","3","02304","0","","1.0","","1","N","N","","0","","0","0","0","","2","Y","","2","3","0","0","0","3","0","2","0","2","","","","N","","","","","","","","","",""
"2006046924","","0","0","0","0","0","0","1","0","0","4","0","","02","4","2006","1","40.351153","-79.873307","","11","0","0","0","0","0","0","0","0","","0","0","0","","","0","","2","","40 21:04.150","","0","79 52:23.905","9","0","0","0","2304","0","0","0","N","0","0","0","1","02304","0","","1.0","","9","Y","N","","0","","0","0","1","","3","","","4","0","0","0","0","0","1","2","2","4","","","","N","","","","","","","","","",""
"2006046987","","1","0","0","0","0","0","0","0","0","7","0","","02","4","2006","1","40.355123","-79.835263","","11","0","0","0","0","0","0","0","0","","0","0","0","","","0","","0","","40 21:18.443","","0","79 50:06.947","0","0","0","0","2304","0","0","0","N","0","0","0","1","02304","0","","5.0","","1","N","N","","0","","0","0","0","","0","","","1","0","0","0","0","0","0","2","0","1","","","","N","","","","","","","","","",""
"2006046988","","3","0","0","0","0","0","0","0","0","1","0","","02","4","2006","2","40.345451","-79.839556","","11","0","0","0","0","0","0","0","0","","0","0","0","","","1","","10","","40 20:43.623","","0","79 50:22.401","4","0","0","0","2304","0","0","0","N","0","0","0","3","02304","1","","1.0","","1","N","N","","0","","0","0","0","","0","","","3","1","0","0","0","0","2","2","0","3","","","","N","","","","","","","","","",""
"2006046989","","1","0","0","0","0","0","0","0","0","4","0","","02","3","2006","5","40.4259","-79.8921","","11","0","0","0","0","0","0","0","0","","0","0","0","","","0","","2","","40 25:33.240","","2","79 53:31.560","0","0","0","0","2463","0","0","0","N","0","0","0","2","02463","0","","1.0","","1","N","N","","0","","0","0","0","","3","","","2","0","0","0","0","0","0","2","0","2","","","","N","","","","","","","","","",""
"2006046990","","2","0","0","0","0","0","0","0","0","1","0","","02","4","2006","6","40.414844","-79.874222","","11","0","0","0","0","0","0","0","0","","0","0","0","","","0","","0","","40 24:53.438","","0","79 52:27.199","9","0","0","0","2463","0","0","0","","0","0","0","1","02463","0","","4.0","","9","","","","0","","0","0","0","","0","","","2","0","0","0","0","0","1","2","0","2","","","","N","","","","","","","","","",""
"2006046991","","1","0","0","0","0","0","0","0","0","7","0","","02","4","2006","4","","","","11","0","0","0","0","0","1","0","0","","0","0","0","","","1","","0","","","","0","","4","0","0","0","2463","0","0","0","","0","0","0","1","02463","1","","4.0","","1","","","","0","","0","0","0","","0","","","1","1","0","0","0","0","0","1","0","1","","","","N","","","","","","","","","",""
"2006046992","","1","0","0","0","0","0","0","0","0","1","0","","02","4","2006","6","","","","11","0","0","0","0","0","0","0","0","1","0","0","0","","","1","","0","","","3","0","","4","0","0","0","2463","0","0","0","N","0","0","0","3","02463","1","","1.0","","1","N","N","","1","","0","0","0","","0","N","","2","1","0","0","0","0","0","1","0","2","","","","N","","","","","","","","","",""
"2006047137","","1","0","0","0","0","0","0","0","0","4","0","","02","4","2006","5","40.388056","-80.089993","","11","0","0","0","0","0","1","1","0","","0","0","0","","","0","","0","","40 23:17.000","","7","80 05:23.975","0","0","0","0","2437","0","0","0","N","0","0","0","3","02437","0","","1.0","","1","N","N","","0","","0","0","1","","0","","","3","0","0","0","0","0","0","2","1","3","","","","N","","","","","","","","","",""
"2006047151","","0","0","0","0","0","0","0","0","0","7","0","","02","4","2006","6","","","","11","0","1","0","0","0","0","0","0","","0","0","0","","","0","","0","","","","0","","0","0","0","0","2107","0","0","0","N","0","0","0","2","02107","0","","2.0","","1","N","N","","1","","0","0","0","","0","","","1","0","0","0","0","0","0","1","0","1","","","","N","","","","","","","","","",""
"2006047152","","1","0","0","0","0","0","0","0","0","7","0","","02","4","2006","2","40.568927","-80.203222","","11","0","1","0","0","0","0","0","0","","0","0","0","","","0","","0","","40 34:08.137","","0","80 12:11.599","0","0","0","0","2107","0","0","0","N","0","0","0","1","02107","0","","2.0","","1","N","N","","0","","0","0","0","","0","","","1","0","0","0","0","0","0","1","0","1","","","","N","","","","","","","","","",""
"2006047181","","0","0","0","0","0","0","0","0","0","5","0","","02","4","2006","2","40.491481","-79.86589","","11","0","1","0","0","0","0","0","0","1","0","0","0","","","2","","1","","40 29:29.330","1","0","79 51:57.203","8","0","0","0","2112","0","0","0","N","0","0","0","3","02112","0","","1.0","","1","N","N","","0","","0","0","1","","2","N","","2","2","1","0","0","2","0","2","1","2","","","","N","","","","","","","","","",""
"2006047182","","1","0","0","0","0","0","0","0","0","8","0","","02","4","2006","4","40.516534","-79.917547","","11","0","0","0","0","0","0","1","0","","0","0","0","","","1","","0","","40 30:59.522","","0","79 55:03.169","4","0","0","0","2112","2","0","0","N","2","0","0","3","02112","1","","1.0","","1","N","N","","0","","0","0","0","","0","","","3","1","0","0","0","0","0","2","0","1","","","","N","","","","","","","","","",""
"2006047183","","2","0","0","0","0","0","0","0","0","4","0","","02","4","2006","6","40.4877","-79.8811","","11","0","0","0","1","0","0","0","0","","0","0","0","","","1","","0","","40 29:15.720","","0","79 52:51.960","4","0","0","0","2112","0","0","0","N","0","0","0","2","02112","1","","1.0","","1","N","N","","0","","0","0","0","","0","","","2","1","0","0","0","0","0","2","0","2","","","","N","","","","","","","","","",""
"2006047205","","0","0","0","0","0","0","0","0","0","0","0","25","02","4","2006","5","40.405459","-80.019505","","11","0","0","0","0","0","1","0","0","","0","0","0","","","0","","1","","40 24:19.652","","0","80 01:10.218","0","0","0","0","2301","0","0","0","N","0","0","0","2","02301","0","","1.0","","9","N","N","","0","","0","0","1","","3","","","1","0","0","0","0","0","0","2","0","1","","","U","Y","8","3","","","N","","","","",""
"2006047206","","2","0","0","0","0","0","0","0","0","1","0","","02","4","2006","3","","","","11","0","0","0","0","0","0","0","1","","0","0","0","","","0","","3","","","","0","","0","0","0","0","2301","0","0","0","N","0","0","0","5","02301","0","","1.0","","9","N","N","","0","","0","0","0","","2","","","2","0","0","0","0","0","0","1","0","2","","","","N","","","","","","","","","",""
"2006047207","","1","0","0","0","0","0","0","0","0","6","0","","02","4","2006","3","","","","11","0","0","0","0","0","2","0","0","","0","0","0","","","3","","2","","","","1","","4","0","0","0","2301","0","0","0","N","0","0","0","6","02301","1","","1.0","","9","N","N","","0","","0","0","0","","2","","","2","3","1","0","0","2","0","1","1","2","","","","N","","","","","","","","","",""
"2006047208","","1","0","0","0","0","0","0","0","0","4","0","","02","4","2006","4","40.456351","-79.928818","","11","0","0","0","0","0","0","0","0","","0","0","0","","","0","","1","","40 27:22.863","","0","79 55:43.744","0","0","0","0","2301","0","0","0","N","0","0","0","2","02301","0","","1.0","","1","N","N","","0","","0","0","1","","3","","","2","0","0","0","0","0","0","2","0","2","","","","N","","","","","","","","","",""
"2006047209","","2","0","0","0","0","0","0","0","0","4","0","","02","4","2006","4","","","","11","0","0","0","0","0","1","1","0","","0","0","0","","","1","","1","","","","0","","3","0","0","0","2301","0","0","0","N","0","0","0","2","02301","0","","1.0","","1","N","N","","0","","1","0","0","","2","","","2","1","0","0","0","0","0","1","0","2","","","","N","","","","","","","","","",""
"2006047210","","1","0","0","0","0","0","0","0","0","1","0","","02","4","2006","5","40.436931","-79.959327","","11","0","0","0","0","0","1","0","0","","0","0","0","","","2","","0","","40 26:12.951","","0","79 57:33.577","8","0","0","0","2301","0","0","0","N","0","0","0","4","02301","0","","1.0","","1","N","N","","0","","0","0","0","","0","","","3","2","0","0","0","2","0","2","2","3","","","","N","","","","","","","","","",""
"2006047211","","2","0","0","0","0","0","0","0","0","6","0","","02","4","2006","5","40.4442","-79.928","","11","0","0","0","0","0","0","0","0","","0","0","0","","","2","","1","","40 26:39.120","","0","79 55:40.800","4","0","0","0","2301","0","0","0","","0","0","0","6","02301","2","","1.0","","1","N","N","","0","","0","0","0","","2","","","2","2","4","0","0","0","0","2","0","2","","","","N","","","","","","","","","",""
"2006047212","","1","0","0","0","0","0","0","0","0","7","0","","02","4","2006","7","40.383226","-79.93038","","11","0","0","0","0","0","1","0","0","","0","0","0","","","0","","0","","40 22:59.614","","0","79 55:49.369","0","0","0","0","2301","0","0","0","N","0","0","0","1","02301","0","","4.0","","1","N","N","","1","","0","0","0","","0","","","2","0","0","0","0","0","0","2","0","2","","","","N","","","","","","","","","",""
"2006047213","","1","0","0","0","0","0","0","0","0","4","0","","02","4","2006","3","40.451337","-79.94099","","11","0","0","0","0","0","2","0","0","","0","0","0","","","1","","1","","40 27:04.813","","0","79 56:27.564","8","0","0","0","2301","0","0","0","N","0","0","0","2","02301","0","","1.0","","9","N","N","","0","","0","0","1","","2","","","2","1","0","0","0","1","0","2","0","2","","","","N","","","","","","","","","",""
"2006047214","","1","0","0","0","0","0","0","0","0","4","0","","02","4","2006","6","40.450869","-79.906306","","11","0","0","0","0","0","0","0","0","1","0","0","0","","","0","","2","","40 27:03.129","6","0","79 54:22.701","0","0","0","0","2301","0","0","0","N","0","0","0","2","02301","0","","1.0","","1","N","N","","0","","0","0","1","","3","N","","2","0","0","0","0","0","0","2","0","2","","","","N","","","","","","","","","",""
"2006047215","","2","0","0","0","0","0","0","0","0","1","0","","02","4","2006","4","","","","11","0","0","0","0","0","1","0","0","2","0","0","0","","","6","","0","","","5","0","","8","0","0","0","2301","0","0","0","N","0","0","0","6","02301","0","","1.0","","1","N","N","","1","","0","0","0","","0","N","","3","6","0","0","0","6","0","1","0","3","","","","N","","","","","","","","","",""
"2006047216","","1","0","0","0","0","0","0","0","0","8","0","","02","4","2006","1","40.461598","-79.907942","","11","0","0","0","0","0","0","0","0","","0","0","0","","","1","","1","","40 27:41.752","","0","79 54:28.591","3","0","0","0","2301","1","0","0","N","1","0","0","2","02301","0","","1.0","","1","N","N","","0","","1","0","0","","2","","","2","1","0","0","0","0","1","2","0","1","","","","N","","","","","","","","","",""
"2006047217","","1","0","0","0","0","0","0","0","0","4","0","","02","4","2006","1","40.429179","-79.921213","","11","0","0","0","0","0","0","0","0","","0","1","0","","","0","","1","","40 25:45.044","","0","79 55:16.366","0","0","0","0","2301","0","0","0","N","0","0","0","4","02301","0","","1.0","","1","N","N","","0","","0","0","0","","2","","","2","0","0","0","0","0","0","2","0","2","","","","N","","","","","","","","","",""
"2006047218","","2","0","1","0","0","0","0","0","0","1","0","","02","4","2006","1","40.391667","-79.934614","","11","0","0","0","0","0","0","0","0","","0","0","0","","","1","","2","","40 23:30.000","","0","79 56:04.610","2","0","0","0","2301","0","0","0","N","0","0","0","4","02301","0","","1.0","","1","N","N","","0","","0","1","0","","2","","","2","1","0","0","0","0","0","2","0","2","","","","N","","","","","","","","","",""
"2006047224","","0","0","0","0","0","0","0","0","0","0","0","","02","4","2006","1","40.468622","-79.931596","","11","0","0","0","0","0","0","0","0","2","0","0","0","","","0","","5","","40 28:07.039","4","0","79 55:53.745","9","0","0","0","2301","0","0","0","N","0","0","0","2","02301","0","","2.0","","1","N","N","","0","","0","0","1","","0","Y","","1","0","0","0","0","0","2","2","0","1","","","","N","","","","","","","","","",""
"2006047225","","2","0","0","0","0","0","0","0","0","4","0","","02","4","2006","1","40.462227","-79.911087","","11","0","0","0","0","0","0","0","0","","0","0","0","","","0","","1","","40 27:44.017","","0","79 54:39.913","9","0","0","0","2301","0","0","0","N","0","0","0","2","02301","0","","1.0","","1","N","N","","0","","0","0","0","","3","","","2","0","0","0","0","0","1","2","0","2","","","","N","","","","","","","","","",""
"2006047226","","2","0","0","0","0","0","0","0","0","4","0","","02","5","2006","2","40.455556","-79.942872","","11","0","0","0","0","0","0","0","0","","0","0","0","","","0","","2","","40 27:20.000","","0","79 56:34.340","0","0","0","0","2301","0","0","0","N","0","0","0","2","02301","0","","1.0","","9","N","N","","0","","0","0","0","","0","","","2","0","0","0","0","0","0","2","0","2","","","","N","","","","","","","","","",""
"2006047227","","2","0","0","0","0","0","0","0","0","4","0","","02","4","2006","2","","","","11","0","0","0","0","0","0","0","0","1","0","0","0","","","1","","0","","","3","0","","4","0","0","0","2301","0","0","0","N","0","0","0","2","02103","1","","1.0","","1","N","N","","0","","0","0","0","","0","N","","2","1","0","0","0","0","0","1","0","2","","","","N","","","","","","","","","",""
"2006047228","","2","0","0","0","0","0","0","0","0","4","0","","02","4","2006","4","","","","11","0","0","0","0","0","0","0","0","","0","0","0","","","0","","0","","","","0","","0","0","0","0","2301","0","0","0","N","0","0","0","1","02301","0","","1.0","","1","N","N","","0","","0","0","0","","0","","","2","0","1","0","0","0","0","1","0","2","","","","N","","","","","","","","","",""
"2006047229","","1","0","0","0","0","0","0","0","0","8","0","","02","4","2006","6","40.463553","-79.903335","","11","0","0","0","1","0","0","0","0","","0","0","0","","","1","","1","","40 27:48.790","","0","79 54:12.006","3","0","0","0","2301","1","0","0","N","1","0","0","2","02301","0","","1.0","","1","N","N","","0","","1","0","0","","0","","","2","1","0","0","0","0","0","2","0","1","","","","N","","","","","","","","","",""
"2006047230","","1","0","0","0","0","0","0","0","0","7","0","","02","4","2006","3","40.481452","-79.91897","","11","0","1","0","0","0","0","0","0","","0","0","0","","","0","","1","","40 28:53.227","","0","79 55:08.292","0","0","0","0","2301","0","0","0","","0","0","0","2","02301","0","","4.0","","9","N","N","","0","","0","0","0","","3","","","1","0","1","0","0","0","0","2","0","1","","","","N","","","","","","","","","",""
"2006047231","","2","0","0","0","0","0","0","0","0","1","0","","02","4","2006","4","","","","11","0","0","0","0","0","0","0","0","","0","0","0","","","1","","1","","","","0","","8","0","0","0","2301","0","0","0","N","0","0","0","2","02301","0","","1.0","","1","N","N","","0","","0","0","0","","2","","","2","1","0","0","0","1","1","1","0","2","","","","N","","","","","","","","","",""
"2006047304","","2","0","0","0","0","0","0","0","0","5","0","","02","4","2006","2","40.51647","-80.163317","","11","0","0","0","0","0","0","0","0","","0","0","0","","","0","","0","","40 30:59.292","","0","80 09:47.941","0","0","0","0","2420","0","0","0","N","0","0","0","1","02420","0","","1.0","","1","N","N","","0","","0","0","0","","0","","","2","0","0","0","0","0","0","2","0","2","","","","N","","","","","","","","","",""
"2006047326","","2","0","0","0","0","0","0","0","0","2","0","","02","5","2006","7","40.397307","-79.90269","","11","0","0","0","0","1","0","0","0","2","0","0","0","","","0","","3","","40 23:50.305","5","0","79 54:09.684","0","0","0","0","2448","0","0","0","N","0","0","0","2","02448","0","","1.0","","1","N","N","","0","","0","0","0","","3","Y","","2","0","0","0","0","0","0","2","0","2","","","","N","","","","","","","","","",""
"2006047345","","0","0","0","0","0","0","0","0","0","8","0","","02","4","2006","7","40.415968","-79.985151","","11","0","0","0","1","0","0","0","0","","0","0","0","","","1","","2","","40 24:57.484","","0","79 59:06.543","4","0","0","0","2447","1","0","0","N","1","0","0","2","02447","1","","1.0","","1","N","N","","1","","0","0","0","","0","","","2","1","0","0","0","0","0","2","0","1","","","","N","","","","","","","","","",""
"2006047402","","3","0","0","0","0","0","0","0","0","5","0","","02","4","2006","7","40.4367","-79.7802","","11","0","0","0","0","0","0","0","1","1","0","0","0","","","0","","0","","40 26:12.120","4","0","79 46:48.720","0","0","0","0","2446","0","0","0","N","0","0","0","5","02446","0","","1.0","","1","N","N","","0","","0","0","0","","0","N","","3","0","1","0","0","0","0","2","0","3","","","","N","","","","","","","","","",""
"2006047404","","2","0","0","0","0","0","0","0","0","4","0","","02","4","2006","7","40.437065","-79.771176","","11","0","0","0","0","0","0","0","0","","0","0","0","","","0","","0","","40 26:13.434","","0","79 46:16.233","0","0","0","0","2446","0","0","0","N","0","0","0","2","02446","0","","1.0","","1","N","N","","0","","0","0","0","","0","","","2","0","0","0","0","0","0","2","0","2","","","","N","","","","","","","","","",""
"2006047416","","0","0","0","0","0","0","0","0","0","0","0","","02","4","2006","4","","","","11","0","0","0","0","0","1","0","0","","0","1","0","","","0","","0","","","","0","","9","0","0","0","2220","0","0","0","N","0","0","0","3","02220","0","","1.0","","1","N","N","","1","","0","0","0","","0","","","3","0","0","0","0","0","1","1","0","3","","","","N","","","","","","","","","",""
"2006047446","","1","0","0","0","0","0","1","0","0","4","1","","02","5","2006","7","40.410619","-79.91476","","11","0","0","0","0","0","2","0","0","","0","0","0","","","4","","1","","40 24:38.228","","0","79 54:53.136","4","0","0","0","2438","0","0","0","N","0","0","0","13","02503","4","","1.0","","1","N","N","","0","","0","0","0","","3","","","2","4","0","0","0","0","0","2","0","2","","","","N","","","","","","","","","",""
"2006047449","","2","0","0","0","0","0","0","0","0","5","0","","02","5","2006","6","","","","11","0","1","0","0","0","0","0","0","1","0","0","0","","","0","","0","","","1","0","","9","0","0","0","2448","0","0","0","N","0","0","0","1","02448","0","","1.0","","1","N","N","","0","","0","0","0","","0","N","","2","0","1","0","0","0","1","1","0","2","","","","N","","","","","","","","","",""
"2006047454","","2","0","0","0","0","0","0","0","0","4","0","","02","5","2006","7","40.633611","-80.003938","","11","0","0","1","0","0","1","0","0","","0","0","0","","","0","","5","","40 38:01.000","","0","80 00:14.176","0","0","0","0","2216","0","0","0","N","0","0","0","4","02505","0","","1.0","","1","N","N","","0","","0","0","0","","3","","","2","0","0","0","0","0","0","2","0","2","","","","N","","","","","","","","","",""
"2006047455","","2","0","0","0","0","0","0","0","0","1","0","","02","5","2006","7","40.6307","-80.0573","","11","1","0","0","0","0","0","0","0","1","0","0","0","","","0","","0","","40 37:50.520","1","0","80 03:26.280","0","0","0","0","2216","0","0","0","N","0","0","0","2","02505","0","","1.0","","1","N","N","","0","","0","0","0","","0","N","","2","0","0","0","0","0","0","2","0","2","","","","N","","","","","","","","","",""
"2006047471","","2","0","0","0","0","0","0","0","0","4","0","","02","5","2006","5","40.561034","-79.962359","","11","0","0","0","0","0","0","0","0","2","0","0","0","","","0","","1","","40 33:39.722","4","0","79 57:44.492","0","0","0","0","2207","0","0","0","N","0","0","0","4","02207","0","","1.0","","9","N","N","","0","","0","0","0","","3","N","","2","0","0","0","0","0","0","2","0","2","","","","N","","","","","","","","","",""
"2006047472","","1","0","0","0","0","0","0","0","0","7","0","","02","5","2006","7","","","","11","0","1","0","0","0","0","0","0","1","0","0","0","","","0","","0","","","1","0","","0","0","0","0","2432","0","0","0","N","0","0","0","2","02432","0","","2.0","","1","N","N","","0","","0","0","0","","0","N","","1","0","0","0","0","0","0","1","0","1","","","","N","","","","","","","","","",""
"2006047480","","1","0","0","0","0","0","0","0","0","7","0","","02","5","2006","1","40.650502","-79.735627","","11","0","0","0","0","0","0","0","0","","0","0","0","","","0","","0","","40 39:01.806","","0","79 44:08.256","0","0","0","0","2202","0","0","0","N","0","0","0","0","02202","0","","5.0","","9","N","N","","0","","0","0","0","","0","","","1","0","0","0","0","0","0","1","0","1","","","","N","","","","","","","","","",""