"CRN","ARRIVAL_TM","AUTOMOBILE_COUNT","BELTED_DEATH_COUNT","BELTED_SUSP_SERIOUS_INJ_COUNT","BICYCLE_COUNT","BICYCLE_DEATH_COUNT","BICYCLE_SUSP_SERIOUS_INJ_COUNT","BUS_COUNT","CHLDPAS_DEATH_COUNT","CHLDPAS_SUSP_SERIOUS_INJ_COUNT","COLLISION_TYPE","COMM_VEH_COUNT","CONS_ZONE_SPD_LIM","COUNTY","CRASH_MONTH","CRASH_YEAR","DAY_OF_WEEK","DEC_LATITUDE","DEC_LONGITUDE","DISPATCH_TM","DISTRICT","DRIVER_COUNT_16YR","DRIVER_COUNT_17YR","DRIVER_COUNT_18YR","DRIVER_COUNT_19YR","DRIVER_COUNT_20YR","DRIVER_COUNT_50_64YR","DRIVER_COUNT_65_74YR","DRIVER_COUNT_75PLUS","EST_HRS_CLOSED","FATAL_COUNT","HEAVY_TRUCK_COUNT","HORSE_BUGGY_COUNT","HOUR_OF_DAY","ILLUMINATION","INJURY_COUNT","INTERSECTION_RELATED","INTERSECT_TYPE","LANE_CLOSED","LATITUDE","LN_CLOSE_DIR","LOCATION_TYPE","LONGITUDE","MAX_SEVERITY_LEVEL","MCYCLE_DEATH_COUNT","MCYCLE_SUSP_SERIOUS_INJ_COUNT","MOTORCYCLE_COUNT","MUNICIPALITY","NONMOTR_COUNT","NONMOTR_DEATH_COUNT","NONMOTR_SUSP_SERIOUS_INJ_COUNT","NTFY_HIWY_MAINT","PED_COUNT","PED_DEATH_COUNT","PED_SUSP_SERIOUS_INJ_COUNT","PERSON_COUNT","POLICE_AGCY","POSSIBLE_INJ_COUNT","RDWY_SURF_TYPE_CD","RELATION_TO_ROAD","ROADWAY_CLEARED","ROAD_CONDITION","SCH_BUS_IND","SCH_ZONE_IND","SECONDARY_CRASH","SMALL_TRUCK_COUNT","SPEC_JURIS_CD","SUSP_MINOR_INJ_COUNT","SUSP_SERIOUS_INJ_COUNT","SUV_COUNT","TCD_FUNC_CD","TCD_TYPE","TFC_DETOUR_IND","TIME_OF_DAY","TOTAL_UNITS","TOT_INJ_COUNT","UNBELTED_OCC_COUNT","UNB_DEATH_COUNT","UNB_SUSP_SERIOUS_INJ_COUNT","UNK_INJ_DEG_COUNT","UNK_INJ_PER_COUNT","URBAN_RURAL","VAN_COUNT","VEHICLE_COUNT","WEATHER1","WEATHER2","WORKERS_PRES","WORK_ZONE_IND","WORK_ZONE_LOC","WORK_ZONE_TYPE","WZ_CLOSE_DETOUR","WZ_FLAGGER","WZ_LAW_OFFCR_IND","WZ_LN_CLOSURE","WZ_MOVING","WZ_OTHER","WZ_SHLDER_MDN","WZ_WORKERS_INJ_KILLED"
"2006048080","","1","0","0","0","0","0","0","0","0","7","0","","02","5","2006","6","40.394879","-80.098136","","11","0","0","0","0","0","0","0","0","","0","0","0","","","0","","1","","40 23:41.564","","0","80 05:53.289","0","0","0","0","2117","0","0","0","N","0","0","0","1","02117","0","","2.0","","1","N","N","","0","","0","0","0","","0","","","1","0","1","0","0","0","0","2","0","1","","","","N","","","","","","","","","",""
"2006048085","","1","0","0","0","0","0","0","0","0","4","0","","02","5","2006","6","40.482079","-80.111823","","11","0","0","0","0","0","0","0","0","","0","0","0","","","0","","2","","40 28:55.484","","7","80 06:42.561","0","0","0","0","2126","0","0","0","N","0","0","0","1","02126","0","","1.0","","9","N","N","","0","","0","0","1","","3","","","2","0","1","0","0","0","0","2","0","2","","","","N","","","","","","","","","",""
"2006048091","","1","0","0","0","0","0","0","0","0","1","0","","02","5","2006","4","","","","11","0","0","0","0","0","0","0","0","","0","1","0","","","2","","0","","","","0","","4","0","0","0","2424","0","0","0","N","0","0","0","3","02424","1","","1.0","","9","N","N","","0","","0","0","0","","0","","","2","2","1","0","0","1","0","1","0","2","","","","N","","","","","","","","","",""
"2006048117","","0","0","0","0","0","0","0","0","0","8","0","","02","5","2006","7","40.308056","-80.032778","","11","0","0","0","1","0","0","0","0","","0","0","0","","","1","","1","","40 18:29.000","","0","80 01:58.000","3","0","0","0","2407","1","0","0","N","1","0","0","4","02407","0","","1.0","","1","N","N","","0","","1","0","0","","2","","","2","1","0","0","0","0","0","2","1","1","","","","N","","","","","","","","","",""
"2006048118","","0","0","0","0","0","0","0","0","0","1","0","","02","5","2006","4","40.356482","-80.015958","","11","0","1","0","0","0","0","0","0","","0","0","0","","","0","","0","","40 21:23.334","","0","80 00:57.448","0","0","0","0","2407","0","0","0","N","0","0","0","2","02407","0","","1.0","","1","N","N","","1","","0","0","1","","0","","","2","0","0","0","0","0","0","2","0","2","","","","N","","","","","","","","","",""
"2006048119","","3","0","0","0","0","0","0","0","0","1","0","","02","5","2006","4","","","","11","0","0","0","0","0","0","0","0","","0","0","0","","","0","","0","","","","0","","0","0","0","0","2407","0","0","0","N","0","0","0","4","02407","0","","1.0","","9","N","N","","0","","0","0","0","","0","","","3","0","0","0","0","0","0","1","0","3","","","","N","","","","","","","","","",""
"2006048120","","0","0","0","0","0","0","0","0","0","7","0","","02","5","2006","4","40.388065","-80.039311","","11","0","0","0","0","0","0","0","0","","0","0","0","","","2","","0","","40 23:17.034","","0","80 02:21.519","4","0","0","0","2422","0","0","0","N","0","0","0","2","02422","2","","5.0","","1","N","N","","1","","0","0","0","","0","","","1","2","2","0","0","0","0","2","0","1","","","","N","","","","","","","","","",""
"2006048143","","1","0","0","0","0","0","0","0","0","7","0","","02","5","2006","6","40.454605","-80.261154","","11","0","0","0","0","0","0","0","0","","0","0","0","","","1","","2","","40 27:16.578","","0","80 15:40.154","4","0","0","0","2203","0","0","0","N","0","0","0","2","02203","1","","2.0","","1","N","N","","0","","0","0","0","","0","","","1","1","1","0","0","0","0","2","0","1","","","","N","","","","","","","","","",""
"2006048144","","1","0","0","0","0","0","0","0","0","7","0","","02","5","2006","6","40.2759","-79.8917","","11","0","1","0","0","0","0","0","0","","0","0","0","","","1","","6","","40 16:33.240","","2","79 53:30.120","4","0","0","0","2440","0","0","0","Y","0","0","0","1","02440","1","","2.0","","9","N","N","","0","","0","0","0","","3","","","1","1","0","0","0","0","0","2","0","1","","","","N","","","","","","","","","",""
"2006048161","","1","0","0","0","0","0","0","0","0","4","0","","02","5","2006","4","40.424722","-80.042649","","11","0","0","0","0","0","0","0","1","","0","0","0","","","2","","2","","40 25:29.000","","0","80 02:33.538","8","0","0","0","2435","0","0","0","N","0","0","0","3","02435","0","","1.0","","1","N","N","","0","","0","0","1","","2","","","2","2","0","0","0","2","0","2","0","2","","","","N","","","","","","","","","",""
"2006048166","","2","0","0","0","0","0","0","0","0","4","0","","02","5","2006","2","40.489418","-79.903298","","11","0","0","0","0","0","1","0","0","","0","0","0","","","1","","0","","40 29:21.905","","0","79 54:11.871","4","0","0","0","2401","0","0","0","N","0","0","0","2","02401","1","","3.0","","1","N","N","","0","","0","0","0","","0","","","2","1","0","0","0","0","0","2","0","2","","","","N","","","","","","","","","",""
"2006048168","","1","0","0","0","0","0","0","0","0","4","0","","02","5","2006","6","40.40045","-80.064179","","11","0","0","0","0","0","0","0","0","1","0","0","0","","","0","","0","","40 24:01.621","6","7","80 03:51.043","9","0","0","0","2117","0","0","0","N","0","0","0","4","02117","0","","1.0","","9","N","N","","0","","0","0","0","","0","N","","2","0","0","0","0","0","1","2","1","2","","","","N","","","","","","","","","",""
"2006048176","","2","0","0","0","0","0","0","0","0","4","0","","02","5","2006","7","40.5611","-79.9591","","11","0","0","0","0","0","0","0","0","","0","0","0","","","1","","0","","40 33:39.960","","0","79 57:32.760","4","0","0","0","2207","0","0","0","N","0","0","0","4","02207","1","","1.0","","1","N","N","","0","","0","0","0","","0","","","2","1","0","0","0","0","0","2","0","2","","","","N","","","","","","","","","",""
"2006048184","","1","0","0","0","0","0","0","0","0","7","0","","02","5","2006","6","40.4752","-79.7725","","11","0","0","0","0","0","0","0","0","1","0","0","0","","","0","","0","","40 28:30.720","4","0","79 46:21.000","0","0","0","0","2466","0","0","0","N","0","0","0","1","02466","0","","2.0","","1","N","N","","0","","0","0","0","","0","N","","1","0","0","0","0","0","0","2","0","1","","","","N","","","","","","","","","",""
"2006048208","","1","0","0","0","0","0","0","0","0","7","0","","02","5","2006","1","40.498559","-79.727295","","11","0","0","1","0","0","0","0","0","","0","0","0","","","0","","2","","40 29:54.812","","0","79 43:38.262","0","0","0","0","2466","0","0","0","N","0","0","0","1","02466","0","","5.0","","1","N","N","","0","","0","0","0","","0","","","1","0","0","0","0","0","0","2","0","1","","","","N","","","","","","","","","",""
"2006048209","","1","0","0","0","0","0","0","0","0","7","0","","02","5","2006","7","","","","11","0","0","0","0","0","0","0","0","","0","0","0","","","0","","0","","","","0","","0","0","0","0","2117","0","0","0","Y","0","0","0","1","02117","0","","2.0","","9","N","N","","0","","0","0","0","","0","","","1","0","1","0","0","0","0","1","0","1","","","","N","","","","","","","","","",""
"2006048210","","2","0","0","0","0","0","0","0","0","4","0","","02","5","2006","6","","","","11","0","0","0","1","0","1","0","0","","0","0","0","","","0","","0","","","","0","","9","0","0","0","2403","0","0","0","N","0","0","0","2","02403","0","","1.0","","9","N","N","","0","","0","0","0","","0","","","2","0","1","0","0","0","1","1","0","2","","","","N","","","","","","","","","",""
"2006048219","","1","0","0","0","0","0","0","0","0","1","0","","02","5","2006","1","40.496111","-79.976872","","11","0","0","2","0","0","0","0","0","1","0","0","0","","","0","","1","","40 29:46.000","1","0","79 58:36.740","0","0","0","0","2118","0","0","0","N","0","0","0","4","02118","0","","1.0","","9","","N","","1","","0","0","0","","0","Y","","2","0","0","0","0","0","0","2","0","2","","","","N","","","","","","","","","",""
"2006048238","","1","0","0","0","0","0","0","0","0","5","0","","02","5","2006","6","","","","11","0","0","0","0","0","0","0","0","","0","0","0","","","1","","1","","","","0","","8","0","0","0","2426","0","0","0","N","0","0","0","2","02426","0","","1.0","","9","N","N","","0","","0","0","1","","3","","","2","1","1","0","0","1","1","1","0","2","","","","N","","","","","","","","","",""
"2006048246","","2","0","0","0","0","0","0","0","0","1","0","","02","5","2006","1","","","","11","0","0","0","0","0","1","0","0","2","0","0","0","","","1","","0","","","4","0","","8","0","0","0","2438","0","0","0","N","0","0","0","1","02438","0","","2.0","","1","N","N","","0","","0","0","0","","0","Y","","2","1","1","0","0","1","0","1","0","2","","","","N","","","","","","","","","",""
"2006048258","","0","0","0","0","0","0","0","0","0","1","0","","02","5","2006","2","40.399167","-80.065081","","11","0","0","0","0","0","1","0","0","","0","0","0","","","1","","0","","40 23:57.000","","0","80 03:54.290","8","0","0","0","2117","0","0","0","N","0","0","0","3","02117","0","","1.0","","9","N","N","","0","","0","0","2","","2","","","3","1","0","0","0","1","0","2","1","3","","","","N","","","","","","","","","",""
"2006048259","","0","0","0","0","0","0","0","0","0","7","0","","02","5","2006","2","40.2906","-79.9135","","11","0","0","0","0","0","0","0","0","1","0","0","0","","","0","","0","","40 17:26.160","2","0","79 54:48.600","0","0","0","0","2440","0","0","0","Y","0","0","0","1","02440","0","","3.0","","1","N","N","","1","","0","0","0","","0","N","","1","0","0","0","0","0","0","2","0","1","","","","N","","","","","","","","","",""
"2006048265","","1","0","0","0","0","0","0","0","0","7","0","","02","5","2006","7","","","","11","0","0","0","0","0","0","0","0","","0","0","0","","","0","","0","","","","0","","0","0","0","0","2123","0","0","0","N","0","0","0","1","02123","0","","4.0","","9","N","N","","0","","0","0","0","","0","","","1","0","0","0","0","0","0","1","0","1","","","","N","","","","","","","","","",""
"2006048275","","2","0","0","0","0","0","0","0","0","1","0","","02","5","2006","4","40.311667","-80.065","","11","0","0","0","0","0","0","0","0","","0","0","0","","","0","","2","","40 18:42.000","","0","80 03:54.001","0","0","0","0","2407","0","0","0","N","0","0","0","2","02407","0","","1.0","","9","N","N","","0","","0","0","0","","0","","","2","0","0","0","0","0","0","2","0","2","","","","N","","","","","","","","","",""
"2006048321","","2","0","1","0","0","0","0","0","0","1","0","","02","5","2006","2","40.5408","-79.8074","","11","0","0","0","0","0","1","0","0","","0","0","0","","","2","","0","","40 32:26.880","","0","79 48:26.640","2","0","0","0","2418","0","0","0","N","0","0","0","3","02418","0","","1.0","","1","N","N","","1","","0","1","0","","0","","","3","2","0","0","0","1","0","2","0","3","","","","N","","","","","","","","","",""
"2006048323","","1","0","0","0","0","0","0","0","0","5","0","","02","5","2006","7","40.472555","-80.031175","","11","0","0","0","0","0","0","0","0","","0","0","0","","","1","","0","","40 28:21.198","","0","80 01:52.230","4","0","0","0","2301","0","0","0","N","0","0","0","1","02301","1","","6.0","","1","N","N","","1","","0","0","1","","0","","","3","1","0","0","0","0","0","2","0","3","","","","N","","","","","","","","","",""
"2006048333","","2","0","0","0","0","0","0","0","0","1","0","","02","3","2006","3","","","","11","0","0","0","0","0","0","0","0","1","0","0","0","","","1","","0","","40 26:38.40","1","8","80 00:32.40","4","0","0","0","2301","0","0","0","N","0","0","0","3","68B03","1","","1.0","","1","N","N","","0","","0","0","0","","0","N","","2","1","0","0","0","0","0","2","0","2","","","","N","","","","","","","","","",""
"2006048334","","1","0","0","0","0","0","0","0","0","0","0","","02","5","2006","2","","","","11","0","1","0","0","0","0","0","0","1","0","0","0","","","0","","2","","","1","0","","0","0","0","0","2212","0","0","0","N","0","0","0","2","02505","0","","1.0","","1","N","N","","0","","0","0","0","","0","N","","2","0","0","0","0","0","0","1","1","2","","","","N","","","","","","","","","",""
"2006048335","","0","0","0","0","0","0","0","0","0","1","0","","02","5","2006","2","40.4014","-80.063","","11","0","0","0","0","0","0","2","0","1","0","0","0","","","1","","0","","40 24:05.040","1","0","80 03:46.800","8","0","0","0","2117","0","0","0","N","0","0","0","4","02117","0","","1.0","","1","N","N","","1","","0","0","0","","8","N","","2","1","0","0","0","1","0","2","1","2","","","","N","","","","","","","","","",""
"2006048337","","0","0","0","0","0","0","0","0","0","7","0","","02","5","2006","7","40.529722","-79.84966","","11","0","0","0","0","1","0","0","0","","0","0","0","","","0","","0","","40 31:47.000","","0","79 50:58.777","0","0","0","0","2208","0","0","0","Y","0","0","0","1","02208","0","","5.0","","9","N","N","","0","","0","0","1","","0","","","1","0","0","0","0","0","0","2","0","1","","","","N","","","","","","","","","",""
"2006048346","","2","0","0","0","0","0","0","0","0","4","0","","02","5","2006","6","40.3076","-79.9108","","11","0","0","0","1","1","0","0","0","2","0","0","0","","","1","","0","","40 18:27.360","5","0","79 54:38.880","8","0","0","0","2440","0","0","0","N","0","0","0","2","02440","0","","1.0","","1","N","N","","0","","0","0","0","","0","Y","","2","1","0","0","0","1","0","2","0","2","","","","N","","","","","","","","","",""
"2006048353","","3","0","0","0","0","0","0","0","0","1","0","","02","5","2006","3","40.2924","-79.9154","","11","0","0","0","0","0","1","0","0","","0","0","0","","","1","","0","","40 17:32.640","","0","79 54:55.440","4","0","0","0","2440","0","0","0","N","0","0","0","4","02440","1","","1.0","","1","N","N","","0","","0","0","0","","2","","","3","1","0","0","0","0","0","2","0","3","","","","N","","","","","","","","","",""
"2006048358","","2","0","0","0","0","0","0","0","0","4","0","","02","5","2006","3","40.452196","-79.752542","","11","0","0","0","1","0","0","0","1","","0","0","0","","","0","","1","","40 27:07.905","","0","79 45:09.151","0","0","0","0","2446","0","0","0","N","0","0","0","2","02446","0","","1.0","","1","N","N","","0","","0","0","0","","3","","","2","0","0","0","0","0","0","2","0","2","","","","N","","","","","","","","","",""
"2006048366","","2","0","0","0","0","0","0","0","0","1","0","","02","5","2006","5","40.5855","-80.035","","11","0","0","0","1","0","0","0","0","","0","0","0","","","0","","0","","40 35:07.800","","0","80 02:06.000","0","0","0","0","2116","0","0","0","N","0","0","0","3","02116","0","","1.0","","1","N","N","","1","","0","0","0","","0","","","3","0","0","0","0","0","0","2","0","3","","","","N","","","","","","","","","",""
"2006048375","","3","0","0","0","0","0","0","0","0","1","0","","02","5","2006","7","40.380278","-80.095511","","11","0","0","0","0","0","1","2","0","1","0","0","0","","","0","","0","","40 22:49.000","4","0","80 05:43.839","0","0","0","0","2102","0","0","0","N","0","0","0","3","02102","0","","1.0","","1","N","N","","0","","0","0","0","","0","N","","3","0","0","0","0","0","0","2","0","3","","","","N","","","","","","","","","",""
"2006048385","","1","0","0","0","0","0","0","0","0","4","0","","02","5","2006","6","40.519722","-80.217887","","11","0","0","0","0","0","0","0","0","1","0","0","0","","","2","","1","","40 31:11.000","1","0","80 13:04.392","4","0","0","0","2213","0","0","0","N","0","0","0","3","02213","2","","1.0","","1","N","N","","1","","0","0","0","","2","N","","2","2","0","0","0","0","0","2","0","2","","","","N","","","","","","","","","",""
"2006048388","","0","0","0","0","0","0","0","0","0","4","0","","02","5","2006","3","","","","11","0","0","0","0","1","0","0","0","","0","0","0","","","0","","0","","","","0","","0","0","0","0","2202","0","0","0","N","0","0","0","2","02202","0","","1.0","","1","N","N","","1","","0","0","1","","0","","","2","0","0","0","0","0","0","1","0","2","","","","N","","","","","","","","","",""
"2006048403","","2","0","0","0","0","0","0","0","0","4","0","","02","5","2006","7","40.4985","-80.2826","","11","0","0","0","0","0","0","0","0","","0","0","0","","","0","","2","","40 29:54.600","","0","80 16:57.360","0","0","0","0","2203","0","0","0","N","0","0","0","2","02203","0","","1.0","","1","N","N","","0","","0","0","0","","0","","","2","0","0","0","0","0","0","1","0","2","","","","N","","","","","","","","","",""
"2006048407","","1","0","0","0","0","0","0","0","0","7","0","","02","5","2006","3","40.6142","-79.942","","11","0","0","0","1","0","0","0","0","1","0","0","0","","","0","","0","","40 36:51.120","3","0","79 56:31.200","0","0","0","0","2207","0","0","0","N","0","0","0","3","02207","0","","4.0","","1","N","N","","0","","0","0","1","","0","N","","2","0","0","0","0","0","0","2","0","2","","","","N","","","","","","","","","",""
"2006048410","","1","0","0","0","0","0","0","0","0","0","0","","02","5","2006","3","40.517667","-80.023692","","11","0","1","0","0","0","0","0","0","2","0","0","0","","","0","","2","","40 31:03.601","7","0","80 01:25.291","0","0","0","0","2474","0","0","0","N","0","0","0","1","02474","0","","1.0","","1","N","N","","0","","0","0","0","","0","N","","1","0","0","0","0","0","0","2","0","1","","","","N","","","","","","","","","",""
"2006048411","","2","0","0","0","0","0","0","0","0","4","0","","02","5","2006","1","40.512117","-79.947215","","11","0","1","0","0","0","1","0","0","","0","0","0","","","0","","0","","40 30:43.622","","0","79 56:49.975","0","0","0","0","2118","0","0","0","N","0","0","0","3","02118","0","","1.0","","9","N","N","","0","","0","0","0","","0","","","2","0","0","0","0","0","0","2","0","2","","","","N","","","","","","","","","",""
"2006048412","","0","0","0","0","0","0","0","0","0","1","0","","02","5","2006","5","40.5494","-79.8399","","11","0","0","0","0","0","0","0","0","","0","0","0","","","0","","0","","40 32:57.840","","0","79 50:23.640","0","0","0","0","2208","0","0","0","N","0","0","0","2","02208","0","","1.0","","1","N","N","","1","","0","0","1","","2","","","2","0","0","0","0","0","0","2","0","2","","","","N","","","","","","","","","",""
"2006048422","","1","0","0","0","0","0","0","0","0","7","0","","02","5","2006","6","40.290954","-79.911733","","11","0","0","0","0","0","0","0","1","1","0","0","0","","","1","","0","","40 17:27.434","4","0","79 54:42.238","8","0","0","0","2440","0","0","0","N","0","0","0","1","02440","0","","2.0","","1","N","N","","0","","0","0","0","","0","N","","1","1","0","0","0","1","0","2","0","1","","","","N","","","","","","","","","",""
"2006048426","","0","0","0","0","0","0","0","0","0","4","0","","02","5","2006","4","40.402778","-80.060417","","11","0","0","0","0","0","0","0","0","2","0","0","0","","","2","","2","","40 24:10.000","5","0","80 03:37.502","3","0","0","0","2117","0","0","0","N","0","0","0","2","02117","1","","1.0","","1","N","N","","0","","1","0","2","","0","N","","2","2","0","0","0","0","0","2","0","2","","","","N","","","","","","","","","",""
"2006048428","","1","0","0","0","0","0","0","0","0","4","1","","02","5","2006","5","40.2749","-79.8943","","11","0","0","0","0","0","0","1","0","","0","0","0","","","1","","8","","40 16:29.640","","6","79 53:39.480","8","0","0","0","2440","0","0","0","N","0","0","0","2","02440","0","","1.0","","9","N","N","","1","","0","0","0","","3","","","2","1","0","0","0","1","0","2","0","2","","","","N","","","","","","","","","",""
"2006048443","","1","0","0","0","0","0","0","0","0","1","0","","02","5","2006","3","40.3425","-79.964602","","11","0","0","0","0","0","0","1","0","","0","0","0","","","1","","1","","40 20:33.000","","0","79 57:52.567","4","0","0","0","2454","0","0","0","N","0","0","0","4","02454","1","","1.0","","1","N","N","","1","","0","0","0","","3","","","2","1","0","0","0","0","0","2","0","2","","","","N","","","","","","","","","",""
"2006048521","","2","0","0","0","0","0","0","0","0","4","0","","02","5","2006","3","40.667222","-80.096368","","11","0","0","0","0","0","2","0","0","","0","0","0","","","1","","1","","40 40:02.000","","0","80 05:46.923","4","0","0","0","2212","0","0","0","N","0","0","0","2","02505","1","","1.0","","1","N","N","","0","","0","0","0","","2","","","2","1","0","0","0","0","0","2","0","2","","","","N","","","","","","","","","",""
"2006048539","","1","0","0","0","0","0","0","0","0","1","0","","02","5","2006","4","40.375556","-79.797082","","11","0","0","0","0","0","0","1","0","1","0","0","0","","","0","","0","","40 22:32.000","3","0","79 47:49.494","0","0","0","0","2111","0","0","0","N","0","0","0","2","02111","0","","1.0","","1","N","N","","0","","0","0","1","","0","N","","2","0","0","0","0","0","0","2","0","2","","","","N","","","","","","","","","",""
"2006048546","","1","0","0","0","0","0","0","0","0","7","0","","02","1","2006","2","40.640833","-79.710725","","11","0","1","0","0","0","0","0","0","","1","0","0","","","0","","0","","40 38:27.000","","0","79 42:38.610","1","0","0","0","2106","0","0","0","N","0","0","0","1","02106","0","9","2.0","","9","N","N","","0","9","0","0","0","","0","","","1","0","1","1","0","0","0","2","0","1","","","","N","","","","","","","","","",""
"2006048549","","2","0","0","0","0","0","0","0","0","4","0","","02","5","2006","4","40.474457","-80.073755","","11","0","0","0","0","0","0","0","0","","0","0","0","","","1","","0","","40 28:28.045","","0","80 04:25.518","4","0","0","0","2122","0","0","0","N","0","0","0","2","02122","1","","1.0","","1","N","N","","0","","0","0","0","","3","","","2","1","0","0","0","0","0","2","0","2","","","","N","","","","","","","","","",""
"2006048550","","2","0","0","0","0","0","0","0","0","4","0","","02","5","2006","7","40.329725","-80.051451","","11","1","0","0","0","0","0","0","0","","0","0","0","","","1","","1","","40 19:47.009","","0","80 03:05.222","4","0","0","0","2407","0","0","0","N","0","0","0","3","02407","1","","1.0","","1","N","N","","0","","0","0","0","","0","","","2","1","0","0","0","0","0","2","0","2","","","","N","","","","","","","","","",""
"2006048551","","1","0","0","0","0","0","0","0","0","7","0","","02","5","2006","4","40.336479","-80.007252","","11","0","0","0","0","0","0","1","0","","0","0","0","","","1","","0","","40 20:11.326","","0","80 00:26.106","4","0","0","0","2407","0","0","0","N","0","0","0","1","02407","1","","4.0","","1","N","N","","0","","0","0","0","","0","","","1","1","0","0","0","0","0","2","0","1","","","","N","","","","","","","","","",""
"2006048587","","1","0","0","0","0","0","0","0","0","4","0","","02","5","2006","5","40.368068","-79.817212","","11","0","0","0","0","1","0","0","0","3","0","0","0","","","3","","2","","40 22:05.044","5","0","79 49:01.963","8","0","0","0","2111","0","0","0","N","0","0","0","3","02111","0","","1.0","","1","N","N","","0","","0","0","0","","0","Y","","2","3","1","0","0","3","0","2","1","2","","","","N","","","","","","","","","",""
"2006048600","","2","0","0","0","0","0","0","0","0","4","0","25","02","5","2006","5","","","","11","0","0","1","0","0","0","0","0","1","0","0","0","","","0","","1","","","6","0","","0","0","0","0","2301","0","0","0","N","0","0","0","2","02301","0","","1.0","","1","N","N","","0","","0","0","0","","2","N","","2","0","0","0","0","0","0","1","0","2","","","N","Y","3","1","","","N","Y","","","",""
"2006048601","","4","0","0","0","0","0","0","0","0","1","0","","02","5","2006","3","40.478611","-80.04312","","11","0","0","0","0","0","2","0","0","1","0","0","0","","","0","","1","","40 28:43.000","2","3","80 02:35.232","0","0","0","0","2301","0","0","0","N","0","0","0","5","02301","0","","1.0","","9","N","N","","0","","0","0","0","","2","N","","4","0","0","0","0","0","0","2","0","4","","","","N","","","","","","","","","",""
"2006048602","","1","0","0","0","0","0","0","0","0","2","0","","02","5","2006","3","","","","11","0","0","0","0","0","0","0","0","","0","0","0","","","0","","0","","","","0","","0","0","0","0","2301","0","0","0","N","0","0","0","1","02301","0","","6.0","","1","N","N","","0","","0","0","1","","0","","","2","0","0","0","0","0","0","1","0","2","","","","N","","","","","","","","","",""
"2006048603","","2","0","0","0","0","0","0","0","0","1","0","","02","5","2006","4","40.4463","-80.0098","","11","0","0","0","0","0","1","0","0","2","0","0","0","","","0","","0","","40 26:46.680","2","0","80 00:35.280","0","0","0","0","2301","0","0","0","N","0","0","0","2","02301","0","","1.0","","1","N","N","","0","","0","0","0","","0","N","","2","0","0","0","0","0","0","2","0","2","","","","N","","","","","","","","","",""
"2006048604","","2","0","0","0","0","0","0","0","0","4","0","","02","5","2006","4","40.454076","-79.996814","","11","0","0","0","0","0","1","0","0","1","0","0","0","","","0","","1","","40 27:14.672","3","0","79 59:48.532","0","0","0","0","2301","0","0","0","N","0","0","0","2","02301","0","","1.0","","1","N","N","","0","","0","0","0","","2","N","","2","0","0","0","0","0","0","2","0","2","","","","N","","","","","","","","","",""
"2006048605","","0","0","0","0","0","0","0","0","0","4","0","","02","5","2006","6","40.4554","-79.9926","","11","0","0","0","0","0","0","0","0","2","0","0","0","","","1","","0","","40 27:19.440","2","0","79 59:33.360","8","0","0","0","2301","0","0","0","Y","0","0","0","2","02301","0","","1.0","","1","N","N","","2","","0","0","0","","0","N","","2","1","0","0","0","1","1","2","0","2","","","","N","","","","","","","","","",""
"2006048608","","0","0","0","0","0","0","0","0","0","4","0","","02","4","2006","5","40.557778","-80.058707","","11","0","0","0","1","0","0","0","0","1","0","0","0","","","0","","0","","40 33:28.000","5","0","80 03:31.346","0","0","0","0","2108","0","0","0","N","0","0","0","2","02108","0","","1.0","","1","N","N","","2","","0","0","0","","0","N","","2","0","0","0","0","0","0","2","0","2","","","","N","","","","","","","","","",""
"2006048609","","1","0","0","0","0","0","0","0","0","1","1","","02","5","2006","6","","","","11","0","0","0","0","0","1","0","0","1","0","0","0","","","0","","1","","","4","0","","0","0","0","0","2301","0","0","0","N","0","0","0","2","02301","0","","1.0","","1","N","N","","1","","0","0","0","","2","N","","2","0","0","0","0","0","0","1","0","2","","","","N","","","","","","","","","",""
"2006048611","","1","0","0","0","0","0","0","0","0","4","0","","02","5","2006","7","","","","11","0","0","0","0","0","0","0","0","","0","0","0","","","1","","1","","","","0","","2","0","0","0","2301","0","0","0","","0","0","0","4","02301","0","","1.0","","1","N","N","","1","","0","1","0","","2","","","2","1","3","0","1","0","0","1","0","2","","","","N","","","","","","","","","",""
"2006048612","","2","0","0","0","0","0","0","0","0","4","0","","02","5","2006","7","","","","11","0","0","0","0","0","0","0","0","1","0","0","0","","","0","","6","","40 26:07.44","3","2","79 58:07.32","0","0","0","0","2301","0","0","0","N","0","0","0","2","02301","0","","7.0","","1","N","N","","0","","0","0","0","","0","Y","","2","0","1","0","0","0","0","2","0","2","","","","N","","","","","","","","","",""
"2006048613","","1","0","0","0","0","0","0","0","0","7","0","","02","5","2006","1","","","","11","0","0","0","0","0","0","0","0","","0","0","0","","","1","","0","","","","0","","3","0","0","0","2301","0","0","0","N","0","0","0","1","02301","0","","5.0","","1","N","N","","0","","1","0","0","","0","","","1","1","1","0","0","0","0","1","0","1","","","","N","","","","","","","","","",""
"2006048614","","1","0","0","0","0","0","0","0","0","4","0","","02","4","2006","7","","","","11","0","0","0","0","0","0","0","0","","0","0","0","","","0","","1","","","","0","","0","0","0","0","2301","0","0","0","N","0","0","0","4","02301","0","","1.0","","1","N","N","","0","","0","0","1","","2","","","2","0","0","0","0","0","0","1","0","2","","","","N","","","","","","","","","",""