"CRN","ARRIVAL_TM","AUTOMOBILE_COUNT","BELTED_DEATH_COUNT","BELTED_SUSP_SERIOUS_INJ_COUNT","BICYCLE_COUNT","BICYCLE_DEATH_COUNT","BICYCLE_SUSP_SERIOUS_INJ_COUNT","BUS_COUNT","CHLDPAS_DEATH_COUNT","CHLDPAS_SUSP_SERIOUS_INJ_COUNT","COLLISION_TYPE","COMM_VEH_COUNT","CONS_ZONE_SPD_LIM","COUNTY","CRASH_MONTH","CRASH_YEAR","DAY_OF_WEEK","DEC_LATITUDE","DEC_LONGITUDE","DISPATCH_TM","DISTRICT","DRIVER_COUNT_16YR","DRIVER_COUNT_17YR","DRIVER_COUNT_18YR","DRIVER_COUNT_19YR","DRIVER_COUNT_20YR","DRIVER_COUNT_50_64YR","DRIVER_COUNT_65_74YR","DRIVER_COUNT_75PLUS","EST_HRS_CLOSED","FATAL_COUNT","HEAVY_TRUCK_COUNT","HORSE_BUGGY_COUNT","HOUR_OF_DAY","ILLUMINATION","INJURY_COUNT","INTERSECTION_RELATED","INTERSECT_TYPE","LANE_CLOSED","LATITUDE","LN_CLOSE_DIR","LOCATION_TYPE","LONGITUDE","MAX_SEVERITY_LEVEL","MCYCLE_DEATH_COUNT","MCYCLE_SUSP_SERIOUS_INJ_COUNT","MOTORCYCLE_COUNT","MUNICIPALITY","NONMOTR_COUNT","NONMOTR_DEATH_COUNT","NONMOTR_SUSP_SERIOUS_INJ_COUNT","NTFY_HIWY_MAINT","PED_COUNT","PED_DEATH_COUNT","PED_SUSP_SERIOUS_INJ_COUNT","PERSON_COUNT","POLICE_AGCY","POSSIBLE_INJ_COUNT","RDWY_SURF_TYPE_CD","RELATION_TO_ROAD","ROADWAY_CLEARED","ROAD_CONDITION","SCH_BUS_IND","SCH_ZONE_IND","SECONDARY_CRASH","SMALL_TRUCK_COUNT","SPEC_JURIS_CD","SUSP_MINOR_INJ_COUNT","SUSP_SERIOUS_INJ_COUNT","SUV_COUNT","TCD_FUNC_CD","TCD_TYPE","TFC_DETOUR_IND","TIME_OF_DAY","TOTAL_UNITS","TOT_INJ_COUNT","UNBELTED_OCC_COUNT","UNB_DEATH_COUNT","UNB_SUSP_SERIOUS_INJ_COUNT","UNK_INJ_DEG_COUNT","UNK_INJ_PER_COUNT","URBAN_RURAL","VAN_COUNT","VEHICLE_COUNT","WEATHER1","WEATHER2","WORKERS_PRES","WORK_ZONE_IND","WORK_ZONE_LOC","WORK_ZONE_TYPE","WZ_CLOSE_DETOUR","WZ_FLAGGER","WZ_LAW_OFFCR_IND","WZ_LN_CLOSURE","WZ_MOVING","WZ_OTHER","WZ_SHLDER_MDN","WZ_WORKERS_INJ_KILLED"
"2006048616","","1","0","0","0","0","0","0","0","0","4","1","","02","5","2006","2","","","","11","0","0","0","0","0","1","0","0","","0","0","0","","","1","","5","","","","0","","4","0","0","0","2301","0","0","0","N","0","0","0","2","02301","1","","1.0","","1","N","N","","0","","0","0","0","","0","","","2","1","0","0","0","0","0","1","1","2","","","","N","","","","","","","","","",""
"2006048617","","1","0","0","0","0","0","0","0","0","4","0","","02","5","2006","3","40.474215","-79.90821","","11","0","0","0","0","0","0","0","0","","0","0","0","","","0","","1","","40 28:27.175","","0","79 54:29.557","0","0","0","0","2301","0","0","0","","0","0","0","2","02301","0","","1.0","","9","N","N","","0","","0","0","1","","2","","","2","0","0","0","0","0","0","2","0","2","","","","N","","","","","","","","","",""
"2006048618","","1","0","0","0","0","0","0","0","0","4","0","","02","5","2006","3","40.43847","-80.005839","","11","0","0","0","0","0","1","0","0","2","0","0","0","","","1","","2","","40 26:18.492","3","0","80 00:21.020","4","0","0","0","2301","0","0","0","N","0","0","0","3","02301","1","","1.0","","9","N","N","","0","","0","0","0","","2","N","","2","1","0","0","0","0","0","2","1","2","","","","N","","","","","","","","","",""
"2006048619","","2","0","0","0","0","0","0","0","0","4","0","","02","5","2006","3","","","","11","0","0","0","0","0","0","0","0","","0","0","0","","","0","","0","","","","0","","0","0","0","0","2301","0","0","0","N","0","0","0","2","02301","0","","1.0","","1","N","N","","0","","0","0","0","","2","","","2","0","0","0","0","0","0","1","0","2","","","","N","","","","","","","","","",""
"2006048620","","2","0","0","0","0","0","0","0","0","5","0","","02","4","2006","1","","","","11","0","0","0","0","0","0","0","0","","0","0","0","","","0","","0","","","","0","","0","0","0","0","2301","0","0","0","N","0","0","0","1","02301","0","","6.0","","1","N","N","","0","","0","0","0","","0","","","2","0","0","0","0","0","0","1","0","2","","","","N","","","","","","","","","",""
"2006048621","","1","0","0","0","0","0","0","0","0","7","0","","02","5","2006","4","","","","11","0","0","0","0","0","0","0","0","1","0","0","0","","","0","","3","","","4","0","","9","0","0","0","2301","0","0","0","N","0","0","0","1","02301","0","","4.0","","1","N","N","","0","","0","0","0","","0","N","","1","0","0","0","0","0","1","1","0","1","","","","N","","","","","","","","","",""
"2006048622","","1","0","0","0","0","0","0","0","0","2","0","","02","5","2006","4","40.449444","-80.025079","","11","0","0","0","0","0","2","0","0","2","0","0","0","","","1","","0","","40 26:58.000","4","0","80 01:30.284","3","0","0","0","2301","0","0","0","N","0","0","0","2","02301","0","","1.0","","1","N","N","","1","","1","0","0","","0","N","","2","1","0","0","0","0","0","2","0","2","","","","N","","","","","","","","","",""
"2006048623","","2","0","0","0","0","0","0","0","0","2","0","","02","5","2006","5","40.433037","-80.029231","","11","0","0","0","0","0","0","0","0","","0","0","0","","","1","","2","","40 25:58.933","","0","80 01:45.231","8","0","0","0","2301","0","0","0","N","0","0","0","3","02301","0","","1.0","","1","N","N","","0","","0","0","0","","3","","","2","1","1","0","0","1","0","2","0","2","","","","N","","","","","","","","","",""
"2006048624","","2","0","0","0","0","0","0","0","0","4","0","","02","5","2006","5","40.434763","-80.021443","","11","0","0","0","0","0","0","0","0","","0","0","0","","","0","","0","","40 26:05.146","","0","80 01:17.194","0","0","0","0","2301","0","0","0","N","0","0","0","1","02301","0","","1.0","","1","N","N","","0","","0","0","1","","0","","","3","0","0","0","0","0","0","2","0","3","","","","N","","","","","","","","","",""
"2006048625","","1","0","0","0","0","0","0","0","0","5","0","","02","5","2006","6","","","","11","0","0","0","0","0","0","0","0","1","0","0","0","","","0","","0","","","3","0","","0","0","0","0","2301","0","0","0","N","0","0","0","2","02301","0","","6.0","","1","N","N","","0","","0","0","1","","0","Y","","2","0","0","0","0","0","0","1","0","2","","","","N","","","","","","","","","",""
"2006048626","","0","0","0","0","0","0","0","0","0","1","0","","02","5","2006","6","40.4218","-80.0043","","11","0","0","0","0","0","1","0","0","","0","0","0","","","0","","0","","40 25:18.480","","4","80 00:15.480","0","0","0","0","2301","0","0","0","N","0","0","0","2","02301","0","","1.0","","1","N","N","","1","","0","0","1","","2","","","2","0","1","0","0","0","0","2","0","2","","","","N","","","","","","","","","",""
"2006048627","","0","0","0","0","0","0","0","0","0","7","0","","02","5","2006","7","40.454115","-80.054032","","11","0","0","0","0","0","0","0","0","","0","0","0","","","1","","0","","40 27:14.814","","0","80 03:14.515","4","0","0","0","2301","0","0","0","N","0","0","0","1","02301","1","","5.0","","1","N","N","","0","","0","0","1","","0","","","1","1","0","0","0","0","0","2","0","1","","","","N","","","","","","","","","",""
"2006048628","","0","0","0","0","0","0","0","0","0","7","0","","02","5","2006","7","40.428744","-80.071243","","11","0","0","0","0","0","0","0","0","","0","0","0","","","1","","0","","40 25:43.480","","0","80 04:16.475","2","0","1","1","2301","0","0","0","N","0","0","0","1","02301","0","","4.0","","1","N","N","","0","","0","1","0","","0","","","1","1","0","0","0","0","0","2","0","1","","","","N","","","","","","","","","",""
"2006048629","","2","0","0","0","0","0","0","0","0","1","0","","02","5","2006","1","40.376944","-80.00425","","11","0","0","0","0","0","0","0","0","1","0","0","0","","","1","","0","","40 22:37.000","2","0","80 00:15.299","8","0","0","0","2301","0","0","0","N","0","0","0","3","02301","0","","1.0","","1","N","N","","0","","0","0","0","","0","N","","2","1","0","0","0","1","0","2","0","2","","","","N","","","","","","","","","",""
"2006048630","","3","0","0","0","0","0","0","0","0","1","0","","02","5","2006","1","40.410556","-80.014334","","11","0","0","0","0","0","1","0","0","","0","0","0","","","0","","0","","40 24:38.000","","0","80 00:51.604","0","0","0","0","2301","0","0","0","N","0","0","0","5","02301","0","","1.0","","1","N","N","","0","","0","0","0","","0","","","3","0","0","0","0","0","0","2","0","3","","","","N","","","","","","","","","",""
"2006048631","","1","0","0","0","0","0","0","0","0","8","0","","02","5","2006","7","40.463206","-79.908867","","11","0","0","0","0","0","1","0","0","","0","0","0","","","1","","1","","40 27:47.541","","0","79 54:31.921","4","0","0","0","2301","1","0","0","","1","0","0","2","03201","1","","1.0","","1","N","N","","0","","0","0","0","","0","","","2","1","1","0","0","0","0","2","0","1","","","","N","","","","","","","","","",""
"2006048632","","1","0","0","0","0","0","0","0","0","7","0","","02","5","2006","6","40.456914","-79.938523","","11","0","0","0","0","0","0","0","0","","0","0","0","","","0","","1","","40 27:24.891","","0","79 56:18.684","0","0","0","0","2301","0","0","0","N","0","0","0","1","02301","0","","4.0","","1","N","N","","0","","0","0","0","","1","","","1","0","0","0","0","0","0","2","0","1","","","","N","","","","","","","","","",""
"2006048633","","1","0","0","0","0","0","0","0","0","7","0","","02","5","2006","7","40.470219","-79.908537","","11","0","0","0","0","0","0","0","0","","0","0","0","","","1","","1","","40 28:12.788","","0","79 54:30.734","4","0","0","0","2301","0","0","0","N","0","0","0","1","02301","1","","2.0","","1","N","N","","0","","0","0","0","","2","","","1","1","0","0","0","0","0","2","0","1","","","","N","","","","","","","","","",""
"2006048634","","1","0","0","0","0","0","0","0","0","7","0","","02","5","2006","1","40.454298","-79.883474","","11","0","0","0","0","0","0","0","0","","0","0","0","","","0","","0","","40 27:15.473","","0","79 53:00.507","9","0","0","0","2301","0","0","0","N","0","0","0","1","02301","0","","2.0","","1","N","N","","0","","0","0","0","","0","","","1","0","0","0","0","0","1","2","0","1","","","","N","","","","","","","","","",""
"2006048635","","1","0","0","0","0","0","0","0","0","8","0","","02","5","2006","1","","","","11","0","0","0","0","0","0","0","0","","0","0","0","","","1","","0","","","","0","","8","0","0","0","2301","1","0","0","N","1","0","0","2","02301","0","","1.0","","1","N","N","","0","","0","0","0","","0","","","2","1","0","0","0","1","0","1","0","1","","","","N","","","","","","","","","",""
"2006048636","","1","0","0","0","0","0","0","0","0","4","0","","02","5","2006","3","40.462991","-79.909895","","11","0","0","0","0","0","0","0","0","","0","0","0","","","2","","0","","40 27:46.767","","0","79 54:35.622","8","0","0","0","2301","0","0","0","N","0","0","0","3","02301","0","","1.0","","9","N","N","","1","","0","0","0","","0","","","2","2","1","0","0","2","0","2","0","2","","","","N","","","","","","","","","",""
"2006048637","","0","0","0","0","0","0","0","0","0","7","0","","02","5","2006","1","40.434667","-80.016869","","11","0","0","0","0","0","0","0","0","","0","0","0","","","0","","1","","40 26:04.801","","0","80 01:00.728","0","0","0","0","2301","0","0","0","N","0","0","0","2","02301","0","","5.0","","1","N","N","","0","","0","0","0","","3","","","1","0","0","0","0","0","0","2","1","1","","","","N","","","","","","","","","",""
"2006048638","","2","0","0","0","0","0","0","0","0","1","0","","02","5","2006","4","40.377222","-80.004168","","11","0","0","0","0","1","0","0","0","","0","0","0","","","1","","2","","40 22:38.000","","0","80 00:15.005","4","0","0","0","2301","0","0","0","N","0","0","0","3","02301","1","","1.0","","1","N","N","","0","","0","0","1","","0","","","3","1","0","0","0","0","0","2","0","3","","","","N","","","","","","","","","",""
"2006048639","","2","0","0","0","0","0","0","0","0","4","0","","02","5","2006","4","40.442778","-80.024909","","11","0","0","0","0","0","1","0","0","","0","0","0","","","0","","2","","40 26:34.000","","0","80 01:29.674","0","0","0","0","2301","0","0","0","N","0","0","0","2","02301","0","","1.0","","1","N","N","","0","","0","0","0","","0","","","2","0","0","0","0","0","0","2","0","2","","","","N","","","","","","","","","",""
"2006048640","","1","0","0","0","0","0","0","0","0","4","0","","02","5","2006","6","","","","11","0","0","0","0","1","1","0","0","","0","0","0","","","1","","1","","","","0","","8","0","0","0","2301","0","0","0","N","0","0","0","5","02301","0","","1.0","","1","N","N","","0","","0","0","0","","3","","","2","1","2","0","0","1","0","1","1","2","","","","N","","","","","","","","","",""
"2006048641","","2","0","0","0","0","0","0","0","0","4","0","","02","5","2006","7","40.442305","-80.041742","","11","0","0","0","0","0","1","0","0","","0","0","0","","","1","","2","","40 26:32.298","","0","80 02:30.271","8","0","0","0","2301","0","0","0","N","0","0","0","3","02301","0","","1.0","","1","N","N","","0","","0","0","0","","3","","","2","1","0","0","0","1","0","2","0","2","","","","N","","","","","","","","","",""
"2006048642","","2","0","0","0","0","0","0","0","0","2","0","","02","5","2006","7","40.396111","-79.998153","","11","0","0","0","0","0","0","0","0","1","0","0","0","","","0","","1","","40 23:46.000","3","0","79 59:53.349","0","0","0","0","2301","0","0","0","N","0","0","0","4","02301","0","","1.0","","1","N","N","","0","","0","0","0","","2","N","","2","0","0","0","0","0","0","2","0","2","","","","N","","","","","","","","","",""
"2006048643","","1","0","0","0","0","0","0","0","0","5","0","","02","5","2006","1","","","","11","0","0","0","0","1","0","0","0","","0","0","0","","","0","","0","","","","0","","0","0","0","0","2301","0","0","0","N","0","0","0","1","03201","0","","6.0","","1","N","N","","1","","0","0","0","","0","","","2","0","0","0","0","0","0","1","0","2","","","","N","","","","","","","","","",""
"2006048645","","1","0","0","0","0","0","0","0","0","4","0","","02","5","2006","5","40.453451","-79.931781","","11","0","0","0","0","0","0","1","0","","0","0","0","","","1","","1","","40 27:12.423","","0","79 55:54.411","8","0","0","0","2301","0","0","0","N","0","0","0","5","02301","0","","1.0","","1","N","N","","0","","0","0","1","","0","","","2","1","0","0","0","1","0","2","0","2","","","","N","","","","","","","","","",""
"2006048646","","2","0","0","0","0","0","0","0","0","1","0","","02","5","2006","7","40.450622","-79.984634","","11","0","0","0","0","0","1","0","0","","0","0","0","","","1","","0","","40 27:02.239","","0","79 59:04.682","8","0","0","0","2301","1","0","0","N","1","0","0","3","02301","0","","6.0","","1","N","N","","0","","0","0","0","","0","","","3","1","0","0","0","1","0","2","0","2","","","","N","","","","","","","","","",""
"2006048659","","0","0","0","0","0","0","0","0","0","1","0","","02","5","2006","4","","","","11","0","0","0","0","0","0","0","0","","0","0","0","","","0","","1","","","","0","","9","0","0","0","2301","0","0","0","N","0","0","0","1","02301","0","","1.0","","1","N","N","","2","","0","0","0","","1","","","2","0","0","0","0","0","1","1","0","2","","","","N","","","","","","","","","",""
"2006048660","","1","0","0","0","0","0","0","0","0","2","0","","02","5","2006","3","40.4525","-80.039167","","11","0","0","0","0","0","0","0","0","3","0","0","0","","","0","","2","","40 27:09.000","3","0","80 02:21.002","0","0","0","0","2301","0","0","0","N","0","0","0","2","02301","0","","1.0","","1","N","N","","0","","0","0","0","","2","Y","","2","0","0","0","0","0","0","2","1","2","","","","N","","","","","","","","","",""
"2006048661","","1","0","0","0","0","0","0","0","0","1","0","","02","5","2006","3","40.408374","-80.017759","","11","0","0","0","0","0","0","0","0","","0","0","0","","","0","","2","","40 24:30.147","","0","80 01:03.932","9","0","0","0","2301","0","0","0","N","0","0","0","3","02301","0","","1.0","","1","N","N","","1","","0","0","0","","2","","","3","0","0","0","0","0","1","2","0","2","","","","N","","","","","","","","","",""
"2006048662","","2","0","0","0","0","0","0","0","0","1","0","","02","4","2006","6","40.430556","-80.026223","","11","0","0","0","0","0","0","0","0","","0","0","0","","","1","","3","","40 25:50.000","","0","80 01:34.404","8","0","0","0","2301","0","0","0","N","0","0","0","3","02301","0","","7.0","","1","N","N","","0","","0","0","0","","4","","","2","1","0","0","0","1","0","2","0","2","","","","N","","","","","","","","","",""
"2006048663","","2","0","0","0","0","0","0","0","0","8","0","","02","4","2006","3","40.427197","-79.962553","","11","0","0","0","0","0","1","1","0","","0","0","0","","","1","","1","","40 25:37.909","","0","79 57:45.190","4","0","0","0","2301","1","0","0","N","1","0","0","4","02301","1","","1.0","","1","N","N","","0","","0","0","0","","2","","","3","1","0","0","0","0","0","2","0","2","","","","N","","","","","","","","","",""
"2006048731","","0","0","0","0","0","0","0","0","0","4","0","","02","4","2006","6","40.4775","-79.785248","","11","0","0","1","0","0","0","0","0","1","0","0","0","","","0","","1","","40 28:39.000","5","0","79 47:06.894","0","0","0","0","2113","0","0","0","N","0","0","0","3","02113","0","","1.0","","9","N","N","","0","","0","0","2","","2","Y","","2","0","1","0","0","0","0","2","0","2","","","","N","","","","","","","","","",""
"2006048756","","0","0","0","0","0","0","0","0","0","1","0","","02","4","2006","2","40.5388","-79.84","","11","0","0","0","0","0","1","0","0","","0","0","0","","","0","","0","","40 32:19.680","","2","79 50:24.000","0","0","0","0","2208","0","0","0","N","0","0","0","3","68D02","0","","1.0","","1","N","N","","0","","0","0","3","","4","","","3","0","0","0","0","0","0","2","0","3","","","","N","","","","","","","","","",""
"2006048808","","0","0","0","0","0","0","0","0","0","7","0","","02","3","2006","6","40.6539","-80.0654","","11","0","0","0","0","0","0","0","0","","0","0","0","","","0","","0","","40 39:14.040","","0","80 03:55.440","0","0","0","0","2216","0","0","0","N","0","0","0","1","68T02","0","","3.0","","9","N","N","","0","","0","0","1","","0","","","1","0","0","0","0","0","0","2","0","1","","","","N","","","","","","","","","",""
"2006048809","","1","0","0","0","0","0","0","0","0","7","0","65","02","4","2006","7","40.5155","-79.7983","","11","0","0","0","0","0","0","0","0","2","0","0","0","","","1","","0","","40 30:55.800","4","0","79 47:53.880","3","0","0","0","2466","0","0","0","N","0","0","0","1","68T02","0","","3.0","","1","N","N","","0","","1","0","0","","8","N","","1","1","0","0","0","0","0","2","0","1","","","N","Y","8","1","","","N","","","","",""
"2006048810","","1","0","0","0","0","0","0","0","0","1","0","","02","4","2006","7","40.5577","-79.8486","","11","0","0","0","0","0","0","0","0","","0","0","0","","","0","","0","","40 33:27.720","","0","79 50:54.960","0","0","0","0","2208","0","0","0","N","0","0","0","5","68T02","0","","1.0","","1","N","N","","0","","0","0","1","","0","","","2","0","0","0","0","0","0","2","0","2","","","","N","","","","","","","","","",""
"2006048830","","1","0","0","0","0","0","0","0","0","4","0","","02","1","2006","3","","","","11","0","0","0","0","0","0","1","0","1","0","0","0","","","3","","2","","","7","0","","4","0","0","0","2431","0","0","0","N","0","0","0","4","02431","3","","1.0","","9","N","N","","1","","0","0","0","","3","N","","2","3","0","0","0","0","0","1","0","2","","","","N","","","","","","","","","",""
"2006048831","","2","0","0","0","0","0","0","0","0","4","0","","02","2","2006","6","40.415433","-79.847955","","11","0","0","0","0","0","1","0","0","","0","0","0","","","0","","0","","40 24:55.558","","0","79 50:52.638","0","0","0","0","2431","0","0","0","N","0","0","0","2","02431","0","","1.0","","1","N","N","","0","","0","0","0","","0","","","2","0","0","0","0","0","0","2","0","2","","","","N","","","","","","","","","",""
"2006048832","","1","0","0","0","0","0","0","0","0","1","0","","02","3","2006","7","40.412778","-79.84508","","11","0","0","0","0","0","1","1","0","","0","0","0","","","0","","2","","40 24:46.000","","0","79 50:42.289","0","0","0","0","2431","0","0","0","N","0","0","0","2","02431","0","","1.0","","1","N","N","","0","","0","0","0","","2","","","2","0","0","0","0","0","0","2","1","2","","","","N","","","","","","","","","",""
"2006048833","","2","0","0","0","0","0","0","0","0","4","0","","02","4","2006","4","40.415452","-79.847938","","11","0","0","0","0","0","1","0","0","1","0","0","0","","","0","","0","","40 24:55.627","1","0","79 50:52.576","0","0","0","0","2431","0","0","0","N","0","0","0","2","02431","0","","1.0","","1","N","N","","0","","0","0","0","","0","N","","2","0","0","0","0","0","0","2","0","2","","","","N","","","","","","","","","",""
"2006048834","","2","0","0","0","0","0","0","0","0","4","0","","02","4","2006","7","40.426081","-79.870709","","11","0","0","0","0","0","1","0","0","","0","0","0","","","1","","2","","40 25:33.893","","0","79 52:14.553","4","0","0","0","2431","0","0","0","N","0","0","0","2","02431","1","","1.0","","9","N","N","","0","","0","0","0","","0","","","2","1","0","0","0","0","0","2","0","2","","","","N","","","","","","","","","",""
"2006048835","","1","0","0","0","0","0","0","0","0","7","0","","02","2","2006","1","40.429444","-79.863586","","11","0","0","0","1","0","0","0","0","2","0","0","0","","","0","","2","","40 25:46.000","3","0","79 51:48.911","0","0","0","0","2431","0","0","0","Y","0","0","0","1","02431","0","","3.0","","2","N","Y","","0","","0","0","0","","0","N","","1","0","0","0","0","0","0","2","0","1","","","","N","","","","","","","","","",""
"2006048836","","1","0","0","0","0","0","0","0","0","7","0","","02","2","2006","3","40.419444","-79.850057","","11","0","0","0","0","0","0","0","0","1","0","0","0","","","1","","0","","40 25:10.000","3","0","79 51:00.204","4","0","0","0","2431","0","0","0","N","0","0","0","1","02431","1","","3.0","","1","N","N","","0","","0","0","0","","0","N","","1","1","1","0","0","0","0","2","0","1","","","","N","","","","","","","","","",""
"2006048837","","1","0","0","0","0","0","0","0","0","7","0","","02","2","2006","3","40.422222","-79.854777","","11","0","0","0","0","0","0","0","0","3","0","0","0","","","0","","0","","40 25:20.000","3","0","79 51:17.196","0","0","0","0","2431","0","0","0","N","0","0","0","1","02431","0","","4.0","","1","N","N","","0","","0","0","0","","0","N","","1","0","0","0","0","0","0","2","0","1","","","","N","","","","","","","","","",""
"2006048838","","2","0","0","0","0","0","0","0","0","1","0","","02","3","2006","2","40.423056","-79.856526","","11","0","0","0","0","0","0","0","0","2","0","0","0","","","1","","0","","40 25:23.000","4","0","79 51:23.492","4","0","0","0","2431","0","0","0","N","0","0","0","2","02431","1","","1.0","","9","N","N","","0","","0","0","0","","0","N","","2","1","1","0","0","0","0","2","0","2","","","","N","","","","","","","","","",""
"2006048839","","1","0","0","0","0","0","0","0","0","4","0","","02","4","2006","4","40.417222","-79.848609","","11","0","0","0","0","0","0","0","1","1","0","0","0","","","0","","1","","40 25:02.000","4","0","79 50:54.991","0","0","0","0","2431","0","0","0","N","0","0","0","4","02431","0","","1.0","","1","N","N","","1","","0","0","0","","2","N","","2","0","2","0","0","0","0","2","0","2","","","","N","","","","","","","","","",""
"2006048840","","2","0","0","0","0","0","0","0","0","5","0","","02","1","2006","5","40.429722","-79.863849","","11","0","0","0","0","0","0","1","0","2","0","0","0","","","0","","0","","40 25:47.000","4","0","79 51:49.855","0","0","0","0","2431","0","0","0","N","0","0","0","2","02431","0","","1.0","","1","N","N","","0","","0","0","0","","0","N","","2","0","0","0","0","0","0","2","0","2","","","","N","","","","","","","","","",""
"2006048841","","2","0","0","0","0","0","0","0","0","4","0","","02","1","2006","4","40.436887","-79.852014","","11","0","0","0","0","0","0","0","0","1","0","0","0","","","0","","2","","40 26:12.793","3","0","79 51:07.250","9","0","0","0","2431","0","0","0","","0","0","0","2","02431","0","","1.0","","1","N","N","","0","","0","0","0","","0","N","","2","0","0","0","0","0","1","2","0","2","","","","N","","","","","","","","","",""
"2006048842","","3","0","0","0","0","0","0","0","0","1","0","","02","1","2006","5","40.4254","-79.861","","11","0","0","0","0","0","0","0","0","2","0","0","0","","","0","","0","","40 25:31.440","4","0","79 51:39.600","0","0","0","0","2431","0","0","0","N","0","0","0","3","02431","0","","1.0","","1","N","N","","0","","0","0","0","","0","N","","3","0","2","0","0","0","0","2","0","3","","","","N","","","","","","","","","",""
"2006048846","","1","0","0","0","0","0","0","0","0","1","0","","02","4","2006","6","40.4395","-80.192","","11","0","0","0","1","0","0","0","0","","0","0","0","","","0","","6","","40 26:22.200","","2","80 11:31.200","0","0","0","0","2214","0","0","0","N","0","0","0","2","02214","0","","1.0","","1","N","N","","1","","0","0","0","","2","","","2","0","0","0","0","0","0","2","0","2","","","","N","","","","","","","","","",""
"2006048854","","4","0","0","0","0","0","0","0","0","1","0","","02","3","2006","4","","","","11","0","0","0","0","0","0","0","0","","0","0","0","","","0","","0","","40 25:54.48","","4","80 01:28.20","0","0","0","0","2301","0","0","0","N","0","0","0","4","68B03","0","","1.0","","1","N","N","","0","","0","0","0","","0","","","4","0","0","0","0","0","0","2","0","4","","","","N","","","","","","","","","",""
"2006048855","","1","0","0","0","0","0","0","0","0","7","0","","02","3","2006","4","","","","11","0","0","0","0","0","1","0","0","","0","0","0","","","0","","0","","40 26:03.12","","0","79 52:07.68","0","0","0","0","2478","0","0","0","N","0","0","0","1","68B03","0","","4.0","","2","N","N","","0","","0","0","0","","0","","","1","0","0","0","0","0","0","2","0","1","","","","N","","","","","","","","","",""
"2006048919","","2","0","0","0","0","0","0","0","0","7","0","","02","5","2006","3","","","","11","0","0","0","0","0","0","0","1","","0","0","0","","","2","","1","","","","0","","8","0","0","0","2444","0","0","0","N","0","0","0","3","02444","0","","5.0","","1","N","N","","0","","0","0","0","","9","","","2","2","0","0","0","2","0","1","0","2","","","","N","","","","","","","","","",""
"2006049046","","0","0","0","0","0","0","0","0","0","99","0","","02","4","2006","1","40.4686","-80.2028","","11","0","0","0","1","0","0","0","0","","0","0","0","","","0","","0","","40 28:06.960","","2","80 12:10.080","0","0","0","0","2203","0","0","0","N","0","0","0","1","68B03","0","","1.0","","1","N","N","","0","","0","0","0","","0","","","1","0","0","0","0","0","0","2","1","1","","","","N","","","","","","","","","",""
"2006049047","","0","0","0","0","0","0","0","0","0","1","3","","02","4","2006","4","","","","11","0","0","0","0","0","1","0","0","","0","3","0","","","0","","0","","40 25:12.72","","0","80 05:31.92","0","0","0","0","2457","0","0","0","N","0","0","0","3","68B03","0","","1.0","","1","N","N","","0","","0","0","0","","0","","","3","0","0","0","0","0","0","2","0","3","","","","N","","","","","","","","","",""
"2006049048","","2","0","0","0","0","0","0","0","0","4","0","","02","4","2006","3","","","","11","0","0","0","0","0","2","0","0","","0","0","0","","","2","","6","","40 25:51.96","","2","79 52:22.44","4","0","0","0","2478","0","0","0","N","0","0","0","4","68B03","2","","1.0","","1","N","N","","0","","0","0","0","","4","","","2","2","0","0","0","0","0","2","0","2","","","","N","","","","","","","","","",""
"2006049049","","1","0","0","0","0","0","0","0","0","7","0","50","02","4","2006","6","40.403056","-80.106542","","11","0","0","0","0","0","0","0","0","3","0","0","0","","","0","","0","","40 24:11.000","1","3","80 06:23.550","0","0","0","0","2102","0","0","0","N","0","0","0","2","68B03","0","","4.0","","1","N","N","","1","","0","0","0","","0","N","","2","0","0","0","0","0","0","2","0","2","","","Y","Y","4","1","","","N","","","","",""
"2006049050","","1","0","0","0","0","0","0","0","0","7","0","","02","4","2006","7","40.428611","-79.925529","","11","0","0","0","0","0","0","1","0","","0","0","0","","","1","","6","","40 25:43.000","","2","79 55:31.906","3","0","0","0","2301","0","0","0","Y","0","0","0","1","68B03","0","","2.0","","1","N","N","","0","","1","0","0","","0","","","1","1","0","0","0","0","0","2","0","1","","","","N","","","","","","","","","",""
"2006049051","","1","0","0","0","0","0","0","0","0","7","0","","02","4","2006","7","","","","11","0","0","0","0","0","0","0","0","","0","0","0","","","0","","0","","40 25:45.48","","0","79 56:31.92","0","0","0","0","2301","0","0","0","N","0","0","0","1","68B03","0","","2.0","","1","N","N","","0","","0","0","0","","0","","","1","0","0","0","0","0","0","2","0","1","","","","N","","","","","","","","","",""
"2006049052","","2","0","0","0","0","0","0","0","0","4","0","","02","4","2006","1","","","","11","0","0","0","0","0","2","0","0","","0","0","0","","","1","","0","","","","0","","4","0","0","0","2125","0","0","0","N","0","0","0","3","68B03","1","","1.0","","1","N","N","","0","","0","0","0","","0","","","2","1","2","0","0","0","0","1","0","2","","","","N","","","","","","","","","",""
"2006049053","","2","0","0","0","0","0","0","0","0","1","0","","02","4","2006","3","","","","11","0","0","0","0","1","0","0","0","","0","0","0","","","0","","0","","40 25:15.24","","0","80 02:50.28","0","0","0","0","2435","0","0","0","N","0","0","0","2","68B03","0","","1.0","","1","N","N","","0","","0","0","0","","0","","","2","0","0","0","0","0","0","2","0","2","","","","N","","","","","","","","","",""