"CRN","ARRIVAL_TM","AUTOMOBILE_COUNT","BELTED_DEATH_COUNT","BELTED_SUSP_SERIOUS_INJ_COUNT","BICYCLE_COUNT","BICYCLE_DEATH_COUNT","BICYCLE_SUSP_SERIOUS_INJ_COUNT","BUS_COUNT","CHLDPAS_DEATH_COUNT","CHLDPAS_SUSP_SERIOUS_INJ_COUNT","COLLISION_TYPE","COMM_VEH_COUNT","CONS_ZONE_SPD_LIM","COUNTY","CRASH_MONTH","CRASH_YEAR","DAY_OF_WEEK","DEC_LATITUDE","DEC_LONGITUDE","DISPATCH_TM","DISTRICT","DRIVER_COUNT_16YR","DRIVER_COUNT_17YR","DRIVER_COUNT_18YR","DRIVER_COUNT_19YR","DRIVER_COUNT_20YR","DRIVER_COUNT_50_64YR","DRIVER_COUNT_65_74YR","DRIVER_COUNT_75PLUS","EST_HRS_CLOSED","FATAL_COUNT","HEAVY_TRUCK_COUNT","HORSE_BUGGY_COUNT","HOUR_OF_DAY","ILLUMINATION","INJURY_COUNT","INTERSECTION_RELATED","INTERSECT_TYPE","LANE_CLOSED","LATITUDE","LN_CLOSE_DIR","LOCATION_TYPE","LONGITUDE","MAX_SEVERITY_LEVEL","MCYCLE_DEATH_COUNT","MCYCLE_SUSP_SERIOUS_INJ_COUNT","MOTORCYCLE_COUNT","MUNICIPALITY","NONMOTR_COUNT","NONMOTR_DEATH_COUNT","NONMOTR_SUSP_SERIOUS_INJ_COUNT","NTFY_HIWY_MAINT","PED_COUNT","PED_DEATH_COUNT","PED_SUSP_SERIOUS_INJ_COUNT","PERSON_COUNT","POLICE_AGCY","POSSIBLE_INJ_COUNT","RDWY_SURF_TYPE_CD","RELATION_TO_ROAD","ROADWAY_CLEARED","ROAD_CONDITION","SCH_BUS_IND","SCH_ZONE_IND","SECONDARY_CRASH","SMALL_TRUCK_COUNT","SPEC_JURIS_CD","SUSP_MINOR_INJ_COUNT","SUSP_SERIOUS_INJ_COUNT","SUV_COUNT","TCD_FUNC_CD","TCD_TYPE","TFC_DETOUR_IND","TIME_OF_DAY","TOTAL_UNITS","TOT_INJ_COUNT","UNBELTED_OCC_COUNT","UNB_DEATH_COUNT","UNB_SUSP_SERIOUS_INJ_COUNT","UNK_INJ_DEG_COUNT","UNK_INJ_PER_COUNT","URBAN_RURAL","VAN_COUNT","VEHICLE_COUNT","WEATHER1","WEATHER2","WORKERS_PRES","WORK_ZONE_IND","WORK_ZONE_LOC","WORK_ZONE_TYPE","WZ_CLOSE_DETOUR","WZ_FLAGGER","WZ_LAW_OFFCR_IND","WZ_LN_CLOSURE","WZ_MOVING","WZ_OTHER","WZ_SHLDER_MDN","WZ_WORKERS_INJ_KILLED"
"2006049373","","1","0","0","0","0","0","0","0","0","7","0","","02","4","2006","4","40.446944","-80.167622","","11","0","0","0","0","0","0","0","0","","0","0","0","","","1","","0","","40 26:49.000","","0","80 10:03.439","4","0","0","0","2115","0","0","0","N","0","0","0","1","68B03","1","","3.0","","1","N","N","","0","","0","0","0","","0","","","1","1","0","0","0","0","0","2","0","1","","","","N","","","","","","","","","",""
"2006049374","","0","0","0","0","0","0","0","0","0","7","0","","02","4","2006","7","40.4274","-80.284","","11","0","0","0","0","0","0","0","0","","0","0","0","","","0","","0","","40 25:38.640","","0","80 17:02.400","0","0","0","0","2212","0","0","0","N","0","0","0","1","68B03","0","","4.0","","1","N","N","","1","","0","0","0","","0","","","1","0","0","0","0","0","0","1","0","1","","","","N","","","","","","","","","",""
"2006049375","","4","0","0","0","0","0","0","0","0","1","0","","02","3","2006","1","40.426389","-79.916526","","11","0","0","0","0","0","0","0","0","","0","0","0","","","0","","0","","40 25:35.000","","0","79 54:59.493","0","0","0","0","2426","0","0","0","N","0","0","0","7","68B03","0","","1.0","","1","N","N","","0","","0","0","0","","0","","","4","0","0","0","0","0","0","2","0","4","","","","N","","","","","","","","","",""
"2006049452","","1","0","0","0","0","0","0","0","0","7","0","","02","4","2006","6","40.6682","-80.0985","","11","0","0","0","0","0","0","0","0","1","0","0","0","","","1","","0","","40 40:05.520","3","0","80 05:54.600","4","0","0","0","2212","0","0","0","N","0","0","0","3","68T02","1","","2.0","","9","N","N","","0","","0","0","0","","0","Y","","1","1","0","0","0","0","0","2","0","1","","","","N","","","","","","","","","",""
"2006049453","","0","0","0","0","0","0","0","0","0","99","1","","02","4","2006","5","","","","11","0","0","0","0","0","0","0","0","","0","1","0","","","0","","0","","","","0","","0","0","0","0","2212","0","0","0","N","0","0","0","2","68T02","0","","1.0","","1","N","N","","0","","0","0","0","","0","","","1","0","1","0","0","0","0","1","0","1","","","","N","","","","","","","","","",""
"2006049540","","0","0","0","0","0","0","0","0","0","7","0","","02","4","2006","6","40.448","-80.1109","","11","0","0","0","0","0","0","0","0","2","0","1","0","","","4","","0","","40 26:52.800","2","0","80 06:39.240","3","0","0","0","2115","0","0","0","Y","0","0","0","4","68B03","0","","2.0","","1","N","N","","0","","4","0","0","","0","N","","1","4","0","0","0","0","0","2","0","1","","","","N","","","","","","","","","",""
"2006049541","","0","0","0","0","0","0","0","0","0","7","0","","02","2","2006","7","","","","11","0","0","0","0","0","0","0","0","","0","0","0","","","0","","0","","40 29:28.68","","0","80 00:35.64","0","0","0","0","2301","0","0","0","N","0","0","0","1","68B03","0","","2.0","","2","N","N","","0","","0","0","1","","0","","","1","0","0","0","0","0","0","2","0","1","","","","N","","","","","","","","","",""
"2006049542","","1","0","0","0","0","0","0","0","0","7","0","","02","2","2006","7","","","","11","0","0","0","1","0","0","0","0","","0","0","0","","","0","","0","","40 28:26.40","","0","80 00:21.96","0","0","0","0","2301","0","0","0","N","0","0","0","1","68B03","0","","2.0","","2","N","N","","0","","0","0","0","","0","","","1","0","0","0","0","0","0","2","0","1","","","","N","","","","","","","","","",""
"2006049543","","1","0","0","0","0","0","0","0","0","7","0","","02","2","2006","1","","","","11","0","0","0","0","0","0","0","0","1","0","0","0","","","1","","0","","40 25:48.72","2","0","80 01:40.08","4","0","0","0","2301","0","0","0","N","0","0","0","2","68B03","1","","2.0","","2","N","N","","0","","0","0","0","","0","N","","1","1","0","0","0","0","0","2","0","1","","","","N","","","","","","","","","",""
"2006049623","","2","0","0","0","0","0","0","0","0","4","0","","02","5","2006","1","40.461111","-79.870385","","11","0","0","0","0","0","0","0","0","2","0","0","0","","","2","","1","","40 27:40.000","6","0","79 52:13.387","3","0","0","0","2113","0","0","0","N","0","0","0","7","02113","0","","1.0","","1","N","N","","0","","2","0","1","","2","Y","","3","2","1","0","0","0","0","2","0","3","","","","N","","","","","","","","","",""
"2006049673","","0","0","0","0","0","0","0","0","0","1","0","","02","5","2006","3","40.558056","-80.023338","","11","0","0","0","0","0","1","0","1","","0","0","0","","","1","","1","","40 33:29.000","","0","80 01:24.015","4","0","0","0","2108","0","0","0","N","0","0","0","2","02108","1","","1.0","","1","N","N","","0","","0","0","2","","2","","","2","1","0","0","0","0","0","2","0","2","","","","N","","","","","","","","","",""
"2006049674","","2","0","0","0","0","0","0","0","0","1","0","","02","4","2006","4","40.582222","-80.062892","","11","0","1","0","0","0","0","0","1","","0","0","0","","","3","","1","","40 34:56.000","","0","80 03:46.410","4","0","0","0","2108","0","0","0","","0","0","0","4","02108","3","","1.0","","1","N","N","","0","","0","0","0","","4","","","2","3","0","0","0","0","0","2","0","2","","","","N","","","","","","","","","",""
"2006049675","","1","0","0","0","0","0","0","0","0","4","0","","02","5","2006","2","40.572222","-80.023533","","11","0","0","0","0","0","1","0","0","1","0","0","0","","","1","","1","","40 34:20.000","2","0","80 01:24.720","8","0","0","0","2108","0","0","0","N","0","0","0","2","02108","0","","1.0","","1","N","N","","1","","0","0","0","","2","N","","2","1","0","0","0","1","0","2","0","2","","","","N","","","","","","","","","",""
"2006049676","","2","0","0","0","0","0","0","0","0","4","0","","02","4","2006","3","40.586667","-80.044986","","11","0","1","0","0","0","0","0","0","","0","0","0","","","0","","1","","40 35:12.000","","0","80 02:41.948","0","0","0","0","2108","0","0","0","N","0","0","0","3","02108","0","","1.0","","1","N","N","","0","","0","0","0","","2","","","2","0","0","0","0","0","0","2","0","2","","","","N","","","","","","","","","",""
"2006049677","","1","0","0","0","0","0","0","0","0","4","0","","02","4","2006","7","40.612222","-80.054343","","11","0","0","0","0","0","0","0","0","","0","0","0","","","1","","1","","40 36:44.000","","0","80 03:15.633","8","0","0","0","2108","0","0","0","N","0","0","0","4","02108","0","","1.0","","1","N","N","","0","","0","0","1","","2","","","2","1","0","0","0","1","0","2","0","2","","","","N","","","","","","","","","",""
"2006049687","","2","0","0","0","0","0","0","0","0","4","0","","02","5","2006","3","40.4505","-80.1751","","11","0","0","0","0","0","1","0","0","","0","0","0","","","0","","1","","40 27:01.800","","0","80 10:30.360","0","0","0","0","2214","0","0","0","N","0","0","0","2","02214","0","","1.0","","1","N","N","","0","","0","0","0","","2","","","2","0","0","0","0","0","0","2","0","2","","","","N","","","","","","","","","",""
"2006049717","","2","0","0","0","0","0","0","0","0","1","0","","02","4","2006","3","40.651389","-80.094277","","11","0","1","0","0","0","0","0","0","","0","0","0","","","1","","0","","40 39:05.000","","0","80 05:39.397","3","0","0","0","2212","0","0","0","N","0","0","0","5","68B03","0","","1.0","","1","N","N","","0","","1","0","1","","0","","","3","1","0","0","0","0","0","2","0","3","","","","N","","","","","","","","","",""
"2006049724","","1","0","0","0","0","0","0","0","0","7","0","","02","4","2006","2","40.491","-79.8876","","11","0","0","0","0","0","1","0","0","","0","0","0","","","0","","0","","40 29:27.600","","2","79 53:15.360","0","0","0","0","2112","0","0","0","Y","0","0","0","1","68D02","0","","2.0","","1","N","N","","0","","0","0","0","","0","","","1","0","0","0","0","0","0","2","0","1","","","","N","","","","","","","","","",""
"2006049727","","1","0","0","0","0","0","0","0","0","99","0","","02","4","2006","1","40.502778","-79.86091","","11","0","0","0","0","0","0","0","0","","0","0","0","","","0","","0","","40 30:10.000","","0","79 51:39.276","0","0","0","0","2112","0","0","0","N","0","0","0","1","68D02","0","","1.0","","1","N","N","","0","","0","0","0","","0","","","1","0","0","0","0","0","0","2","0","1","","","","N","","","","","","","","","",""
"2006049826","","1","0","0","0","0","0","0","0","0","4","0","","02","5","2006","2","","","","11","0","0","0","0","0","0","0","0","","0","0","0","","","1","","1","","","","0","","8","0","0","0","2433","0","0","0","","0","0","0","2","02433","0","","1.0","","1","N","","","1","","0","0","0","","2","","","2","1","0","0","0","1","0","1","0","2","","","","N","","","","","","","","","",""
"2006049829","","0","0","0","0","0","0","0","0","0","1","0","","02","5","2006","3","40.431634","-79.918095","","11","0","0","0","0","0","0","0","0","","0","0","0","","","0","","2","","40 25:53.882","","0","79 55:05.142","0","0","0","0","2301","0","0","0","N","0","0","0","5","02301","0","","1.0","","1","N","N","","0","","0","0","1","","3","","","2","0","0","0","0","0","0","2","1","2","","","","N","","","","","","","","","",""
"2006049830","","3","0","0","0","0","0","0","0","0","2","0","","02","5","2006","3","40.455746","-79.910475","","11","0","0","0","0","0","1","0","0","2","0","0","0","","","0","","1","","40 27:20.686","5","0","79 54:37.709","0","0","0","0","2301","0","0","0","N","0","0","0","3","02301","0","","1.0","","1","N","N","","0","","0","0","0","","3","Y","","3","0","0","0","0","0","0","2","0","3","","","","N","","","","","","","","","",""
"2006049831","","1","0","0","0","0","0","0","0","0","7","0","","02","5","2006","7","40.421333","-79.946158","","11","0","0","0","0","0","0","0","0","","0","0","0","","","0","","0","","40 25:16.798","","0","79 56:46.168","0","0","0","0","2301","0","0","0","N","0","0","0","2","02301","0","","5.0","","1","N","N","","0","","0","0","0","","0","","","2","0","0","0","0","0","0","2","0","1","","","","N","","","","","","","","","",""
"2006049832","","0","0","0","0","0","0","0","0","0","7","0","","02","5","2006","7","40.435138","-79.912548","","11","0","0","0","0","0","0","0","0","","0","0","0","","","0","","2","","40 26:06.496","","0","79 54:45.172","0","0","0","0","2301","0","0","0","N","0","0","0","1","02301","0","","4.0","","1","N","N","","0","","0","0","1","","0","","","1","0","1","0","0","0","0","2","0","1","","","","N","","","","","","","","","",""
"2006049833","","1","0","0","0","0","0","0","0","0","1","0","","02","5","2006","1","40.448476","-79.934247","","11","0","0","0","0","0","0","0","0","","0","0","0","","","0","","0","","40 26:54.513","","0","79 56:03.289","0","0","0","0","2301","0","0","0","N","0","0","0","2","02301","0","","1.0","","1","N","N","","0","","0","0","1","","0","","","2","0","1","0","0","0","0","2","0","2","","","","N","","","","","","","","","",""
"2006049834","","1","0","0","0","0","0","0","0","0","7","0","","02","5","2006","4","","","","11","0","0","0","1","0","0","0","0","","0","0","0","","","1","","0","","","","0","","3","0","0","0","2301","0","0","0","N","0","0","0","1","02301","0","","5.0","","1","N","N","","0","","1","0","0","","0","","","1","1","1","0","0","0","0","1","0","1","","","","N","","","","","","","","","",""
"2006049835","","2","0","0","0","0","0","0","0","0","1","0","","02","5","2006","6","","","","11","0","1","0","0","0","0","0","0","","0","0","0","","","0","","0","","","","0","","0","0","0","0","2301","0","0","0","N","0","0","0","2","02301","0","","6.0","","1","N","N","","0","","0","0","1","","0","","","3","0","0","0","0","0","0","1","0","3","","","","N","","","","","","","","","",""
"2006049836","","2","0","0","0","0","0","0","0","0","1","0","","02","5","2006","7","","","","11","0","0","0","0","0","0","0","0","","0","0","0","","","2","","0","","","","0","","8","0","0","0","2301","0","0","0","N","0","0","0","4","02301","0","","1.0","","1","N","N","","0","","0","0","0","","0","","","2","2","2","0","0","2","0","1","0","2","","","","N","","","","","","","","","",""
"2006049837","","2","0","0","0","0","0","0","0","0","4","0","","02","5","2006","3","40.457505","-79.917383","","11","0","0","0","0","0","1","0","0","","0","0","0","","","0","","1","","40 27:27.018","","0","79 55:02.577","0","0","0","0","2301","0","0","0","N","0","0","0","5","02301","0","","1.0","","9","N","N","","0","","0","0","0","","2","","","2","0","0","0","0","0","0","2","0","2","","","","N","","","","","","","","","",""
"2006049838","","3","0","0","0","0","0","0","0","0","1","0","","02","5","2006","2","40.487778","-79.897486","","11","0","0","0","0","0","0","0","1","","0","0","0","","","0","","0","","40 29:16.000","","0","79 53:50.949","0","0","0","0","2301","0","0","0","N","0","0","0","6","02301","0","","1.0","","1","N","N","","0","","0","0","0","","0","","","3","0","0","0","0","0","0","2","0","3","","","","N","","","","","","","","","",""
"2006049839","","1","0","0","0","0","0","0","0","0","1","0","","02","5","2006","3","40.467751","-79.928092","","11","0","0","0","0","0","0","0","0","","0","0","0","","","1","","1","","40 28:03.903","","0","79 55:41.131","4","0","0","0","2301","0","0","0","N","0","0","0","2","03201","1","","1.0","","9","N","N","","1","","0","0","0","","2","","","2","1","1","0","0","0","0","2","0","2","","","","N","","","","","","","","","",""
"2006049840","","2","0","0","0","0","0","0","0","0","4","0","","02","5","2006","3","40.454029","-79.912399","","11","0","0","0","0","0","0","0","0","1","0","0","0","","","0","","1","","40 27:14.504","3","0","79 54:44.638","9","0","0","0","2301","0","0","0","N","0","0","0","3","02301","0","","1.0","","9","N","N","","0","","0","0","0","","2","N","","2","0","0","0","0","0","2","2","0","2","","","","N","","","","","","","","","",""
"2006049841","","0","0","0","0","0","0","0","0","0","1","0","","02","5","2006","4","40.454029","-79.912399","","11","0","0","0","0","0","1","0","0","1","0","0","0","","","0","","1","","40 27:14.504","1","0","79 54:44.638","0","0","0","0","2301","0","0","0","N","0","0","0","2","03201","0","","1.0","","1","N","N","","1","","0","0","0","","2","N","","2","0","0","0","0","0","0","2","1","2","","","","N","","","","","","","","","",""
"2006049842","","2","0","0","0","0","0","0","0","0","4","0","","02","5","2006","4","40.465268","-79.945046","","11","0","0","0","0","0","0","0","0","","0","0","0","","","0","","0","","40 27:54.964","","0","79 56:42.165","0","0","0","0","2301","0","0","0","N","0","0","0","3","03201","0","","1.0","","1","N","N","","0","","0","0","0","","0","","","2","0","0","0","0","0","0","2","0","2","","","","N","","","","","","","","","",""
"2006049843","","1","0","0","0","0","0","0","0","0","4","1","","02","5","2006","6","40.462018","-79.93894","","11","0","0","0","0","0","0","0","1","2","0","1","0","","","0","","1","","40 27:43.264","7","0","79 56:20.184","0","0","0","0","2301","0","0","0","N","0","0","0","2","02301","0","","1.0","","1","N","N","","0","","0","0","0","","1","N","","2","0","0","0","0","0","0","2","0","2","","","","N","","","","","","","","","",""
"2006049845","","1","0","0","1","0","0","0","0","0","8","0","","02","5","2006","1","40.469766","-79.92705","","11","0","0","0","0","0","0","0","0","1","0","0","0","","","1","","1","","40 28:11.157","5","0","79 55:37.380","4","0","0","0","2301","1","0","0","N","0","0","0","3","02301","1","","1.0","","1","N","N","","0","","0","0","0","","3","N","","2","1","0","0","0","0","0","2","0","1","","","","N","","","","","","","","","",""
"2006049846","","1","0","0","0","0","0","0","0","0","4","0","","02","5","2006","2","","","","11","0","0","0","0","0","0","0","0","","0","0","0","","","1","","1","","","","0","","8","0","0","0","2301","0","0","0","Y","0","0","0","2","02301","0","","1.0","","1","N","N","","0","","0","0","1","","3","","","2","1","0","0","0","1","1","1","0","2","","","","N","","","","","","","","","",""
"2006049852","","1","0","0","0","0","0","0","0","0","7","0","","02","4","2006","6","40.365369","-80.040712","","11","0","0","0","0","0","0","0","0","2","0","0","0","","","1","","0","","40 21:55.328","7","0","80 02:26.563","3","0","0","0","2109","0","0","0","N","0","0","0","1","02109","0","","5.0","","1","N","N","","0","","1","0","0","","0","Y","","1","1","1","0","0","0","0","2","0","1","","","","N","","","","","","","","","",""
"2006049853","","2","0","0","0","0","0","0","0","0","1","0","","02","5","2006","2","40.381602","-80.058943","","11","0","0","0","0","0","1","0","1","","0","0","0","","","1","","2","","40 22:53.767","","0","80 03:32.194","4","0","0","0","2109","0","0","0","N","0","0","0","2","02109","1","","1.0","","1","N","N","","0","","0","0","0","","0","","","2","1","0","0","0","0","0","2","0","2","","","","N","","","","","","","","","",""
"2006049854","","2","0","0","0","0","0","0","0","0","6","0","","02","5","2006","3","40.390293","-80.028593","","11","0","0","0","0","0","0","0","0","","0","0","0","","","1","","0","","40 23:25.054","","0","80 01:42.934","4","0","0","0","2109","0","0","0","N","0","0","0","2","02109","1","","1.0","","1","N","N","","0","","0","0","0","","0","","","2","1","0","0","0","0","0","2","0","2","","","","N","","","","","","","","","",""
"2006050004","","1","0","0","0","0","0","0","0","0","7","0","","02","3","2006","7","","","","11","0","0","0","0","0","0","0","0","1","0","0","0","","","1","","0","","40 25:37.20","3","4","79 55:10.20","4","0","0","0","2301","0","0","0","Y","0","0","0","1","68B03","1","","2.0","","1","N","N","","0","","0","0","0","","0","N","","2","1","0","0","0","0","0","2","0","1","","","","N","","","","","","","","","",""
"2006050005","","3","0","0","0","0","0","0","0","0","1","0","","02","2","2006","3","","","","11","0","0","0","0","0","3","0","0","","0","0","0","","","1","","7","","40 25:33.96","","2","79 53:44.88","4","0","0","0","2446","0","0","0","N","0","0","0","4","68B03","1","","1.0","","1","N","N","","0","","0","0","1","","0","","","4","1","0","0","0","0","0","2","0","4","","","","N","","","","","","","","","",""
"2006050006","","0","0","0","0","0","0","0","0","0","7","0","","02","3","2006","4","40.4284","-80.2791","","11","0","0","0","0","0","0","0","0","2","0","0","0","","","1","","0","","40 25:42.240","4","0","80 16:44.760","8","0","0","0","2214","0","0","0","N","0","0","0","2","68B03","0","","4.0","","2","N","N","","0","","0","0","1","","0","N","","1","1","0","0","0","1","0","1","0","1","","","","N","","","","","","","","","",""
"2006050007","","0","0","0","0","0","0","0","0","0","7","0","","02","3","2006","4","40.426667","-80.294983","","11","0","0","0","0","0","0","0","0","2","0","0","0","","","0","","0","","40 25:36.000","4","0","80 17:41.938","0","0","0","0","2214","0","0","0","N","0","0","0","1","68B03","0","","4.0","","2","N","N","","0","","0","0","1","","0","N","","1","0","0","0","0","0","0","1","0","1","","","","N","","","","","","","","","",""
"2006050008","","0","0","0","0","0","0","0","0","0","1","0","","02","4","2006","3","","","","11","0","0","0","0","0","0","0","0","1","0","0","0","","","0","","0","","","2","0","","0","0","0","0","2301","0","0","0","N","0","0","0","3","68B03","0","","1.0","","1","N","N","","0","","0","0","2","","0","N","","3","0","0","0","0","0","0","1","1","3","","","","N","","","","","","","","","",""
"2006050009","","1","0","0","0","0","0","0","0","0","7","0","","02","3","2006","4","40.426389","-80.295575","","11","0","0","0","0","0","0","0","0","2","0","0","0","","","1","","0","","40 25:35.000","4","0","80 17:44.070","3","0","0","0","2214","0","0","0","N","0","0","0","1","68B03","0","","2.0","","2","N","N","","0","","1","0","0","","0","N","","1","1","0","0","0","0","0","1","0","1","","","","N","","","","","","","","","",""
"2006050010","","0","0","0","0","0","0","0","0","0","1","0","","02","4","2006","6","","","","11","0","0","0","0","0","2","0","0","","0","0","0","","","0","","0","","40 25:15.24","","0","80 02:50.64","0","0","0","0","2435","0","0","0","N","0","0","0","3","68B03","0","","1.0","","1","N","N","","1","","0","0","2","","0","","","3","0","0","0","0","0","0","2","0","3","","","","N","","","","","","","","","",""
"2006050160","","1","0","0","0","0","0","0","0","0","7","0","","02","4","2006","4","40.390306","-80.223949","","11","0","0","0","1","0","0","0","0","2","0","0","0","","","1","","0","","40 23:25.100","5","0","80 13:26.217","4","0","0","0","2214","0","0","0","N","0","0","0","5","02214","1","","4.0","","1","N","N","","0","","0","0","0","","0","Y","","1","1","0","0","0","0","0","1","0","1","","","","N","","","","","","","","","",""
"2006050161","","1","0","0","0","0","0","0","0","0","7","0","","02","4","2006","3","40.451205","-80.192269","","11","0","0","1","0","0","0","0","0","","0","0","0","","","0","","0","","40 27:04.338","","0","80 11:32.168","0","0","0","0","2214","0","0","0","","0","0","0","1","02214","0","","5.0","","9","N","N","","0","","0","0","0","","0","","","1","0","0","0","0","0","0","2","0","1","","","","N","","","","","","","","","",""
"2006050162","","1","0","0","0","0","0","0","0","0","1","0","","02","5","2006","2","40.44","-80.223566","","11","0","0","0","1","0","0","1","0","2","0","0","0","","","3","","2","","40 26:24.000","4","0","80 13:24.838","4","0","0","0","2214","0","0","0","N","0","0","0","6","02214","3","","1.0","","1","N","N","","0","","0","0","1","","3","N","","3","3","0","0","0","0","0","2","1","3","","","","N","","","","","","","","","",""
"2006050163","","1","0","0","0","0","0","0","0","0","4","0","","02","4","2006","2","40.443056","-80.185617","","11","0","0","0","0","0","1","0","0","","0","0","0","","","0","","0","","40 26:35.000","","0","80 11:08.220","0","0","0","0","2214","0","0","0","N","0","0","0","5","02214","0","","1.0","","1","N","N","","0","","0","0","0","","0","","","2","0","0","0","0","0","0","2","1","2","","","","N","","","","","","","","","",""
"2006050164","","1","0","0","0","0","0","0","0","0","6","0","","02","5","2006","2","40.4094","-80.1927","","11","0","0","0","0","0","0","0","1","9","0","1","0","","","1","","0","","40 24:33.840","6","0","80 11:33.720","8","0","0","0","2214","0","0","0","N","0","0","0","3","02214","0","","1.0","","1","N","N","","0","","0","0","0","","0","N","","2","1","0","0","0","1","0","1","0","2","","","","N","","","","","","","","","",""
"2006050165","","1","0","0","0","0","0","0","0","0","1","0","","02","4","2006","4","","","","11","1","0","0","0","0","0","0","0","","0","0","0","","","1","","1","","","","0","","4","0","0","0","2214","0","0","0","N","0","0","0","4","02214","1","","1.0","","1","N","N","","1","","0","0","0","","2","","","2","1","0","0","0","0","0","1","0","2","","","","N","","","","","","","","","",""
"2006050230","","2","0","0","0","0","0","0","0","0","1","0","","02","5","2006","2","40.586667","-80.041629","","11","0","0","0","0","0","1","0","0","1","0","0","0","","","0","","1","","40 35:12.000","1","0","80 02:29.866","0","0","0","0","2108","0","0","0","N","0","0","0","2","02108","0","","1.0","","1","N","N","","0","","0","0","0","","2","N","","2","0","0","0","0","0","0","2","0","2","","","","N","","","","","","","","","",""
"2006050273","","2","0","0","0","0","0","0","0","0","0","0","","02","4","2006","5","40.4611","-79.8699","","11","0","0","0","0","0","0","1","0","","0","0","0","","","1","","0","","40 27:39.960","","0","79 52:11.640","4","0","0","0","2113","0","0","0","N","0","0","0","4","02113","1","","1.0","","1","N","N","","0","","0","0","0","","0","","","2","1","0","0","0","0","0","2","0","2","","","","N","","","","","","","","","",""
"2006050274","","1","0","0","0","0","0","0","0","0","0","0","","02","4","2006","1","40.4774","-79.7848","","11","0","0","0","0","0","0","0","0","","0","0","0","","","0","","0","","40 28:38.640","","0","79 47:05.280","0","0","0","0","2113","0","0","0","N","0","0","0","1","02113","0","","4.0","","1","N","N","","0","","0","0","0","","0","","","1","0","0","0","0","0","0","2","0","1","","","","N","","","","","","","","","",""
"2006050275","","2","0","0","0","0","0","0","0","0","0","0","","02","4","2006","7","40.444722","-79.82829","","11","0","0","0","0","0","0","0","0","","0","0","0","","","0","","2","","40 26:41.000","","0","79 49:41.843","0","0","0","0","2113","0","0","0","N","0","0","0","4","02113","0","","1.0","","1","N","N","","0","","0","0","0","","3","","","2","0","0","0","0","0","0","2","0","2","","","","N","","","","","","","","","",""
"2006050276","","1","0","0","0","0","0","0","0","0","7","0","","02","5","2006","6","40.487","-79.8542","","11","0","0","0","0","0","0","0","0","","0","0","0","","","1","","0","","40 29:13.200","","0","79 51:15.120","8","0","0","0","2113","0","0","0","N","0","0","0","1","02113","0","","5.0","","1","N","N","","0","","0","0","0","","0","","","1","1","1","0","0","1","0","2","0","1","","","","N","","","","","","","","","",""
"2006050277","","2","0","0","0","0","0","0","0","0","4","0","","02","4","2006","7","40.4636","-79.824","","11","0","0","1","0","0","0","0","0","","0","0","0","","","0","","0","","40 27:48.960","","0","79 49:26.400","0","0","0","0","2113","0","0","0","N","0","0","0","3","02113","0","","1.0","","1","N","N","","0","","0","0","0","","0","","","2","0","0","0","0","0","0","2","0","2","","","","N","","","","","","","","","",""
"2006050278","","1","0","0","0","0","0","0","0","0","7","0","","02","4","2006","6","40.485","-79.830956","","11","0","0","0","0","0","0","0","0","","0","0","0","","","0","","1","","40 29:06.000","","0","79 49:51.442","9","0","0","0","2113","0","0","0","N","0","0","0","1","02113","0","","5.0","","1","N","N","","0","","0","0","0","","3","","","1","0","0","0","0","0","1","2","0","1","","","","N","","","","","","","","","",""
"2006050279","","1","0","0","0","0","0","0","0","0","7","0","","02","4","2006","7","40.473611","-79.837126","","11","0","0","0","0","0","0","0","0","","0","0","0","","","1","","0","","40 28:25.000","","0","79 50:13.652","4","0","0","0","2113","0","0","0","N","0","0","0","1","02113","1","","2.0","","1","N","N","","0","","0","0","0","","0","","","1","1","0","0","0","0","0","2","0","1","","","","N","","","","","","","","","",""
"2006050280","","1","0","0","0","0","0","0","0","0","4","0","","02","5","2006","3","","","","11","0","0","0","0","0","1","0","0","","0","0","0","","","1","","0","","","","0","","8","0","0","0","2113","0","0","0","N","0","0","0","4","02113","0","","1.0","","9","N","N","","0","","0","0","1","","2","","","2","1","0","0","0","1","0","1","0","2","","","","N","","","","","","","","","",""
"2006050325","","1","0","0","0","0","0","0","0","0","1","0","","02","4","2006","6","40.429722","-79.751268","","11","0","0","0","0","1","0","1","1","","0","0","0","","","0","","5","","40 25:47.000","","0","79 45:04.566","0","0","0","0","2446","0","0","0","N","0","0","0","3","02446","0","","1.0","","1","N","N","","1","","0","0","1","","2","","","3","0","0","0","0","0","0","2","0","3","","","","N","","","","","","","","","",""
"2006050412","","1","0","0","0","0","0","0","0","0","7","0","","02","3","2006","6","40.5805","-79.7833","","11","0","1","0","0","0","0","0","0","","0","0","0","","","0","","0","","40 34:49.800","","0","79 46:59.880","0","0","0","0","2104","0","0","0","N","0","0","0","2","68D02","0","","2.0","","1","N","N","","0","","0","0","0","","0","","","1","0","0","0","0","0","0","2","0","1","","","","N","","","","","","","","","",""