"CRN","ARRIVAL_TM","AUTOMOBILE_COUNT","BELTED_DEATH_COUNT","BELTED_SUSP_SERIOUS_INJ_COUNT","BICYCLE_COUNT","BICYCLE_DEATH_COUNT","BICYCLE_SUSP_SERIOUS_INJ_COUNT","BUS_COUNT","CHLDPAS_DEATH_COUNT","CHLDPAS_SUSP_SERIOUS_INJ_COUNT","COLLISION_TYPE","COMM_VEH_COUNT","CONS_ZONE_SPD_LIM","COUNTY","CRASH_MONTH","CRASH_YEAR","DAY_OF_WEEK","DEC_LATITUDE","DEC_LONGITUDE","DISPATCH_TM","DISTRICT","DRIVER_COUNT_16YR","DRIVER_COUNT_17YR","DRIVER_COUNT_18YR","DRIVER_COUNT_19YR","DRIVER_COUNT_20YR","DRIVER_COUNT_50_64YR","DRIVER_COUNT_65_74YR","DRIVER_COUNT_75PLUS","EST_HRS_CLOSED","FATAL_COUNT","HEAVY_TRUCK_COUNT","HORSE_BUGGY_COUNT","HOUR_OF_DAY","ILLUMINATION","INJURY_COUNT","INTERSECTION_RELATED","INTERSECT_TYPE","LANE_CLOSED","LATITUDE","LN_CLOSE_DIR","LOCATION_TYPE","LONGITUDE","MAX_SEVERITY_LEVEL","MCYCLE_DEATH_COUNT","MCYCLE_SUSP_SERIOUS_INJ_COUNT","MOTORCYCLE_COUNT","MUNICIPALITY","NONMOTR_COUNT","NONMOTR_DEATH_COUNT","NONMOTR_SUSP_SERIOUS_INJ_COUNT","NTFY_HIWY_MAINT","PED_COUNT","PED_DEATH_COUNT","PED_SUSP_SERIOUS_INJ_COUNT","PERSON_COUNT","POLICE_AGCY","POSSIBLE_INJ_COUNT","RDWY_SURF_TYPE_CD","RELATION_TO_ROAD","ROADWAY_CLEARED","ROAD_CONDITION","SCH_BUS_IND","SCH_ZONE_IND","SECONDARY_CRASH","SMALL_TRUCK_COUNT","SPEC_JURIS_CD","SUSP_MINOR_INJ_COUNT","SUSP_SERIOUS_INJ_COUNT","SUV_COUNT","TCD_FUNC_CD","TCD_TYPE","TFC_DETOUR_IND","TIME_OF_DAY","TOTAL_UNITS","TOT_INJ_COUNT","UNBELTED_OCC_COUNT","UNB_DEATH_COUNT","UNB_SUSP_SERIOUS_INJ_COUNT","UNK_INJ_DEG_COUNT","UNK_INJ_PER_COUNT","URBAN_RURAL","VAN_COUNT","VEHICLE_COUNT","WEATHER1","WEATHER2","WORKERS_PRES","WORK_ZONE_IND","WORK_ZONE_LOC","WORK_ZONE_TYPE","WZ_CLOSE_DETOUR","WZ_FLAGGER","WZ_LAW_OFFCR_IND","WZ_LN_CLOSURE","WZ_MOVING","WZ_OTHER","WZ_SHLDER_MDN","WZ_WORKERS_INJ_KILLED"
"2006050438","","2","0","0","0","0","0","0","0","0","1","0","","02","4","2006","6","","","","11","0","0","0","0","0","1","0","0","","0","0","0","","","0","","0","","40 25:53.40","","0","79 57:31.68","0","0","0","0","2301","0","0","0","N","0","0","0","4","68B03","0","","1.0","","9","N","N","","1","","0","0","0","","0","","","3","0","0","0","0","0","0","2","0","3","","","","N","","","","","","","","","",""
"2006050440","","1","0","0","0","0","0","0","0","0","7","0","","02","3","2006","3","","","","11","0","0","0","0","0","0","0","0","","0","0","0","","","0","","3","","40 26:28.32","","0","80 00:32.76","0","0","0","0","2301","0","0","0","N","0","0","0","3","68B03","0","","7.0","","1","N","N","","0","","0","0","0","","0","","","2","0","0","0","0","0","0","2","0","1","","","","N","","","","","","","","","",""
"2006050441","","1","0","0","0","0","0","0","0","0","1","0","","02","4","2006","2","","","","11","0","0","0","0","0","1","0","0","","0","0","0","","","2","","0","","40 26:39.48","","3","80 00:33.12","4","0","0","0","2301","0","0","0","N","0","0","0","7","68B03","2","","1.0","","1","N","N","","0","","0","0","0","","0","","","2","2","0","0","0","0","0","2","1","2","","","","N","","","","","","","","","",""
"2006050442","","1","0","0","0","0","0","0","0","0","1","0","","02","4","2006","5","40.6125","-80.0949","","11","0","0","0","0","0","0","0","0","","0","0","0","","","1","","7","","40 36:45.000","","2","80 05:41.640","3","0","0","0","2212","0","0","0","N","0","0","0","7","68B03","0","","1.0","","1","N","N","","0","","1","0","1","","0","","","2","1","0","0","0","0","0","2","0","2","","","","N","","","","","","","","","",""
"2006050443","","0","0","0","0","0","0","0","0","0","7","0","","02","4","2006","6","","","","11","0","0","0","0","0","0","0","0","","0","0","0","","","0","","0","","40 25:03.36","","0","80 05:13.56","0","0","0","0","2102","0","0","0","N","0","0","0","1","68B03","0","","4.0","","9","N","N","","0","","0","0","1","","0","","","1","0","0","0","0","0","0","2","0","1","","","","N","","","","","","","","","",""
"2006050444","","0","0","0","0","0","0","0","0","0","7","0","","02","4","2006","6","","","","11","0","0","0","0","0","0","0","0","","0","0","0","","","0","","0","","40 25:21.36","","0","80 06:05.40","0","0","0","0","2102","0","0","0","N","0","0","0","1","68B03","0","","4.0","","9","N","N","","0","","0","0","1","","0","","","1","0","0","0","0","0","0","2","0","1","","","","N","","","","","","","","","",""
"2006050445","","2","0","0","0","0","0","0","0","0","1","0","","02","4","2006","6","","","","11","0","0","0","0","0","0","0","0","","0","0","0","","","0","","0","","","","4","","0","0","0","0","2301","0","0","0","N","0","0","0","2","68B03","0","","1.0","","1","N","N","","0","","0","0","0","","0","","","2","0","0","0","0","0","0","1","0","2","","","","N","","","","","","","","","",""
"2006050446","","1","0","0","0","0","0","0","0","0","7","0","","02","3","2006","2","","","","11","0","0","0","0","0","0","0","0","1","0","0","0","","","2","","0","","40 25:53.40","3","0","79 57:31.68","2","0","0","0","2301","0","0","0","N","0","0","0","2","68B03","1","","4.0","","1","N","N","","0","","0","1","0","","0","N","","1","2","2","0","1","0","0","2","0","1","","","","N","","","","","","","","","",""
"2006050447","","0","0","0","0","0","0","0","0","0","5","1","","02","4","2006","3","","","","11","0","0","0","0","0","1","0","0","1","0","1","0","","","0","","0","","40 25:21.36","1","0","80 06:05.40","0","0","0","0","2115","0","0","0","N","0","0","0","2","68B03","0","","1.0","","1","N","N","","0","","0","0","1","","0","N","","2","0","0","0","0","0","0","2","0","2","","","","N","","","","","","","","","",""
"2006050448","","1","0","0","0","0","0","0","0","0","1","0","","02","4","2006","5","","","","11","0","0","0","0","0","0","0","0","","0","0","0","","","0","","6","","40 25:48.36","","2","80 08:06.36","0","0","0","0","2102","0","0","0","N","0","0","0","2","68B03","0","","7.0","","1","N","N","","0","","0","0","0","","4","","","2","0","0","0","0","0","0","2","1","2","","","","N","","","","","","","","","",""
"2006050449","","0","0","0","0","0","0","0","0","0","1","0","","02","4","2006","5","","","","11","0","0","0","0","0","1","0","0","2","0","0","0","","","0","","6","","40 25:47.28","3","2","79 57:25.20","0","0","0","0","2301","0","0","0","N","0","0","0","3","68B03","0","","1.0","","1","N","N","","0","","0","0","1","","4","N","","2","0","0","0","0","0","0","2","1","2","","","","N","","","","","","","","","",""
"2006050450","","3","0","0","0","0","0","0","0","0","1","0","","02","4","2006","3","","","","11","0","0","1","0","0","1","0","0","","0","0","0","","","2","","6","","40 25:57.72","","2","79 52:14.88","4","0","0","0","2411","0","0","0","N","0","0","0","4","68B03","2","","1.0","","1","N","N","","0","","0","0","0","","4","","","3","2","0","0","0","0","0","2","0","3","","","","N","","","","","","","","","",""
"2006050451","","0","0","0","0","0","0","0","0","0","1","0","","02","4","2006","3","","","","11","0","0","1","0","0","0","0","0","","0","0","0","","","1","","0","","","","0","","4","0","0","0","2214","0","0","0","N","0","0","0","2","68B03","1","","1.0","","1","N","N","","1","","0","0","0","","0","","","2","1","0","0","0","0","0","1","1","2","","","","N","","","","","","","","","",""
"2006050452","","3","0","0","0","0","0","0","0","0","1","0","","02","4","2006","5","","","","11","0","0","0","0","0","1","0","0","","0","0","0","","","0","","0","","40 25:23.52","","0","80 06:17.64","0","0","0","0","2102","0","0","0","N","0","0","0","3","68B03","0","","1.0","","1","N","N","","0","","0","0","0","","0","","","3","0","0","0","0","0","0","2","0","3","","","","N","","","","","","","","","",""
"2006050453","","2","0","0","0","0","0","0","0","0","1","0","","02","3","2006","5","","","","11","0","0","0","0","1","0","0","0","","0","0","0","","","0","","6","","40 30:41.40","","2","80 03:00.72","0","0","0","0","2215","0","0","0","N","0","0","0","2","68B03","0","","1.0","","1","N","N","","0","","0","0","0","","4","","","2","0","0","0","0","0","0","2","0","2","","","","N","","","","","","","","","",""
"2006050454","","1","0","0","0","0","0","0","0","0","7","0","","02","3","2006","5","","","","11","0","0","1","0","0","0","0","0","2","0","0","0","","","2","","0","","","2","0","","4","0","0","0","2434","0","0","0","Y","0","0","0","4","68B03","2","","2.0","","1","N","N","","0","","0","0","0","","0","Y","","1","2","0","0","0","0","0","1","0","1","","","","N","","","","","","","","","",""
"2006050455","","2","0","0","0","0","0","0","0","0","1","0","50","02","4","2006","1","","","","11","0","0","0","0","0","0","0","0","1","0","0","0","","","0","","0","","40 25:12.72","2","0","80 05:31.92","0","0","0","0","2102","0","0","0","N","0","0","0","2","68B03","0","","1.0","","1","N","N","","0","","0","0","0","","8","N","","2","0","0","0","0","0","0","2","0","2","","","Y","Y","3","1","","","Y","Y","","","",""
"2006050456","","0","0","1","0","0","0","0","0","0","7","0","","02","4","2006","5","","","","11","0","0","0","0","0","0","0","0","3","0","0","0","","","1","","0","","","2","0","","2","0","0","0","2119","0","0","0","N","0","0","0","1","68B03","0","","3.0","","1","N","N","","0","","0","1","1","","0","N","","1","1","0","0","0","0","0","1","0","1","","","","N","","","","","","","","","",""
"2006050457","","0","0","0","0","0","0","0","0","0","1","0","","02","4","2006","4","","","","11","0","0","0","0","0","2","0","0","","0","0","0","","","0","","0","","40 30:56.16","","0","80 03:09.36","0","0","0","1","2116","0","0","0","N","0","0","0","2","68B03","0","","1.0","","9","N","N","","0","","0","0","1","","0","","","2","0","0","0","0","0","0","2","0","2","","","","N","","","","","","","","","",""
"2006050467","","2","0","0","0","0","0","0","0","0","1","0","","02","3","2006","6","40.491944","-79.893839","","11","0","0","0","0","0","1","0","0","1","0","0","0","","","0","","0","","40 29:31.000","2","0","79 53:37.819","0","0","0","0","2112","0","0","0","N","0","0","0","4","68D02","0","","1.0","","9","N","N","","1","","0","0","0","","0","N","","3","0","0","0","0","0","0","2","0","3","","","","N","","","","","","","","","",""
"2006050470","","1","0","0","0","0","0","0","0","0","7","0","","02","4","2006","1","40.4976","-79.8663","","11","0","0","0","1","0","0","0","0","","0","0","0","","","0","","0","","40 29:51.360","","0","79 51:58.680","0","0","0","0","2202","0","0","0","N","0","0","0","1","68D02","0","","2.0","","1","N","N","","0","","0","0","0","","0","","","1","0","0","0","0","0","0","2","0","1","","","","N","","","","","","","","","",""
"2006050511","","1","0","0","0","0","0","0","0","0","7","0","","02","5","2006","6","","","","11","0","1","0","0","0","0","0","0","1","0","0","0","","","1","","0","","","1","0","","8","0","0","0","2301","0","0","0","N","0","0","0","5","02301","0","","4.0","","9","N","N","","0","","0","0","0","","0","N","","2","1","0","0","0","1","0","1","0","1","","","","N","","","","","","","","","",""
"2006050560","","1","0","0","0","0","0","0","0","0","4","0","","02","5","2006","5","","","","11","0","0","1","0","0","1","0","0","2","0","0","0","","","1","","1","","","6","0","","8","0","0","0","2438","0","0","0","N","0","0","0","3","02438","0","","1.0","","1","N","N","","0","","0","0","1","","3","Y","","2","1","0","0","0","1","0","1","0","2","","","","N","","","","","","","","","",""
"2006050568","","0","0","0","0","0","0","0","0","0","1","0","","02","5","2006","5","40.357662","-79.999655","","11","0","0","0","0","0","1","0","0","","0","0","0","","","0","","1","","40 21:27.582","","0","79 59:58.758","0","0","0","0","2476","0","0","0","N","0","0","0","2","02476","0","","1.0","","1","N","N","","0","","0","0","1","","2","","","2","0","0","0","0","0","0","2","1","2","","","","N","","","","","","","","","",""
"2006050575","","1","0","0","0","0","0","0","0","0","7","0","","02","5","2006","4","40.428567","-80.129332","","11","0","0","0","0","0","0","1","0","2","0","0","0","","","1","","0","","40 25:42.841","6","0","80 07:45.595","3","0","0","0","2102","0","0","0","N","0","0","0","1","02102","0","","5.0","","1","N","N","","0","","1","0","0","","0","N","","1","1","1","0","0","0","0","2","0","1","","","","N","","","","","","","","","",""
"2006050576","","1","0","0","0","0","0","0","0","0","5","0","","02","5","2006","7","40.474","-80.1995","","11","0","0","1","0","0","0","0","0","","0","0","0","","","1","","0","","40 28:26.400","","0","80 11:58.200","8","0","0","1","2213","0","0","0","N","0","0","0","2","02213","0","","1.0","","1","N","N","","0","","0","0","0","","0","","","2","1","0","0","0","1","0","2","0","2","","","","N","","","","","","","","","",""
"2006050608","","1","0","0","0","0","0","0","0","0","4","0","","02","5","2006","6","40.648889","-79.797905","","11","0","0","0","0","0","1","0","0","1","0","0","0","","","0","","2","","40 38:56.000","3","0","79 47:52.459","0","0","0","0","2202","0","0","0","N","0","0","0","3","02202","0","","1.0","","9","N","N","","1","","0","0","0","","3","N","","2","0","0","0","0","0","0","1","0","2","","","","N","","","","","","","","","",""
"2006050612","","1","0","0","0","0","0","0","0","0","5","0","","02","5","2006","3","40.459781","-79.971364","","11","0","0","0","0","0","0","0","0","1","0","0","0","","","1","","1","","40 27:35.212","4","0","79 58:16.911","4","0","0","0","2301","0","0","0","N","0","0","0","2","02301","1","","1.0","","1","N","N","","1","","0","0","0","","2","N","","2","1","0","0","0","0","0","2","0","2","","","","N","","","","","","","","","",""
"2006050626","","1","0","0","0","0","0","0","0","0","7","0","","02","4","2006","7","","","","11","0","1","0","0","0","0","0","0","1","0","0","0","","","1","","0","","40 25:06.60","2","0","80 05:20.04","4","0","0","0","2117","0","0","0","N","0","0","0","2","68B03","1","","3.0","","9","N","N","","0","","0","0","0","","0","N","","1","1","0","0","0","0","0","2","0","1","","","","N","","","","","","","","","",""
"2006050713","","1","0","0","0","0","0","0","0","0","1","0","","02","5","2006","5","40.271111","-79.898706","","11","0","0","0","0","0","0","0","1","","0","0","0","","","0","","1","","40 16:16.000","","0","79 53:55.342","0","0","0","0","2471","0","0","0","N","0","0","0","2","02428","0","","1.0","","1","N","N","","0","","0","0","1","","0","","","2","0","2","0","0","0","0","2","0","2","","","","N","","","","","","","","","",""
"2006050723","","1","0","0","0","0","0","0","0","0","7","0","","02","4","2006","2","40.333675","-80.160124","","11","0","1","0","0","0","0","0","0","","0","0","0","","","0","","0","","40 20:01.230","","0","80 09:36.446","0","0","0","0","2119","0","0","0","N","0","0","0","4","02119","0","","5.0","","98","N","N","","0","","0","0","0","","0","","","1","0","0","0","0","0","0","2","0","1","","","","N","","","","","","","","","",""
"2006050756","","2","0","0","0","0","0","0","0","0","4","0","","02","5","2006","3","","","","11","0","1","0","0","0","0","0","0","","0","0","0","","","0","","1","","","","0","","0","0","0","0","2301","0","0","0","N","0","0","0","3","02301","0","","1.0","","1","N","N","","0","","0","0","0","","2","","","2","0","0","0","0","0","0","1","0","2","","","","N","","","","","","","","","",""
"2006050796","","2","0","0","0","0","0","0","0","0","1","0","","02","4","2006","3","40.296565","-79.994442","","11","0","0","1","0","0","1","0","0","1","0","0","0","","","0","","2","","40 17:47.635","2","0","79 59:39.990","9","0","0","0","2219","0","0","0","N","0","0","0","5","02219","0","","1.0","","9","N","N","","0","","0","0","0","","0","Y","","2","0","0","0","0","0","1","2","0","2","","","","N","","","","","","","","","",""
"2006050837","","2","0","0","0","0","0","0","0","0","2","0","","02","5","2006","2","40.471023","-80.008598","","11","0","0","1","0","0","0","0","0","","0","0","0","","","1","","1","","40 28:15.682","","0","80 00:30.952","4","0","0","0","2301","0","0","0","N","0","0","0","3","02301","1","","1.0","","1","N","N","","0","","0","0","0","","2","","","2","1","0","0","0","0","0","2","0","2","","","","N","","","","","","","","","",""
"2006050855","","1","0","0","0","0","0","0","0","0","1","0","","02","5","2006","7","40.454722","-79.711091","","11","0","2","0","0","0","0","0","0","","0","0","0","","","2","","0","","40 27:17.000","","0","79 42:39.928","3","0","0","0","2466","0","0","0","N","0","0","0","6","02466","1","","1.0","","1","N","N","","0","","1","0","1","","0","","","2","2","0","0","0","0","0","2","0","2","","","","N","","","","","","","","","",""
"2006050858","","2","0","0","0","0","0","0","0","0","1","0","","02","5","2006","7","40.360278","-79.994285","","11","0","0","0","0","0","0","1","1","2","0","0","0","","","1","","0","","40 21:37.000","3","0","79 59:39.426","4","0","0","0","2476","0","0","0","N","0","0","0","8","02476","1","","1.0","","1","N","N","","0","","0","0","0","","0","Y","","3","1","2","0","0","0","0","2","1","3","","","","N","","","","","","","","","",""
"2006050874","","0","0","0","0","0","0","0","0","0","1","0","","02","5","2006","7","40.275","-79.8934","","11","0","0","0","0","0","1","0","0","","0","0","0","","","1","","6","","40 16:30.000","","2","79 53:36.240","8","0","0","0","2471","0","0","0","N","0","0","0","2","02428","0","","7.0","","1","N","N","","1","","0","0","0","","3","","","2","1","0","0","0","1","0","2","1","2","","","","N","","","","","","","","","",""
"2006050877","","2","0","0","0","0","0","0","0","0","4","0","","02","5","2006","7","40.6727","-80.0695","","11","0","0","0","0","0","2","0","0","1","0","0","0","","","0","","1","","40 40:21.720","3","0","80 04:10.200","0","0","0","0","2216","0","0","0","N","0","0","0","2","02505","0","","1.0","","1","N","N","","0","","0","0","0","","3","N","","2","0","0","0","0","0","0","2","0","2","","","","N","","","","","","","","","",""
"2006050882","","0","0","0","1","0","0","0","0","0","8","0","","02","5","2006","7","40.609497","-79.920976","","11","0","0","0","0","0","1","0","0","1","0","0","0","","","1","","2","","40 36:34.189","7","0","79 55:15.513","8","0","0","0","2207","1","0","0","N","0","0","0","2","02207","0","","1.0","","1","N","N","","0","","0","0","1","","3","N","","2","1","0","0","0","1","0","2","0","1","","","","N","","","","","","","","","",""
"2006050894","","2","0","0","0","0","0","0","0","0","1","0","","02","5","2006","6","40.673333","-80.098398","","11","0","0","0","0","0","1","0","0","","0","0","0","","","1","","1","","40 40:24.000","","0","80 05:54.232","4","0","0","0","2212","0","0","0","N","0","0","0","2","02505","1","","1.0","","9","N","N","","0","","0","0","0","","2","","","2","1","0","0","0","0","0","2","0","2","","","","N","","","","","","","","","",""
"2006050896","","1","0","0","0","0","0","0","0","0","4","0","","02","5","2006","5","40.3294","-79.9451","","11","0","0","0","0","0","0","0","0","","0","0","0","","","0","","0","","40 19:45.840","","0","79 56:42.360","0","0","0","0","2454","0","0","0","","0","0","0","2","02454","0","","1.0","","1","N","N","","1","","0","0","0","","0","","","2","0","0","0","0","0","0","2","0","2","","","","N","","","","","","","","","",""
"2006050898","","1","0","0","0","0","0","0","0","0","1","0","","02","5","2006","7","40.409444","-80.048667","","11","0","0","0","0","0","1","0","0","2","0","0","0","","","0","","0","","40 24:34.000","2","0","80 02:55.200","0","0","0","0","2435","0","0","0","N","0","0","0","2","02435","0","","1.0","","1","N","N","","0","","0","0","1","","0","N","","2","0","0","0","0","0","0","2","0","2","","","","N","","","","","","","","","",""
"2006050901","","1","0","0","0","0","0","0","0","0","7","0","","02","5","2006","6","40.513331","-79.909941","","11","0","1","0","0","0","0","0","0","","0","0","0","","","1","","0","","40 30:47.990","","0","79 54:35.789","4","0","0","0","2432","0","0","0","N","0","0","0","3","02432","1","","5.0","","9","N","N","","0","","0","0","0","","0","","","1","1","1","0","0","0","0","2","0","1","","","","N","","","","","","","","","",""
"2006050902","","2","0","0","0","0","0","0","0","0","4","0","","02","5","2006","2","40.6287","-80.0562","","11","0","0","0","0","0","0","0","1","1","0","0","0","","","0","","1","","40 37:43.320","1","0","80 03:22.320","0","0","0","0","2216","0","0","0","N","0","0","0","4","02505","0","","1.0","","1","N","N","","0","","0","0","0","","2","N","","2","0","0","0","0","0","0","2","0","2","","","","N","","","","","","","","","",""
"2006050906","","1","0","0","0","0","0","0","0","0","4","0","","02","5","2006","4","","","","11","0","0","0","0","0","1","0","0","2","0","0","0","","","2","","0","","","6","0","","2","0","1","1","2212","0","0","0","N","0","0","0","2","02505","1","","1.0","","1","N","N","","0","","0","1","0","","0","N","","2","2","0","0","0","0","0","1","0","2","","","","N","","","","","","","","","",""
"2006050908","","0","0","0","0","0","0","0","0","0","2","0","","02","5","2006","1","40.395833","-80.086276","","11","0","0","0","0","0","1","0","0","1","0","0","0","","","0","","1","","40 23:45.000","4","0","80 05:10.594","0","0","0","1","2117","0","0","0","N","0","0","0","3","02117","0","","1.0","","1","N","N","","1","","0","0","0","","2","N","","2","0","0","0","0","0","0","2","0","2","","","","N","","","","","","","","","",""
"2006050914","","1","0","0","0","0","0","0","0","0","1","0","","02","5","2006","7","40.370556","-79.777767","","11","0","1","0","0","0","1","0","0","1","0","0","0","","","0","","0","","40 22:14.000","2","0","79 46:39.961","0","0","0","0","2111","0","0","0","N","0","0","0","3","02111","0","","1.0","","1","N","N","","0","","0","0","1","","0","N","","2","0","0","0","0","0","0","2","0","2","","","","N","","","","","","","","","",""
"2006050921","","1","0","0","0","0","0","0","0","0","4","0","","02","5","2006","1","40.464722","-80.05879","","11","0","0","0","0","1","0","0","0","1","0","0","0","","","3","","0","","40 27:53.000","1","0","80 03:31.645","8","0","0","0","2444","0","0","0","N","0","0","0","3","02444","0","","1.0","","1","N","N","","0","","0","0","0","","0","N","","2","3","0","0","0","3","0","2","0","2","","","","N","","","","","","","","","",""
"2006050923","","1","0","0","0","0","0","0","0","0","4","0","","02","5","2006","1","40.369","-80.1021","","11","0","0","0","0","0","1","0","0","","0","0","0","","","0","","0","","40 22:08.400","","0","80 06:07.560","0","0","0","0","2102","0","0","0","N","0","0","0","3","02102","0","","1.0","","1","N","N","","0","","0","0","0","","0","","","2","0","0","0","0","0","0","2","1","2","","","","N","","","","","","","","","",""
"2006050939","","1","0","0","0","0","0","0","0","0","7","0","","02","5","2006","6","40.532289","-79.969008","","11","0","0","0","0","0","1","0","0","","0","0","0","","","0","","2","","40 31:56.240","","0","79 58:08.428","0","0","0","0","2118","0","0","0","N","0","0","0","1","02118","0","","2.0","","9","N","N","","0","","0","0","0","","0","","","1","0","0","0","0","0","0","2","0","1","","","","N","","","","","","","","","",""
"2006050996","","1","0","0","0","0","0","0","0","0","4","0","","02","5","2006","5","","","","11","0","0","0","0","0","1","0","0","","0","0","0","","","0","","1","","","","0","","0","0","0","0","2438","0","0","0","N","0","0","0","2","02438","0","","1.0","","1","N","N","","1","","0","0","0","","3","","","2","0","2","0","0","0","0","1","0","2","","","","N","","","","","","","","","",""
"2006050999","","0","0","0","0","0","0","0","0","0","4","0","","02","5","2006","3","","","","11","0","0","0","0","0","0","0","0","","0","0","0","","","1","","2","","","","0","","8","0","0","1","2448","0","0","0","N","0","0","0","3","02448","0","","1.0","","1","N","N","","0","","0","0","1","","3","","","2","1","0","0","0","1","0","1","0","2","","","","N","","","","","","","","","",""
"2006051009","","2","0","0","0","0","0","0","0","0","4","0","","02","5","2006","3","40.321111","-79.942158","","11","0","0","0","0","0","0","1","0","2","0","0","0","","","1","","2","","40 19:16.000","1","0","79 56:31.769","8","0","0","0","2440","0","0","0","N","0","0","0","2","02440","0","","1.0","","1","N","N","","0","","0","0","0","","2","N","","2","1","0","0","0","1","0","2","0","2","","","","N","","","","","","","","","",""
"2006051015","","1","0","0","0","0","0","0","0","0","4","0","","02","5","2006","2","40.631389","-79.988269","","11","0","0","0","1","0","0","0","0","","0","0","0","","","0","","2","","40 37:53.000","","0","79 59:17.768","0","0","0","0","2217","0","0","0","N","0","0","0","6","02505","0","","1.0","","1","N","N","","1","","0","0","0","","0","","","2","0","0","0","0","0","0","1","0","2","","","","N","","","","","","","","","",""
"2006051028","","2","0","0","0","0","0","0","0","0","1","0","","02","5","2006","6","40.432222","-79.818363","","11","0","0","0","0","0","0","0","0","1","0","0","0","","","2","","0","","40 25:56.000","3","0","79 49:06.107","4","0","0","0","2124","0","0","0","N","0","0","0","4","02124","2","","1.0","","9","N","N","","0","","0","0","1","","2","N","","3","2","0","0","0","0","0","2","0","3","","","","N","","","","","","","","","",""
"2006051029","","1","0","0","0","0","0","0","0","0","7","0","","02","5","2006","2","40.42997","-79.884384","","11","0","0","0","0","0","1","0","0","","0","0","0","","","1","","0","","40 25:47.891","","7","79 53:03.783","4","0","0","0","2426","0","0","0","N","0","0","0","1","02426","1","","5.0","","1","N","N","","0","","0","0","0","","0","","","1","1","1","0","0","0","0","2","0","1","","","","N","","","","","","","","","",""
"2006051056","","1","0","0","0","0","0","0","0","0","1","0","","02","5","2006","3","40.336389","-79.971537","","11","0","0","0","0","1","1","0","0","","0","0","0","","","0","","1","","40 20:11.000","","0","79 58:17.534","0","0","0","0","2454","0","0","0","N","0","0","0","2","02454","0","","1.0","","1","N","N","","0","","0","0","0","","2","","","2","0","2","0","0","0","0","2","1","2","","","","N","","","","","","","","","",""
"2006051067","","1","0","0","0","0","0","0","0","0","5","0","","02","5","2006","4","40.395508","-80.022419","","11","0","0","1","0","0","0","0","0","","0","0","0","","","1","","2","","40 23:43.828","","0","80 01:20.708","3","0","0","1","2301","0","0","0","N","0","0","0","3","02301","0","","1.0","","1","N","N","","0","","1","0","0","","2","","","2","1","0","0","0","0","0","2","0","2","","","","N","","","","","","","","","",""
"2006051097","","0","0","0","0","0","0","0","0","0","1","2","","02","3","2006","3","40.4775","-79.7682","","11","0","0","0","0","0","1","0","0","","0","2","0","","","0","","0","","40 28:39.000","","0","79 46:05.520","0","0","0","0","2466","0","0","0","N","0","0","0","2","68T02","0","","1.0","","1","N","N","","0","","0","0","0","","0","","","2","0","0","0","0","0","0","2","0","2","","","","N","","","","","","","","","",""
"2006051098","","1","0","0","0","0","0","0","0","0","2","0","","02","2","2006","3","40.430818","-79.86227","","11","0","0","0","0","0","0","1","0","","0","0","0","","","0","","0","","40 25:50.944","","0","79 51:44.172","0","0","0","0","2431","0","0","0","N","0","0","0","1","02431","0","","1.0","","1","N","N","","0","","0","0","0","","0","","","2","0","0","0","0","0","0","2","1","2","","","","N","","","","","","","","","",""
"2006051150","","0","0","0","0","0","0","1","0","0","1","1","50","02","4","2006","2","40.403056","-80.106914","","11","0","0","0","0","0","1","0","0","1","0","0","0","","","1","","0","","40 24:11.000","2","0","80 06:24.889","4","0","0","0","2102","0","0","0","N","0","0","0","4","68B03","1","","1.0","","1","Y","N","","1","","0","0","0","","0","N","","3","1","0","0","0","0","0","2","0","2","","","Y","Y","4","1","","","U","Y","","","",""
"2006051154","","0","0","0","1","0","0","0","0","0","8","0","","02","5","2006","3","","","","11","0","0","0","0","0","0","0","0","","0","0","0","","","1","","9","","","","6","","4","0","0","0","2416","1","0","0","N","0","0","0","2","02503","1","","1.0","","1","N","N","","0","","0","0","1","","5","","","2","1","0","0","0","0","0","1","0","1","","","","N","","","","","","","","","",""
"2006051183","","1","0","0","0","0","0","0","0","0","7","0","","02","4","2006","6","40.4205","-79.7342","","11","0","0","0","0","0","1","0","0","2","0","0","0","","","0","","0","","40 25:13.800","4","0","79 44:03.120","0","0","0","0","2446","0","0","0","N","0","0","0","1","68T09","0","","3.0","","1","N","N","","0","","0","0","0","","0","N","","1","0","0","0","0","0","0","2","0","1","","","","N","","","","","","","","","",""
"2006051192","","0","0","0","0","0","0","0","0","0","1","1","","02","5","2006","4","40.298333","-79.875462","","11","0","0","1","0","0","0","0","0","","0","1","0","","","1","","1","","40 17:54.000","","0","79 52:31.664","3","0","0","0","2302","0","0","0","N","0","0","0","3","02302","0","","1.0","","1","N","N","","1","","1","0","0","","2","","","2","1","2","0","0","0","1","2","0","2","","","","N","","","","","","","","","",""
"2006051193","","2","0","0","0","0","0","0","0","0","1","0","","02","5","2006","1","","","","11","0","0","0","0","0","0","0","0","","0","0","0","","","0","","2","","","","0","","9","0","0","0","2301","0","0","0","N","0","0","0","4","02301","0","","1.0","","1","N","N","","1","","0","0","0","","2","","","3","0","0","0","0","0","1","1","0","3","","","","N","","","","","","","","","",""