"CRN","ARRIVAL_TM","AUTOMOBILE_COUNT","BELTED_DEATH_COUNT","BELTED_SUSP_SERIOUS_INJ_COUNT","BICYCLE_COUNT","BICYCLE_DEATH_COUNT","BICYCLE_SUSP_SERIOUS_INJ_COUNT","BUS_COUNT","CHLDPAS_DEATH_COUNT","CHLDPAS_SUSP_SERIOUS_INJ_COUNT","COLLISION_TYPE","COMM_VEH_COUNT","CONS_ZONE_SPD_LIM","COUNTY","CRASH_MONTH","CRASH_YEAR","DAY_OF_WEEK","DEC_LATITUDE","DEC_LONGITUDE","DISPATCH_TM","DISTRICT","DRIVER_COUNT_16YR","DRIVER_COUNT_17YR","DRIVER_COUNT_18YR","DRIVER_COUNT_19YR","DRIVER_COUNT_20YR","DRIVER_COUNT_50_64YR","DRIVER_COUNT_65_74YR","DRIVER_COUNT_75PLUS","EST_HRS_CLOSED","FATAL_COUNT","HEAVY_TRUCK_COUNT","HORSE_BUGGY_COUNT","HOUR_OF_DAY","ILLUMINATION","INJURY_COUNT","INTERSECTION_RELATED","INTERSECT_TYPE","LANE_CLOSED","LATITUDE","LN_CLOSE_DIR","LOCATION_TYPE","LONGITUDE","MAX_SEVERITY_LEVEL","MCYCLE_DEATH_COUNT","MCYCLE_SUSP_SERIOUS_INJ_COUNT","MOTORCYCLE_COUNT","MUNICIPALITY","NONMOTR_COUNT","NONMOTR_DEATH_COUNT","NONMOTR_SUSP_SERIOUS_INJ_COUNT","NTFY_HIWY_MAINT","PED_COUNT","PED_DEATH_COUNT","PED_SUSP_SERIOUS_INJ_COUNT","PERSON_COUNT","POLICE_AGCY","POSSIBLE_INJ_COUNT","RDWY_SURF_TYPE_CD","RELATION_TO_ROAD","ROADWAY_CLEARED","ROAD_CONDITION","SCH_BUS_IND","SCH_ZONE_IND","SECONDARY_CRASH","SMALL_TRUCK_COUNT","SPEC_JURIS_CD","SUSP_MINOR_INJ_COUNT","SUSP_SERIOUS_INJ_COUNT","SUV_COUNT","TCD_FUNC_CD","TCD_TYPE","TFC_DETOUR_IND","TIME_OF_DAY","TOTAL_UNITS","TOT_INJ_COUNT","UNBELTED_OCC_COUNT","UNB_DEATH_COUNT","UNB_SUSP_SERIOUS_INJ_COUNT","UNK_INJ_DEG_COUNT","UNK_INJ_PER_COUNT","URBAN_RURAL","VAN_COUNT","VEHICLE_COUNT","WEATHER1","WEATHER2","WORKERS_PRES","WORK_ZONE_IND","WORK_ZONE_LOC","WORK_ZONE_TYPE","WZ_CLOSE_DETOUR","WZ_FLAGGER","WZ_LAW_OFFCR_IND","WZ_LN_CLOSURE","WZ_MOVING","WZ_OTHER","WZ_SHLDER_MDN","WZ_WORKERS_INJ_KILLED"
"2006053123","","1","0","0","0","0","0","0","0","0","7","0","","02","5","2006","2","","","","11","0","0","0","0","0","0","0","0","","0","0","0","","","0","","0","","","","0","","0","0","0","0","2301","0","0","0","N","0","0","0","2","02301","0","","4.0","","9","N","N","","0","","0","0","0","","0","","","1","0","0","0","0","0","0","1","0","1","","","","N","","","","","","","","","",""
"2006053152","","2","0","0","0","0","0","0","0","0","4","0","","02","5","2006","2","40.216667","-79.843651","","11","0","0","0","0","0","0","0","1","2","0","0","0","","","1","","1","","40 13:00.000","4","2","79 50:37.142","4","0","0","0","2204","0","0","0","N","0","0","0","5","02204","1","","1.0","","1","N","N","","0","","0","0","0","","3","Y","","2","1","0","0","0","0","0","1","0","2","","","","N","","","","","","","","","",""
"2006053154","","2","0","0","0","0","0","0","0","0","4","0","","02","5","2006","3","40.328333","-79.944992","","11","0","0","0","1","0","1","0","0","1","0","0","0","","","2","","1","","40 19:42.000","2","0","79 56:41.972","4","0","0","0","2454","0","0","0","N","0","0","0","3","02454","1","","1.0","","1","N","N","","0","","0","0","0","","2","Y","","2","2","0","0","0","1","0","2","0","2","","","","N","","","","","","","","","",""
"2006053160","","1","0","0","0","0","0","0","0","0","2","0","","02","5","2006","3","40.528889","-79.990367","","11","0","1","0","0","0","0","0","0","","0","0","0","","","0","","2","","40 31:44.000","","0","79 59:25.320","0","0","0","0","2116","0","0","0","N","0","0","0","2","02116","0","","1.0","","1","N","N","","0","","0","0","1","","3","","","2","0","0","0","0","0","0","2","0","2","","","","N","","","","","","","","","",""
"2006053164","","0","0","0","0","0","0","0","0","0","2","0","","02","5","2006","3","40.539442","-79.852379","","11","0","0","0","0","0","0","0","0","2","0","0","0","","","0","","0","","40 32:21.990","4","0","79 51:08.563","0","0","0","0","2208","0","0","0","N","0","0","0","2","02208","0","","1.0","","1","N","N","","0","","0","0","0","","0","N","","2","0","0","0","0","0","0","2","2","2","","","","N","","","","","","","","","",""
"2006053165","","2","0","0","0","0","0","0","0","0","1","0","","02","5","2006","4","40.5411","-79.7913","","11","0","0","1","1","0","1","0","0","1","0","0","0","","","0","","0","","40 32:27.960","3","0","79 47:28.680","0","0","0","0","2462","0","0","0","N","0","0","0","3","02462","0","","1.0","","1","N","N","","0","","0","0","1","","0","N","","3","0","0","0","0","0","0","2","0","3","","","","N","","","","","","","","","",""
"2006053166","","1","0","0","0","0","0","0","0","0","1","0","","02","5","2006","4","40.527336","-79.87234","","11","0","2","0","0","0","0","0","0","","0","0","0","","","0","","0","","40 31:38.409","","0","79 52:20.423","0","0","0","0","2432","0","0","0","N","0","0","0","3","02432","0","","1.0","","1","N","N","","0","","0","0","1","","0","","","2","0","0","0","0","0","0","2","0","2","","","","N","","","","","","","","","",""
"2006053168","","1","0","0","0","0","0","0","0","0","7","0","","02","5","2006","6","40.4923","-80.2056","","11","0","0","0","0","1","0","0","0","","0","0","0","","","0","","0","","40 29:32.280","","0","80 12:20.160","0","0","0","0","2213","0","0","0","N","0","0","0","1","02213","0","","4.0","","1","N","N","","0","","0","0","0","","0","","","1","0","0","0","0","0","0","2","0","1","","","","N","","","","","","","","","",""
"2006053169","","0","0","0","0","0","0","0","0","0","0","0","","02","5","2006","7","40.4655","-80.1963","","11","0","0","0","1","0","0","0","0","","0","0","0","","","1","","0","","40 27:55.800","","8","80 11:46.680","2","0","1","1","2213","0","0","0","N","0","0","0","1","02213","0","","4.0","","1","N","N","","0","","0","1","0","","0","","","1","1","0","0","0","0","0","2","0","1","","","","N","","","","","","","","","",""
"2006053176","","3","0","0","0","0","0","0","0","0","1","0","","02","5","2006","4","40.521944","-80.005255","","11","0","0","1","1","0","0","0","0","","0","0","0","","","1","","1","","40 31:19.000","","0","80 00:18.917","4","0","0","0","2116","0","0","0","N","0","0","0","4","02116","1","","1.0","","1","N","N","","0","","0","0","0","","2","","","3","1","2","0","0","0","0","2","0","3","","","","N","","","","","","","","","",""
"2006053212","","0","0","0","0","0","0","0","0","0","7","0","","02","5","2006","4","40.424156","-79.936391","","11","0","0","1","0","0","0","0","0","2","0","0","0","","","4","","1","","40 25:26.961","7","0","79 56:11.007","3","0","0","0","2301","0","0","0","N","0","0","0","4","02301","0","","2.0","","1","N","N","","0","","4","0","1","","3","Y","","1","4","4","0","0","0","0","2","0","1","","","","N","","","","","","","","","",""
"2006053251","","1","0","0","0","0","0","0","0","0","7","0","","02","4","2006","7","","","","11","0","0","0","0","0","0","1","0","2","0","0","0","","","3","","0","","40 26:22.92","2","0","80 00:35.28","4","0","0","0","2301","0","0","0","N","0","0","0","3","68B03","3","","4.0","","9","N","N","","0","","0","0","0","","0","N","","1","3","2","0","0","0","0","2","0","1","","","","N","","","","","","","","","",""
"2006053269","","4","0","0","0","0","0","0","0","0","1","0","","02","4","2006","6","","","","11","0","0","0","0","0","2","0","0","1","0","0","0","","","0","","0","","40 25:03.72","1","0","80 03:19.80","0","0","0","0","2435","0","0","0","N","0","0","0","5","68B03","0","","1.0","","1","N","N","","0","","0","0","1","","0","N","","5","0","0","0","0","0","0","2","0","5","","","","N","","","","","","","","","",""
"2006053348","","0","0","0","0","0","0","0","0","0","7","0","","02","4","2006","7","40.5908","-79.7739","","11","0","0","0","0","0","0","0","0","","0","1","0","","","2","","0","","40 35:26.880","","0","79 46:26.040","4","0","0","0","2104","0","0","0","N","0","0","0","2","68D02","2","","2.0","","9","N","N","","0","","0","0","0","","0","","","1","2","0","0","0","0","0","2","0","1","","","","N","","","","","","","","","",""
"2006053354","","1","0","0","0","0","0","0","0","0","1","0","","02","5","2006","6","40.4537","-79.9956","","11","0","0","0","0","0","0","0","0","","0","0","0","","","0","","7","","40 27:13.320","","2","79 59:44.160","0","0","0","0","2301","0","0","0","N","0","0","0","2","02301","0","","1.0","","9","N","N","","1","","0","0","0","","0","","","2","0","0","0","0","0","0","2","0","2","","","","N","","","","","","","","","",""
"2006053358","","1","0","0","0","0","0","0","0","0","7","0","","02","5","2006","4","40.451816","-80.242244","","11","0","0","0","0","0","0","0","0","1","0","0","0","","","0","","0","","40 27:06.537","6","0","80 14:32.078","0","0","0","0","2203","0","0","0","N","0","0","0","1","02203","0","","4.0","","1","N","N","","0","","0","0","0","","0","N","","1","0","0","0","0","0","0","2","0","1","","","","N","","","","","","","","","",""
"2006053359","","3","0","0","0","0","0","0","0","0","2","0","","02","5","2006","7","40.540756","-80.006632","","11","0","0","0","0","0","1","0","0","","0","0","0","","","0","","10","","40 32:26.721","","7","80 00:23.875","0","0","0","0","2116","0","0","0","N","0","0","0","5","02116","0","","1.0","","1","N","N","","0","","0","0","0","","0","","","3","0","0","0","0","0","0","2","0","3","","","","N","","","","","","","","","",""
"2006053379","","2","0","0","0","0","0","0","0","0","5","0","","02","5","2006","2","40.264167","-79.878498","","11","0","0","0","0","0","1","0","0","","0","0","0","","","2","","0","","40 15:51.000","","0","79 52:42.594","4","0","0","0","2204","0","0","0","N","0","0","0","3","02204","2","","1.0","","1","N","N","","0","","0","0","0","","0","","","2","2","1","0","0","0","0","1","0","2","","","","N","","","","","","","","","",""
"2006053389","","1","0","0","0","0","0","0","0","0","7","0","","02","5","2006","4","40.362836","-80.083651","","11","0","0","0","0","0","0","0","1","1","0","0","0","","","1","","0","","40 21:46.209","3","0","80 05:01.143","4","0","0","0","2123","0","0","0","N","0","0","0","1","02123","1","","2.0","","1","N","N","","0","","0","0","0","","0","N","","1","1","0","0","0","0","0","2","0","1","","","","N","","","","","","","","","",""
"2006053390","","2","0","0","0","0","0","0","0","0","1","0","","02","5","2006","4","40.558056","-80.023338","","11","0","0","0","0","0","0","0","0","","0","0","0","","","0","","0","","40 33:29.000","","0","80 01:24.015","0","0","0","0","2116","0","0","0","N","0","0","0","3","02116","0","","1.0","","1","N","N","","1","","0","0","0","","2","","","3","0","0","0","0","0","0","2","0","3","","","","N","","","","","","","","","",""
"2006053394","","1","0","0","0","0","0","0","0","0","4","0","","02","5","2006","5","40.391667","-80.069069","","11","0","0","0","0","0","0","0","0","","0","0","0","","","0","","0","","40 23:30.000","","7","80 04:08.649","0","0","0","0","2117","0","0","0","N","0","0","0","2","02117","0","","1.0","","1","N","N","","0","","0","0","1","","0","","","2","0","0","0","0","0","0","2","0","2","","","","N","","","","","","","","","",""
"2006053405","","1","0","0","0","0","0","0","0","0","2","0","","02","5","2006","4","","","","11","0","1","0","0","0","0","0","0","3","0","0","0","","","2","","2","","","5","0","","4","0","0","0","2402","0","0","0","N","0","0","0","2","02402","1","","1.0","","1","N","N","","0","","0","0","0","","3","Y","","2","2","1","0","0","1","0","1","1","2","","","","N","","","","","","","","","",""
"2006053409","","1","0","0","0","0","0","0","0","0","1","0","","02","5","2006","6","40.537778","-80.011353","","11","0","0","0","0","0","0","0","0","1","0","0","0","","","0","","0","","40 32:16.000","2","0","80 00:40.869","0","0","0","0","2116","0","0","0","N","0","0","0","3","02116","0","","1.0","","1","N","N","","0","","0","0","1","","0","N","","2","0","0","0","0","0","0","2","0","2","","","","N","","","","","","","","","",""
"2006053412","","1","0","0","0","0","0","0","0","0","6","0","","02","5","2006","4","40.475451","-79.7085","","11","0","0","0","0","1","0","0","0","","0","0","0","","","0","","2","","40 28:31.623","","0","79 42:30.600","0","0","0","0","2466","0","0","0","N","0","0","0","2","02466","0","","1.0","","1","N","N","","1","","0","0","0","","2","","","2","0","0","0","0","0","0","2","0","2","","","","N","","","","","","","","","",""
"2006053413","","0","0","0","0","0","0","0","0","0","4","0","","02","6","2006","5","40.621667","-80.054183","","11","0","0","0","0","0","1","0","0","1","0","0","0","","","2","","1","","40 37:18.000","1","0","80 03:15.057","8","0","0","0","2216","0","0","0","N","0","0","0","2","02505","0","","1.0","","1","N","N","","1","","0","0","1","","2","Y","","2","2","0","0","0","2","0","1","0","2","","","","N","","","","","","","","","",""
"2006053419","","1","0","0","0","0","0","0","0","0","7","0","","02","5","2006","1","40.506974","-80.168222","","11","0","0","0","0","0","0","0","0","","0","0","0","","","1","","0","","40 30:25.106","","0","80 10:05.599","4","0","0","0","2213","0","0","0","N","0","0","0","1","02213","1","","5.0","","1","N","N","","0","","0","0","0","","0","","","1","1","0","0","0","0","0","2","0","1","","","","N","","","","","","","","","",""
"2006053459","","1","0","0","0","0","0","0","0","0","7","0","","02","5","2006","2","40.211389","-79.937834","","11","0","0","0","0","0","0","0","0","3","0","0","0","","","1","","0","","40 12:41.000","5","0","79 56:16.203","8","0","0","0","2204","0","0","0","Y","0","0","0","1","02204","0","","2.0","","1","N","N","","0","","0","0","0","","0","Y","","1","1","0","0","0","1","0","1","0","1","","","","N","","","","","","","","","",""
"2006053462","","1","0","0","0","0","0","0","0","0","1","0","40","02","6","2006","5","40.623889","-79.942208","","11","0","0","1","0","0","1","0","0","1","0","0","0","","","1","","2","","40 37:26.000","5","0","79 56:31.948","8","0","0","0","2217","0","0","0","N","0","0","0","3","02505","0","","1.0","","9","N","N","","1","","0","0","0","","0","N","","2","1","0","0","0","1","0","2","0","2","","","N","Y","4","1","","","N","","Y","","",""
"2006053471","","1","0","0","0","0","0","0","0","0","4","0","","02","6","2006","5","","","","11","0","0","0","0","0","1","0","0","","0","0","0","","","1","","1","","","","0","","8","0","0","0","2203","0","0","0","N","0","0","0","3","02203","0","","1.0","","9","N","N","","0","","0","0","1","","0","","","2","1","0","0","0","1","0","1","0","2","","","","N","","","","","","","","","",""
"2006053505","","1","0","0","0","0","0","0","0","0","4","0","","02","5","2006","7","","","","11","0","0","0","0","0","0","0","0","1","0","0","0","","","0","","1","","","3","0","","0","0","0","0","2304","0","0","0","N","0","0","0","2","02304","0","","1.0","","1","N","N","","1","","0","0","0","","2","N","","2","0","0","0","0","0","0","1","0","2","","","","N","","","","","","","","","",""
"2006053539","","1","0","0","0","0","0","0","0","0","1","0","","02","5","2006","5","40.441667","-80.239124","","11","0","0","1","0","0","0","0","0","","0","0","0","","","0","","1","","40 26:30.000","","0","80 14:20.846","0","0","0","0","2214","0","0","0","N","0","0","0","3","02214","0","","1.0","","9","N","N","","1","","0","0","0","","2","","","2","0","0","0","0","0","0","2","0","2","","","","N","","","","","","","","","",""
"2006053550","","1","0","0","0","0","0","0","0","0","7","0","","02","5","2006","5","","","","11","1","0","0","0","0","0","0","0","","0","0","0","","","0","","0","","","","0","","0","0","0","0","2214","0","0","0","N","0","0","0","1","02214","0","","4.0","","9","N","N","","0","","0","0","0","","0","","","1","0","0","0","0","0","0","1","0","1","","","","N","","","","","","","","","",""
"2006053551","","0","0","0","0","0","0","0","0","0","7","0","","02","5","2006","1","40.421389","-80.201044","","11","1","0","0","0","0","0","0","0","","0","0","0","","","1","","0","","40 25:17.000","","0","80 12:03.757","4","0","0","0","2214","0","0","0","N","0","0","0","1","02214","1","","5.0","","9","N","N","","0","","0","0","1","","0","","","1","1","0","0","0","0","0","1","0","1","","","","N","","","","","","","","","",""
"2006053552","","1","0","0","0","0","0","0","0","0","7","0","","02","5","2006","1","","","","11","0","1","0","0","0","0","0","0","","0","0","0","","","1","","0","","","","0","","4","0","0","0","2214","0","0","0","N","0","0","0","1","02214","1","","4.0","","9","N","N","","0","","0","0","0","","0","","","1","1","0","0","0","0","0","1","0","1","","","","N","","","","","","","","","",""
"2006053553","","2","0","0","0","0","0","0","0","0","4","0","","02","5","2006","2","40.440833","-80.207382","","11","0","1","0","0","0","0","0","0","","0","0","0","","","2","","2","","40 26:27.000","","0","80 12:26.576","4","0","0","0","2214","0","0","0","N","0","0","0","3","02214","1","","1.0","","9","N","N","","0","","0","0","0","","3","","","2","2","0","0","0","1","0","2","0","2","","","","N","","","","","","","","","",""
"2006053557","","1","0","0","0","0","0","0","0","0","2","0","","02","5","2006","2","40.61","-80.053332","","11","0","1","0","0","0","0","0","0","1","0","0","0","","","3","","1","","40 36:36.000","5","0","80 03:11.996","4","0","0","0","2108","0","0","0","N","0","0","0","8","02108","2","","1.0","","9","N","N","","0","","0","0","1","","2","N","","2","3","0","0","0","1","0","2","0","2","","","","N","","","","","","","","","",""
"2006053560","","1","0","0","0","0","0","0","0","0","4","1","","02","3","2006","2","40.457757","-79.819207","","11","0","0","0","0","0","0","1","0","2","0","1","0","","","1","","1","","40 27:27.925","7","0","79 49:09.145","4","0","0","0","2113","0","0","0","N","0","0","0","2","02113","1","","1.0","","1","N","N","","0","","0","0","0","","3","Y","","2","1","1","0","0","0","0","2","0","2","","","","N","","","","","","","","","",""
"2006053563","","2","0","0","0","0","0","0","0","0","4","0","","02","5","2006","4","40.437778","-79.777861","","11","0","1","0","0","0","0","0","1","1","0","0","0","","","1","","0","","40 26:16.000","1","0","79 46:40.301","8","0","0","0","2446","0","0","0","N","0","0","0","2","02446","0","","1.0","","1","N","N","","0","","0","0","0","","0","Y","","2","1","0","0","0","1","0","2","0","2","","","","N","","","","","","","","","",""
"2006053564","","2","0","0","0","0","0","0","0","0","2","0","","02","5","2006","3","40.4585","-79.9994","","11","0","1","1","0","0","0","0","0","1","0","0","0","","","1","","2","","40 27:30.600","2","0","79 59:57.840","4","0","0","0","2301","0","0","0","N","0","0","0","3","02301","1","","7.0","","1","N","N","","0","","0","0","0","","2","Y","","2","1","0","0","0","0","0","2","0","2","","","","N","","","","","","","","","",""
"2006053586","","2","0","0","0","0","0","0","0","0","4","0","","02","5","2006","3","","","","11","0","0","0","0","0","0","0","1","2","0","0","0","","","2","","1","","","4","0","","4","0","0","0","2117","0","0","0","N","0","0","0","2","02117","2","","1.0","","1","N","N","","0","","0","0","0","","2","N","","2","2","0","0","0","0","0","1","0","2","","","","N","","","","","","","","","",""
"2006053593","","1","0","0","0","0","0","0","0","0","5","0","90","02","6","2006","5","40.439","-79.8321","","11","0","0","0","0","0","0","0","0","","0","0","0","","","0","","0","","40 26:20.400","","0","79 49:55.560","0","0","0","0","2419","0","0","0","N","0","0","0","3","02419","0","","1.0","","1","N","","","0","","0","0","0","","0","","","2","0","0","0","0","0","0","2","1","2","","","Y","Y","4","8","","","N","Y","","","",""
"2006053595","","1","0","0","0","0","0","0","0","0","7","0","","02","5","2006","6","40.514722","-80.007554","","11","0","1","0","0","0","0","0","0","","0","0","0","","","2","","0","","40 30:53.000","","0","80 00:27.194","4","0","0","0","2116","0","0","0","N","0","0","0","2","02116","2","","5.0","","9","N","N","","0","","0","0","0","","0","","","1","2","0","0","0","0","0","2","0","1","","","","N","","","","","","","","","",""
"2006053598","","1","0","0","0","0","0","0","0","0","7","0","","02","6","2006","6","40.360806","-79.95681","","11","0","0","0","0","0","0","0","0","2","0","0","0","","","1","","0","","40 21:38.901","5","0","79 57:24.516","8","0","0","0","2476","0","0","0","N","0","0","0","1","02476","0","","5.0","","9","N","N","","0","","0","0","0","","0","Y","","1","1","0","0","0","1","0","2","0","1","","","","N","","","","","","","","","",""
"2006053603","","2","0","0","0","0","0","0","0","0","1","0","","02","6","2006","6","40.618056","-79.945408","","11","0","0","0","1","0","0","0","0","1","0","0","0","","","3","","0","","40 37:05.000","2","0","79 56:43.470","4","0","0","0","2217","0","0","0","N","0","0","0","3","02505","3","","1.0","","9","N","N","","0","","0","0","0","","0","N","","2","3","0","0","0","0","0","2","0","2","","","","N","","","","","","","","","",""
"2006053604","","1","0","0","0","0","0","0","0","0","7","0","","02","6","2006","6","","","","11","0","0","0","0","0","1","0","0","1","0","0","0","","","1","","0","","","2","0","","8","0","0","0","2208","0","0","0","Y","0","0","0","1","02208","0","","2.0","","9","N","N","","0","","0","0","0","","0","N","","1","1","0","0","0","1","0","1","0","1","","","","N","","","","","","","","","",""
"2006053611","","2","0","0","0","0","0","0","0","0","1","0","25","02","6","2006","6","40.5143","-79.9519","","11","0","0","0","0","0","1","0","0","","0","0","0","","","2","","0","","40 30:51.480","","0","79 57:06.840","8","0","0","0","2118","0","0","0","N","0","0","0","4","02118","0","","1.0","","9","N","N","","1","","0","0","0","","0","","","3","2","0","0","0","2","0","2","0","3","","","Y","Y","3","1","","","Y","Y","Y","","",""
"2006053616","","4","0","0","0","0","0","0","0","0","4","0","","02","6","2006","5","","","","11","0","0","0","0","0","1","0","0","1","0","0","0","","","2","","2","","","2","0","","4","0","0","0","2216","0","0","0","N","0","0","0","5","02505","2","","1.0","","9","N","N","","0","","0","0","0","","0","N","","4","2","0","0","0","0","0","1","0","4","","","","N","","","","","","","","","",""
"2006053617","","2","0","0","0","0","0","0","0","0","7","0","","02","6","2006","6","","","","11","0","0","0","0","0","1","0","0","","0","0","0","","","0","","2","","","","0","","0","0","0","0","2476","0","0","0","N","0","0","0","3","02476","0","","4.0","","9","N","N","","0","","0","0","0","","0","","","2","0","0","0","0","0","0","1","0","2","","","","N","","","","","","","","","",""
"2006053620","","0","0","0","0","0","0","0","0","0","7","0","","02","5","2006","6","40.544114","-80.232456","","11","0","0","0","0","0","0","0","0","1","0","0","0","","","0","","0","","40 32:38.812","6","0","80 13:56.840","0","0","0","0","2213","0","0","0","N","0","0","0","1","02213","0","","5.0","","9","N","N","","1","","0","0","0","","0","Y","","1","0","1","0","0","0","0","2","0","1","","","","N","","","","","","","","","",""
"2006053621","","0","0","0","0","0","0","0","0","0","7","0","","02","5","2006","2","40.342344","-80.023403","","11","0","0","0","0","0","0","0","0","","0","0","0","","","0","","0","","40 20:32.438","","0","80 01:24.250","0","0","0","0","2407","0","0","0","N","0","0","0","1","02407","0","","4.0","","1","N","N","","1","","0","0","0","","0","","","1","0","0","0","0","0","0","2","0","1","","","","N","","","","","","","","","",""
"2006053622","","3","0","0","0","0","0","0","0","0","1","0","","02","5","2006","1","40.327775","-80.024458","","11","0","0","0","0","0","0","0","0","","0","0","0","","","2","","0","","40 19:39.991","","0","80 01:28.050","4","0","0","0","2407","0","0","0","N","0","0","0","5","02407","1","","1.0","","1","N","N","","0","","0","0","0","","0","","","3","2","1","0","0","1","1","2","0","3","","","","N","","","","","","","","","",""
"2006053652","","2","0","0","0","0","0","0","0","0","2","0","","02","6","2006","5","40.612453","-79.901951","","11","0","0","0","0","1","0","0","0","1","0","0","0","","","1","","0","","40 36:44.830","1","0","79 54:07.023","4","0","0","0","2220","0","0","0","N","0","0","0","2","02220","1","","1.0","","9","N","N","","0","","0","0","0","","0","N","","2","1","1","0","0","0","0","2","0","2","","","","N","","","","","","","","","",""
"2006053663","","1","0","0","0","0","0","0","0","0","4","0","","02","5","2006","2","40.655278","-80.010231","","11","0","1","0","0","0","0","0","0","","0","0","0","","","0","","2","","40 39:19.000","","0","80 00:36.833","0","0","0","0","2216","0","0","0","N","0","0","0","2","02505","0","","1.0","","1","N","N","","0","","0","0","1","","3","","","2","0","0","0","0","0","0","1","0","2","","","","N","","","","","","","","","",""
"2006053664","","3","0","0","0","0","0","0","0","0","4","0","","02","5","2006","6","40.621667","-80.054278","","11","0","0","0","0","0","1","0","0","","0","0","0","","","0","","1","","40 37:18.000","","0","80 03:15.402","0","0","0","0","2216","0","0","0","N","0","0","0","3","02505","0","","1.0","","1","N","N","","0","","0","0","0","","2","","","3","0","0","0","0","0","0","1","0","3","","","","N","","","","","","","","","",""
"2006053666","","1","0","0","0","0","0","0","0","0","4","1","","02","5","2006","3","","","","11","0","0","0","0","0","1","0","0","","0","1","0","","","0","","2","","","","0","","0","0","0","0","2301","0","0","0","N","0","0","0","2","02301","0","","1.0","","9","N","N","","0","","0","0","0","","2","","","2","0","1","0","0","0","0","1","0","2","","","","N","","","","","","","","","",""
"2006053667","","2","0","0","0","0","0","0","0","0","4","0","","02","5","2006","6","40.438034","-79.920262","","11","0","0","0","0","0","0","1","0","1","0","1","0","","","0","","0","","40 26:16.922","7","0","79 55:12.943","0","0","0","0","2301","0","0","0","N","0","0","0","2","02301","0","","1.0","","1","N","N","","0","","0","0","0","","0","N","","3","0","0","0","0","0","0","2","0","3","","","","N","","","","","","","","","",""
"2006053668","","1","0","0","0","0","0","0","0","0","7","0","","02","5","2006","1","","","","11","0","0","0","0","0","0","0","0","","0","0","0","","","1","","0","","","","0","","4","0","0","0","2301","0","0","0","N","0","0","0","1","02301","1","","2.0","","9","N","N","","0","","0","0","0","","0","","","1","1","0","0","0","0","0","1","0","1","","","","N","","","","","","","","","",""
"2006053669","","2","0","0","0","0","0","0","0","0","4","0","","02","5","2006","4","40.471046","-79.924952","","11","0","0","0","0","0","0","0","0","","0","0","0","","","1","","1","","40 28:15.765","","0","79 55:29.827","4","0","0","0","2301","0","0","0","N","0","0","0","1","02301","1","","4.0","","1","N","N","","0","","0","0","0","","0","","","2","1","1","0","0","0","0","2","0","2","","","","N","","","","","","","","","",""
"2006053670","","1","0","0","0","0","0","0","0","0","1","0","","02","5","2006","2","40.4408","-80.0077","","11","0","0","0","0","0","2","0","0","2","0","0","0","","","1","","0","","40 26:26.880","6","2","80 00:27.720","8","0","0","0","2301","0","0","0","N","0","0","0","2","02301","0","","1.0","","9","N","N","","1","","0","0","0","","0","Y","","2","1","0","0","0","1","0","2","0","2","","","","N","","","","","","","","","",""
"2006053671","","1","0","0","0","0","0","0","0","0","7","0","","02","5","2006","1","","","","11","0","0","0","0","0","0","0","0","","0","0","0","","","0","","1","","","","0","","0","0","0","0","2301","0","0","0","N","0","0","0","1","02301","0","","4.0","","1","N","N","","0","","0","0","0","","0","","","1","0","0","0","0","0","0","1","0","1","","","","N","","","","","","","","","",""
"2006053672","","1","0","0","0","0","0","0","0","0","4","0","","02","5","2006","3","40.483688","-80.035617","","11","0","0","0","0","0","1","0","0","1","0","0","0","","","1","","2","","40 29:01.276","5","0","80 02:08.221","3","0","0","0","2301","0","0","0","N","0","0","0","2","02301","0","","1.0","","9","N","N","","1","","1","0","0","","3","Y","","2","1","0","0","0","0","0","2","0","2","","","","N","","","","","","","","","",""
"2006053673","","2","0","0","0","0","0","0","0","0","2","0","","02","5","2006","3","40.44023","-80.034371","","11","0","0","0","0","0","0","0","0","2","0","0","0","","","0","","2","","40 26:24.828","1","0","80 02:03.735","9","0","0","0","2301","0","0","0","N","0","0","0","3","02301","0","","1.0","","9","N","N","","0","","0","0","0","","0","N","","2","0","0","0","0","0","3","2","0","2","","","","N","","","","","","","","","",""
"2006053674","","4","0","0","0","0","0","0","0","0","1","0","","02","5","2006","4","40.4124","-80.0105","","11","0","0","0","0","0","2","0","0","","0","0","0","","","1","","0","","40 24:44.640","","4","80 00:37.800","4","0","0","0","2301","0","0","0","N","0","0","0","4","02301","1","","1.0","","9","N","N","","0","","0","0","0","","0","","","4","1","0","0","0","0","0","2","0","4","","","","N","","","","","","","","","",""
"2006053675","","1","0","0","0","0","0","0","0","0","7","0","","02","5","2006","7","","","","11","0","1","0","0","0","0","0","0","","0","0","0","","","0","","0","","","","0","","0","0","0","0","2301","0","0","0","N","0","0","0","2","02301","0","","2.0","","1","N","N","","0","","0","0","0","","0","","","1","0","1","0","0","0","0","1","0","1","","","","N","","","","","","","","","",""
"2006053676","","0","0","0","0","0","0","0","0","0","5","0","","02","5","2006","3","40.435833","-79.978646","","11","0","0","0","0","0","0","0","0","1","0","0","0","","","0","","2","","40 26:09.000","4","0","79 58:43.126","0","0","0","0","2301","0","0","0","N","0","0","0","5","02301","0","","1.0","","9","N","N","","1","","0","0","1","","3","N","","3","0","0","0","0","0","0","2","1","3","","","","N","","","","","","","","","",""