"CRN","ARRIVAL_TM","AUTOMOBILE_COUNT","BELTED_DEATH_COUNT","BELTED_SUSP_SERIOUS_INJ_COUNT","BICYCLE_COUNT","BICYCLE_DEATH_COUNT","BICYCLE_SUSP_SERIOUS_INJ_COUNT","BUS_COUNT","CHLDPAS_DEATH_COUNT","CHLDPAS_SUSP_SERIOUS_INJ_COUNT","COLLISION_TYPE","COMM_VEH_COUNT","CONS_ZONE_SPD_LIM","COUNTY","CRASH_MONTH","CRASH_YEAR","DAY_OF_WEEK","DEC_LATITUDE","DEC_LONGITUDE","DISPATCH_TM","DISTRICT","DRIVER_COUNT_16YR","DRIVER_COUNT_17YR","DRIVER_COUNT_18YR","DRIVER_COUNT_19YR","DRIVER_COUNT_20YR","DRIVER_COUNT_50_64YR","DRIVER_COUNT_65_74YR","DRIVER_COUNT_75PLUS","EST_HRS_CLOSED","FATAL_COUNT","HEAVY_TRUCK_COUNT","HORSE_BUGGY_COUNT","HOUR_OF_DAY","ILLUMINATION","INJURY_COUNT","INTERSECTION_RELATED","INTERSECT_TYPE","LANE_CLOSED","LATITUDE","LN_CLOSE_DIR","LOCATION_TYPE","LONGITUDE","MAX_SEVERITY_LEVEL","MCYCLE_DEATH_COUNT","MCYCLE_SUSP_SERIOUS_INJ_COUNT","MOTORCYCLE_COUNT","MUNICIPALITY","NONMOTR_COUNT","NONMOTR_DEATH_COUNT","NONMOTR_SUSP_SERIOUS_INJ_COUNT","NTFY_HIWY_MAINT","PED_COUNT","PED_DEATH_COUNT","PED_SUSP_SERIOUS_INJ_COUNT","PERSON_COUNT","POLICE_AGCY","POSSIBLE_INJ_COUNT","RDWY_SURF_TYPE_CD","RELATION_TO_ROAD","ROADWAY_CLEARED","ROAD_CONDITION","SCH_BUS_IND","SCH_ZONE_IND","SECONDARY_CRASH","SMALL_TRUCK_COUNT","SPEC_JURIS_CD","SUSP_MINOR_INJ_COUNT","SUSP_SERIOUS_INJ_COUNT","SUV_COUNT","TCD_FUNC_CD","TCD_TYPE","TFC_DETOUR_IND","TIME_OF_DAY","TOTAL_UNITS","TOT_INJ_COUNT","UNBELTED_OCC_COUNT","UNB_DEATH_COUNT","UNB_SUSP_SERIOUS_INJ_COUNT","UNK_INJ_DEG_COUNT","UNK_INJ_PER_COUNT","URBAN_RURAL","VAN_COUNT","VEHICLE_COUNT","WEATHER1","WEATHER2","WORKERS_PRES","WORK_ZONE_IND","WORK_ZONE_LOC","WORK_ZONE_TYPE","WZ_CLOSE_DETOUR","WZ_FLAGGER","WZ_LAW_OFFCR_IND","WZ_LN_CLOSURE","WZ_MOVING","WZ_OTHER","WZ_SHLDER_MDN","WZ_WORKERS_INJ_KILLED"
"2006054810","","0","0","0","0","0","0","0","0","0","1","0","","02","6","2006","2","40.343333","-79.970066","","11","0","0","0","0","0","0","1","1","","0","0","0","","","0","","2","","40 20:36.000","","0","79 58:12.237","0","0","0","0","2403","0","0","0","N","0","0","0","2","02403","0","","1.0","","1","N","N","","0","","0","0","2","","0","","","2","0","0","0","0","0","0","2","0","2","","","","N","","","","","","","","","",""
"2006054822","","1","0","0","0","0","0","0","0","0","1","0","","02","6","2006","1","","","","11","0","0","0","0","1","0","0","0","","0","0","0","","","1","","0","","","","0","","4","0","0","0","2428","0","0","0","N","0","0","0","2","02428","1","","1.0","","9","N","N","","1","","0","0","0","","0","","","2","1","0","0","0","0","0","1","0","2","","","","N","","","","","","","","","",""
"2006054827","","2","0","0","0","0","0","0","0","0","5","0","","02","6","2006","2","40.418333","-80.045671","","11","0","1","0","0","0","0","1","0","","0","0","0","","","0","","0","","40 25:06.000","","0","80 02:44.416","0","0","0","0","2435","0","0","0","N","0","0","0","3","02435","0","","1.0","","1","N","N","","0","","0","0","0","","8","","","2","0","0","0","0","0","0","2","0","2","","","","N","","","","","","","","","",""
"2006054829","","1","0","0","0","0","0","0","0","0","1","0","","02","6","2006","2","40.5282","-79.8493","","11","0","0","0","0","0","0","0","0","2","0","0","0","","","0","","0","","40 31:41.520","4","3","79 50:57.480","0","0","0","0","2208","0","0","0","N","0","0","0","2","02208","0","","1.0","","1","N","N","","1","","0","0","0","","0","N","","2","0","0","0","0","0","0","2","0","2","","","","N","","","","","","","","","",""
"2006054832","","2","0","0","0","0","0","0","0","0","1","0","","02","6","2006","2","40.5281","-79.8491","","11","0","0","0","0","1","0","0","0","2","0","0","0","","","0","","0","","40 31:41.160","4","3","79 50:56.760","0","0","0","0","2208","0","0","0","N","0","0","0","3","02208","0","","1.0","","1","N","N","","0","","0","0","0","","0","N","","2","0","1","0","0","0","0","2","0","2","","","","N","","","","","","","","","",""
"2006054843","","1","0","0","0","0","0","0","0","0","7","0","","02","6","2006","5","40.400072","-79.886742","","11","0","0","0","0","0","0","0","0","","0","0","0","","","0","","0","","40 24:00.258","","0","79 53:12.271","0","0","0","0","2475","0","0","0","N","0","0","0","2","02475","0","","5.0","","1","N","N","","0","","0","0","0","","0","","","1","0","0","0","0","0","0","2","0","1","","","","N","","","","","","","","","",""
"2006054888","","3","0","0","0","0","0","0","0","0","1","0","","02","5","2006","2","40.3993","-79.9217","","11","0","0","0","0","0","0","0","0","2","0","0","0","","","0","","0","","40 23:57.480","5","0","79 55:18.120","0","0","0","0","2472","0","0","0","N","0","0","0","1","02472","0","","6.0","","9","N","N","","0","","0","0","0","","0","Y","","3","0","0","0","0","0","0","2","0","3","","","","N","","","","","","","","","",""
"2006054889","","0","0","0","0","0","0","0","0","0","7","0","","02","5","2006","5","40.44796","-79.947695","","11","0","0","0","0","0","0","0","0","","0","0","0","","","1","","2","","40 26:52.656","","0","79 56:51.702","4","0","0","0","2301","0","0","0","N","0","0","0","2","02301","1","","4.0","","9","N","N","","1","","0","0","0","","3","","","1","1","0","0","0","0","0","2","0","1","","","","N","","","","","","","","","",""
"2006054890","","1","0","0","0","0","0","0","0","0","7","0","","02","5","2006","7","40.445597","-79.931144","","11","0","0","0","0","0","0","0","0","2","0","0","0","","","0","","0","","40 26:44.149","3","0","79 55:52.118","0","0","0","0","2301","0","0","0","N","0","0","0","2","02301","0","","5.0","","1","N","N","","0","","0","0","0","","0","Y","","1","0","0","0","0","0","0","2","0","1","","","","N","","","","","","","","","",""
"2006054891","","2","0","0","0","0","0","0","0","0","4","0","","02","5","2006","6","","","","11","0","0","0","0","1","0","0","0","1","0","0","0","","","0","","1","","","1","0","","0","0","0","0","2301","0","0","0","N","0","0","0","2","02301","0","","1.0","","9","N","N","","0","","0","0","0","","3","N","","2","0","0","0","0","0","0","1","0","2","","","","N","","","","","","","","","",""
"2006054892","","1","0","0","0","0","0","0","0","0","4","0","","02","5","2006","2","","","","11","0","0","0","0","0","1","0","0","1","0","0","0","","","1","","1","","","4","0","","8","0","0","0","2301","0","0","0","N","0","0","0","2","02301","0","","1.0","","1","N","N","","0","","0","0","0","","2","Y","","2","1","0","0","0","1","0","1","1","2","","","","N","","","","","","","","","",""
"2006054893","","1","0","0","0","0","0","0","0","0","7","0","","02","5","2006","7","","","","11","0","0","0","0","0","0","0","0","","0","0","0","","","1","","1","","","","0","","4","0","0","0","2301","0","0","0","N","0","0","0","2","02301","1","","4.0","","9","N","N","","0","","0","0","0","","3","","","1","1","0","0","0","0","0","1","0","1","","","","N","","","","","","","","","",""
"2006054894","","1","0","0","0","0","0","0","0","0","7","0","","02","5","2006","6","40.46611","-79.950981","","11","0","0","0","0","0","1","0","0","2","0","0","0","","","1","","0","","40 27:57.996","6","0","79 57:03.531","8","0","0","0","2301","0","0","0","N","0","0","0","1","02301","0","","5.0","","9","N","N","","0","","0","0","0","","0","Y","","1","1","0","0","0","1","0","2","0","1","","","","N","","","","","","","","","",""
"2006054895","","2","0","0","0","0","0","0","0","0","4","0","","02","5","2006","4","","","","11","0","0","0","0","0","1","0","0","2","0","0","0","","","0","","1","","","3","0","","0","0","0","0","2301","0","0","0","N","0","0","0","2","02301","0","","1.0","","9","N","N","","0","","0","0","0","","2","N","","2","0","0","0","0","0","0","1","0","2","","","","N","","","","","","","","","",""
"2006054896","","1","0","0","0","0","0","0","0","0","4","0","","02","5","2006","5","40.453889","-79.912355","","11","0","0","0","0","1","1","0","0","1","0","0","0","","","2","","1","","40 27:14.000","4","0","79 54:44.478","8","0","0","0","2301","0","0","0","N","0","0","0","4","02301","0","","1.0","","1","N","N","","1","","0","0","0","","2","N","","2","2","0","0","0","2","0","2","0","2","","","","N","","","","","","","","","",""
"2006054897","","1","0","0","0","0","0","0","0","0","7","0","","02","5","2006","5","40.4576","-79.9876","","11","0","0","0","0","0","0","0","0","","0","0","0","","","0","","0","","40 27:27.360","","0","79 59:15.360","0","0","0","0","2301","0","0","0","N","0","0","0","1","02301","0","","2.0","","9","N","N","","0","","0","0","0","","0","","","1","0","0","0","0","0","0","2","0","1","","","","N","","","","","","","","","",""
"2006054898","","2","0","0","0","0","0","0","0","0","4","0","","02","5","2006","6","40.454167","-79.996914","","11","0","0","0","0","0","0","0","0","1","0","0","0","","","0","","1","","40 27:15.000","4","2","79 59:48.892","0","0","0","0","2301","0","0","0","N","0","0","0","2","02301","0","","1.0","","1","N","N","","0","","0","0","0","","2","N","","2","0","0","0","0","0","0","2","0","2","","","","N","","","","","","","","","",""
"2006054899","","2","0","0","0","0","0","0","0","0","4","0","","02","5","2006","1","40.490003","-80.015707","","11","0","0","0","0","0","0","0","0","","0","0","0","","","0","","2","","40 29:24.010","","0","80 00:56.545","0","0","0","0","2301","0","0","0","N","0","0","0","2","02301","0","","1.0","","1","N","N","","0","","0","0","0","","3","","","2","0","0","0","0","0","0","2","0","2","","","","N","","","","","","","","","",""
"2006054900","","0","0","0","0","0","0","0","0","0","4","0","","02","5","2006","2","40.413472","-80.042753","","11","0","0","0","0","0","0","0","0","1","0","0","0","","","2","","1","","40 24:48.499","7","0","80 02:33.910","4","0","0","0","2301","0","0","0","N","0","0","0","4","02301","1","","1.0","","9","N","N","","1","","0","0","1","","3","Y","","2","2","0","0","0","1","0","2","0","2","","","","N","","","","","","","","","",""
"2006054901","","2","0","0","0","0","0","0","0","0","1","0","","02","5","2006","2","","","","11","0","0","0","0","0","0","0","0","2","0","0","0","","","0","","0","","","7","0","","0","0","0","0","2301","0","0","0","N","0","0","0","1","02301","0","","6.0","","1","N","N","","0","","0","0","0","","0","Y","","2","0","0","0","0","0","0","1","0","2","","","","N","","","","","","","","","",""
"2006054902","","1","0","0","0","0","0","0","0","0","7","0","","02","5","2006","6","40.433889","-80.007339","","11","0","0","0","0","0","0","0","0","","0","0","0","","","0","","0","","40 26:02.000","","0","80 00:26.419","0","0","0","0","2301","0","0","0","N","0","0","0","2","02301","0","","2.0","","9","N","N","","0","","0","0","0","","0","","","1","0","0","0","0","0","0","2","0","1","","","","N","","","","","","","","","",""
"2006054903","","1","0","0","0","0","0","0","0","0","1","0","","02","5","2006","4","40.416389","-79.955967","","11","0","0","0","1","0","0","0","0","","0","0","0","","","0","","0","","40 24:59.000","","0","79 57:21.480","0","0","0","0","2301","0","0","0","N","0","0","0","4","02301","0","","1.0","","9","N","N","","0","","0","0","0","","0","","","2","0","0","0","0","0","0","2","1","2","","","","N","","","","","","","","","",""
"2006054904","","2","0","0","0","0","0","0","0","0","1","0","","02","5","2006","5","40.430278","-80.053451","","11","0","0","0","0","0","1","0","0","","0","0","0","","","0","","0","","40 25:49.000","","0","80 03:12.424","0","0","0","0","2301","0","0","0","N","0","0","0","2","02301","0","","1.0","","9","N","N","","0","","0","0","0","","0","","","2","0","0","0","0","0","0","2","0","2","","","","N","","","","","","","","","",""
"2006054905","","1","0","0","0","0","0","0","0","0","5","0","","02","5","2006","4","40.398889","-80.025197","","11","0","0","0","0","0","0","0","0","","0","0","0","","","0","","0","","40 23:56.000","","0","80 01:30.708","0","0","0","0","2301","0","0","0","N","0","0","0","3","02301","0","","1.0","","9","N","N","","0","","0","0","2","","0","","","3","0","0","0","0","0","0","2","0","3","","","","N","","","","","","","","","",""
"2006054906","","2","0","0","0","0","0","0","0","0","6","0","","02","5","2006","5","40.43807","-80.03808","","11","0","0","0","0","0","0","1","0","","0","0","0","","","0","","1","","40 26:17.052","","0","80 02:17.088","0","0","0","0","2301","0","0","0","N","0","0","0","3","02301","0","","1.0","","1","N","N","","0","","0","0","0","","0","","","2","0","0","0","0","0","0","2","0","2","","","","N","","","","","","","","","",""
"2006054907","","1","0","0","0","0","0","0","0","0","1","0","","02","5","2006","6","40.406694","-79.992348","","11","0","0","0","0","0","0","0","0","","0","0","0","","","0","","0","","40 24:24.098","","0","79 59:32.452","0","0","0","0","2301","0","0","0","N","0","0","0","6","02301","0","","1.0","","1","N","N","","1","","0","0","0","","0","","","2","0","0","0","0","0","0","2","0","2","","","","N","","","","","","","","","",""
"2006054908","","2","0","0","0","0","0","0","0","0","5","0","","02","5","2006","7","40.381944","-79.995946","","11","0","0","0","0","0","0","0","0","","0","0","0","","","0","","0","","40 22:55.000","","0","79 59:45.407","0","0","0","0","2301","0","0","0","N","0","0","0","1","02301","0","","1.0","","9","N","N","","0","","0","0","0","","0","","","3","0","0","0","0","0","0","2","0","3","","","","N","","","","","","","","","",""
"2006054909","","1","0","0","0","0","0","0","0","0","7","0","","02","5","2006","1","40.429167","-79.999132","","11","0","0","0","0","0","0","0","0","","0","0","0","","","0","","1","","40 25:45.000","","3","79 59:56.876","0","0","0","0","2301","0","0","0","N","0","0","0","2","02301","0","","2.0","","1","N","N","","0","","0","0","0","","2","","","1","0","1","0","0","0","0","2","0","1","","","","N","","","","","","","","","",""
"2006054910","","2","0","0","0","0","0","0","0","0","2","0","","02","5","2006","1","40.428611","-79.988396","","11","0","0","0","0","0","0","0","0","","0","0","0","","","4","","1","","40 25:43.000","","0","79 59:18.225","8","0","0","0","2301","0","0","0","N","0","0","0","4","02301","0","","1.0","","1","N","N","","0","","0","0","0","","2","","","2","4","2","0","0","4","0","2","0","2","","","","N","","","","","","","","","",""
"2006054911","","2","0","0","0","0","0","0","0","0","1","0","","02","5","2006","6","","","","11","0","0","0","0","0","0","0","0","2","0","0","0","","","0","","1","","","3","0","","0","0","0","0","2301","0","0","0","N","0","0","0","3","02301","0","","1.0","","9","N","N","","0","","0","0","0","","2","N","","2","0","0","0","0","0","0","1","0","2","","","","N","","","","","","","","","",""
"2006054912","","2","0","0","0","0","0","0","0","0","4","0","","02","5","2006","2","40.446944","-79.895134","","11","0","0","0","0","0","1","1","0","","0","0","0","","","0","","1","","40 26:49.000","","0","79 53:42.481","0","0","0","0","2301","0","0","0","N","0","0","0","2","02301","0","","1.0","","9","N","N","","0","","0","0","0","","2","","","2","0","0","0","0","0","0","2","0","2","","","","N","","","","","","","","","",""
"2006054913","","2","0","0","0","0","0","0","0","0","6","0","","02","5","2006","2","40.438302","-79.933548","","11","0","0","0","1","0","0","0","0","","0","0","0","","","0","","2","","40 26:17.887","","0","79 56:00.772","0","0","0","0","2301","0","0","0","N","0","0","0","2","02301","0","","1.0","","1","N","N","","0","","0","0","0","","0","","","2","0","0","0","0","0","0","2","0","2","","","","N","","","","","","","","","",""
"2006054914","","1","0","0","0","0","0","0","0","0","7","0","","02","5","2006","7","","","","11","0","0","0","0","0","0","0","0","","0","0","0","","","1","","0","","","","0","","4","0","0","0","2301","0","0","0","N","0","0","0","2","02301","1","","5.0","","1","N","N","","0","","0","0","0","","0","","","1","1","0","0","0","0","0","1","0","1","","","","N","","","","","","","","","",""
"2006054916","","2","0","0","0","0","0","0","0","0","4","0","","02","5","2006","6","","","","11","0","0","0","0","0","1","0","0","","0","0","0","","","1","","0","","","","0","","8","0","0","0","2301","0","0","0","N","0","0","0","1","02301","0","","6.0","","1","N","N","","0","","0","0","0","","0","","","2","1","0","0","0","1","0","1","0","2","","","","N","","","","","","","","","",""
"2006054917","","0","0","0","0","0","0","0","0","0","8","0","","02","5","2006","1","40.442133","-79.880092","","11","0","0","0","0","0","0","0","0","1","0","0","0","","","2","","0","","40 26:31.679","5","0","79 52:48.330","3","0","0","0","2301","2","0","0","N","2","0","0","3","02301","0","","1.0","","1","N","N","","0","","2","0","1","","0","N","","3","2","0","0","0","0","0","2","0","1","","","","N","","","","","","","","","",""
"2006055000","","1","0","0","0","0","0","0","0","0","4","0","35","02","6","2006","3","","","","11","0","0","0","0","0","0","0","0","","0","0","0","","","0","","3","","40 26:31.92","","0","79 50:15.36","0","0","0","0","2419","0","0","0","N","0","0","0","2","02419","0","","1.0","","1","N","N","","0","","0","0","1","","0","","","2","0","0","0","0","0","0","2","0","2","","","Y","Y","2","1","","","N","","Y","","",""
"2006055046","","0","0","0","0","0","0","0","0","0","4","0","","02","5","2006","6","","","","11","0","0","0","0","0","1","0","0","","0","0","0","","","0","","2","","","","0","","0","0","0","0","2119","0","0","0","N","0","0","0","1","02119","0","","1.0","","1","N","N","","0","","0","0","2","","0","","","3","0","0","0","0","0","0","1","1","3","","","","N","","","","","","","","","",""
"2006055047","","3","0","0","0","0","0","0","0","0","4","0","","02","5","2006","3","40.3552","-80.1161","","11","0","0","1","0","0","1","0","0","","0","0","0","","","0","","2","","40 21:18.720","","0","80 06:57.960","9","0","0","0","2119","0","0","0","N","0","0","0","3","02119","0","","1.0","","1","N","N","","0","","0","0","0","","4","","","3","0","0","0","0","0","3","2","0","3","","","","N","","","","","","","","","",""
"2006055052","","0","0","0","0","0","0","0","0","0","7","0","","02","5","2006","3","40.390217","-80.052551","","11","0","0","0","0","0","0","0","0","","0","0","0","","","0","","0","","40 23:24.781","","0","80 03:09.183","0","0","0","0","2109","0","0","0","N","0","0","0","1","02109","0","","5.0","","9","N","N","","0","","0","0","1","","0","","","1","0","0","0","0","0","0","2","0","1","","","","N","","","","","","","","","",""
"2006055115","","1","0","0","0","0","0","0","0","0","2","0","","02","4","2006","4","40.3158","-79.8318","","11","0","0","0","0","0","0","1","0","1","0","0","0","","","1","","0","","40 18:56.880","2","0","79 49:54.480","4","0","0","0","2304","0","0","0","N","0","0","0","2","02304","1","","1.0","","1","N","N","","1","","0","0","0","","0","N","","2","1","0","0","0","0","0","2","0","2","","","","N","","","","","","","","","",""
"2006055131","","1","0","0","0","0","0","0","0","0","7","0","","02","6","2006","5","40.558384","-80.095758","","11","0","0","0","0","0","0","0","0","1","0","0","0","","","1","","2","","40 33:30.182","3","0","80 05:44.728","4","0","0","0","2215","0","0","0","N","0","0","0","1","02215","1","","5.0","","1","N","N","","0","","0","0","0","","0","N","","1","1","0","0","0","0","0","2","0","1","","","","N","","","","","","","","","",""
"2006055225","","0","0","0","0","0","0","0","0","0","7","0","","02","6","2006","2","40.522222","-79.959837","","11","0","0","0","0","0","0","0","0","3","0","0","0","","","2","","0","","40 31:20.000","5","0","79 57:35.413","3","0","0","0","2118","0","0","0","N","0","0","0","2","02118","0","","5.0","","1","N","N","","0","","2","0","1","","0","Y","","2","2","2","0","0","0","0","2","1","2","","","","N","","","","","","","","","",""
"2006055295","","2","0","0","0","0","0","0","0","0","4","0","","02","6","2006","1","40.3243","-79.9436","","11","0","1","0","0","0","0","0","0","","0","0","0","","","1","","0","","40 19:27.480","","0","79 56:36.960","4","0","0","0","2454","0","0","0","N","0","0","0","2","02454","1","","1.0","","1","N","N","","0","","0","0","0","","2","","","2","1","0","0","0","0","0","2","0","2","","","","N","","","","","","","","","",""
"2006055333","","1","0","0","0","0","0","0","0","0","1","1","","02","6","2006","3","","","","11","0","0","0","0","0","0","1","0","1","0","1","0","","","0","","0","","","2","0","","0","0","0","0","2126","0","0","0","N","0","0","0","2","02126","0","","1.0","","1","N","N","","0","","0","0","0","","0","N","","2","0","0","0","0","0","0","1","0","2","","","","N","","","","","","","","","",""
"2006055334","","1","0","0","0","0","0","0","0","0","4","0","","02","6","2006","3","40.520823","-80.025258","","11","0","0","0","0","0","0","0","0","","0","0","0","","","0","","1","","40 31:14.962","","0","80 01:30.930","0","0","0","0","2474","0","0","0","N","0","0","0","3","02474","0","","1.0","","9","N","N","","1","","0","0","0","","2","","","2","0","0","0","0","0","0","2","0","2","","","","N","","","","","","","","","",""
"2006055458","","2","0","0","0","0","0","0","0","0","4","0","","02","6","2006","3","40.3294","-79.9451","","11","0","0","0","0","0","1","0","0","1","0","0","0","","","1","","0","","40 19:45.840","2","0","79 56:42.360","4","0","0","0","2454","0","0","0","N","0","0","0","5","02454","1","","1.0","","9","N","N","","0","","0","0","0","","3","Y","","2","1","0","0","0","0","0","2","0","2","","","","N","","","","","","","","","",""
"2006055487","","1","0","0","0","0","0","0","0","0","4","0","","02","5","2006","4","40.340027","-79.82677","","11","0","0","0","0","0","1","0","0","","0","0","0","","","1","","1","","40 20:24.097","","0","79 49:36.372","8","0","0","1","2304","0","0","0","N","0","0","0","2","02304","0","","1.0","","1","N","N","","0","","0","0","0","","2","","","2","1","0","0","0","1","0","2","0","2","","","","N","","","","","","","","","",""
"2006055779","","1","0","0","0","0","0","0","0","0","7","0","","02","6","2006","1","40.339276","-79.964239","","11","0","0","0","0","0","0","0","0","","0","0","0","","","0","","0","","40 20:21.393","","0","79 57:51.260","0","0","0","0","2454","0","0","0","N","0","0","0","1","02454","0","","4.0","","1","N","N","","0","","0","0","0","","0","","","1","0","0","0","0","0","0","2","0","1","","","","N","","","","","","","","","",""
"2006056082","","3","0","0","0","0","0","0","0","0","4","0","","02","6","2006","3","40.496111","-79.976872","","11","1","0","0","0","0","0","0","0","1","0","0","0","","","2","","1","","40 29:46.000","2","0","79 58:36.740","8","0","0","0","2118","0","0","0","N","0","0","0","4","02118","0","","1.0","","1","N","N","","0","","0","0","0","","3","N","","3","2","0","0","0","2","0","2","0","3","","","","N","","","","","","","","","",""
"2006056178","","2","0","0","0","0","0","0","0","0","1","0","","02","5","2006","2","40.356667","-80.119888","1615","11","0","0","0","0","0","0","0","0","","0","0","0","","","0","","0","","40 21:24.000","","0","80 07:11.596","0","0","0","0","2119","0","0","0","N","0","0","0","4","02119","0","","1.0","","9","N","N","","0","","0","0","0","","0","","","2","0","0","0","0","0","0","2","0","2","","","","N","","","","","","","","","",""
"2006056199","","2","0","0","0","0","0","0","0","0","1","0","","02","5","2006","7","40.4882","-79.8261","1506","11","0","0","0","0","0","1","1","0","1","0","0","0","","","2","","0","","40 29:17.520","1","0","79 49:33.960","4","0","0","0","2113","0","0","0","N","0","0","0","3","02113","2","","1.0","","1","N","N","","0","","0","0","0","","0","N","","2","2","0","0","0","0","0","2","0","2","","","","N","","","","","","","","","",""
"2006056222","","2","0","0","0","0","0","0","0","0","2","0","","02","5","2006","4","40.467622","-79.92818","0229","11","0","0","0","0","0","0","0","0","","0","0","0","","","1","","1","","40 28:03.439","","0","79 55:41.448","4","0","0","0","2301","0","0","0","N","0","0","0","3","02301","1","","1.0","","9","N","N","","0","","0","0","0","","1","","","2","1","0","0","0","0","1","2","0","2","","","","N","","","","","","","","","",""
"2006056223","","2","0","0","0","0","0","0","0","0","6","0","","02","5","2006","4","","","1308","11","0","0","0","0","1","0","0","0","","0","0","0","","","0","","2","","","","0","","0","0","0","0","2301","0","0","0","N","0","0","0","3","02301","0","","1.0","","9","N","N","","0","","0","0","0","","3","","","2","0","0","0","0","0","0","1","0","2","","","","N","","","","","","","","","",""
"2006056224","","1","0","0","0","0","0","0","0","0","4","0","","02","5","2006","4","40.463333","-79.927284","1626","11","0","0","0","1","0","0","0","0","","0","0","0","","","1","","0","","40 27:48.000","","0","79 55:38.223","8","0","0","0","2301","0","0","0","N","0","0","0","4","02301","0","","1.0","","1","N","N","","0","","0","0","1","","0","","","2","1","1","0","0","1","0","2","0","2","","","","N","","","","","","","","","",""
"2006056225","","1","0","0","0","0","0","0","0","0","4","0","","02","5","2006","6","40.456642","-79.939679","2315","11","0","0","0","0","0","1","0","0","1","0","0","0","","","0","","1","","40 27:23.912","3","0","79 56:22.843","0","0","0","0","2301","0","0","0","N","0","0","0","6","02301","0","","1.0","","9","N","N","","0","","0","0","1","","2","N","","2","0","0","0","0","0","0","2","0","2","","","","N","","","","","","","","","",""
"2006056226","","1","0","0","0","0","0","0","0","0","7","0","","02","5","2006","1","40.461598","-79.907942","0015","11","0","0","0","0","0","0","0","0","1","0","0","0","","","0","","1","","40 27:41.752","1","0","79 54:28.591","9","0","0","0","2301","0","0","0","N","0","0","0","1","02301","0","","5.0","","1","N","N","","0","","0","0","0","","0","N","","1","0","0","0","0","0","1","2","0","1","","","","N","","","","","","","","","",""
"2006056276","","0","0","0","0","0","0","0","0","0","7","0","","02","5","2006","1","40.546403","-80.18933","0008","11","0","0","1","0","0","0","0","0","","0","0","0","","","1","","2","","40 32:47.050","","0","80 11:21.588","4","0","0","0","2427","0","0","0","N","0","0","0","1","02427","1","","5.0","","1","N","N","","0","","0","0","1","","0","","","1","1","0","0","0","0","0","2","0","1","","","","N","","","","","","","","","",""
"2006056362","","0","0","0","0","0","0","0","0","0","6","0","","02","5","2006","3","40.433862","-79.956232","1745","11","0","0","0","0","0","0","0","0","","0","0","0","","","1","","0","","40 26:01.903","","7","79 57:22.435","4","0","0","0","2301","0","0","0","N","0","0","0","3","02301","1","","1.0","","9","N","N","","0","","0","0","2","","0","","","2","1","0","0","0","0","0","2","0","2","","","","N","","","","","","","","","",""
"2006056363","","2","0","0","0","0","0","0","0","0","4","0","","02","5","2006","4","40.439722","-79.959409","0530","11","0","0","0","0","0","0","1","0","1","0","0","0","","","1","","1","","40 26:23.000","3","0","79 57:33.872","3","0","0","0","2301","0","0","0","N","0","0","0","2","02301","0","","1.0","","9","N","N","","0","","1","0","0","","2","N","","2","1","0","0","0","0","0","2","0","2","","","","N","","","","","","","","","",""
"2006056364","","1","0","0","0","0","0","0","0","0","4","0","","02","5","2006","6","40.446944","-79.895134","1437","11","0","0","0","0","0","0","0","1","2","0","0","0","","","3","","1","","40 26:49.000","3","0","79 53:42.481","3","0","0","0","2301","0","0","0","N","0","0","0","3","03201","0","","1.0","","1","N","N","","1","","3","0","0","","2","N","","2","3","0","0","0","0","0","2","0","2","","","","N","","","","","","","","","",""
"2006056365","","2","0","0","0","0","0","0","0","0","5","0","","02","5","2006","2","40.444592","-79.944065","1551","11","0","0","1","0","0","0","0","0","","0","0","0","","","0","","0","","40 26:40.530","","0","79 56:38.634","0","0","0","0","2301","0","0","0","N","0","0","0","2","02301","0","","1.0","","1","N","N","","0","","0","0","0","","0","","","2","0","0","0","0","0","0","2","0","2","","","","N","","","","","","","","","",""
"2006056366","","2","0","0","0","0","0","0","0","0","4","0","","02","5","2006","7","40.442277","-79.917177","1832","11","0","0","0","0","0","1","0","0","1","0","0","0","","","0","","1","","40 26:32.197","4","0","79 55:01.837","0","0","0","0","2301","0","0","0","N","0","0","0","3","02301","0","","1.0","","1","N","N","","0","","0","0","0","","2","N","","2","0","0","0","0","0","0","2","0","2","","","","N","","","","","","","","","",""
"2006056370","","0","0","0","0","0","0","0","0","0","4","0","","02","5","2006","2","40.376667","-80.036611","1918","11","0","0","0","0","0","1","0","0","2","0","0","0","","","1","","1","","40 22:36.000","1","0","80 02:11.800","4","0","0","0","2109","0","0","0","N","0","0","0","3","02109","1","","1.0","","1","N","N","","1","","0","0","1","","3","N","","2","1","0","0","0","0","0","2","0","2","","","","N","","","","","","","","","",""
"2006056528","","1","0","0","0","0","0","0","0","0","7","0","","02","5","2006","5","40.40062","-80.232443","2148","11","0","0","0","1","0","0","0","0","2","0","0","0","","","3","","0","","40 24:02.232","5","0","80 13:56.795","3","0","0","0","2214","0","0","0","N","0","0","0","3","02214","1","","4.0","","1","N","N","","0","","2","0","0","","0","Y","","1","3","3","0","0","0","0","1","0","1","","","","N","","","","","","","","","",""