"CRN","ARRIVAL_TM","AUTOMOBILE_COUNT","BELTED_DEATH_COUNT","BELTED_SUSP_SERIOUS_INJ_COUNT","BICYCLE_COUNT","BICYCLE_DEATH_COUNT","BICYCLE_SUSP_SERIOUS_INJ_COUNT","BUS_COUNT","CHLDPAS_DEATH_COUNT","CHLDPAS_SUSP_SERIOUS_INJ_COUNT","COLLISION_TYPE","COMM_VEH_COUNT","CONS_ZONE_SPD_LIM","COUNTY","CRASH_MONTH","CRASH_YEAR","DAY_OF_WEEK","DEC_LATITUDE","DEC_LONGITUDE","DISPATCH_TM","DISTRICT","DRIVER_COUNT_16YR","DRIVER_COUNT_17YR","DRIVER_COUNT_18YR","DRIVER_COUNT_19YR","DRIVER_COUNT_20YR","DRIVER_COUNT_50_64YR","DRIVER_COUNT_65_74YR","DRIVER_COUNT_75PLUS","EST_HRS_CLOSED","FATAL_COUNT","HEAVY_TRUCK_COUNT","HORSE_BUGGY_COUNT","HOUR_OF_DAY","ILLUMINATION","INJURY_COUNT","INTERSECTION_RELATED","INTERSECT_TYPE","LANE_CLOSED","LATITUDE","LN_CLOSE_DIR","LOCATION_TYPE","LONGITUDE","MAX_SEVERITY_LEVEL","MCYCLE_DEATH_COUNT","MCYCLE_SUSP_SERIOUS_INJ_COUNT","MOTORCYCLE_COUNT","MUNICIPALITY","NONMOTR_COUNT","NONMOTR_DEATH_COUNT","NONMOTR_SUSP_SERIOUS_INJ_COUNT","NTFY_HIWY_MAINT","PED_COUNT","PED_DEATH_COUNT","PED_SUSP_SERIOUS_INJ_COUNT","PERSON_COUNT","POLICE_AGCY","POSSIBLE_INJ_COUNT","RDWY_SURF_TYPE_CD","RELATION_TO_ROAD","ROADWAY_CLEARED","ROAD_CONDITION","SCH_BUS_IND","SCH_ZONE_IND","SECONDARY_CRASH","SMALL_TRUCK_COUNT","SPEC_JURIS_CD","SUSP_MINOR_INJ_COUNT","SUSP_SERIOUS_INJ_COUNT","SUV_COUNT","TCD_FUNC_CD","TCD_TYPE","TFC_DETOUR_IND","TIME_OF_DAY","TOTAL_UNITS","TOT_INJ_COUNT","UNBELTED_OCC_COUNT","UNB_DEATH_COUNT","UNB_SUSP_SERIOUS_INJ_COUNT","UNK_INJ_DEG_COUNT","UNK_INJ_PER_COUNT","URBAN_RURAL","VAN_COUNT","VEHICLE_COUNT","WEATHER1","WEATHER2","WORKERS_PRES","WORK_ZONE_IND","WORK_ZONE_LOC","WORK_ZONE_TYPE","WZ_CLOSE_DETOUR","WZ_FLAGGER","WZ_LAW_OFFCR_IND","WZ_LN_CLOSURE","WZ_MOVING","WZ_OTHER","WZ_SHLDER_MDN","WZ_WORKERS_INJ_KILLED"
"2006056928","","1","0","0","0","0","0","0","0","0","7","0","","02","5","2006","5","","","0308","11","0","0","0","0","0","0","0","0","","0","0","0","","","1","","0","","","","0","","4","0","0","0","2105","0","0","0","N","0","0","0","1","02105","1","","2.0","","1","N","N","","0","","0","0","0","","0","","","1","1","0","0","0","0","0","1","0","1","","","","N","","","","","","","","","",""
"2006056929","","1","0","0","0","0","0","0","0","0","7","0","","02","5","2006","6","40.3074","-79.8241","1445","11","0","0","0","0","0","1","0","0","2","0","0","0","","","3","","0","","40 18:26.640","5","0","79 49:26.760","3","0","0","0","2105","0","0","0","Y","0","0","0","3","02105","2","","2.0","","1","N","N","","0","","1","0","0","","0","Y","","1","3","0","0","0","0","0","2","0","1","","","","N","","","","","","","","","",""
"2006056930","","0","0","0","0","0","0","0","0","0","7","0","","02","5","2006","6","40.276937","-79.86917","1644","11","1","0","0","0","0","0","0","0","3","0","0","0","","","1","","0","","40 16:36.972","7","0","79 52:09.011","8","0","0","0","2105","0","0","0","N","0","0","0","1","02105","0","","2.0","","98","N","N","","1","","0","0","0","","0","Y","","1","1","1","0","0","1","0","2","0","1","","","","N","","","","","","","","","",""
"2006056931","","1","0","0","0","0","0","0","0","0","7","0","","02","5","2006","2","","","1901","11","0","0","0","0","0","1","0","0","2","0","0","0","","","1","","0","","","5","0","","8","0","0","0","2105","0","0","0","N","0","0","0","1","02105","0","","2.0","","1","N","N","","0","","0","0","0","","0","Y","","1","1","0","0","0","1","0","1","0","1","","","","N","","","","","","","","","",""
"2006056932","","1","0","0","0","0","0","0","0","0","7","0","","02","5","2006","3","40.316684","-79.816849","1415","11","0","0","0","0","0","0","1","0","1","0","0","0","","","1","","2","","40 19:00.062","1","0","79 49:00.656","4","0","0","0","2105","0","0","0","N","0","0","0","1","02105","1","","5.0","","1","N","N","","0","","0","0","0","","0","N","","1","1","0","0","0","0","0","2","0","1","","","","N","","","","","","","","","",""
"2006056933","","2","0","0","0","0","0","0","0","0","1","0","","02","5","2006","6","40.283611","-79.837454","1140","11","0","0","1","0","0","1","0","0","","0","0","0","","","0","","3","","40 17:01.000","","0","79 50:14.836","9","0","0","0","2105","0","0","0","N","0","0","0","3","02105","0","","1.0","","9","N","N","","0","","0","0","0","","3","","","2","0","0","0","0","0","1","2","0","2","","","","N","","","","","","","","","",""
"2006056934","","1","0","0","0","0","0","0","0","0","7","0","","02","5","2006","6","40.238754","-79.816775","1021","11","0","0","0","0","0","0","0","0","2","0","0","0","","","0","","3","","40 14:19.515","5","0","79 49:00.390","0","0","0","0","2105","0","0","0","N","0","0","0","1","02105","0","","5.0","","9","N","N","","0","","0","0","0","","0","Y","","1","0","0","0","0","0","0","1","0","1","","","","N","","","","","","","","","",""
"2006056935","","2","0","0","0","0","0","0","0","0","1","0","","02","5","2006","7","40.283333","-79.837143","1450","11","0","0","0","0","0","0","0","0","1","0","0","0","","","1","","5","","40 17:00.000","2","0","79 50:13.715","8","0","0","0","2105","0","0","0","N","0","0","0","4","02105","0","","1.0","","1","N","N","","0","","0","0","0","","0","N","","2","1","0","0","0","1","0","1","0","2","","","","N","","","","","","","","","",""
"2006056936","","1","0","0","0","0","0","0","0","0","7","0","","02","5","2006","1","40.243889","-79.811773","0825","11","0","0","0","0","0","0","0","0","","0","0","0","","","0","","0","","40 14:38.000","","0","79 48:42.383","0","0","0","0","2105","0","0","0","N","0","0","0","1","02105","0","","4.0","","1","N","N","","0","","0","0","0","","0","","","1","0","0","0","0","0","0","1","0","1","","","","N","","","","","","","","","",""
"2006056937","","1","0","0","0","0","0","0","0","0","7","0","","02","5","2006","2","40.2352","-79.8184","0010","11","0","0","0","0","0","1","0","0","2","0","0","0","","","0","","2","","40 14:06.720","4","0","79 49:06.240","9","0","0","0","2105","0","0","0","N","0","0","0","1","02105","0","","5.0","","1","N","N","","0","","0","0","0","","0","N","","1","0","0","0","0","0","1","1","0","1","","","","N","","","","","","","","","",""
"2006056938","","1","0","0","0","0","0","0","0","0","7","0","","02","6","2006","6","40.282222","-79.811024","2225","11","0","1","0","0","0","0","0","0","3","0","0","0","","","0","","0","","40 16:56.000","5","0","79 48:39.687","0","0","0","0","2105","0","0","0","N","0","0","0","1","02105","0","","2.0","","8","N","N","","0","","0","0","0","","0","Y","","1","0","0","0","0","0","0","2","0","1","","","","N","","","","","","","","","",""
"2006056939","","1","0","0","0","0","0","0","0","0","1","0","","02","5","2006","3","40.529444","-80.236669","1504","11","0","0","1","0","0","1","0","0","","0","0","0","","","1","","0","","40 31:46.000","","0","80 14:12.009","4","0","0","0","2213","0","0","0","N","0","0","0","3","02213","1","","1.0","","1","N","N","","0","","0","0","0","","0","","","2","1","0","0","0","0","0","2","1","2","","","","N","","","","","","","","","",""
"2006056940","","0","0","0","0","0","0","0","0","0","1","0","","02","6","2006","3","40.505833","-80.147679","0700","11","0","0","0","0","0","0","0","0","1","0","0","0","","","1","","2","","40 30:21.000","1","0","80 08:51.645","4","0","0","0","2213","0","0","0","N","0","0","0","2","02213","1","","1.0","","1","N","N","","2","","0","0","0","","3","N","","2","1","1","0","0","0","0","2","0","2","","","","N","","","","","","","","","",""
"2006056941","","2","0","0","0","0","0","0","0","0","4","0","","02","6","2006","3","40.331108","-80.030695","1948","11","0","0","1","0","0","0","0","0","","0","0","0","","","0","","2","","40 19:51.988","","0","80 01:50.502","0","0","0","0","2407","0","0","0","N","0","0","0","5","02407","0","","1.0","","1","N","N","","0","","0","0","0","","0","","","2","0","1","0","0","0","0","2","0","2","","","","N","","","","","","","","","",""
"2006056976","","1","0","0","0","0","0","0","0","0","4","0","","02","6","2006","6","40.5","-80.07279","1702","11","0","1","0","0","0","1","0","0","","0","0","0","","","1","","2","","40 30:00.000","","0","80 04:22.044","4","0","0","0","2402","0","0","0","N","0","0","0","3","02402","1","","1.0","","1","N","N","","0","","0","0","0","","3","","","2","1","0","0","0","0","0","2","1","2","","","","N","","","","","","","","","",""
"2006056977","","1","0","0","1","0","0","0","0","0","8","0","","02","6","2006","5","40.434061","-79.848853","1707","11","0","0","0","0","0","1","0","0","","0","0","0","","","1","","2","","40 26:02.619","","0","79 50:55.870","4","0","0","0","2419","1","0","0","N","0","0","0","2","02419","1","","1.0","","9","N","N","","0","","0","0","0","","0","","","2","1","0","0","0","0","0","2","0","1","","","","N","","","","","","","","","",""
"2006056982","","1","0","0","0","0","0","0","0","0","4","0","","02","5","2006","7","","","1516","11","0","0","0","0","0","2","0","0","","0","0","0","","","0","","1","","","","0","","0","0","0","0","2301","0","0","0","N","0","0","0","4","02301","0","","1.0","","1","N","N","","0","","0","0","1","","2","","","2","0","0","0","0","0","0","1","0","2","","","","N","","","","","","","","","",""
"2006056984","","1","0","0","0","0","0","0","0","0","7","0","","02","5","2006","6","40.424722","-79.952994","2030","11","0","0","0","0","0","0","0","0","","0","0","0","","","0","","2","","40 25:29.000","","0","79 57:10.780","0","0","0","0","2301","0","0","0","N","0","0","0","1","02301","0","","2.0","","1","N","N","","0","","0","0","0","","0","","","1","0","0","0","0","0","0","2","0","1","","","","N","","","","","","","","","",""
"2006056986","","1","0","0","0","0","0","0","0","0","4","0","","02","5","2006","6","40.438333","-80.001862","0608","11","0","0","0","1","0","0","0","0","2","0","0","0","","","0","","1","","40 26:18.000","2","0","80 00:06.704","0","0","0","0","2301","0","0","0","N","0","0","0","2","02301","0","","1.0","","9","N","N","","0","","0","0","1","","2","Y","","2","0","0","0","0","0","0","2","0","2","","","","N","","","","","","","","","",""
"2006056987","","1","0","0","0","0","0","0","0","0","4","0","","02","5","2006","6","","","1315","11","0","0","1","0","0","0","0","0","","0","0","0","","","0","","2","","","","0","","0","0","0","0","2301","0","0","0","N","0","0","0","2","02301","0","","1.0","","1","N","N","","0","","0","0","1","","3","","","2","0","0","0","0","0","0","1","0","2","","","","N","","","","","","","","","",""
"2006056988","","1","0","0","0","0","0","0","0","0","7","0","","02","5","2006","7","","","1522","11","0","0","0","0","0","1","0","0","1","0","0","0","","","1","","0","","","3","0","","8","0","0","0","2301","0","0","0","N","0","0","0","1","02301","0","","2.0","","1","N","N","","0","","0","0","0","","0","N","","1","1","0","0","0","1","0","1","0","1","","","","N","","","","","","","","","",""
"2006056989","","0","0","0","0","0","0","0","0","0","99","0","","02","5","2006","1","","","1953","11","0","0","0","0","0","0","0","0","","0","0","0","","","1","","0","","","","7","","8","0","0","1","2301","0","0","0","N","0","0","0","1","02301","0","","4.0","","1","N","N","","0","","0","0","0","","0","","","1","1","0","0","0","1","0","1","0","1","","","","N","","","","","","","","","",""
"2006056990","","1","0","0","0","0","0","0","0","0","4","0","","02","5","2006","1","40.454167","-79.996944","1746","11","0","0","0","0","0","0","0","0","1","0","0","0","","","2","","1","","40 27:15.000","4","0","79 59:49.000","8","0","0","0","2301","0","0","0","N","0","0","0","2","02301","0","","1.0","","1","N","N","","0","","0","0","1","","2","N","","2","2","0","0","0","2","0","2","0","2","","","","N","","","","","","","","","",""
"2006056991","","0","0","0","1","0","0","0","0","0","8","0","","02","5","2006","1","","","2053","11","0","0","0","0","0","1","0","0","","0","0","0","","","1","","2","","","","0","","3","0","0","0","2301","1","0","0","N","0","0","0","2","02301","0","","1.0","","1","N","N","","0","","1","0","1","","0","","","2","1","0","0","0","0","0","1","0","1","","","","N","","","","","","","","","",""
"2006057003","","2","0","0","0","0","0","0","0","0","1","0","","02","5","2006","7","","","1433","11","0","0","0","0","0","0","1","0","2","0","0","0","","","1","","1","","","3","0","","4","0","0","0","2301","0","0","0","N","0","0","0","2","02301","1","","1.0","","1","N","N","","0","","0","0","0","","2","N","","2","1","0","0","0","0","0","1","0","2","","","","N","","","","","","","","","",""
"2006057004","","1","0","0","0","0","0","0","0","0","8","0","","02","5","2006","7","40.440036","-80.034328","1523","11","0","0","0","0","0","0","0","0","","0","0","0","","","1","","0","","40 26:24.129","","0","80 02:03.580","4","0","0","0","2301","1","0","0","N","1","0","0","2","02301","1","","1.0","","1","N","N","","0","","0","0","0","","0","","","2","1","0","0","0","0","0","2","0","1","","","","N","","","","","","","","","",""
"2006057005","","4","0","0","0","0","0","0","0","0","1","0","","02","5","2006","2","40.425278","-79.964364","0633","11","0","0","0","0","0","0","0","0","","0","0","0","","","1","","2","","40 25:31.000","","0","79 57:51.710","8","0","0","0","2301","0","0","0","N","0","0","0","4","02301","0","","1.0","","1","N","N","","0","","0","0","0","","2","","","4","1","0","0","0","1","0","2","0","4","","","","N","","","","","","","","","",""
"2006057006","","2","0","0","0","0","0","0","0","0","4","0","","02","5","2006","2","40.394534","-80.028505","1235","11","1","0","0","0","0","0","0","0","","0","0","0","","","0","","1","","40 23:40.322","","0","80 01:42.618","0","0","0","0","2301","0","0","0","N","0","0","0","2","02301","0","","1.0","","1","N","N","","0","","0","0","0","","0","","","2","0","0","0","0","0","0","2","0","2","","","","N","","","","","","","","","",""
"2006057007","","1","0","0","0","0","0","0","0","0","7","0","","02","5","2006","7","40.429167","-80.053483","2019","11","0","0","0","0","0","0","0","0","","0","0","0","","","0","","0","","40 25:45.000","","0","80 03:12.540","0","0","0","0","2301","0","0","0","N","0","0","0","1","02301","0","","2.0","","1","N","N","","0","","0","0","0","","0","","","1","0","0","0","0","0","0","2","0","1","","","","N","","","","","","","","","",""
"2006057008","","1","0","0","0","0","0","0","0","0","7","0","","02","5","2006","2","40.424722","-79.963782","2242","11","0","0","0","0","0","0","0","0","","0","0","0","","","1","","0","","40 25:29.000","","0","79 57:49.615","4","0","0","0","2301","0","0","0","N","0","0","0","2","02301","1","","2.0","","1","N","N","","0","","0","0","0","","0","","","1","1","1","0","0","0","0","2","0","1","","","","N","","","","","","","","","",""
"2006057009","","2","0","0","0","0","0","0","0","0","1","0","","02","5","2006","3","40.425278","-80.019372","1810","11","0","0","0","0","0","1","0","0","2","0","0","0","","","0","","0","","40 25:31.000","1","0","80 01:09.739","0","0","0","0","2301","0","0","0","N","0","0","0","4","02301","0","","1.0","","1","N","N","","0","","0","0","1","","0","Y","","4","0","0","0","0","0","0","2","1","4","","","","N","","","","","","","","","",""
"2006057010","","1","0","0","0","0","0","0","0","0","5","0","","02","5","2006","3","40.422823","-79.973905","2020","11","0","0","0","0","0","0","0","0","","0","0","0","","","0","","0","","40 25:22.162","","0","79 58:26.058","9","0","0","0","2301","0","0","0","N","0","0","0","2","02301","0","","6.0","","1","N","N","","0","","0","0","0","","0","","","2","0","0","0","0","0","1","2","0","2","","","","N","","","","","","","","","",""
"2006057011","","1","0","0","0","0","0","0","0","0","7","0","","02","5","2006","3","40.41484","-79.977489","2208","11","0","0","0","0","0","0","0","0","","0","0","0","","","0","","0","","40 24:53.424","","0","79 58:38.960","9","0","0","0","2301","0","0","0","N","0","0","0","2","02301","0","","4.0","","1","N","N","","0","","0","0","0","","0","","","1","0","0","0","0","0","2","2","0","1","","","","N","","","","","","","","","",""
"2006057012","","2","0","0","0","0","0","0","0","0","1","0","","02","5","2006","7","40.398333","-80.026038","0125","11","0","0","1","0","0","0","0","0","","0","0","0","","","2","","1","","40 23:54.000","","0","80 01:33.736","4","0","0","0","2301","0","0","0","N","0","0","0","4","02301","2","","1.0","","1","N","N","","0","","0","0","0","","2","","","2","2","0","0","0","0","0","2","0","2","","","","N","","","","","","","","","",""
"2006057058","","2","0","0","0","0","0","0","0","0","4","0","","02","5","2006","5","40.424444","-79.859493","1858","11","0","0","1","0","0","1","0","0","2","0","0","0","","","2","","1","","40 25:28.000","4","0","79 51:34.176","4","0","0","0","2431","0","0","0","N","0","0","0","2","02431","2","","1.0","","1","N","N","","0","","0","0","0","","2","N","","2","2","1","0","0","0","0","2","0","2","","","","N","","","","","","","","","",""
"2006057059","","0","0","0","0","0","0","0","0","0","7","0","","02","5","2006","1","40.420265","-79.849027","0959","11","0","0","0","0","0","0","0","0","","0","0","0","","","0","","1","","40 25:12.954","","0","79 50:56.497","9","0","0","0","2431","0","0","0","N","0","0","0","1","02431","0","","5.0","","1","N","N","","1","","0","0","0","","0","","","1","0","0","0","0","0","1","2","0","1","","","","N","","","","","","","","","",""
"2006057060","","2","0","0","0","0","0","0","0","0","1","0","","02","5","2006","4","40.4459","-79.8913","0858","11","0","0","0","0","0","0","0","0","1","0","0","0","","","0","","1","","40 26:45.240","3","0","79 53:28.680","0","0","0","0","2431","0","0","0","N","0","0","0","2","02431","0","","5.0","","1","N","N","","0","","0","0","0","","2","N","","2","0","0","0","0","0","0","2","0","2","","","","N","","","","","","","","","",""
"2006057061","","2","0","0","0","0","0","0","0","0","4","0","","02","5","2006","3","40.436887","-79.852014","0943","11","0","0","0","0","0","0","0","0","1","0","0","0","","","1","","2","","40 26:12.793","6","0","79 51:07.250","4","0","0","0","2431","0","0","0","N","0","0","0","2","02431","1","","1.0","","1","N","N","","0","","0","0","0","","3","N","","2","1","1","0","0","0","0","2","0","2","","","","N","","","","","","","","","",""
"2006057062","","2","0","0","0","0","0","0","0","0","4","0","","02","5","2006","6","40.421944","-79.854549","1655","11","0","0","0","0","0","0","0","0","2","0","0","0","","","0","","1","","40 25:19.000","4","0","79 51:16.377","0","0","0","0","2431","0","0","0","N","0","0","0","2","02431","0","","1.0","","1","N","N","","0","","0","0","0","","0","N","","2","0","0","0","0","0","0","2","0","2","","","","N","","","","","","","","","",""
"2006057070","","2","0","0","0","0","0","0","0","0","1","0","","02","6","2006","6","40.5525","-79.958663","1601","11","0","0","1","0","0","0","0","0","","0","0","0","","","0","","0","","40 33:09.000","","0","79 57:31.185","0","0","0","0","2118","0","0","0","N","0","0","0","2","02118","0","","1.0","","1","N","N","","0","","0","0","0","","0","","","2","0","0","0","0","0","0","2","0","2","","","","N","","","","","","","","","",""
"2006057071","","2","0","0","0","0","0","0","0","0","1","0","","02","5","2006","1","40.380833","-80.169416","1640","11","0","0","1","0","0","1","0","0","","0","0","0","","","0","","0","","40 22:51.000","","0","80 10:09.899","0","0","0","0","2119","0","0","0","N","0","0","0","3","02119","0","","1.0","","9","N","N","","0","","0","0","0","","0","","","2","0","0","0","0","0","0","1","0","2","","","","N","","","","","","","","","",""
"2006057147","","1","0","0","0","0","0","0","0","0","7","0","","02","4","2006","6","","","2349","11","0","0","0","0","0","0","0","0","1","0","0","0","","","2","","0","","40 26:15.72","1","0","80 00:48.24","4","0","0","0","2301","0","0","0","Y","0","0","0","4","68B03","2","","2.0","","9","N","N","","0","","0","0","0","","0","N","","2","2","0","0","0","0","0","2","1","2","","","","N","","","","","","","","","",""
"2006057153","","1","0","0","0","0","0","0","0","0","1","0","","02","4","2006","7","40.6554","-80.0728","1130","11","0","0","0","0","0","1","1","0","","0","0","0","","","1","","0","","40 39:19.440","","0","80 04:22.080","4","0","0","0","2212","0","0","0","N","0","0","0","7","68T02","1","","1.0","","9","N","N","","0","","0","0","0","","8","","","2","1","0","0","0","0","0","2","1","2","","","","N","","","","","","","","","",""
"2006057211","","1","0","0","0","0","0","0","0","0","99","0","","02","6","2006","6","40.6606","-79.9826","2033","11","0","0","0","0","0","0","0","0","","0","0","0","","","0","","0","","40 39:38.160","","0","79 58:57.360","0","0","0","0","2217","0","0","0","N","0","0","0","1","02505","0","","1.0","","1","N","N","","0","","0","0","0","","0","","","1","0","0","0","0","0","0","1","0","1","","","","N","","","","","","","","","",""
"2006057218","","1","0","0","0","0","0","0","0","0","7","0","","02","4","2006","1","40.535","-79.8216","0823","11","0","0","0","0","0","0","0","0","1","0","0","0","","","0","","0","","40 32:06.000","4","3","79 49:17.760","9","0","0","0","2466","0","0","0","N","0","0","0","1","68T02","0","","2.0","","9","N","N","","0","","0","0","0","","0","N","","1","0","1","0","0","0","1","1","0","1","","","","N","","","","","","","","","",""
"2006057242","","0","0","0","0","0","0","0","0","0","7","0","","02","4","2006","5","","","1623","11","0","0","0","1","0","0","0","0","","0","0","0","","","0","","0","","40 25:37.20","","0","79 55:10.20","0","0","0","0","2301","0","0","0","Y","0","0","0","5","68B03","0","","3.0","","1","N","N","","0","","0","0","2","","0","","","2","0","0","0","0","0","0","2","0","2","","","","N","","","","","","","","","",""
"2006057306","","1","0","0","0","0","0","0","0","0","7","0","","02","4","2006","7","","","2115","11","0","0","0","0","0","0","0","0","","0","0","0","","","0","","0","","","","0","","0","0","0","0","2466","0","0","0","N","0","0","0","1","68T02","0","","1.0","","1","N","N","","0","","0","0","0","","0","","","1","0","0","0","0","0","0","1","0","1","","","","N","","","","","","","","","",""
"2006057382","","1","0","0","0","0","0","0","0","0","4","0","","02","5","2006","1","40.452219","-79.950882","1518","11","0","0","0","0","0","0","0","0","","0","0","0","","","0","","1","","40 27:07.988","","0","79 57:03.175","0","0","0","0","2301","0","0","0","N","0","0","0","2","02301","0","","1.0","","1","N","N","","0","","0","0","1","","2","","","2","0","0","0","0","0","0","2","0","2","","","","N","","","","","","","","","",""
"2006057383","","1","0","0","1","0","0","0","0","0","8","0","","02","5","2006","1","40.471756","-79.926912","2043","11","0","0","0","0","0","0","0","0","1","0","0","0","","","1","","1","","40 28:18.321","7","0","79 55:36.883","4","0","0","0","2301","1","0","0","N","0","0","0","2","02301","1","","1.0","","1","N","N","","0","","0","0","0","","3","Y","","2","1","0","0","0","0","0","2","0","1","","","","N","","","","","","","","","",""
"2006057384","","1","0","0","0","0","0","0","0","0","7","0","","02","5","2006","1","40.457684","-79.902064","2142","11","0","0","0","0","0","0","0","0","","0","0","0","","","0","","0","","40 27:27.663","","0","79 54:07.430","9","0","0","0","2301","0","0","0","N","0","0","0","1","02301","0","","5.0","","1","N","N","","0","","0","0","0","","0","","","1","0","0","0","0","0","1","2","0","1","","","","N","","","","","","","","","",""
"2006057389","","1","0","0","0","0","0","0","0","0","1","0","","02","5","2006","2","40.6045","-80.0506","0722","11","0","1","0","0","0","0","0","1","2","0","0","0","","","0","","0","","40 36:16.200","2","7","80 03:02.160","0","0","0","0","2108","0","0","0","N","0","0","0","4","02108","0","","1.0","","1","N","N","","1","","0","0","0","","2","N","","2","0","0","0","0","0","0","2","0","2","","","","N","","","","","","","","","",""
"2006057418","","2","0","0","0","0","0","0","0","0","2","0","","02","5","2006","6","40.5149","-80.1545","1125","11","0","1","1","0","0","0","0","0","","0","0","0","","","0","","1","","40 30:53.640","","0","80 09:16.200","0","0","0","0","2420","0","0","0","N","0","0","0","3","02420","0","","1.0","","9","N","N","","0","","0","0","0","","2","","","2","0","0","0","0","0","0","2","0","2","","","","N","","","","","","","","","",""
"2006057442","","2","0","0","0","0","0","0","0","0","4","0","","02","5","2006","2","40.477221","-79.923715","1444","11","0","0","0","0","0","1","0","0","","0","0","0","","","2","","1","","40 28:37.995","","0","79 55:25.374","4","0","0","0","2301","0","0","0","N","0","0","0","5","02301","1","","1.0","","1","N","N","","0","","0","0","0","","3","","","2","2","0","0","0","1","0","2","0","2","","","","N","","","","","","","","","",""
"2006057443","","0","0","0","0","0","0","0","0","0","0","0","","02","5","2006","2","40.476667","-80.041341","1025","11","0","0","0","0","0","0","0","0","","0","0","0","","","1","","0","","40 28:36.000","","0","80 02:28.829","8","0","0","1","2301","0","0","0","","0","0","0","1","02301","0","","1.0","","1","N","N","","0","","0","0","0","","0","","","1","1","0","0","0","1","0","2","0","1","","","","N","","","","","","","","","",""
"2006057444","","2","0","0","0","0","0","0","0","0","4","0","","02","5","2006","4","40.45041","-79.948748","0720","11","0","0","0","0","0","0","0","0","","0","0","0","","","1","","1","","40 27:01.476","","0","79 56:55.492","3","0","0","0","2301","0","0","0","N","0","0","0","4","02301","0","","1.0","","1","N","N","","0","","1","0","1","","2","","","3","1","0","0","0","0","1","2","0","3","","","","N","","","","","","","","","",""
"2006057445","","2","0","0","0","0","0","0","0","0","2","0","","02","5","2006","7","40.424767","-79.927013","1126","11","0","0","0","0","0","0","0","0","","0","0","0","","","1","","1","","40 25:29.160","","0","79 55:37.246","4","0","0","0","2301","0","0","0","N","0","0","0","2","02301","1","","1.0","","1","N","N","","0","","0","0","0","","2","","","2","1","0","0","0","0","0","2","0","2","","","","N","","","","","","","","","",""
"2006057446","","0","0","0","0","0","0","0","0","0","7","0","","02","5","2006","7","40.379156","-79.924309","0600","11","0","0","0","0","0","0","0","0","2","0","0","0","","","0","","0","","40 22:44.962","2","0","79 55:27.513","9","0","0","0","2301","0","0","0","N","0","0","0","1","02301","0","","2.0","","9","N","N","","0","","0","0","0","","0","N","","1","0","0","0","0","0","1","2","0","1","","","","N","","","","","","","","","",""
"2006057447","","1","0","0","0","0","0","0","0","0","1","0","","02","5","2006","3","","","1639","11","0","0","0","0","0","0","0","0","1","0","0","0","","","0","","2","","","3","0","","0","0","0","0","2301","0","0","0","N","0","0","0","2","02301","0","","1.0","","1","N","N","","0","","0","0","1","","0","N","","2","0","0","0","0","0","0","1","0","2","","","","N","","","","","","","","","",""
"2006057448","","1","0","0","0","0","0","0","0","0","1","0","","02","5","2006","3","","","1607","11","0","0","0","0","0","0","0","0","","0","0","0","","","2","","2","","","","0","","4","0","0","0","2301","0","0","0","N","0","0","0","3","02301","2","","1.0","","1","N","N","","1","","0","0","0","","3","","","3","2","0","0","0","0","0","1","1","3","","","","N","","","","","","","","","",""
"2006057449","","1","0","0","1","0","0","0","0","0","8","0","","02","5","2006","7","","","1618","11","0","0","0","0","0","0","0","0","","0","0","0","","","1","","1","","","","0","","8","0","0","0","2301","1","0","0","N","0","0","0","2","02301","0","","1.0","","1","N","N","","0","","0","0","0","","3","","","2","1","0","0","0","1","1","1","0","1","","","","N","","","","","","","","","",""
"2006057450","","1","0","0","0","0","0","1","0","0","1","1","","02","5","2006","2","40.466084","-79.950802","9999","11","0","0","0","0","0","1","0","0","2","0","0","0","","","0","","0","","40 27:57.902","3","0","79 57:02.887","0","0","0","0","2301","0","0","0","N","0","0","0","2","02301","0","","1.0","","1","Y","N","","0","","0","0","0","","0","Y","","2","0","0","0","0","0","0","2","0","2","","","","N","","","","","","","","","",""
"2006057451","","1","0","0","0","0","0","0","0","0","5","0","","02","5","2006","7","40.468512","-79.94542","1319","11","0","0","1","0","0","0","0","0","","0","0","0","","","0","","2","","40 28:06.643","","0","79 56:43.512","0","0","0","0","2301","0","0","0","N","0","0","0","2","02301","0","","1.0","","1","N","N","","0","","0","0","1","","0","","","3","0","0","0","0","0","0","2","0","2","","","","N","","","","","","","","","",""
"2006057452","","1","0","0","0","0","0","0","0","0","1","0","","02","5","2006","4","40.376323","-80.037544","1213","11","0","0","0","0","0","1","0","0","1","0","0","0","","","1","","0","","40 22:34.764","1","0","80 02:15.159","4","0","0","0","2109","0","0","0","N","0","0","0","2","02109","1","","1.0","","1","N","N","","1","","0","0","0","","0","Y","","2","1","0","0","0","0","0","2","0","2","","","","N","","","","","","","","","",""
"2006057515","","1","0","0","0","0","0","0","0","0","7","0","","02","4","2006","7","40.651389","-80.094281","2149","11","0","0","0","0","0","0","0","0","1","0","0","0","","","0","","0","","40 39:05.000","2","8","80 05:39.411","0","0","0","0","2212","0","0","0","N","0","0","0","1","68B03","0","","2.0","","1","N","N","","0","","0","0","0","","0","N","","1","0","0","0","0","0","0","2","0","1","","","","N","","","","","","","","","",""