"CRN","ARRIVAL_TM","AUTOMOBILE_COUNT","BELTED_DEATH_COUNT","BELTED_SUSP_SERIOUS_INJ_COUNT","BICYCLE_COUNT","BICYCLE_DEATH_COUNT","BICYCLE_SUSP_SERIOUS_INJ_COUNT","BUS_COUNT","CHLDPAS_DEATH_COUNT","CHLDPAS_SUSP_SERIOUS_INJ_COUNT","COLLISION_TYPE","COMM_VEH_COUNT","CONS_ZONE_SPD_LIM","COUNTY","CRASH_MONTH","CRASH_YEAR","DAY_OF_WEEK","DEC_LATITUDE","DEC_LONGITUDE","DISPATCH_TM","DISTRICT","DRIVER_COUNT_16YR","DRIVER_COUNT_17YR","DRIVER_COUNT_18YR","DRIVER_COUNT_19YR","DRIVER_COUNT_20YR","DRIVER_COUNT_50_64YR","DRIVER_COUNT_65_74YR","DRIVER_COUNT_75PLUS","EST_HRS_CLOSED","FATAL_COUNT","HEAVY_TRUCK_COUNT","HORSE_BUGGY_COUNT","HOUR_OF_DAY","ILLUMINATION","INJURY_COUNT","INTERSECTION_RELATED","INTERSECT_TYPE","LANE_CLOSED","LATITUDE","LN_CLOSE_DIR","LOCATION_TYPE","LONGITUDE","MAX_SEVERITY_LEVEL","MCYCLE_DEATH_COUNT","MCYCLE_SUSP_SERIOUS_INJ_COUNT","MOTORCYCLE_COUNT","MUNICIPALITY","NONMOTR_COUNT","NONMOTR_DEATH_COUNT","NONMOTR_SUSP_SERIOUS_INJ_COUNT","NTFY_HIWY_MAINT","PED_COUNT","PED_DEATH_COUNT","PED_SUSP_SERIOUS_INJ_COUNT","PERSON_COUNT","POLICE_AGCY","POSSIBLE_INJ_COUNT","RDWY_SURF_TYPE_CD","RELATION_TO_ROAD","ROADWAY_CLEARED","ROAD_CONDITION","SCH_BUS_IND","SCH_ZONE_IND","SECONDARY_CRASH","SMALL_TRUCK_COUNT","SPEC_JURIS_CD","SUSP_MINOR_INJ_COUNT","SUSP_SERIOUS_INJ_COUNT","SUV_COUNT","TCD_FUNC_CD","TCD_TYPE","TFC_DETOUR_IND","TIME_OF_DAY","TOTAL_UNITS","TOT_INJ_COUNT","UNBELTED_OCC_COUNT","UNB_DEATH_COUNT","UNB_SUSP_SERIOUS_INJ_COUNT","UNK_INJ_DEG_COUNT","UNK_INJ_PER_COUNT","URBAN_RURAL","VAN_COUNT","VEHICLE_COUNT","WEATHER1","WEATHER2","WORKERS_PRES","WORK_ZONE_IND","WORK_ZONE_LOC","WORK_ZONE_TYPE","WZ_CLOSE_DETOUR","WZ_FLAGGER","WZ_LAW_OFFCR_IND","WZ_LN_CLOSURE","WZ_MOVING","WZ_OTHER","WZ_SHLDER_MDN","WZ_WORKERS_INJ_KILLED"
"2006057516","","1","0","0","0","0","0","0","0","0","1","0","","02","4","2006","5","","","0631","11","0","0","0","0","0","1","0","0","","0","0","0","","","2","","6","","40 24:42.48","","2","80 04:36.48","4","0","0","0","2117","0","0","0","N","0","0","0","2","68B03","2","","1.0","","1","N","N","","1","","0","0","0","","4","","","2","2","0","0","0","0","0","2","0","2","","","","N","","","","","","","","","",""
"2006057586","","0","0","0","0","0","0","0","0","0","0","0","","02","5","2006","3","40.608611","-80.052694","0408","11","0","0","0","0","0","0","0","0","","0","0","0","","","1","","2","","40 36:31.000","","0","80 03:09.697","4","0","0","1","2108","0","0","0","N","0","0","0","1","02108","1","","1.0","","1","N","N","","0","","0","0","0","","0","","","1","1","0","0","0","0","0","2","0","1","","","","N","","","","","","","","","",""
"2006057587","","1","0","0","0","0","0","0","0","0","99","0","","02","5","2006","3","40.578","-80.0269","2259","11","0","0","1","0","0","0","0","0","","0","0","0","","","0","","0","","40 34:40.800","","0","80 01:36.840","0","0","0","0","2108","0","0","0","N","0","0","0","1","02108","0","","1.0","","1","N","N","","0","","0","0","0","","0","","","1","0","1","0","0","0","0","2","0","1","","","","N","","","","","","","","","",""
"2006057588","","1","0","0","0","0","0","0","0","0","1","0","","02","5","2006","4","40.596944","-80.047446","1802","11","0","1","0","0","0","0","0","0","1","0","0","0","","","0","","0","","40 35:49.000","2","0","80 02:50.804","0","0","0","0","2108","0","0","0","N","0","0","0","5","02108","0","","1.0","","1","N","N","","0","","0","0","3","","0","N","","4","0","1","0","0","0","0","2","0","4","","","","N","","","","","","","","","",""
"2006057589","","2","0","0","0","0","0","0","0","0","1","0","","02","5","2006","3","40.6133","-80.0546","1311","11","0","0","0","1","0","0","0","1","","0","0","0","","","0","","0","","40 36:47.880","","0","80 03:16.560","0","0","0","0","2108","0","0","0","N","0","0","0","3","02108","0","","1.0","","9","N","N","","0","","0","0","0","","2","","","2","0","1","0","0","0","0","1","0","2","","","","N","","","","","","","","","",""
"2006057590","","2","0","0","0","0","0","0","0","0","1","0","","02","5","2006","6","40.566073","-80.001752","1555","11","0","0","0","0","0","2","0","0","1","0","0","0","","","1","","2","","40 33:57.863","3","0","80 00:06.307","8","0","0","0","2108","0","0","0","N","0","0","0","2","02108","0","","1.0","","9","N","N","","0","","0","0","0","","0","N","","2","1","0","0","0","1","0","2","0","2","","","","N","","","","","","","","","",""
"2006057616","","1","0","0","0","0","0","0","0","0","7","0","","02","4","2006","3","40.651389","-80.093934","0705","11","0","0","0","0","0","0","0","0","","0","0","0","","","0","","0","","40 39:05.000","","0","80 05:38.161","0","0","0","0","2212","0","0","0","Y","0","0","0","1","68B03","0","","4.0","","1","N","N","","0","","0","0","0","","0","","","1","0","0","0","0","0","0","2","0","1","","","","N","","","","","","","","","",""
"2006057635","","2","0","0","0","0","0","0","0","0","4","0","","02","5","2006","4","40.450486","-79.765304","1449","11","0","0","1","0","0","1","0","0","1","0","0","0","","","0","","2","","40 27:01.749","4","0","79 45:55.094","0","0","0","0","2446","0","0","0","N","0","0","0","2","02446","0","","1.0","","1","N","N","","0","","0","0","0","","0","N","","2","0","0","0","0","0","0","2","0","2","","","","N","","","","","","","","","",""
"2006057636","","2","0","0","0","0","0","0","0","0","2","0","","02","5","2006","5","40.398333","-79.768381","1514","11","0","0","0","0","0","0","0","0","","0","0","0","","","1","","0","","40 23:54.000","","0","79 46:06.172","8","0","0","0","2446","0","0","0","N","0","0","0","2","02446","0","","1.0","","1","N","N","","0","","0","0","0","","0","","","2","1","0","0","0","1","0","2","0","2","","","","N","","","","","","","","","",""
"2006057673","","1","0","0","0","0","0","0","0","0","7","0","50","02","4","2006","3","40.373889","-80.103628","1318","11","0","0","0","0","0","0","0","0","2","0","0","0","","","1","","0","","40 22:26.000","1","0","80 06:13.059","3","0","0","0","2102","0","0","0","N","0","0","0","1","68B03","0","","3.0","","1","N","N","","0","","1","0","0","","0","N","","1","1","0","0","0","0","0","2","0","1","","","Y","Y","8","1","","","N","","","","",""
"2006057674","","2","0","0","0","0","0","0","0","0","1","0","","02","5","2006","5","","","0805","11","0","0","0","0","0","0","1","0","1","0","0","0","","","0","","0","","40 24:53.28","2","0","80 03:42.84","0","0","0","0","2435","0","0","0","N","0","0","0","6","68B03","0","","1.0","","1","N","N","","0","","0","0","1","","0","N","","4","0","0","0","0","0","0","2","1","4","","","","N","","","","","","","","","",""
"2006057675","","2","0","0","0","0","0","0","0","0","1","0","","02","5","2006","6","","","1401","11","0","0","0","0","0","1","0","0","","0","0","0","","","2","","0","","40 26:03.12","","0","79 52:07.68","4","0","0","0","2124","0","0","0","N","0","0","0","3","68B03","2","","1.0","","1","N","N","","0","","0","0","0","","0","","","2","2","0","0","0","0","0","2","0","2","","","","N","","","","","","","","","",""
"2006057676","","1","0","0","0","0","0","0","0","0","1","0","","02","5","2006","6","","","1401","11","0","0","0","0","0","0","0","0","","0","0","0","","","1","","0","","40 26:03.12","","0","79 52:07.68","4","0","0","0","2124","0","0","0","N","0","0","0","2","68B03","1","","1.0","","1","N","N","","1","","0","0","0","","0","","","2","1","0","0","0","0","0","2","0","2","","","","N","","","","","","","","","",""
"2006057677","","0","0","0","0","0","0","0","0","0","7","0","","02","3","2006","7","40.526667","-80.159532","2118","11","0","0","0","0","0","0","0","0","","0","0","0","","","1","","0","","40 31:36.000","","0","80 09:34.316","3","0","0","0","2436","0","0","0","N","0","0","0","1","68B03","0","","4.0","","9","N","N","","1","","1","0","0","","0","","","1","1","0","0","0","0","0","2","0","1","","","","N","","","","","","","","","",""
"2006057678","","0","0","0","0","0","0","0","0","0","1","0","","02","4","2006","3","","","1703","11","0","0","0","0","0","0","0","0","2","0","0","0","","","1","","0","","40 26:33.36","3","0","80 09:36.72","4","0","0","0","2115","0","0","0","Y","0","0","0","2","68B03","1","","1.0","","1","N","N","","2","","0","0","0","","0","N","","2","1","0","0","0","0","0","2","0","2","","","","N","","","","","","","","","",""
"2006057680","","1","0","0","0","0","0","0","0","0","7","0","","02","4","2006","6","","","1948","11","0","0","0","0","0","0","0","0","2","0","0","0","","","1","","0","","40 26:03.12","4","0","79 52:08.40","8","0","0","0","2478","0","0","0","N","0","0","0","1","68B03","0","","5.0","","1","N","N","","0","","0","0","0","","0","N","","1","1","1","0","0","1","0","2","0","1","","","","N","","","","","","","","","",""
"2006057681","","0","0","0","0","0","0","0","0","0","0","0","","02","4","2006","1","","","0706","11","0","0","0","0","0","0","0","0","","0","0","0","","","0","","0","","40 25:49.80","","0","79 57:26.28","0","0","0","0","2301","0","0","0","N","0","0","0","1","68G03","0","","2.0","","9","N","N","","0","","0","0","1","","0","","","1","0","0","0","0","0","0","2","0","1","","","","N","","","","","","","","","",""
"2006057739","","1","0","0","0","0","0","0","0","0","7","0","","02","6","2006","6","40.393885","-79.895397","2343","11","0","0","0","0","0","0","0","0","","0","0","0","","","1","","0","","40 23:37.987","","0","79 53:43.430","3","0","0","0","2415","0","0","0","N","0","0","0","1","02415","0","","5.0","","1","N","N","","0","","1","0","0","","0","","","1","1","1","0","0","0","0","2","0","1","","","","N","","","","","","","","","",""
"2006057746","","3","0","0","0","0","0","0","0","0","4","0","","02","6","2006","6","40.532778","-79.958818","1410","11","0","0","0","0","1","1","0","0","","0","0","0","","","2","","0","","40 31:58.000","","0","79 57:31.744","8","0","0","0","2118","0","0","0","N","0","0","0","4","02118","0","","1.0","","1","N","N","","0","","0","0","0","","0","","","4","2","0","0","0","2","0","2","1","4","","","","N","","","","","","","","","",""
"2006057749","","1","0","0","0","0","0","0","0","0","1","0","","02","6","2006","4","","","1344","11","0","0","0","0","0","1","0","0","","0","0","0","","","1","","0","","","","0","","4","0","0","1","2404","0","0","0","N","0","0","0","3","02404","1","","1.0","","1","N","N","","0","","0","0","0","","0","","","3","1","0","0","0","0","0","1","1","3","","","","N","","","","","","","","","",""
"2006057751","","3","0","0","0","0","0","0","0","0","1","0","","02","6","2006","5","40.421944","-80.046082","1420","11","0","0","0","0","0","0","1","0","","0","0","0","","","0","","0","","40 25:19.000","","0","80 02:45.894","0","0","0","0","2435","0","0","0","N","0","0","0","3","02435","0","","1.0","","1","N","N","","0","","0","0","0","","8","","","3","0","0","0","0","0","0","2","0","3","","","","N","","","","","","","","","",""
"2006057754","","1","0","0","0","0","0","0","0","0","1","0","","02","6","2006","7","40.620833","-80.054616","1053","11","0","0","0","1","0","1","0","0","","0","0","0","","","0","","0","","40 37:15.000","","0","80 03:16.618","0","0","0","0","2216","0","0","0","N","0","0","0","4","02505","0","","1.0","","1","N","N","","1","","0","0","0","","0","","","3","0","0","0","0","0","0","2","1","3","","","","N","","","","","","","","","",""
"2006057770","","0","0","0","0","0","0","0","0","0","4","1","","02","6","2006","7","40.541944","-79.964119","1651","11","0","0","0","0","0","1","0","0","1","0","1","0","","","1","","2","","40 32:31.000","5","0","79 57:50.827","8","0","0","0","2118","0","0","0","N","0","0","0","2","02118","0","","1.0","","1","N","N","","1","","0","0","0","","2","N","","2","1","0","0","0","1","0","2","0","2","","","","N","","","","","","","","","",""
"2006057776","","3","0","0","0","0","0","0","0","0","1","0","","02","6","2006","3","40.490833","-80.297141","0650","11","0","0","0","0","0","0","0","0","","0","0","0","","","0","","3","","40 29:27.000","","0","80 17:49.706","0","0","0","0","2203","0","0","0","N","0","0","0","4","02203","0","","1.0","","1","N","N","","1","","0","0","0","","0","","","4","0","0","0","0","0","0","2","0","4","","","","N","","","","","","","","","",""
"2006057810","","0","0","0","0","0","0","0","0","0","7","0","","02","6","2006","1","40.623333","-80.053624","0327","11","0","0","0","0","0","0","0","0","3","0","0","0","","","1","","2","","40 37:24.000","7","0","80 03:13.046","4","0","0","0","2216","0","0","0","N","0","0","0","1","02505","1","","5.0","","1","N","N","","0","","0","0","1","","2","Y","","1","1","0","0","0","0","0","1","0","1","","","","N","","","","","","","","","",""
"2006057823","","1","0","0","0","0","0","0","0","0","7","0","","02","6","2006","1","40.338056","-79.968709","0648","11","0","0","0","0","0","0","0","0","","0","0","0","","","0","","0","","40 20:17.000","","0","79 58:07.351","0","0","0","0","2454","0","0","0","N","0","0","0","1","02454","0","","3.0","","1","N","N","","0","","0","0","0","","0","","","1","0","0","0","0","0","0","2","0","1","","","","N","","","","","","","","","",""
"2006057844","","0","0","0","0","0","0","0","0","0","7","0","","02","6","2006","1","40.478005","-80.075779","1920","11","0","0","0","0","0","1","0","0","","0","0","0","","","0","","0","","40 28:40.818","","0","80 04:32.804","0","0","0","0","2122","0","0","0","N","0","0","0","1","02122","0","","2.0","","1","N","N","","1","","0","0","0","","0","","","1","0","1","0","0","0","0","2","0","1","","","","N","","","","","","","","","",""
"2006057845","","2","0","0","0","0","0","0","0","0","4","0","","02","6","2006","6","40.5341","-80.2028","1610","11","0","0","0","0","0","1","0","0","2","0","0","0","","","2","","0","","40 32:02.760","5","0","80 12:10.080","4","0","0","0","2213","0","0","0","N","0","0","0","2","02213","1","","1.0","","1","N","N","","0","","0","0","0","","0","N","","2","2","0","0","0","1","0","2","0","2","","","","N","","","","","","","","","",""
"2006057846","","0","0","0","0","0","0","0","0","0","7","0","","02","6","2006","2","40.36666","-80.016751","1009","11","0","0","0","0","0","0","1","0","2","0","0","0","","","1","","2","","40 21:59.976","5","0","80 01:00.303","8","0","0","0","2416","0","0","0","N","0","0","0","1","02416","0","","5.0","","1","N","N","","0","","0","0","1","","3","Y","","1","1","0","0","0","1","0","2","0","1","","","","N","","","","","","","","","",""
"2006057892","","2","0","0","0","0","0","0","0","0","4","0","","02","5","2006","3","40.422268","-79.843137","1638","11","0","0","0","0","0","0","0","0","","0","0","0","","","1","","2","","40 25:20.164","","0","79 50:35.293","4","0","0","0","2431","0","0","0","N","0","0","0","3","02431","1","","1.0","","9","N","N","","0","","0","0","0","","3","","","2","1","0","0","0","0","0","2","0","2","","","","N","","","","","","","","","",""
"2006057923","","1","0","0","0","0","0","0","0","0","7","0","","02","5","2006","1","40.344371","-79.87308","1240","11","0","0","0","0","0","0","0","1","2","0","0","0","","","1","","0","","40 20:39.736","5","0","79 52:23.087","8","0","0","0","2433","0","0","0","N","0","0","0","1","02433","0","","5.0","","1","N","N","","0","","0","0","0","","0","Y","","2","1","0","0","0","1","0","2","1","2","","","","N","","","","","","","","","",""
"2006057950","","2","0","0","0","0","0","0","0","0","1","0","","02","6","2006","2","40.529722","-79.771482","1708","11","0","0","0","0","0","1","0","0","","0","0","0","","","1","","2","","40 31:47.000","","0","79 46:17.334","8","0","0","0","2466","0","0","0","N","0","0","0","2","02466","0","","1.0","","1","N","N","","0","","0","0","0","","0","","","2","1","0","0","0","1","0","1","0","2","","","","N","","","","","","","","","",""
"2006057955","","1","0","0","0","0","0","0","0","0","99","0","","02","6","2006","1","40.3976","-80.0658","1745","11","0","0","0","0","0","0","0","0","","0","0","0","","","1","","0","","40 23:51.360","","0","80 03:56.880","4","0","0","0","2117","0","0","0","N","0","0","0","2","02117","1","","1.0","","1","N","N","","0","","0","0","0","","0","","","1","1","0","0","0","0","0","2","0","1","","","","N","","","","","","","","","",""
"2006057960","","2","0","0","0","0","0","0","0","0","5","0","","02","5","2006","4","40.454336","-79.962798","1829","11","0","0","0","1","0","0","0","0","","0","0","0","","","0","","0","","40 27:15.609","","0","79 57:46.072","0","0","0","0","2301","0","0","0","N","0","0","0","2","02301","0","","1.0","","1","N","N","","0","","0","0","0","","0","","","2","0","0","0","0","0","0","2","0","2","","","","N","","","","","","","","","",""
"2006057961","","1","0","0","0","0","0","0","0","0","4","1","","02","5","2006","5","40.454367","-80.012589","1105","11","0","0","0","0","0","0","0","0","1","0","1","0","","","0","","2","","40 27:15.721","6","0","80 00:45.320","0","0","0","0","2301","0","0","0","N","0","0","0","3","02301","0","","1.0","","1","N","N","","0","","0","0","0","","2","N","","2","0","2","0","0","0","0","2","0","2","","","","N","","","","","","","","","",""
"2006057964","","1","0","0","0","0","0","0","0","0","8","0","","02","5","2006","4","","","0852","11","0","0","0","0","0","0","0","0","1","0","0","0","","","1","","2","","","3","0","","8","0","0","0","2301","1","0","0","N","1","0","0","2","02301","0","","1.0","","1","N","N","","0","","0","0","0","","2","Y","","2","1","0","0","0","1","0","1","0","1","","","","N","","","","","","","","","",""
"2006057965","","2","0","0","0","0","0","0","0","0","1","0","","02","5","2006","5","40.4785","-79.9556","2327","11","0","0","0","0","0","0","0","0","","0","0","0","","","1","","1","","40 28:42.600","","0","79 57:20.160","3","0","0","0","2301","0","0","0","N","0","0","0","5","02301","0","","1.0","","1","N","N","","0","","1","0","0","","2","","","2","1","0","0","0","0","4","2","0","2","","","","N","","","","","","","","","",""
"2006057967","","2","0","0","0","0","0","0","0","0","4","0","","02","5","2006","5","","","1441","11","0","0","0","0","0","1","0","0","","0","0","0","","","0","","1","","","","0","","0","0","0","0","2301","0","0","0","N","0","0","0","3","02301","0","","1.0","","1","N","N","","0","","0","0","0","","3","","","2","0","1","0","0","0","0","1","0","2","","","","N","","","","","","","","","",""
"2006057968","","1","0","0","0","0","0","0","0","0","0","0","","02","5","2006","2","40.45157","-79.890813","1703","11","0","0","0","0","0","0","0","0","","0","0","0","","","0","","0","","40 27:05.652","","0","79 53:26.926","0","0","0","0","2301","0","0","0","N","0","0","0","4","02301","0","","1.0","","1","N","N","","0","","0","0","0","","0","","","1","0","0","0","0","0","0","2","0","1","","","","N","","","","","","","","","",""
"2006057969","","2","0","0","0","0","0","0","0","0","1","0","","02","5","2006","3","40.415833","-80.029886","2146","11","0","0","0","0","1","0","0","0","","0","0","0","","","1","","1","","40 24:57.000","","0","80 01:47.588","8","0","0","0","2301","0","0","0","N","0","0","0","3","02301","0","","1.0","","9","N","N","","0","","0","0","0","","2","","","2","1","0","0","0","1","0","2","0","2","","","","N","","","","","","","","","",""
"2006057970","","0","0","0","0","0","0","0","0","0","8","0","","02","5","2006","5","40.4288","-79.9815","9999","11","0","0","0","0","0","1","0","0","","0","0","0","","","1","","0","","40 25:43.680","","0","79 58:53.400","8","0","0","0","2301","1","0","0","N","1","0","0","2","02301","0","","1.0","","1","N","N","","0","","0","0","0","","0","","","2","1","0","0","0","1","0","2","1","1","","","","N","","","","","","","","","",""
"2006057971","","0","0","0","0","0","0","0","0","0","0","0","","02","5","2006","3","40.464722","-79.979884","2339","11","0","0","0","0","0","0","0","0","","0","0","0","","","1","","2","","40 27:53.000","","0","79 58:47.582","3","0","0","1","2301","0","0","0","N","0","0","0","2","02301","0","","1.0","","1","N","N","","0","","1","0","1","","0","","","2","1","0","0","0","0","0","2","0","2","","","","N","","","","","","","","","",""
"2006057972","","2","0","0","0","0","0","0","0","0","4","0","","02","5","2006","3","40.427778","-80.053727","2128","11","0","0","0","1","1","0","0","0","","0","0","0","","","0","","1","","40 25:40.000","","0","80 03:13.418","0","0","0","0","2301","0","0","0","N","0","0","0","2","02301","0","","1.0","","1","N","N","","0","","0","0","0","","2","","","2","0","0","0","0","0","0","2","0","2","","","","N","","","","","","","","","",""
"2006057980","","1","0","0","1","0","0","0","0","0","8","0","","02","5","2006","4","","","2013","11","0","0","0","0","0","1","0","0","","0","0","0","","","1","","1","","","","0","","4","0","0","0","2301","1","0","0","N","0","0","0","2","02301","1","","1.0","","1","N","N","","0","","0","0","0","","3","","","2","1","0","0","0","0","0","1","0","1","","","","N","","","","","","","","","",""
"2006057981","","1","0","0","0","0","0","0","0","0","1","0","","02","5","2006","3","40.409497","-80.004884","0906","11","0","0","0","0","0","1","0","0","","0","0","0","","","0","","0","","40 24:34.190","","0","80 00:17.582","0","0","0","0","2301","0","0","0","N","0","0","0","2","02301","0","","1.0","","1","N","N","","1","","0","0","0","","0","","","2","0","0","0","0","0","0","2","0","2","","","","N","","","","","","","","","",""
"2006057982","","1","0","0","0","0","0","0","0","0","4","0","","02","5","2006","3","40.428611","-79.988396","1559","11","0","0","0","0","0","0","0","0","1","0","0","0","","","1","","1","","40 25:43.000","1","0","79 59:18.225","8","0","0","0","2301","0","0","0","N","0","0","0","2","02301","0","","1.0","","1","N","N","","1","","0","0","0","","2","N","","2","1","0","0","0","1","0","2","0","2","","","","N","","","","","","","","","",""
"2006057983","","2","0","0","0","0","0","0","0","0","4","0","","02","5","2006","4","40.403333","-80.040654","1308","11","0","0","0","0","0","1","0","0","","0","0","0","","","1","","1","","40 24:12.000","","0","80 02:26.354","8","0","0","0","2301","0","0","0","N","0","0","0","2","02301","0","","1.0","","1","N","N","","0","","0","0","0","","2","","","2","1","1","0","0","1","1","2","0","2","","","","N","","","","","","","","","",""
"2006057984","","1","0","0","0","0","0","0","0","0","2","0","","02","5","2006","4","","","2045","11","0","0","0","0","0","0","0","0","4","0","0","0","","","1","","0","","","6","0","","2","0","1","1","2301","0","0","0","N","0","0","0","3","02301","0","","1.0","","1","N","N","","0","","0","1","0","","0","Y","","2","1","0","0","0","0","0","1","0","2","","","","N","","","","","","","","","",""
"2006057985","","3","0","0","0","0","0","0","0","0","4","0","","02","5","2006","5","40.430833","-80.001563","0816","11","0","0","0","0","0","0","0","0","2","0","0","0","","","0","","3","","40 25:51.000","6","0","80 00:05.628","0","0","0","0","2301","0","0","0","N","0","0","0","3","02301","0","","1.0","","9","N","N","","0","","0","0","0","","2","N","","3","0","0","0","0","0","0","2","0","3","","","","N","","","","","","","","","",""
"2006057989","","1","0","0","0","0","0","0","0","0","1","0","","02","5","2006","5","40.461578","-79.967126","1726","11","0","0","0","0","1","0","0","0","","0","0","0","","","1","","1","","40 27:41.680","","0","79 58:01.653","4","0","0","0","2301","0","0","0","N","0","0","0","2","02301","1","","1.0","","1","N","N","","0","","0","0","1","","2","","","2","1","0","0","0","0","0","2","0","2","","","","N","","","","","","","","","",""
"2006057990","","1","0","0","0","0","0","0","0","0","7","0","","02","5","2006","6","","","0355","11","0","0","0","0","0","0","0","0","1","0","0","0","","","1","","0","","","1","0","","4","0","0","0","2301","0","0","0","N","0","0","0","1","02301","1","","5.0","","9","N","N","","0","","0","0","0","","0","N","","1","1","0","0","0","0","0","1","0","1","","","","N","","","","","","","","","",""
"2006058043","","1","0","0","0","0","0","0","0","0","7","0","","02","4","2006","1","40.590278","-80.097366","1716","11","0","0","0","0","0","0","0","0","","0","0","0","","","0","","0","","40 35:25.000","","0","80 05:50.519","0","0","0","0","2481","0","0","0","N","0","0","0","2","68B03","0","","4.0","","1","N","N","","0","","0","0","0","","0","","","2","0","0","0","0","0","0","2","0","1","","","","N","","","","","","","","","",""
"2006058044","","2","0","0","0","0","0","0","0","0","4","0","","02","5","2006","6","40.356944","-80.120514","0635","11","0","0","0","0","0","0","0","0","2","0","0","0","","","1","","1","","40 21:25.000","4","0","80 07:13.849","8","0","0","0","2119","0","0","0","N","0","0","0","3","02119","0","","1.0","","1","N","N","","0","","0","0","0","","2","N","","2","1","0","0","0","1","2","2","0","2","","","","N","","","","","","","","","",""
"2006058058","","2","0","0","0","0","0","0","0","0","4","0","","02","5","2006","7","40.3692","-80.0301","1142","11","0","0","0","0","0","1","0","0","","0","0","0","","","0","","0","","40 22:09.120","","0","80 01:48.360","0","0","0","0","2109","0","0","0","","0","0","0","2","02109","0","","1.0","","1","N","","","0","","0","0","0","","0","","","2","0","0","0","0","0","0","2","0","2","","","","N","","","","","","","","","",""
"2006058098","","1","0","0","0","0","0","0","0","0","1","0","","02","5","2006","2","","","0832","11","0","0","0","0","0","1","0","0","","0","0","0","","","0","","0","","40 27:06.48","","0","79 59:50.28","0","0","0","0","2301","0","0","0","N","0","0","0","2","68B03","0","","1.0","","1","N","N","","0","","0","0","1","","0","","","2","0","0","0","0","0","0","2","0","2","","","","N","","","","","","","","","",""
"2006058099","","1","0","0","0","0","0","0","0","0","7","0","","02","4","2006","1","","","0148","11","0","0","0","0","0","0","0","0","","0","0","0","","","0","","0","","40 25:37.92","","0","79 55:09.84","9","0","0","0","2301","0","0","0","N","0","0","0","1","68B03","0","","4.0","","1","N","N","","0","","0","0","0","","0","","","1","0","0","0","0","0","1","2","0","1","","","","N","","","","","","","","","",""
"2006058163","","2","0","0","0","0","0","0","0","0","4","0","","02","4","2006","4","40.4355","-79.7488","1925","11","0","0","0","0","0","1","0","0","","0","0","0","","","0","","0","","40 26:07.800","","5","79 44:55.680","0","0","0","0","2446","0","0","0","N","0","0","0","3","68T09","0","","1.0","","1","N","N","","0","","0","0","0","","0","","","2","0","0","0","0","0","0","2","0","2","","","","N","","","","","","","","","",""
"2006058211","","1","0","0","0","0","0","0","0","0","7","0","","02","3","2006","3","40.5408","-79.8228","1602","11","0","0","0","1","0","0","0","0","","0","0","0","","","0","","0","","40 32:26.880","","2","79 49:22.080","0","0","0","0","2208","0","0","0","N","0","0","0","1","68T02","0","","2.0","","1","N","N","","0","","0","0","0","","0","","","1","0","0","0","0","0","0","2","0","1","","","","N","","","","","","","","","",""
"2006058301","","3","0","0","0","0","0","0","0","0","2","0","","02","4","2006","5","40.422427","-79.885898","1300","11","0","0","0","0","0","2","0","0","","0","0","0","","","1","","1","","40 25:20.737","","0","79 53:09.232","8","0","0","0","2463","0","0","0","N","0","0","0","3","02463","0","","1.0","","1","N","N","","0","","0","0","0","","2","","","3","1","0","0","0","1","0","2","0","3","","","","N","","","","","","","","","",""
"2006058302","","2","0","0","0","0","0","0","0","0","2","0","","02","5","2006","5","40.422427","-79.885898","1718","11","0","0","0","0","0","1","0","0","","0","0","0","","","0","","1","","40 25:20.737","","0","79 53:09.232","0","0","0","0","2463","0","0","0","N","0","0","0","2","02463","0","","1.0","","1","N","N","","0","","0","0","0","","0","","","2","0","0","0","0","0","0","2","0","2","","","","N","","","","","","","","","",""
"2006058303","","2","0","0","0","0","0","0","0","0","1","0","","02","5","2006","3","40.417083","-79.878594","1815","11","0","0","0","0","0","1","0","0","","0","0","0","","","1","","0","","40 25:01.498","","0","79 52:42.938","8","0","0","0","2463","0","0","0","N","0","0","0","3","02463","0","","1.0","","1","N","N","","0","","0","0","0","","0","","","2","1","0","0","0","1","0","2","0","2","","","","N","","","","","","","","","",""
"2006058304","","0","0","0","0","0","0","0","0","0","7","0","","02","5","2006","2","","","0745","11","0","0","0","0","0","0","0","0","","0","0","0","","","0","","0","","","","0","","0","0","0","0","2119","0","0","0","N","0","0","0","1","02119","0","","5.0","","9","N","N","","1","","0","0","0","","0","","","1","0","0","0","0","0","0","1","0","1","","","","N","","","","","","","","","",""
"2006058305","","1","0","0","0","0","0","0","0","0","7","0","","02","5","2006","6","40.341723","-80.146146","1910","11","0","0","0","0","0","0","0","0","","0","0","0","","","0","","0","","40 20:30.202","","0","80 08:46.125","0","0","0","0","2119","0","0","0","N","0","0","0","1","02119","0","","4.0","","9","N","N","","0","","0","0","0","","0","","","1","0","0","0","0","0","0","2","0","1","","","","N","","","","","","","","","",""
"2006058306","","2","0","0","0","0","0","0","0","0","4","0","","02","5","2006","6","40.325833","-80.124007","0637","11","0","0","0","0","0","0","0","0","","0","0","0","","","4","","0","","40 19:33.000","","0","80 07:26.424","8","0","0","0","2119","0","0","0","N","0","0","0","4","02119","0","","1.0","","1","N","N","","0","","0","0","0","","0","","","2","4","0","0","0","4","0","2","0","2","","","","N","","","","","","","","","",""