"CRN","ARRIVAL_TM","AUTOMOBILE_COUNT","BELTED_DEATH_COUNT","BELTED_SUSP_SERIOUS_INJ_COUNT","BICYCLE_COUNT","BICYCLE_DEATH_COUNT","BICYCLE_SUSP_SERIOUS_INJ_COUNT","BUS_COUNT","CHLDPAS_DEATH_COUNT","CHLDPAS_SUSP_SERIOUS_INJ_COUNT","COLLISION_TYPE","COMM_VEH_COUNT","CONS_ZONE_SPD_LIM","COUNTY","CRASH_MONTH","CRASH_YEAR","DAY_OF_WEEK","DEC_LATITUDE","DEC_LONGITUDE","DISPATCH_TM","DISTRICT","DRIVER_COUNT_16YR","DRIVER_COUNT_17YR","DRIVER_COUNT_18YR","DRIVER_COUNT_19YR","DRIVER_COUNT_20YR","DRIVER_COUNT_50_64YR","DRIVER_COUNT_65_74YR","DRIVER_COUNT_75PLUS","EST_HRS_CLOSED","FATAL_COUNT","HEAVY_TRUCK_COUNT","HORSE_BUGGY_COUNT","HOUR_OF_DAY","ILLUMINATION","INJURY_COUNT","INTERSECTION_RELATED","INTERSECT_TYPE","LANE_CLOSED","LATITUDE","LN_CLOSE_DIR","LOCATION_TYPE","LONGITUDE","MAX_SEVERITY_LEVEL","MCYCLE_DEATH_COUNT","MCYCLE_SUSP_SERIOUS_INJ_COUNT","MOTORCYCLE_COUNT","MUNICIPALITY","NONMOTR_COUNT","NONMOTR_DEATH_COUNT","NONMOTR_SUSP_SERIOUS_INJ_COUNT","NTFY_HIWY_MAINT","PED_COUNT","PED_DEATH_COUNT","PED_SUSP_SERIOUS_INJ_COUNT","PERSON_COUNT","POLICE_AGCY","POSSIBLE_INJ_COUNT","RDWY_SURF_TYPE_CD","RELATION_TO_ROAD","ROADWAY_CLEARED","ROAD_CONDITION","SCH_BUS_IND","SCH_ZONE_IND","SECONDARY_CRASH","SMALL_TRUCK_COUNT","SPEC_JURIS_CD","SUSP_MINOR_INJ_COUNT","SUSP_SERIOUS_INJ_COUNT","SUV_COUNT","TCD_FUNC_CD","TCD_TYPE","TFC_DETOUR_IND","TIME_OF_DAY","TOTAL_UNITS","TOT_INJ_COUNT","UNBELTED_OCC_COUNT","UNB_DEATH_COUNT","UNB_SUSP_SERIOUS_INJ_COUNT","UNK_INJ_DEG_COUNT","UNK_INJ_PER_COUNT","URBAN_RURAL","VAN_COUNT","VEHICLE_COUNT","WEATHER1","WEATHER2","WORKERS_PRES","WORK_ZONE_IND","WORK_ZONE_LOC","WORK_ZONE_TYPE","WZ_CLOSE_DETOUR","WZ_FLAGGER","WZ_LAW_OFFCR_IND","WZ_LN_CLOSURE","WZ_MOVING","WZ_OTHER","WZ_SHLDER_MDN","WZ_WORKERS_INJ_KILLED"
"2006058320","","1","0","0","0","0","0","0","0","0","1","0","","02","5","2006","6","40.395556","-79.772537","0553","11","0","0","0","0","1","0","0","0","1","0","0","0","","","1","","0","","40 23:44.000","1","3","79 46:21.132","4","0","0","0","2446","0","0","0","N","0","0","0","3","02446","1","","1.0","","9","N","N","","1","","0","0","1","","0","N","","3","1","0","0","0","0","0","2","0","3","","","","N","","","","","","","","","",""
"2006058321","","1","0","0","0","0","0","0","0","0","1","0","","02","5","2006","7","40.431944","-79.801822","1211","11","0","0","0","0","0","0","0","0","2","0","0","0","","","0","","0","","40 25:55.000","4","0","79 48:06.558","0","0","0","0","2446","0","0","0","N","0","0","0","7","02446","0","","1.0","","1","N","N","","0","","0","0","1","","0","N","","3","0","0","0","0","0","0","2","1","3","","","","N","","","","","","","","","",""
"2006058322","","1","0","0","0","0","0","0","0","0","7","0","","02","5","2006","7","40.415609","-79.718653","0547","11","0","0","0","0","0","1","0","0","","0","0","0","","","0","","0","","40 24:56.194","","0","79 43:07.149","0","0","0","0","2446","0","0","0","N","0","0","0","1","02446","0","","4.0","","1","N","N","","0","","0","0","0","","0","","","1","0","1","0","0","0","0","2","0","1","","","","N","","","","","","","","","",""
"2006058333","","2","0","0","0","0","0","0","0","0","4","0","","02","5","2006","2","40.454137","-79.949009","1537","11","0","0","0","1","0","0","0","0","","0","0","0","","","1","","0","","40 27:14.894","","0","79 56:56.431","8","0","0","0","2301","0","0","0","N","0","0","0","2","02301","0","","1.0","","1","N","N","","0","","0","0","0","","0","","","2","1","0","0","0","1","0","2","0","2","","","","N","","","","","","","","","",""
"2006058334","","1","0","0","0","0","0","0","0","0","4","0","","02","5","2006","5","40.458056","-79.934585","1726","11","0","0","0","0","0","0","0","0","","0","0","0","","","0","","1","","40 27:29.000","","0","79 56:04.506","0","0","0","0","2301","0","0","0","N","0","0","0","3","02301","0","","1.0","","1","N","N","","1","","0","0","0","","2","","","2","0","0","0","0","0","0","2","0","2","","","","N","","","","","","","","","",""
"2006058335","","1","0","0","0","0","0","0","0","0","2","0","","02","5","2006","5","40.455964","-79.894488","1145","11","0","0","0","0","0","0","0","0","","0","0","0","","","1","","1","","40 27:21.470","","0","79 53:40.155","4","0","0","0","2301","0","0","0","N","0","0","0","3","02301","1","","1.0","","1","N","N","","0","","0","0","0","","2","","","2","1","0","0","0","0","0","2","1","2","","","","N","","","","","","","","","",""
"2006058336","","3","0","0","0","0","0","0","0","0","5","0","","02","5","2006","2","40.459326","-79.887594","1348","11","0","0","0","0","1","0","0","0","","0","0","0","","","0","","0","","40 27:33.573","","0","79 53:15.338","0","0","0","0","2301","0","0","0","N","0","0","0","5","02301","0","","6.0","","1","N","N","","0","","0","0","0","","0","","","3","0","0","0","0","0","0","2","0","3","","","","N","","","","","","","","","",""
"2006058351","","1","0","0","0","0","0","0","0","0","4","0","","02","5","2006","2","40.571944","-80.016288","1838","11","0","0","0","0","0","0","0","0","","0","0","0","","","0","","1","","40 34:19.000","","0","80 00:58.638","0","0","0","0","2108","0","0","0","N","0","0","0","2","02108","0","","1.0","","1","N","N","","0","","0","0","0","","2","","","2","0","0","0","0","0","0","2","1","2","","","","N","","","","","","","","","",""
"2006058352","","1","0","0","0","0","0","0","0","0","1","0","","02","5","2006","6","40.586667","-80.044986","1008","11","0","0","0","0","0","0","0","0","","0","0","0","","","1","","1","","40 35:12.000","","0","80 02:41.948","4","0","0","0","2108","0","0","0","N","0","0","0","4","02108","1","","1.0","","9","N","N","","0","","0","0","0","","2","","","2","1","1","0","0","0","0","2","1","2","","","","N","","","","","","","","","",""
"2006058387","","1","0","0","0","0","0","0","0","0","7","0","","02","4","2006","7","40.4319","-79.7456","0534","11","0","0","0","0","0","0","0","0","","0","0","0","","","1","","0","","40 25:54.840","","0","79 44:44.160","4","0","0","0","2446","0","0","0","N","0","0","0","1","68T09","1","","3.0","","9","N","N","","0","","0","0","0","","0","","","1","1","0","0","0","0","0","2","0","1","","","","N","","","","","","","","","",""
"2006058391","","1","0","0","0","0","0","0","0","0","1","0","","02","4","2006","5","","","0740","11","0","0","0","0","0","0","0","0","","0","0","0","","","1","","0","","40 25:06.60","","0","80 05:20.04","3","0","0","0","2117","0","0","0","N","0","0","0","4","68B03","0","","1.0","","1","N","N","","1","","1","0","1","","0","","","3","1","0","0","0","0","0","2","0","3","","","","N","","","","","","","","","",""
"2006058392","","1","0","0","0","0","0","0","0","0","1","0","","02","4","2006","5","","","0740","11","0","0","0","0","0","0","0","0","","0","0","0","","","1","","0","","40 25:06.60","","0","80 05:19.32","3","0","0","0","2117","0","0","0","N","0","0","0","3","68B03","0","","1.0","","1","N","N","","1","","1","0","0","","0","","","2","1","0","0","0","0","0","2","0","2","","","","N","","","","","","","","","",""
"2006058393","","1","0","0","0","0","0","0","0","0","1","0","","02","4","2006","7","","","1650","11","0","0","0","0","0","1","0","0","","0","0","0","","","0","","0","","40 25:46.56","","4","80 01:44.04","0","0","0","0","2301","0","0","0","N","0","0","0","6","68B03","0","","1.0","","1","N","N","","0","","0","0","1","","0","","","2","0","0","0","0","0","0","2","0","2","","","","N","","","","","","","","","",""
"2006058435","","2","0","0","0","0","0","0","0","0","5","0","","02","5","2006","4","40.444672","-79.955102","0928","11","0","0","0","0","0","0","0","0","","0","0","0","","","0","","0","","40 26:40.819","","0","79 57:18.367","0","0","0","0","2301","0","0","0","N","0","0","0","1","02301","0","","1.0","","1","N","N","","0","","0","0","0","","0","","","2","0","0","0","0","0","0","2","0","2","","","","N","","","","","","","","","",""
"2006058436","","0","0","0","0","0","0","0","0","0","2","0","","02","5","2006","5","40.408768","-79.93825","0839","11","0","0","0","0","0","0","0","0","","0","0","0","","","0","","0","","40 24:31.564","","0","79 56:17.700","0","0","0","0","2301","0","0","0","N","0","0","0","3","02301","0","","1.0","","9","Y","N","","1","","0","0","0","","0","","","2","0","0","0","0","0","0","2","1","2","","","","N","","","","","","","","","",""
"2006058437","","1","0","0","0","0","0","0","0","0","8","0","","02","5","2006","5","","","1017","11","0","0","0","0","0","0","0","0","","0","0","0","","","1","","2","","","","0","","2","0","0","0","2301","1","0","1","N","1","0","1","2","02301","0","","1.0","","9","N","N","","0","","0","1","0","","2","","","2","1","0","0","0","0","0","1","0","1","","","","N","","","","","","","","","",""
"2006058438","","1","0","0","0","0","0","0","0","0","1","0","","02","5","2006","3","","","1622","11","0","0","0","0","0","0","0","0","","0","0","0","","","0","","0","","","","0","","0","0","0","0","2301","0","0","0","N","0","0","0","2","02301","0","","1.0","","1","N","N","","0","","0","0","1","","0","","","2","0","0","0","0","0","0","1","0","2","","","","N","","","","","","","","","",""
"2006058441","","1","0","0","0","0","0","0","0","0","1","0","","02","5","2006","1","40.379914","-80.03024","1544","11","0","0","0","0","0","0","0","1","2","0","0","0","","","0","","0","","40 22:47.690","3","0","80 01:48.864","0","0","0","0","2109","0","0","0","N","0","0","0","1","02109","0","","1.0","","1","N","N","","0","","0","0","1","","0","N","","2","0","0","0","0","0","0","2","0","2","","","","N","","","","","","","","","",""
"2006058477","","2","0","0","0","0","0","0","0","0","4","0","","02","5","2006","4","40.563056","-80.207979","1310","11","0","0","0","0","0","0","0","2","","0","0","0","","","0","","1","","40 33:47.000","","0","80 12:28.724","0","0","0","0","2441","0","0","0","N","0","0","0","2","02441","0","","1.0","","1","N","N","","0","","0","0","0","","2","","","2","0","0","0","0","0","0","2","0","2","","","","N","","","","","","","","","",""
"2006058522","","0","0","0","0","0","0","0","0","0","0","0","","02","4","2006","5","40.673889","-80.095379","0001","11","0","0","0","0","0","0","0","0","1","0","0","0","","","1","","0","","40 40:26.000","1","0","80 05:43.363","3","0","0","0","2212","0","0","0","N","0","0","0","1","68D01","0","","5.0","","1","N","N","","0","","1","0","1","","0","N","","1","1","0","0","0","0","0","2","0","1","","","","N","","","","","","","","","",""
"2006058586","","1","0","0","0","0","0","0","0","0","7","0","","02","5","2006","7","40.285833","-79.998125","1950","11","0","0","0","0","0","0","0","0","","0","0","0","","","0","","0","","40 17:09.000","","0","79 59:53.250","0","0","0","0","2219","0","0","0","N","0","0","0","2","02219","0","","2.0","","1","N","N","","0","","0","0","0","","0","","","1","0","0","0","0","0","0","2","0","1","","","","N","","","","","","","","","",""
"2006058587","","0","0","0","0","0","0","0","0","0","0","0","","02","5","2006","7","40.608611","-80.052694","1122","11","0","0","0","0","0","0","0","0","","0","0","0","","","1","","2","","40 36:31.000","","0","80 03:09.697","4","0","0","1","2108","0","0","0","N","0","0","0","1","02108","1","","1.0","","1","N","N","","0","","0","0","0","","3","","","1","1","0","0","0","0","0","2","0","1","","","","N","","","","","","","","","",""
"2006058588","","1","0","0","0","0","0","0","0","0","0","0","","02","5","2006","3","40.600556","-80.048287","0315","11","0","0","0","0","0","0","0","0","9","0","0","0","","","0","","0","","40 36:02.000","2","0","80 02:53.834","0","0","0","0","2108","0","0","0","N","0","0","0","2","02108","0","","1.0","","1","N","N","","0","","0","0","0","","0","N","","1","0","0","0","0","0","0","2","0","1","","","","N","","","","","","","","","",""
"2006058589","","1","0","0","0","0","0","0","0","0","2","0","","02","5","2006","6","40.61","-80.053332","2159","11","0","0","0","0","0","1","0","0","2","0","0","0","","","0","","1","","40 36:36.000","2","0","80 03:11.996","0","0","0","0","2108","0","0","0","N","0","0","0","4","02108","0","","1.0","","1","N","N","","0","","0","0","1","","2","N","","2","0","0","0","0","0","0","2","0","2","","","","N","","","","","","","","","",""
"2006058590","","1","0","0","0","0","0","0","0","0","0","0","","02","5","2006","5","40.573611","-79.992734","1815","11","0","0","0","0","0","1","0","0","","0","0","0","","","0","","2","","40 34:25.000","","0","79 59:33.844","0","0","0","0","2108","0","0","0","N","0","0","0","1","02108","0","","1.0","","1","N","N","","0","","0","0","0","","0","","","1","0","0","0","0","0","0","2","0","1","","","","N","","","","","","","","","",""
"2006058591","","2","0","0","0","0","0","0","0","0","1","0","","02","5","2006","6","40.550278","-80.037226","1500","11","0","0","0","0","0","0","0","0","","0","0","0","","","1","","3","","40 33:01.000","","0","80 02:14.012","8","0","0","0","2108","0","0","0","N","0","0","0","2","02108","0","","1.0","","1","N","N","","0","","0","0","0","","3","","","2","1","0","0","0","1","0","2","0","2","","","","N","","","","","","","","","",""
"2006058600","","1","0","0","0","0","0","0","0","0","7","0","","02","5","2006","7","","","1529","11","0","1","0","0","0","0","0","0","","0","0","0","","","0","","0","","","","0","","0","0","0","0","2447","0","0","0","N","0","0","0","1","02447","0","","5.0","","1","N","N","","0","","0","0","0","","0","","","1","0","0","0","0","0","0","1","0","1","","","","N","","","","","","","","","",""
"2006058681","","0","0","0","0","0","0","0","0","0","1","0","","02","4","2006","3","","","1804","11","0","0","0","0","2","0","0","0","","0","0","0","","","1","","0","","40 25:35.40","","0","79 54:59.04","4","0","0","0","2426","0","0","0","N","0","0","0","3","68B03","1","","1.0","","1","N","N","","1","","0","0","2","","0","","","3","1","0","0","0","0","0","2","0","3","","","","N","","","","","","","","","",""
"2006058682","","2","0","0","0","0","0","0","0","0","1","0","","02","4","2006","4","","","2156","11","0","0","0","0","0","0","0","0","1","0","0","0","","","1","","0","","40 26:30.12","3","0","79 51:27.36","4","0","0","0","2419","0","0","0","N","0","0","0","5","68B03","1","","1.0","","1","N","N","","0","","0","0","0","","0","N","","2","1","0","0","0","0","0","2","0","2","","","","N","","","","","","","","","",""
"2006058683","","1","0","0","0","0","0","0","0","0","99","0","","02","4","2006","6","40.5044","-80.1375","0432","11","0","0","0","0","0","0","0","0","","0","0","0","","","1","","0","","40 30:15.840","","0","80 08:15.000","4","0","0","0","2115","0","0","0","N","0","0","0","1","68B03","1","","1.0","","1","N","N","","0","","0","0","0","","0","","","1","1","0","0","0","0","0","2","0","1","","","","N","","","","","","","","","",""
"2006058684","","1","0","0","0","0","0","0","0","0","7","0","","02","4","2006","6","","","2353","11","0","0","0","0","0","0","0","0","","0","0","0","","","0","","0","","40 26:03.12","","0","79 52:07.32","0","0","0","0","2478","0","0","0","N","0","0","0","3","68B03","0","","2.0","","9","N","N","","0","","0","0","0","","0","","","1","0","0","0","0","0","0","2","0","1","","","","N","","","","","","","","","",""
"2006058685","","1","0","0","0","0","0","0","0","0","7","0","","02","5","2006","2","","","0155","11","0","0","0","0","1","0","0","0","","0","0","0","","","0","","0","","40 26:43.08","","0","79 50:54.24","0","0","0","0","2419","0","0","0","N","0","0","0","1","68B03","0","","4.0","","1","N","N","","0","","0","0","0","","0","","","1","0","0","0","0","0","0","2","0","1","","","","N","","","","","","","","","",""
"2006058686","","1","0","0","0","0","0","0","0","0","7","0","","02","4","2006","2","","","1229","11","0","0","0","0","0","1","0","0","1","0","0","0","","","1","","0","","40 26:03.84","4","0","79 59:23.64","4","0","0","0","2301","0","0","0","N","0","0","0","1","68B03","1","","4.0","","1","N","N","","0","","0","0","0","","0","N","","1","1","0","0","0","0","0","2","0","1","","","","N","","","","","","","","","",""
"2006058687","","1","0","0","0","0","0","0","0","0","1","0","","02","4","2006","2","","","1354","11","0","0","0","0","0","1","0","0","","0","0","0","","","1","","0","","40 25:36.12","","0","79 54:59.04","4","0","0","0","2301","0","0","0","N","0","0","0","5","68B03","1","","1.0","","1","N","N","","2","","0","0","1","","0","","","4","1","0","0","0","0","1","2","0","4","","","","N","","","","","","","","","",""
"2006058688","","2","0","0","0","0","0","0","0","0","1","0","","02","4","2006","5","","","1156","11","0","0","0","1","0","0","0","0","1","0","0","0","","","0","","0","","40 25:02.28","1","0","80 03:22.68","0","0","0","0","2435","0","0","0","N","0","0","0","3","68B03","0","","1.0","","1","N","N","","0","","0","0","1","","0","N","","3","0","0","0","0","0","0","2","0","3","","","","N","","","","","","","","","",""
"2006058689","","0","0","0","0","0","0","0","0","0","7","0","","02","4","2006","3","40.4872","-80.0094","1611","11","0","0","0","0","0","0","0","0","","0","0","0","","","0","","0","","40 29:13.920","","2","80 00:33.840","0","0","0","0","2301","0","0","0","N","0","0","0","1","68B03","0","","2.0","","9","N","N","","0","","0","0","1","","0","","","1","0","1","0","0","0","0","2","0","1","","","","N","","","","","","","","","",""
"2006058690","","0","0","0","0","0","0","0","0","0","5","0","","02","5","2006","4","40.438333","-80.194171","1600","11","0","0","0","0","0","0","0","0","","0","0","0","","","0","","0","","40 26:18.000","","0","80 11:39.016","0","0","0","0","2214","0","0","0","N","0","0","0","2","68B03","0","","1.0","","1","N","N","","1","","0","0","0","","0","","","2","0","0","0","0","0","0","2","1","2","","","","N","","","","","","","","","",""
"2006058691","","3","0","0","0","0","0","0","0","0","1","0","","02","5","2006","5","","","1759","11","0","0","0","0","0","1","0","0","","0","0","0","","","0","","0","","40 28:32.16","","0","80 00:24.84","0","0","0","0","2301","0","0","0","N","0","0","0","3","68B03","0","","1.0","","1","N","N","","0","","0","0","0","","0","","","3","0","0","0","0","0","0","2","0","3","","","","N","","","","","","","","","",""
"2006058692","","2","0","0","0","0","0","0","0","0","1","0","","02","4","2006","7","","","1743","11","0","0","0","0","0","0","1","1","","0","0","0","","","2","","0","","40 25:09.12","","0","80 03:08.64","4","0","0","0","2435","0","0","0","N","0","0","0","4","68B03","2","","1.0","","1","N","N","","0","","0","0","0","","0","","","2","2","0","0","0","0","0","2","0","2","","","","N","","","","","","","","","",""
"2006058693","","3","0","0","0","0","0","0","0","0","1","0","","02","4","2006","6","","","1151","11","0","0","0","0","0","1","0","0","","0","0","0","","","0","","6","","40 25:12.00","","2","80 03:02.16","0","0","0","0","2435","0","0","0","N","0","0","0","3","68B03","0","","1.0","","1","N","N","","0","","0","0","0","","4","","","3","0","1","0","0","0","0","2","0","3","","","","N","","","","","","","","","",""
"2006058748","","1","0","0","0","0","0","0","0","0","4","0","","02","6","2006","6","40.462688","-79.759582","1026","11","0","0","0","0","0","1","0","0","","0","0","0","","","0","","0","","40 27:45.675","","0","79 45:34.495","0","0","0","1","2466","0","0","0","N","0","0","0","2","02466","0","","1.0","","1","N","N","","0","","0","0","0","","0","","","2","0","0","0","0","0","0","2","0","2","","","","N","","","","","","","","","",""
"2006058755","","1","0","0","0","0","0","0","0","0","2","0","","02","6","2006","5","40.540833","-79.801359","1600","11","0","0","0","0","0","0","0","1","","0","0","0","","","0","","2","","40 32:27.000","","0","79 48:04.893","0","0","0","0","2418","0","0","0","N","0","0","0","4","02418","0","","1.0","","1","N","N","","0","","0","0","0","","3","","","2","0","0","0","0","0","0","2","0","2","","","","N","","","","","","","","","",""
"2006058779","","2","0","0","0","0","0","0","0","0","2","0","","02","6","2006","7","40.432778","-79.819103","1611","11","1","0","0","0","0","0","0","0","2","0","0","0","","","0","","2","","40 25:58.000","4","0","79 49:08.772","0","0","0","0","2124","0","0","0","N","0","0","0","3","02124","0","","1.0","","1","N","N","","0","","0","0","0","","3","N","","2","0","1","0","0","0","0","2","0","2","","","","N","","","","","","","","","",""
"2006058780","","1","0","0","0","0","0","0","0","0","6","0","","02","6","2006","6","40.583158","-79.826344","2234","11","0","0","0","0","0","0","0","0","","0","0","0","","","1","","0","","40 34:59.370","","0","79 49:34.837","4","0","0","0","2209","0","0","0","N","0","0","0","1","02209","1","","1.0","","1","N","N","","0","","0","0","0","","0","","","2","1","0","0","0","0","0","2","1","2","","","","N","","","","","","","","","",""
"2006058781","","2","0","0","0","0","0","0","0","0","1","0","","02","5","2006","1","","","1553","11","0","0","0","1","0","0","0","0","","0","0","0","","","0","","2","","","","0","","0","0","0","0","2407","0","0","0","N","0","0","0","5","02407","0","","1.0","","1","N","N","","0","","0","0","0","","2","","","2","0","0","0","0","0","0","1","0","2","","","","N","","","","","","","","","",""
"2006058804","","1","0","0","0","0","0","0","0","0","7","0","","02","5","2006","3","40.4574","-79.9979","0999","11","0","0","0","0","0","1","0","0","","0","0","0","","","2","","1","","40 27:26.640","","0","79 59:52.440","3","0","0","0","2301","0","0","0","N","0","0","0","2","02301","0","","4.0","","1","N","N","","0","","2","0","0","","0","","","1","2","0","0","0","0","0","2","0","1","","","","N","","","","","","","","","",""
"2006058807","","2","0","0","0","0","0","0","0","0","1","0","","02","5","2006","5","40.428333","-79.973322","1548","11","0","0","0","0","0","2","0","1","3","0","0","0","","","2","","2","","40 25:42.000","2","3","79 58:23.960","4","0","0","0","2301","0","0","0","N","0","0","0","6","02301","2","","1.0","","1","N","N","","2","","0","0","1","","2","N","","5","2","0","0","0","0","0","2","0","5","","","","N","","","","","","","","","",""
"2006058809","","7","0","0","0","0","0","0","0","0","1","0","","02","5","2006","5","","","1453","11","0","0","0","0","0","1","0","0","2","0","0","0","","","1","","0","","40 25:12.72","2","3","80 05:31.92","4","0","0","0","2117","0","0","0","N","0","0","0","9","68B03","1","","1.0","","1","N","N","","0","","0","0","0","","0","Y","","8","1","1","0","0","0","0","2","1","8","","","","N","","","","","","","","","",""
"2006058836","","0","0","0","0","0","0","0","0","0","1","0","55","02","4","2006","2","40.4101","-79.7246","1240","11","0","0","0","0","0","2","0","0","","0","0","0","","","1","","0","","40 24:36.360","","0","79 43:28.560","4","0","0","0","2446","0","0","0","N","0","0","0","9","68T09","1","","1.0","","1","N","N","","0","","0","0","1","","8","","","2","1","0","0","0","0","0","2","1","2","","","N","Y","8","2","","","N","Y","Y","","Y",""
"2006058852","","2","0","0","0","0","0","0","0","0","5","0","","02","5","2006","2","40.415896","-79.878804","1521","11","0","0","0","0","0","0","0","0","","0","0","0","","","0","","0","","40 24:57.225","","0","79 52:43.694","0","0","0","0","2463","0","0","0","N","0","0","0","1","02463","0","","6.0","","1","N","N","","0","","0","0","0","","0","","","2","0","1","0","0","0","0","2","0","2","","","","N","","","","","","","","","",""
"2006058859","","0","0","0","0","0","0","0","0","0","1","0","","02","5","2006","2","40.401389","-79.780126","1515","11","0","0","0","0","0","2","0","0","","0","0","0","","","0","","2","","40 24:05.000","","0","79 46:48.452","0","0","0","0","2453","0","0","0","N","0","0","0","2","02453","0","","1.0","","1","N","N","","1","","0","0","1","","0","","","2","0","0","0","0","0","0","2","0","2","","","","N","","","","","","","","","",""
"2006058869","","2","0","1","0","0","0","0","0","0","4","0","","02","5","2006","7","","","0147","11","0","0","0","0","0","0","0","0","2","0","0","0","","","5","","1","","","7","7","","2","0","0","0","2301","0","0","0","N","0","0","0","5","02301","3","","1.0","","1","N","N","","0","","0","2","0","","2","Y","","2","5","3","0","1","0","0","1","0","2","","","","N","","","","","","","","","",""
"2006058885","","1","0","0","0","0","0","0","0","0","4","0","","02","5","2006","6","40.440684","-79.767465","1353","11","0","0","1","0","0","0","0","0","","0","0","0","","","0","","2","","40 26:26.462","","0","79 46:02.874","0","0","0","0","2446","0","0","0","N","0","0","0","2","02446","0","","1.0","","1","N","N","","0","","0","0","1","","0","","","2","0","1","0","0","0","0","2","0","2","","","","N","","","","","","","","","",""
"2006058904","","1","0","0","0","0","0","0","0","0","4","0","","02","6","2006","2","40.613611","-79.947421","2300","11","0","0","0","0","0","0","0","0","","0","0","0","","","0","","1","","40 36:49.000","","0","79 56:50.715","0","0","0","0","2207","0","0","0","N","0","0","0","2","02207","0","","1.0","","1","N","N","","0","","0","0","1","","2","","","2","0","0","0","0","0","0","2","0","2","","","","N","","","","","","","","","",""
"2006058912","","1","0","0","0","0","0","0","0","0","2","0","","02","6","2006","3","40.561944","-79.966368","1245","11","0","0","0","0","0","0","1","0","1","0","0","0","","","0","","0","","40 33:43.000","2","0","79 57:58.925","0","0","0","0","2207","0","0","0","N","0","0","0","3","02207","0","","1.0","","1","N","N","","0","","0","0","1","","0","N","","2","0","0","0","0","0","0","2","0","2","","","","N","","","","","","","","","",""
"2006058913","","1","0","0","0","0","0","0","0","0","2","1","","02","6","2006","3","40.6536","-80.0536","0803","11","0","0","0","0","0","1","0","0","5","0","1","0","","","0","","0","","40 39:12.960","5","0","80 03:12.960","0","0","0","0","2216","0","0","0","Y","0","0","0","2","02505","0","","1.0","","1","N","N","","0","","0","0","0","","0","Y","","2","0","0","0","0","0","0","2","0","2","","","","N","","","","","","","","","",""
"2006058915","","1","0","0","0","0","0","0","0","0","2","0","","02","6","2006","3","40.517388","-79.971665","1445","11","0","0","0","0","0","0","0","0","1","0","0","0","","","0","","0","","40 31:02.598","1","0","79 58:17.993","0","0","0","0","2118","0","0","0","N","0","0","0","4","02118","0","","1.0","","1","N","N","","1","","0","0","0","","0","N","","2","0","0","0","0","0","0","2","0","2","","","","N","","","","","","","","","",""
"2006058917","","1","0","0","0","0","0","0","0","0","1","0","","02","6","2006","2","40.328588","-80.063067","1833","11","0","0","0","0","0","0","0","0","1","0","0","0","","","0","","0","","40 19:42.916","2","0","80 03:47.041","0","0","0","0","2123","0","0","0","N","0","0","0","2","02123","0","","1.0","","1","N","N","","0","","0","0","1","","0","N","","2","0","0","0","0","0","0","2","0","2","","","","N","","","","","","","","","",""
"2006058919","","0","0","0","0","0","0","0","0","0","7","1","","02","6","2006","3","40.2619","-79.8785","1614","11","0","0","0","0","0","1","0","0","2","0","1","0","","","0","","0","","40 15:42.840","2","0","79 52:42.600","0","0","0","0","2440","0","0","0","Y","0","0","0","2","02440","0","","4.0","","1","N","N","","1","","0","0","0","","0","N","","2","0","0","0","0","0","0","1","0","2","","","","N","","","","","","","","","",""
"2006058925","","2","0","0","0","0","0","0","0","0","4","0","","02","6","2006","4","40.556389","-79.819259","0754","11","0","0","0","0","0","0","0","0","","0","0","0","","","1","","1","","40 33:23.000","","0","79 49:09.332","4","0","0","0","2208","0","0","0","N","0","0","0","2","02208","1","","1.0","","1","N","N","","0","","0","0","0","","0","","","2","1","0","0","0","0","0","2","0","2","","","","N","","","","","","","","","",""
"2006058941","","2","0","0","0","0","0","0","0","0","1","0","35","02","6","2006","4","","","1607","11","0","0","0","0","0","1","1","0","2","0","0","0","","","0","","0","","","2","0","","0","0","0","0","2203","0","0","0","N","0","0","0","4","02501","0","","1.0","","1","N","N","","0","","0","0","1","","7","Y","","3","0","0","0","0","0","0","1","0","3","","","Y","Y","4","1","Y","Y","N","","","","Y",""
"2006058942","","0","0","0","0","0","0","0","0","0","0","0","","02","6","2006","4","40.34","-79.96737","1657","11","0","0","0","0","0","1","0","0","1","0","0","0","","","1","","2","","40 20:24.000","4","0","79 58:02.531","8","0","0","1","2454","0","0","0","N","0","0","0","1","02454","0","","1.0","","1","N","N","","0","","0","0","0","","2","Y","","1","1","0","0","0","1","0","2","0","1","","","","N","","","","","","","","","",""
"2006058945","","1","0","0","0","0","0","0","0","0","99","0","","02","6","2006","2","40.487777","-80.079864","2123","11","1","0","0","0","0","0","0","0","2","0","0","0","","","1","","0","","40 29:15.997","6","0","80 04:47.511","8","0","0","0","2122","0","0","0","N","0","0","0","1","02122","0","","2.0","","1","N","N","","0","","0","0","0","","0","U","","1","1","1","0","0","1","0","2","0","1","","","","N","","","","","","","","","",""
"2006058946","","3","0","0","0","0","0","0","0","0","1","0","","02","6","2006","3","40.522778","-80.177403","1455","11","0","0","0","0","0","1","0","1","1","0","0","0","","","1","","0","","40 31:22.000","4","0","80 10:38.651","8","0","0","0","2213","0","0","0","N","0","0","0","3","02213","0","","1.0","","1","N","N","","0","","0","0","0","","0","N","","3","1","0","0","0","1","0","2","0","3","","","","N","","","","","","","","","",""