"CRN","ARRIVAL_TM","AUTOMOBILE_COUNT","BELTED_DEATH_COUNT","BELTED_SUSP_SERIOUS_INJ_COUNT","BICYCLE_COUNT","BICYCLE_DEATH_COUNT","BICYCLE_SUSP_SERIOUS_INJ_COUNT","BUS_COUNT","CHLDPAS_DEATH_COUNT","CHLDPAS_SUSP_SERIOUS_INJ_COUNT","COLLISION_TYPE","COMM_VEH_COUNT","CONS_ZONE_SPD_LIM","COUNTY","CRASH_MONTH","CRASH_YEAR","DAY_OF_WEEK","DEC_LATITUDE","DEC_LONGITUDE","DISPATCH_TM","DISTRICT","DRIVER_COUNT_16YR","DRIVER_COUNT_17YR","DRIVER_COUNT_18YR","DRIVER_COUNT_19YR","DRIVER_COUNT_20YR","DRIVER_COUNT_50_64YR","DRIVER_COUNT_65_74YR","DRIVER_COUNT_75PLUS","EST_HRS_CLOSED","FATAL_COUNT","HEAVY_TRUCK_COUNT","HORSE_BUGGY_COUNT","HOUR_OF_DAY","ILLUMINATION","INJURY_COUNT","INTERSECTION_RELATED","INTERSECT_TYPE","LANE_CLOSED","LATITUDE","LN_CLOSE_DIR","LOCATION_TYPE","LONGITUDE","MAX_SEVERITY_LEVEL","MCYCLE_DEATH_COUNT","MCYCLE_SUSP_SERIOUS_INJ_COUNT","MOTORCYCLE_COUNT","MUNICIPALITY","NONMOTR_COUNT","NONMOTR_DEATH_COUNT","NONMOTR_SUSP_SERIOUS_INJ_COUNT","NTFY_HIWY_MAINT","PED_COUNT","PED_DEATH_COUNT","PED_SUSP_SERIOUS_INJ_COUNT","PERSON_COUNT","POLICE_AGCY","POSSIBLE_INJ_COUNT","RDWY_SURF_TYPE_CD","RELATION_TO_ROAD","ROADWAY_CLEARED","ROAD_CONDITION","SCH_BUS_IND","SCH_ZONE_IND","SECONDARY_CRASH","SMALL_TRUCK_COUNT","SPEC_JURIS_CD","SUSP_MINOR_INJ_COUNT","SUSP_SERIOUS_INJ_COUNT","SUV_COUNT","TCD_FUNC_CD","TCD_TYPE","TFC_DETOUR_IND","TIME_OF_DAY","TOTAL_UNITS","TOT_INJ_COUNT","UNBELTED_OCC_COUNT","UNB_DEATH_COUNT","UNB_SUSP_SERIOUS_INJ_COUNT","UNK_INJ_DEG_COUNT","UNK_INJ_PER_COUNT","URBAN_RURAL","VAN_COUNT","VEHICLE_COUNT","WEATHER1","WEATHER2","WORKERS_PRES","WORK_ZONE_IND","WORK_ZONE_LOC","WORK_ZONE_TYPE","WZ_CLOSE_DETOUR","WZ_FLAGGER","WZ_LAW_OFFCR_IND","WZ_LN_CLOSURE","WZ_MOVING","WZ_OTHER","WZ_SHLDER_MDN","WZ_WORKERS_INJ_KILLED"
"2006058947","","2","0","0","0","0","0","0","0","0","4","0","","02","6","2006","2","40.5225","-80.224342","1454","11","0","0","0","0","0","0","0","1","1","0","0","0","","","1","","2","","40 31:21.000","2","0","80 13:27.631","4","0","0","0","2213","0","0","0","N","0","0","0","2","02213","1","","1.0","","1","N","N","","0","","0","0","0","","3","N","","2","1","0","0","0","0","0","2","0","2","","","","N","","","","","","","","","",""
"2006058996","","1","0","0","0","0","0","0","0","0","4","0","","02","5","2006","5","40.456667","-79.8988","1805","11","0","0","0","0","1","0","0","0","9","2","0","0","","","6","","1","","40 27:24.000","7","0","79 53:55.681","1","0","0","0","2301","0","0","0","N","0","0","0","9","02301","0","9","1.0","","1","N","N","","1","0","0","0","0","","2","Y","","3","6","0","0","0","6","0","2","1","3","","","","N","","","","","","","","","",""
"2006058997","","2","0","0","0","0","0","0","0","0","4","0","","02","5","2006","3","","","1227","11","0","0","0","1","0","0","0","0","1","0","0","0","","","0","","2","","","6","0","","0","0","0","0","2301","0","0","0","N","0","0","0","3","02301","0","","1.0","","1","N","N","","0","","0","0","0","","0","N","","2","0","0","0","0","0","0","1","0","2","","","","N","","","","","","","","","",""
"2006058998","","2","0","0","0","0","0","0","0","0","4","0","","02","2","2006","3","40.448333","-79.899538","0853","11","0","0","0","0","0","1","0","0","1","0","0","0","","","0","","2","","40 26:54.000","3","0","79 53:58.335","0","0","0","0","2301","0","0","0","N","0","0","0","3","02301","0","","1.0","","9","N","N","","0","","0","0","0","","0","N","","2","0","0","0","0","0","0","2","0","2","","","","N","","","","","","","","","",""
"2006059002","","3","0","0","0","0","0","0","0","0","1","0","","02","6","2006","4","40.543889","-80.192779","0712","11","0","1","0","0","0","1","0","0","","0","0","0","","","1","","1","","40 32:38.000","","0","80 11:34.004","8","0","0","0","2427","0","0","0","N","0","0","0","3","02427","0","","1.0","","1","N","N","","0","","0","0","0","","2","","","3","1","0","0","0","1","0","2","0","3","","","","N","","","","","","","","","",""
"2006059010","","1","0","0","0","0","0","0","0","0","4","0","","02","6","2006","3","40.5018","-79.9457","0241","11","0","0","0","0","0","0","0","0","1","0","0","0","","","0","","0","","40 30:06.480","6","0","79 56:44.520","0","0","0","0","2430","0","0","0","N","0","0","0","0","02430","0","","6.0","","1","N","N","","1","","0","0","0","","2","N","","2","0","0","0","0","0","0","2","0","2","","","","N","","","","","","","","","",""
"2006059011","","0","0","0","0","0","0","0","0","0","5","0","","02","6","2006","6","40.4968","-79.9373","0356","11","0","0","0","0","0","0","0","0","","0","0","0","","","0","","10","","40 29:48.480","","0","79 56:14.280","0","0","0","0","2430","0","0","0","N","0","0","0","2","02430","0","","1.0","","1","N","N","","1","","0","0","1","","0","","","2","0","0","0","0","0","0","2","0","2","","","","N","","","","","","","","","",""
"2006059012","","2","0","0","0","0","0","0","0","0","1","0","40","02","6","2006","2","40.2204","-79.8467","1648","11","0","0","0","0","0","1","0","0","","0","0","0","","","0","","0","","40 13:13.440","","0","79 50:48.120","0","0","0","0","2204","0","0","0","N","0","0","0","2","02204","0","","1.0","","1","N","N","","0","","0","0","0","","0","","","2","0","0","0","0","0","0","2","0","2","","","U","Y","4","1","","","N","Y","Y","Y","Y",""
"2006059016","","1","0","0","0","0","0","0","0","0","4","0","","02","6","2006","4","40.535556","-79.970545","1436","11","0","0","0","0","0","1","0","0","2","0","0","0","","","1","","3","","40 32:08.000","1","0","79 58:13.963","4","0","0","0","2118","0","0","0","N","0","0","0","4","02118","1","","1.0","","1","N","N","","0","","0","0","1","","0","N","","2","1","0","0","0","0","0","2","0","2","","","","N","","","","","","","","","",""
"2006059018","","3","0","0","0","0","0","0","0","0","1","0","","02","6","2006","5","40.535278","-79.970265","0843","11","0","1","0","0","0","0","0","0","1","0","0","0","","","0","","0","","40 32:07.000","1","0","79 58:12.954","0","0","0","0","2118","0","0","0","N","0","0","0","5","02118","0","","1.0","","1","N","N","","0","","0","0","1","","0","N","","4","0","0","0","0","0","0","2","0","4","","","","N","","","","","","","","","",""
"2006059035","","1","0","0","0","0","0","0","0","0","7","0","","02","6","2006","2","40.549924","-79.958618","1839","11","0","0","1","0","0","0","0","0","1","0","0","0","","","0","","0","","40 32:59.725","6","0","79 57:31.026","0","0","0","0","2118","0","0","0","N","0","0","0","1","02118","0","","5.0","","1","N","N","","0","","0","0","0","","0","N","","1","0","0","0","0","0","0","2","0","1","","","","N","","","","","","","","","",""
"2006059043","","0","0","0","0","0","0","0","0","0","7","0","","02","6","2006","4","40.5197","-80.2241","1329","11","0","0","0","0","0","1","0","0","1","0","0","0","","","1","","0","","40 31:10.920","2","7","80 13:26.760","4","0","0","0","2213","0","0","0","N","0","0","0","1","02213","1","","2.0","","1","N","N","","1","","0","0","0","","0","N","","1","1","1","0","0","0","0","2","0","1","","","","N","","","","","","","","","",""
"2006059080","","0","0","0","0","0","0","0","0","0","7","0","","02","6","2006","4","40.413056","-80.075566","1625","11","0","0","0","0","0","0","0","0","1","0","0","0","","","0","","0","","40 24:47.000","2","0","80 04:32.036","0","0","0","0","2117","0","0","0","N","0","0","0","1","02117","0","","2.0","","1","N","N","","1","","0","0","0","","0","N","","1","0","1","0","0","0","0","2","0","1","","","","N","","","","","","","","","",""
"2006059081","","3","0","0","0","0","0","0","0","0","8","0","","02","6","2006","5","40.531415","-79.98278","2325","11","0","1","0","0","0","0","0","0","","0","0","0","","","2","","2","","40 31:53.094","","0","79 58:58.008","8","0","0","0","2118","2","0","0","N","2","0","0","7","02118","0","","5.0","","1","N","N","","0","","0","0","0","","0","","","5","2","5","0","0","2","0","2","0","3","","","","N","","","","","","","","","",""
"2006059082","","1","0","0","0","0","0","1","0","0","4","1","","02","6","2006","5","40.42603","-80.073224","1900","11","0","0","0","0","0","1","0","0","","0","0","0","","","0","","2","","40 25:33.708","","1","80 04:23.606","0","0","0","0","2301","0","0","0","","0","0","0","4","02503","0","","1.0","","1","N","N","","0","","0","0","0","","3","","","2","0","0","0","0","0","0","2","0","2","","","","N","","","","","","","","","",""
"2006059084","","2","0","0","0","0","0","0","0","0","1","0","","02","5","2006","1","40.408123","-79.877177","1215","11","0","0","0","0","0","1","0","0","","0","0","0","","","5","","1","","40 24:29.242","","0","79 52:37.837","3","0","0","0","2456","0","0","0","N","0","0","0","5","02456","0","","1.0","","1","N","N","","0","","2","0","0","","2","","","2","5","2","0","0","3","0","2","0","2","","","","N","","","","","","","","","",""
"2006059085","","1","0","0","1","0","0","0","0","0","8","0","","02","5","2006","7","40.488626","-79.877737","1115","11","0","0","0","0","0","0","0","0","","0","0","0","","","1","","0","","40 29:19.053","","0","79 52:39.852","4","0","0","0","2112","1","0","0","N","0","0","0","2","02112","1","","1.0","","1","N","N","","0","","0","0","0","","9","","","2","1","0","0","0","0","0","2","0","1","","","","N","","","","","","","","","",""
"2006059086","","2","0","0","0","0","0","0","0","0","4","0","","02","5","2006","2","40.499244","-79.874099","1730","11","0","0","1","0","0","0","0","0","1","0","0","0","","","0","","0","","40 29:57.278","3","0","79 52:26.756","0","0","0","0","2112","0","0","0","N","0","0","0","4","02112","0","","1.0","","1","N","N","","0","","0","0","0","","0","N","","2","0","0","0","0","0","0","2","0","2","","","","N","","","","","","","","","",""
"2006059087","","2","0","0","0","0","0","0","0","0","1","0","","02","5","2006","4","40.493333","-80.011488","1706","11","0","0","0","0","0","1","0","0","","0","0","0","","","1","","3","","40 29:36.000","","0","80 00:41.356","4","0","0","0","2301","0","0","0","N","0","0","0","2","02301","1","","7.0","","1","N","N","","0","","0","0","0","","0","","","2","1","0","0","0","0","0","2","0","2","","","","N","","","","","","","","","",""
"2006059089","","2","0","0","0","0","0","0","0","0","4","0","","02","6","2006","2","","","1737","11","0","0","0","0","0","0","0","0","1","0","0","0","","","1","","2","","","4","0","","8","0","0","0","2301","0","0","0","N","0","0","0","2","02301","0","","1.0","","1","N","N","","0","","0","0","0","","3","N","","2","1","0","0","0","1","0","1","0","2","","","","N","","","","","","","","","",""
"2006059098","","1","0","0","0","0","0","0","0","0","4","0","","02","5","2006","4","40.455155","-79.966047","1658","11","0","0","0","0","0","0","0","0","","0","0","0","","","0","","1","","40 27:18.558","","0","79 57:57.769","0","0","0","0","2301","0","0","0","","0","0","0","5","02301","0","","1.0","","1","N","N","","1","","0","0","0","","3","","","2","0","0","0","0","0","0","2","0","2","","","","N","","","","","","","","","",""
"2006059099","","2","0","0","0","0","0","0","0","0","1","0","","02","6","2006","7","","","1455","11","0","0","0","0","0","0","0","0","1","0","0","0","","","1","","1","","","3","0","","8","0","0","0","2301","0","0","0","N","0","0","0","2","02301","0","","1.0","","1","N","N","","0","","0","0","0","","2","N","","2","1","1","0","0","1","0","1","0","2","","","","N","","","","","","","","","",""
"2006059100","","1","0","0","0","0","0","0","0","0","7","0","","02","6","2006","1","","","0410","11","0","0","0","0","0","0","0","0","","0","0","0","","","0","","0","","","","0","","0","0","0","0","2301","0","0","0","N","0","0","0","1","02301","0","","5.0","","1","N","N","","0","","0","0","0","","0","","","1","0","0","0","0","0","0","1","0","1","","","","N","","","","","","","","","",""
"2006059101","","2","0","0","0","0","0","0","0","0","5","0","","02","6","2006","6","40.459193","-80.00807","1355","11","0","0","1","0","0","0","1","0","","0","0","0","","","0","","0","","40 27:33.093","","0","80 00:29.051","0","0","0","0","2301","0","0","0","N","0","0","0","4","02301","0","","1.0","","1","N","N","","0","","0","0","0","","0","","","2","0","0","0","0","0","0","2","0","2","","","","N","","","","","","","","","",""
"2006059102","","1","0","0","0","0","0","0","0","0","7","0","25","02","6","2006","6","40.463702","-80.028545","2252","11","0","0","0","0","0","0","0","0","","0","0","0","","","0","","0","","40 27:49.326","","0","80 01:42.763","0","0","0","0","2301","0","0","0","N","0","0","0","1","02301","0","","3.0","","9","N","N","","0","","0","0","0","","0","","","1","0","0","0","0","0","0","2","0","1","","","N","Y","4","2","","","N","","Y","","Y",""
"2006059103","","1","0","0","0","0","0","0","0","0","7","0","","02","6","2006","7","40.4586","-80.0304","0953","11","0","0","0","1","0","0","0","0","1","0","0","0","","","1","","0","","40 27:30.960","2","0","80 01:49.440","4","0","0","0","2301","0","0","0","N","0","0","0","2","02301","1","","3.0","","1","N","N","","0","","0","0","0","","0","N","","1","1","0","0","0","0","0","2","0","1","","","","N","","","","","","","","","",""
"2006059104","","1","0","0","0","0","0","0","0","0","7","0","","02","6","2006","6","","","0424","11","0","0","0","0","0","0","0","0","","0","0","0","","","0","","0","","","","0","","9","0","0","0","2301","0","0","0","N","0","0","0","1","02301","0","","4.0","","9","N","N","","0","","0","0","0","","0","","","1","0","0","0","0","0","1","1","0","1","","","","N","","","","","","","","","",""
"2006059105","","1","0","0","0","0","0","0","0","0","4","0","","02","6","2006","6","40.452918","-79.979822","1735","11","0","0","0","0","0","1","0","0","","0","0","0","","","1","","0","","40 27:10.504","","0","79 58:47.359","3","0","0","0","2301","0","0","0","N","0","0","0","2","02301","0","","1.0","","9","N","N","","0","","1","0","0","","0","","","2","1","0","0","0","0","0","2","1","2","","","","N","","","","","","","","","",""
"2006059107","","2","0","0","0","0","0","0","0","0","4","0","","02","6","2006","6","40.414459","-79.988047","2305","11","0","0","0","0","1","0","0","0","","0","0","0","","","1","","5","","40 24:52.052","","0","79 59:16.969","4","0","0","0","2301","0","0","0","N","0","0","0","3","02301","1","","1.0","","9","N","N","","0","","0","0","0","","2","","","2","1","0","0","0","0","0","2","0","2","","","","N","","","","","","","","","",""
"2006059108","","1","0","0","0","0","0","0","0","0","7","0","","02","6","2006","5","40.458413","-80.016105","1526","11","0","0","0","0","0","1","0","0","","0","0","0","","","1","","2","","40 27:30.286","","0","80 00:57.978","8","0","0","0","2301","0","0","0","N","0","0","0","1","02301","0","","5.0","","1","N","N","","0","","0","0","0","","0","","","1","1","0","0","0","1","0","2","0","1","","","","N","","","","","","","","","",""
"2006059109","","1","0","0","0","0","0","0","0","0","1","0","","02","6","2006","5","40.481389","-80.046065","1752","11","0","0","0","0","0","0","1","0","","0","0","0","","","0","","2","","40 28:53.000","","0","80 02:45.833","0","0","0","0","2301","0","0","0","N","0","0","0","2","02301","0","","1.0","","9","N","N","","1","","0","0","0","","8","","","2","0","0","0","0","0","0","2","0","2","","","","N","","","","","","","","","",""
"2006059110","","1","0","0","0","0","0","0","0","0","7","0","","02","6","2006","1","","","0017","11","0","0","0","0","0","0","0","0","1","0","0","0","","","0","","0","","","1","0","","9","0","0","0","2301","0","0","0","N","0","0","0","1","02301","0","","5.0","","1","N","N","","0","","0","0","0","","0","N","","1","0","0","0","0","0","1","1","0","1","","","","N","","","","","","","","","",""
"2006059111","","1","0","0","0","0","0","0","0","0","7","0","","02","6","2006","1","40.39501","-79.992803","2222","11","0","0","0","0","1","0","0","0","2","0","0","0","","","0","","0","","40 23:42.036","6","0","79 59:34.090","0","0","0","0","2301","0","0","0","N","0","0","0","2","02301","0","","5.0","","1","N","N","","0","","0","0","0","","0","Y","","1","0","0","0","0","0","0","2","0","1","","","","N","","","","","","","","","",""
"2006059112","","2","0","0","0","0","0","0","0","0","4","0","","02","5","2006","4","","","1403","11","0","0","0","0","0","0","0","0","","0","0","0","","","0","","2","","","","0","","0","0","0","0","2301","0","0","0","N","0","0","0","2","02301","0","","1.0","","1","N","N","","0","","0","0","0","","2","","","2","0","0","0","0","0","0","1","0","2","","","","N","","","","","","","","","",""
"2006059113","","1","0","0","0","0","0","0","0","0","4","0","","02","6","2006","1","40.454755","-79.932541","0220","11","0","0","0","0","0","0","0","0","","0","0","0","","","0","","1","","40 27:17.118","","0","79 55:57.147","0","0","0","0","2301","0","0","0","N","0","0","0","2","02301","0","","1.0","","1","N","N","","0","","0","0","1","","2","","","2","0","1","0","0","0","0","2","0","2","","","","N","","","","","","","","","",""
"2006059114","","2","0","0","0","0","0","0","0","0","4","0","","02","6","2006","7","40.444119","-79.917766","2119","11","0","0","1","1","0","0","0","0","","0","0","0","","","0","","0","","40 26:38.828","","0","79 55:03.957","0","0","0","0","2301","0","0","0","N","0","0","0","2","02301","0","","1.0","","9","N","N","","0","","0","0","0","","0","","","2","0","0","0","0","0","0","2","0","2","","","","N","","","","","","","","","",""
"2006059115","","1","0","0","0","0","0","0","0","0","1","0","","02","5","2006","3","40.457469","-79.961555","1758","11","0","0","0","0","0","1","0","0","","0","0","0","","","1","","0","","40 27:26.888","","0","79 57:41.597","8","0","0","0","2301","0","0","0","N","0","0","0","4","02301","0","","1.0","","1","N","N","","0","","0","0","0","","0","","","2","1","0","0","0","1","0","2","1","2","","","","N","","","","","","","","","",""
"2006059147","","1","0","0","1","0","0","0","0","0","8","0","","02","5","2006","4","","","1836","11","0","0","0","0","0","0","0","0","","0","0","0","","","1","","1","","","","0","","4","0","0","0","2301","1","0","0","N","0","0","0","2","02301","1","","1.0","","1","N","N","","0","","0","0","0","","2","","","2","1","0","0","0","0","0","1","0","1","","","","N","","","","","","","","","",""
"2006059148","","2","0","0","0","0","0","0","0","0","6","0","","02","6","2006","3","40.422912","-79.970305","0112","11","0","0","0","0","0","0","0","0","","0","0","0","","","0","","0","","40 25:22.483","","0","79 58:13.098","0","0","0","0","2301","0","0","0","N","0","0","0","1","02301","0","","1.0","","1","N","N","","0","","0","0","0","","0","","","2","0","1","0","0","0","0","2","0","2","","","","N","","","","","","","","","",""
"2006059149","","0","0","0","0","0","0","0","0","0","4","0","","02","5","2006","4","40.451249","-79.982239","1130","11","0","0","0","0","0","1","1","0","","0","0","0","","","1","","0","","40 27:04.496","","0","79 58:56.060","3","0","0","1","2301","0","0","0","N","0","0","0","2","02301","0","","1.0","","1","N","N","","1","","1","0","0","","0","","","2","1","0","0","0","0","0","2","0","2","","","","N","","","","","","","","","",""
"2006059150","","4","0","0","0","0","0","0","0","0","1","0","","02","5","2006","4","40.428611","-79.978887","1903","11","0","0","0","0","0","1","0","0","","0","0","0","","","1","","2","","40 25:43.000","","0","79 58:43.993","8","0","0","0","2301","0","0","0","N","0","0","0","3","02301","0","","5.0","","1","N","N","","0","","0","0","0","","0","","","4","1","0","0","0","1","0","2","0","4","","","","N","","","","","","","","","",""
"2006059151","","1","0","0","0","0","0","0","0","0","6","0","","02","6","2006","5","40.384476","-79.985925","2020","11","0","0","1","0","0","0","0","0","","0","0","0","","","0","","0","","40 23:04.113","","0","79 59:09.330","0","0","0","0","2301","0","0","0","N","0","0","0","4","02301","0","","1.0","","9","N","N","","1","","0","0","0","","0","","","2","0","0","0","0","0","0","2","0","2","","","","N","","","","","","","","","",""
"2006059152","","2","0","0","0","0","0","0","0","0","4","0","","02","6","2006","6","40.424373","-79.964636","1615","11","0","0","0","0","0","1","1","0","","0","0","0","","","0","","0","","40 25:27.742","","0","79 57:52.689","0","0","0","0","2301","0","0","0","N","0","0","0","3","02301","0","","1.0","","9","N","N","","0","","0","0","0","","0","","","2","0","0","0","0","0","0","2","0","2","","","","N","","","","","","","","","",""
"2006059153","","1","0","0","0","0","0","0","0","0","5","0","","02","6","2006","7","40.401944","-80.000624","0937","11","0","0","0","0","0","0","0","0","","0","0","0","","","0","","1","","40 24:07.000","","0","80 00:02.245","0","0","0","0","2301","0","0","0","N","0","0","0","2","02301","0","","1.0","","1","N","N","","0","","0","0","1","","2","","","2","0","0","0","0","0","0","2","0","2","","","","N","","","","","","","","","",""
"2006059154","","1","0","0","0","0","0","0","0","0","1","0","","02","6","2006","1","40.414264","-80.044343","1224","11","0","0","0","0","0","0","0","1","","0","0","0","","","3","","0","","40 24:51.350","","0","80 02:39.634","8","0","0","0","2301","0","0","0","N","0","0","0","5","02301","0","","1.0","","9","N","N","","1","","0","0","0","","0","","","2","3","0","0","0","3","0","2","0","2","","","","N","","","","","","","","","",""
"2006059155","","0","0","0","0","0","0","0","0","0","7","0","","02","6","2006","1","40.416548","-80.030494","2209","11","0","0","0","0","0","0","0","0","","0","0","0","","","1","","0","","40 24:59.573","","0","80 01:49.778","4","0","0","0","2301","0","0","0","N","0","0","0","1","02301","1","","5.0","","1","N","N","","0","","0","0","1","","0","","","1","1","0","0","0","0","0","2","0","1","","","","N","","","","","","","","","",""
"2006059156","","1","0","0","0","0","0","0","0","0","7","0","","02","6","2006","2","40.416912","-80.038363","1740","11","0","0","0","0","0","0","0","0","","0","0","0","","","0","","2","","40 25:00.883","","0","80 02:18.106","0","0","0","0","2301","0","0","0","N","0","0","0","1","02301","0","","1.0","","1","N","N","","0","","0","0","0","","0","","","1","0","0","0","0","0","0","2","0","1","","","","N","","","","","","","","","",""
"2006059157","","2","0","0","0","0","0","0","0","0","1","0","","02","6","2006","2","40.399586","-80.020707","1320","11","0","0","0","0","0","0","0","0","1","0","0","0","","","0","","0","","40 23:58.509","5","0","80 01:14.545","0","0","0","0","2301","0","0","0","N","0","0","0","2","02301","0","","1.0","","1","N","N","","0","","0","0","0","","0","Y","","2","0","0","0","0","0","0","2","0","2","","","","N","","","","","","","","","",""
"2006059158","","1","0","0","0","0","0","0","0","0","2","0","","02","5","2006","3","40.419972","-79.970925","1452","11","0","0","0","0","0","0","0","0","1","0","0","0","","","0","","2","","40 25:11.899","3","0","79 58:15.330","9","0","0","0","2301","0","0","0","N","0","0","0","5","02301","0","","1.0","","1","N","N","","0","","0","0","0","","3","N","","2","0","0","0","0","0","1","2","1","2","","","","N","","","","","","","","","",""
"2006059159","","1","0","0","0","0","0","0","0","0","1","0","","02","5","2006","4","40.408253","-80.032569","0943","11","0","0","0","0","0","1","0","0","","0","0","0","","","0","","0","","40 24:29.711","","0","80 01:57.249","0","0","0","0","2301","0","0","0","N","0","0","0","2","02301","0","","1.0","","1","N","N","","0","","0","0","1","","0","","","2","0","0","0","0","0","0","2","0","2","","","","N","","","","","","","","","",""
"2006059160","","2","0","0","0","0","0","0","0","0","6","0","","02","5","2006","4","40.430136","-80.008549","1419","11","0","0","0","0","0","0","0","1","","0","0","0","","","3","","2","","40 25:48.489","","0","80 00:30.776","4","0","0","0","2301","0","0","0","N","0","0","0","4","02301","1","","1.0","","1","N","N","","0","","0","0","0","","3","","","2","3","4","0","0","2","0","2","0","2","","","","N","","","","","","","","","",""
"2006059170","","2","0","0","0","0","0","0","0","0","1","0","","02","5","2006","6","40.433889","-79.732626","1737","11","0","0","0","0","0","0","0","1","2","0","0","0","","","1","","2","","40 26:02.000","3","0","79 43:57.455","4","0","0","0","2446","0","0","0","N","0","0","0","4","02446","1","","1.0","","9","N","N","","0","","0","0","0","","2","N","","3","1","0","0","0","0","0","2","1","3","","","","N","","","","","","","","","",""
"2006059171","","1","0","0","0","0","0","0","0","0","4","0","","02","5","2006","4","40.437961","-79.991059","0928","11","0","0","0","0","0","1","0","0","","0","0","0","","","1","","1","","40 26:16.659","","0","79 59:27.812","8","0","0","0","2301","0","0","0","N","0","0","0","2","02301","0","","1.0","","1","N","N","","1","","0","0","0","","2","","","2","1","0","0","0","1","0","2","0","2","","","","N","","","","","","","","","",""
"2006059172","","2","0","0","0","0","0","0","0","0","4","0","","02","5","2006","4","40.43847","-80.005839","1232","11","0","0","0","0","0","0","0","0","","0","0","0","","","0","","1","","40 26:18.492","","0","80 00:21.020","0","0","0","0","2301","0","0","0","N","0","0","0","2","02301","0","","1.0","","1","N","N","","0","","0","0","0","","2","","","2","0","0","0","0","0","0","2","0","2","","","","N","","","","","","","","","",""
"2006059178","","0","0","0","0","0","0","0","0","0","0","0","","02","4","2006","3","40.4109","-79.7261","2330","11","0","0","0","0","0","0","0","0","","0","0","0","","","0","","0","","40 24:39.240","","0","79 43:33.960","0","0","0","0","2436","0","0","0","N","0","0","0","4","68T09","0","","1.0","","1","N","N","","0","","0","0","0","","0","","","2","0","0","0","0","0","0","2","2","2","","","","N","","","","","","","","","",""
"2006059251","","1","0","0","0","0","0","0","0","0","7","0","","02","6","2006","6","40.46661","-79.874111","1433","11","0","0","1","0","0","0","0","0","1","0","0","0","","","2","","0","","40 27:59.796","3","0","79 52:26.799","4","0","0","0","2113","0","0","0","N","0","0","0","2","02113","2","","4.0","","9","N","N","","0","","0","0","0","","0","N","","1","2","0","0","0","0","0","2","0","1","","","","N","","","","","","","","","",""
"2006059315","","1","0","0","0","0","0","0","0","0","7","0","","02","5","2006","5","40.525","-79.8201","1724","11","0","0","0","0","0","0","0","0","","0","0","0","","","0","","0","","40 31:30.000","","0","79 49:12.360","0","0","0","0","2466","0","0","0","N","0","0","0","1","68T02","0","","3.0","","9","N","N","","0","","0","0","0","","0","","","1","0","0","0","0","0","0","2","0","1","","","","N","","","","","","","","","",""
"2006059338","","1","0","0","0","0","0","0","0","0","7","0","","02","5","2006","7","40.434061","-79.848853","1802","11","0","0","0","0","1","0","0","0","","0","0","0","","","1","","1","","40 26:02.619","","0","79 50:55.870","8","0","0","0","2431","0","0","0","N","0","0","0","1","02431","0","","5.0","","1","N","N","","0","","0","0","0","","2","","","1","1","0","0","0","1","0","2","0","1","","","","N","","","","","","","","","",""
"2006059339","","2","0","0","0","0","0","0","0","0","1","0","","02","5","2006","4","40.424444","-79.859642","1338","11","0","0","0","0","0","1","0","1","1","0","0","0","","","1","","1","","40 25:28.000","3","0","79 51:34.711","4","0","0","0","2431","0","0","0","N","0","0","0","2","02431","1","","1.0","","1","N","N","","0","","0","0","0","","2","N","","2","1","0","0","0","0","0","2","0","2","","","","N","","","","","","","","","",""
"2006059553","","1","0","0","0","0","0","0","0","0","1","0","","02","5","2006","2","","","1513","11","0","0","0","0","0","1","0","0","","0","0","0","","","2","","0","","","","0","","8","0","0","0","2304","0","0","0","N","0","0","0","4","02304","0","","1.0","","1","N","N","","0","","0","0","1","","0","","","2","2","0","0","0","2","0","1","0","2","","","","N","","","","","","","","","",""
"2006059554","","1","0","0","0","0","0","0","0","0","4","0","","02","5","2006","3","40.349722","-79.893707","1818","11","0","0","0","0","0","0","0","0","1","0","0","0","","","3","","2","","40 20:59.000","5","0","79 53:37.345","4","0","0","0","2423","0","0","0","N","0","0","0","3","02304","1","","1.0","","9","N","N","","0","","0","0","1","","3","Y","","2","3","0","0","0","2","0","2","0","2","","","","N","","","","","","","","","",""
"2006059555","","0","0","0","0","0","0","0","0","0","4","0","","02","6","2006","5","","","0750","11","0","0","0","0","0","0","0","0","2","0","0","0","","","4","","2","","","5","0","","4","0","0","0","2304","0","0","0","N","0","0","0","4","02304","3","","1.0","","1","Y","N","","0","","0","0","0","","3","Y","","2","4","2","0","0","1","0","1","2","2","","","","N","","","","","","","","","",""
"2006059556","","1","0","0","0","0","0","0","0","0","4","0","","02","5","2006","6","","","1358","11","0","0","0","0","0","0","1","0","","0","0","0","","","0","","2","","","","0","","0","0","0","0","2304","0","0","0","N","0","0","0","3","02304","0","","7.0","","1","N","N","","0","","0","0","0","","3","","","2","0","0","0","0","0","0","1","1","2","","","","N","","","","","","","","","",""
"2006059557","","2","0","0","0","0","0","0","0","0","4","0","","02","5","2006","2","","","1256","11","0","0","0","0","0","1","0","1","1","0","0","0","","","0","","1","","","4","0","","0","0","0","0","2304","0","0","0","N","0","0","0","2","02304","0","","1.0","","9","N","N","","0","","0","0","0","","3","N","","2","0","0","0","0","0","0","1","0","2","","","","N","","","","","","","","","",""