"CRN","ARRIVAL_TM","AUTOMOBILE_COUNT","BELTED_DEATH_COUNT","BELTED_SUSP_SERIOUS_INJ_COUNT","BICYCLE_COUNT","BICYCLE_DEATH_COUNT","BICYCLE_SUSP_SERIOUS_INJ_COUNT","BUS_COUNT","CHLDPAS_DEATH_COUNT","CHLDPAS_SUSP_SERIOUS_INJ_COUNT","COLLISION_TYPE","COMM_VEH_COUNT","CONS_ZONE_SPD_LIM","COUNTY","CRASH_MONTH","CRASH_YEAR","DAY_OF_WEEK","DEC_LATITUDE","DEC_LONGITUDE","DISPATCH_TM","DISTRICT","DRIVER_COUNT_16YR","DRIVER_COUNT_17YR","DRIVER_COUNT_18YR","DRIVER_COUNT_19YR","DRIVER_COUNT_20YR","DRIVER_COUNT_50_64YR","DRIVER_COUNT_65_74YR","DRIVER_COUNT_75PLUS","EST_HRS_CLOSED","FATAL_COUNT","HEAVY_TRUCK_COUNT","HORSE_BUGGY_COUNT","HOUR_OF_DAY","ILLUMINATION","INJURY_COUNT","INTERSECTION_RELATED","INTERSECT_TYPE","LANE_CLOSED","LATITUDE","LN_CLOSE_DIR","LOCATION_TYPE","LONGITUDE","MAX_SEVERITY_LEVEL","MCYCLE_DEATH_COUNT","MCYCLE_SUSP_SERIOUS_INJ_COUNT","MOTORCYCLE_COUNT","MUNICIPALITY","NONMOTR_COUNT","NONMOTR_DEATH_COUNT","NONMOTR_SUSP_SERIOUS_INJ_COUNT","NTFY_HIWY_MAINT","PED_COUNT","PED_DEATH_COUNT","PED_SUSP_SERIOUS_INJ_COUNT","PERSON_COUNT","POLICE_AGCY","POSSIBLE_INJ_COUNT","RDWY_SURF_TYPE_CD","RELATION_TO_ROAD","ROADWAY_CLEARED","ROAD_CONDITION","SCH_BUS_IND","SCH_ZONE_IND","SECONDARY_CRASH","SMALL_TRUCK_COUNT","SPEC_JURIS_CD","SUSP_MINOR_INJ_COUNT","SUSP_SERIOUS_INJ_COUNT","SUV_COUNT","TCD_FUNC_CD","TCD_TYPE","TFC_DETOUR_IND","TIME_OF_DAY","TOTAL_UNITS","TOT_INJ_COUNT","UNBELTED_OCC_COUNT","UNB_DEATH_COUNT","UNB_SUSP_SERIOUS_INJ_COUNT","UNK_INJ_DEG_COUNT","UNK_INJ_PER_COUNT","URBAN_RURAL","VAN_COUNT","VEHICLE_COUNT","WEATHER1","WEATHER2","WORKERS_PRES","WORK_ZONE_IND","WORK_ZONE_LOC","WORK_ZONE_TYPE","WZ_CLOSE_DETOUR","WZ_FLAGGER","WZ_LAW_OFFCR_IND","WZ_LN_CLOSURE","WZ_MOVING","WZ_OTHER","WZ_SHLDER_MDN","WZ_WORKERS_INJ_KILLED"
"2006061717","","1","0","0","0","0","0","0","0","0","1","0","","02","5","2006","7","40.3969","-79.7934","","11","0","0","0","0","0","0","0","0","3","0","0","0","","","1","","0","","40 23:48.840","3","0","79 47:36.240","2","0","1","1","2446","0","0","0","N","0","0","0","1","02446","0","","5.0","","1","N","N","","0","","0","1","0","","0","N","","2","1","0","0","0","0","0","2","0","2","","","","N","","","","","","","","","",""
"2006061725","","0","0","0","0","0","0","0","0","0","7","0","","02","6","2006","2","","","","11","0","0","0","0","0","0","0","0","","0","0","0","","","0","","0","","","","0","","9","0","0","0","2440","0","0","0","N","0","0","0","1","02440","0","","2.0","","1","N","N","","1","","0","0","0","","0","","","1","0","0","0","0","0","1","1","0","1","","","","N","","","","","","","","","",""
"2006061727","","2","0","0","0","0","0","0","0","0","1","0","","02","6","2006","3","40.500833","-79.944079","","11","0","0","0","0","0","0","0","0","1","0","0","0","","","0","","0","","40 30:03.000","1","0","79 56:38.685","0","0","0","0","2118","0","0","0","N","0","0","0","2","02118","0","","1.0","","1","N","N","","0","","0","0","0","","0","N","","2","0","0","0","0","0","0","2","0","2","","","","N","","","","","","","","","",""
"2006061729","","1","0","0","0","0","0","0","0","0","0","0","","02","6","2006","3","40.3412","-79.9651","","11","0","0","0","0","0","0","0","0","","0","0","0","","","0","","0","","40 20:28.320","","3","79 57:54.360","0","0","0","0","2454","0","0","0","N","0","0","0","1","02454","0","","3.0","","1","N","N","","0","","0","0","0","","0","","","2","0","0","0","0","0","0","2","0","1","","","","N","","","","","","","","","",""
"2006061730","","2","0","0","0","0","0","0","0","0","6","0","","02","6","2006","3","","","","11","0","0","0","0","0","0","0","0","2","0","0","0","","","0","","0","","","2","0","","0","0","0","0","2213","0","0","0","N","0","0","0","2","02213","0","","1.0","","1","N","N","","0","","0","0","0","","0","N","","2","0","0","0","0","0","0","1","0","2","","","","N","","","","","","","","","",""
"2006061732","","1","0","0","0","0","0","0","0","0","7","0","","02","6","2006","3","40.293333","-80.030799","","11","0","0","0","0","0","1","0","0","3","0","0","0","","","1","","0","","40 17:36.000","5","0","80 01:50.878","4","0","0","0","2407","0","0","0","Y","0","0","0","2","02407","1","","5.0","","1","N","N","","1","","0","0","0","","0","Y","","2","1","1","0","0","0","0","2","0","2","","","","N","","","","","","","","","",""
"2006061733","","2","0","0","0","0","0","0","0","0","1","0","","02","6","2006","2","40.321667","-80.047826","","11","1","0","0","0","1","0","0","0","1","0","0","0","","","1","","0","","40 19:18.000","1","0","80 02:52.172","4","0","0","0","2407","0","0","0","N","0","0","0","2","02407","1","","1.0","","1","N","N","","0","","0","0","0","","0","N","","2","1","0","0","0","0","0","2","0","2","","","","N","","","","","","","","","",""
"2006061757","","2","0","0","0","0","0","0","0","0","1","0","","02","6","2006","3","40.402239","-80.054423","","11","0","0","0","0","0","1","0","0","","0","0","0","","","0","","2","","40 24:08.060","","0","80 03:15.922","0","0","0","0","2117","0","0","0","N","0","0","0","2","02117","0","","1.0","","1","N","N","","0","","0","0","0","","0","","","2","0","0","0","0","0","0","2","0","2","","","","N","","","","","","","","","",""
"2006061759","","1","0","0","0","0","0","0","0","0","1","0","","02","6","2006","2","40.3721","-80.0995","","11","0","0","0","0","0","1","0","0","2","0","0","0","","","2","","0","","40 22:19.560","4","0","80 05:58.200","8","0","0","0","2102","0","0","0","N","0","0","0","6","02102","0","","1.0","","1","N","N","","1","","0","0","1","","2","N","","3","2","0","0","0","2","0","2","0","3","","","","N","","","","","","","","","",""
"2006061765","","0","0","0","0","0","0","0","0","0","7","0","","02","6","2006","1","40.337572","-79.962726","","11","0","0","0","0","0","0","0","0","5","0","0","0","","","0","","0","","40 20:15.259","5","0","79 57:45.813","0","0","0","0","2454","0","0","0","N","0","0","0","1","02454","0","","5.0","","1","N","N","","1","","0","0","0","","0","Y","","1","0","0","0","0","0","0","2","0","1","","","","N","","","","","","","","","",""
"2006061772","","2","0","0","0","0","0","0","0","0","1","0","","02","6","2006","3","40.598333","-79.947368","","11","0","0","0","0","0","1","0","0","1","0","0","0","","","1","","0","","40 35:54.000","1","0","79 56:50.523","4","0","0","0","2207","0","0","0","N","0","0","0","4","02207","1","","1.0","","1","N","N","","0","","0","0","1","","0","N","","3","1","0","0","0","0","0","2","0","3","","","","N","","","","","","","","","",""
"2006061776","","2","0","0","0","0","0","0","0","0","5","0","","02","6","2006","3","40.547541","-80.02865","","11","0","0","0","0","0","0","0","1","","0","0","0","","","0","","0","","40 32:51.147","","0","80 01:43.140","0","0","0","0","2116","0","0","0","N","0","0","0","2","02116","0","","1.0","","1","N","N","","0","","0","0","0","","0","","","2","0","0","0","0","0","0","2","0","2","","","","N","","","","","","","","","",""
"2006061783","","2","0","0","0","0","0","0","0","0","1","0","","02","6","2006","4","40.411111","-80.04639","","11","0","0","0","0","0","0","0","0","1","0","0","0","","","1","","2","","40 24:40.000","2","0","80 02:47.004","8","0","0","0","2435","0","0","0","N","0","0","0","2","02435","0","","1.0","","1","N","N","","0","","0","0","0","","0","N","","2","1","0","0","0","1","0","2","0","2","","","","N","","","","","","","","","",""
"2006061796","","1","0","0","0","0","0","0","0","0","7","0","","02","6","2006","3","40.3163","-79.955223","","11","0","0","0","0","0","0","0","0","","0","0","0","","","0","","0","","40 18:58.681","","0","79 57:18.804","9","0","0","0","2440","0","0","0","N","0","0","0","1","02440","0","","2.0","","1","N","N","","0","","0","0","0","","0","","","1","0","0","0","0","0","1","2","0","1","","","","N","","","","","","","","","",""
"2006061797","","2","0","0","0","0","0","0","0","0","4","0","","02","6","2006","6","40.379167","-79.806987","","11","0","0","0","1","0","1","0","0","2","0","0","0","","","0","","1","","40 22:45.000","3","0","79 48:25.154","0","0","0","0","2111","0","0","0","N","0","0","0","7","02111","0","","1.0","","1","N","N","","0","","0","0","0","","3","N","","2","0","3","0","0","0","0","2","0","2","","","","N","","","","","","","","","",""
"2006061801","","2","0","0","0","0","0","0","0","0","1","0","","02","5","2006","3","40.5001","-80.2193","","11","0","0","0","0","0","0","1","1","","0","0","0","","","2","","2","","40 30:00.360","","0","80 13:09.480","4","0","0","0","2213","0","0","0","N","0","0","0","5","02213","2","","1.0","","1","N","N","","0","","0","0","0","","2","","","2","2","0","0","0","0","0","2","0","2","","","","N","","","","","","","","","",""
"2006061802","","1","0","0","0","0","0","0","0","0","1","0","","02","6","2006","1","","","","11","0","0","0","0","0","0","0","0","1","0","0","0","","","0","","0","","","2","0","","0","0","0","0","2407","0","0","0","N","0","0","0","4","02407","0","","1.0","","1","N","N","","0","","0","0","1","","0","N","","3","0","0","0","0","0","0","1","0","2","","","","N","","","","","","","","","",""
"2006061803","","1","0","0","0","0","0","0","0","0","8","0","","02","6","2006","2","","","","11","0","0","0","0","0","0","0","0","","0","0","0","","","1","","0","","","","0","","3","0","0","0","2426","1","0","0","N","1","0","0","2","02426","0","","1.0","","1","N","N","","0","","1","0","0","","2","","","2","1","0","0","0","0","0","1","0","1","","","","N","","","","","","","","","",""
"2006061844","","1","0","0","0","0","0","0","0","0","7","0","","02","6","2006","4","40.358612","-79.990666","","11","0","0","0","0","0","0","0","0","","0","0","0","","","0","","0","","40 21:31.003","","0","79 59:26.397","0","0","0","0","2476","0","0","0","","0","0","0","1","02476","0","","2.0","","1","","","","0","","0","0","0","","0","","","1","0","0","0","0","0","0","2","0","1","","","","N","","","","","","","","","",""
"2006061845","","2","0","0","0","0","0","0","0","0","4","0","","02","6","2006","2","40.407778","-80.083687","","11","0","0","0","1","0","0","0","0","","0","0","0","","","2","","1","","40 24:28.000","","0","80 05:01.273","8","0","0","0","2435","0","0","0","N","0","0","0","5","02435","0","","1.0","","9","N","N","","0","","0","0","0","","2","","","2","2","2","0","0","2","1","2","0","2","","","","N","","","","","","","","","",""
"2006061850","","0","0","0","0","0","0","0","0","0","7","0","","02","6","2006","7","","","","11","0","0","0","0","0","0","0","0","","0","0","0","","","0","","0","","","","0","","0","0","0","0","2419","0","0","0","N","0","0","0","2","02419","0","","4.0","","1","N","N","","0","","0","0","0","","3","","","1","0","0","0","0","0","0","1","1","1","","","","N","","","","","","","","","",""
"2006061858","","1","0","0","0","0","0","0","0","0","1","0","","02","6","2006","7","40.27254","-79.886304","","11","0","0","0","0","0","0","0","0","","0","0","0","","","2","","1","","40 16:21.143","","0","79 53:10.694","8","0","0","0","2428","0","0","0","N","0","0","0","3","02428","0","","1.0","","1","N","N","","0","","0","0","1","","2","","","2","2","2","0","0","2","0","2","0","2","","","","N","","","","","","","","","",""
"2006061867","","1","0","0","0","0","0","0","0","0","4","1","","02","6","2006","5","40.367778","-79.779756","","11","0","0","0","0","0","0","0","1","","0","0","0","","","0","","1","","40 22:04.000","","0","79 46:47.123","0","0","0","0","2111","0","0","0","N","0","0","0","2","02111","0","","1.0","","1","N","N","","0","","0","0","0","","0","","","2","0","1","0","0","0","0","2","0","2","","","","N","","","","","","","","","",""
"2006061877","","1","0","0","0","0","0","0","0","0","1","0","","02","6","2006","5","40.4766","-79.7627","","11","0","0","1","0","0","0","0","0","1","0","0","0","","","1","","0","","40 28:35.760","6","0","79 45:45.720","4","0","0","0","2466","0","0","0","N","0","0","0","2","02466","1","","1.0","","1","N","N","","0","","0","0","1","","0","N","","2","1","0","0","0","0","0","2","0","2","","","","N","","","","","","","","","",""
"2006061879","","1","0","0","0","0","0","0","0","0","7","0","","02","6","2006","7","40.523714","-79.979272","","11","0","0","1","0","0","0","0","0","","0","0","0","","","0","","0","","40 31:25.370","","0","79 58:45.379","0","0","0","0","2118","0","0","0","N","0","0","0","1","02118","0","","2.0","","1","N","N","","0","","0","0","0","","0","","","1","0","0","0","0","0","0","2","0","1","","","","N","","","","","","","","","",""
"2006061881","","1","0","0","0","0","0","0","0","0","7","0","","02","6","2006","4","","","","11","0","0","0","0","0","0","0","0","","0","0","0","","","0","","0","","","","0","","0","0","0","0","2209","0","0","0","N","0","0","0","1","02209","0","","5.0","","3","N","N","","0","","0","0","0","","0","","","1","0","1","0","0","0","0","1","0","1","","","","N","","","","","","","","","",""
"2006061906","","2","0","0","0","0","0","0","0","0","4","0","","02","6","2006","5","40.5339","-79.845","","11","0","0","0","1","0","0","0","0","1","0","0","0","","","0","","0","","40 32:02.040","2","0","79 50:42.000","9","0","0","0","2208","0","0","0","N","0","0","0","2","02208","0","","1.0","","9","N","N","","0","","0","0","0","","0","N","","2","0","0","0","0","0","1","2","0","2","","","","N","","","","","","","","","",""
"2006061941","","1","0","0","0","0","0","0","0","0","6","0","","02","6","2006","5","40.46099","-80.195684","","11","0","0","0","0","0","0","0","0","2","0","0","0","","","1","","0","","40 27:39.564","1","0","80 11:44.462","8","0","0","0","2203","0","0","0","N","0","0","0","2","02203","0","","1.0","","9","N","N","","0","","0","0","1","","0","N","","2","1","0","0","0","1","0","2","0","2","","","","N","","","","","","","","","",""
"2006061946","","3","0","0","0","0","0","0","0","0","7","0","","02","6","2006","1","40.366667","-79.820019","","11","0","0","1","0","0","0","0","0","2","0","0","0","","","1","","0","","40 22:00.000","5","0","79 49:12.068","3","0","0","0","2111","0","0","0","N","0","0","0","1","02111","0","","4.0","","1","N","N","","0","","1","0","0","","0","N","","3","1","0","0","0","0","0","2","0","3","","","","N","","","","","","","","","",""
"2006061949","","1","0","0","0","0","0","0","0","0","1","0","","02","6","2006","5","40.631944","-79.940639","","11","0","0","0","1","0","0","0","0","","0","0","0","","","0","","0","","40 37:55.000","","0","79 56:26.300","0","0","0","0","2217","0","0","0","N","0","0","0","5","02505","0","","1.0","","1","N","N","","1","","0","0","0","","0","","","2","0","1","0","0","0","0","2","0","2","","","","N","","","","","","","","","",""
"2006061950","","2","0","0","0","0","0","0","0","0","4","0","","02","6","2006","2","40.343333","-79.970066","","11","0","0","0","0","0","1","0","0","1","0","0","0","","","0","","1","","40 20:36.000","1","0","79 58:12.237","0","0","0","0","2403","0","0","0","N","0","0","0","3","02403","0","","1.0","","9","N","N","","0","","0","0","0","","2","Y","","2","0","0","0","0","0","0","2","0","2","","","","N","","","","","","","","","",""
"2006061951","","3","0","0","0","0","0","0","0","0","1","0","","02","6","2006","6","40.399722","-80.082721","","11","0","0","1","0","0","0","1","0","1","0","0","0","","","1","","2","","40 23:59.000","2","0","80 04:57.797","4","0","0","0","2415","0","0","0","N","0","0","0","3","02415","1","","1.0","","9","N","N","","0","","0","0","0","","0","N","","3","1","0","0","0","0","0","2","0","3","","","","N","","","","","","","","","",""
"2006061952","","1","0","0","0","0","0","1","0","0","4","1","","02","6","2006","2","","","","11","0","0","0","0","0","0","0","0","2","0","0","0","","","2","","0","","","5","0","","4","0","0","0","2473","0","0","0","N","0","0","0","5","02503","2","","1.0","","9","N","N","","0","","0","0","0","","0","Y","","2","2","3","0","0","0","0","1","0","2","","","","N","","","","","","","","","",""
"2006061960","","2","0","0","0","0","0","0","0","0","4","0","","02","6","2006","6","40.504575","-79.949483","","11","0","0","0","0","0","1","1","0","","0","0","0","","","0","","0","","40 30:16.470","","0","79 56:58.140","0","0","0","0","2430","0","0","0","N","0","0","0","4","02430","0","","1.0","","9","N","N","","0","","0","0","0","","0","","","2","0","0","0","0","0","0","2","0","2","","","","N","","","","","","","","","",""
"2006061966","","1","0","0","0","0","0","0","0","0","7","0","","02","6","2006","1","40.275","-79.944617","","11","0","0","0","0","0","0","0","0","","0","0","0","","","1","","0","","40 16:30.000","","0","79 56:40.622","4","0","0","0","2440","0","0","0","N","0","0","0","1","02440","1","","5.0","","1","N","N","","0","","0","0","0","","0","","","1","1","0","0","0","0","0","1","0","1","","","","N","","","","","","","","","",""
"2006061967","","0","0","0","0","0","0","0","0","0","6","0","","02","6","2006","6","","","","11","0","1","0","0","0","0","0","0","1","0","0","0","","","0","","0","","","4","7","","0","0","0","0","2116","0","0","0","Y","0","0","0","2","02116","0","","1.0","","9","N","N","","2","","0","0","0","","0","N","","2","0","0","0","0","0","0","1","0","2","","","","N","","","","","","","","","",""
"2006061970","","2","0","0","0","0","0","0","0","0","2","0","","02","6","2006","5","40.372778","-80.099238","","11","0","0","0","0","0","1","0","0","","0","0","0","","","0","","2","","40 22:22.000","","0","80 05:57.258","0","0","0","0","2102","0","0","0","N","0","0","0","3","02102","0","","1.0","","1","N","N","","1","","0","0","0","","2","","","3","0","0","0","0","0","0","2","0","3","","","","N","","","","","","","","","",""
"2006061973","","2","0","0","0","0","0","0","0","0","2","0","","02","6","2006","4","40.667888","-80.10364","","11","0","0","0","0","0","0","1","0","1","0","0","0","","","2","","0","","40 40:04.396","5","0","80 06:13.105","3","0","0","0","2212","0","0","0","N","0","0","0","2","02505","0","","1.0","","1","N","N","","0","","2","0","0","","0","Y","","2","2","0","0","0","0","0","2","0","2","","","","N","","","","","","","","","",""
"2006061976","","2","0","0","0","0","0","0","0","0","1","0","","02","6","2006","6","40.3865","-80.0923","","11","0","0","0","0","0","0","0","1","","0","0","0","","","0","","0","","40 23:11.400","","7","80 05:32.280","0","0","0","0","2117","0","0","0","N","0","0","0","2","02117","0","","1.0","","9","N","N","","0","","0","0","0","","2","","","2","0","0","0","0","0","0","2","0","2","","","","N","","","","","","","","","",""
"2006062007","","3","0","0","0","0","0","0","0","0","4","0","","02","6","2006","5","40.313056","-79.938611","","11","0","0","0","0","0","1","0","0","","0","0","0","","","3","","1","","40 18:47.000","","0","79 56:19.000","4","0","0","0","2440","0","0","0","N","0","0","0","4","02440","3","","1.0","","9","N","N","","0","","0","0","0","","2","","","3","3","0","0","0","0","0","2","0","3","","","","N","","","","","","","","","",""
"2006062010","","0","0","0","0","0","0","0","0","0","7","0","","02","6","2006","7","40.393733","-80.165905","","11","0","0","0","0","0","0","0","0","2","0","0","0","","","1","","0","","40 23:37.438","6","0","80 09:57.258","4","0","0","0","2102","0","0","0","N","0","0","0","3","02102","1","","5.0","","1","N","N","","0","","0","0","1","","0","Y","","1","1","0","0","0","0","0","2","0","1","","","","N","","","","","","","","","",""
"2006062012","","0","0","0","0","0","0","0","0","0","2","0","","02","6","2006","1","40.559446","-79.959266","","11","0","0","1","0","0","0","0","0","1","0","0","0","","","1","","2","","40 33:34.005","2","0","79 57:33.357","8","0","0","0","2207","0","0","0","N","0","0","0","2","02207","0","","1.0","","1","N","N","","0","","0","0","0","","2","N","","2","1","0","0","0","1","0","2","2","2","","","","N","","","","","","","","","",""
"2006062014","","1","0","0","0","0","0","0","0","0","7","0","","02","6","2006","6","40.425916","-80.048049","","11","0","0","0","0","0","0","1","0","","0","0","0","","","0","","0","","40 25:33.297","","0","80 02:52.976","0","0","0","0","2435","0","0","0","N","0","0","0","1","02435","0","","5.0","","9","N","N","","0","","0","0","0","","0","","","1","0","0","0","0","0","0","2","0","1","","","","N","","","","","","","","","",""
"2006062017","","1","0","0","0","0","0","0","0","0","2","0","","02","6","2006","6","40.3728","-80.0992","","11","0","0","1","0","0","0","0","1","2","0","0","0","","","2","","0","","40 22:22.080","3","0","80 05:57.120","4","0","0","0","2102","0","0","0","N","0","0","0","3","02102","2","","1.0","","1","N","N","","1","","0","0","0","","0","Y","","2","2","0","0","0","0","0","2","0","2","","","","N","","","","","","","","","",""
"2006062018","","0","0","0","0","0","0","0","0","0","1","0","","02","6","2006","6","40.3793","-79.8067","","11","0","0","0","0","0","0","0","0","","0","0","0","","","1","","0","","40 22:45.480","","0","79 48:24.120","8","0","0","0","2111","0","0","0","N","0","0","0","2","02111","0","","1.0","","9","N","N","","0","","0","0","1","","0","","","2","1","0","0","0","1","0","2","1","2","","","","N","","","","","","","","","",""
"2006062020","","0","0","0","0","0","0","0","0","0","99","0","","02","6","2006","5","","","","11","0","0","0","0","0","0","0","0","1","0","0","0","","","1","","0","","","6","0","","3","0","0","0","2438","0","0","0","N","0","0","0","1","02438","0","","6.0","","1","N","N","","1","","1","0","0","","0","Y","","1","1","0","0","0","0","0","1","0","1","","","","N","","","","","","","","","",""
"2006062026","","2","0","0","0","0","0","0","0","0","1","0","","02","6","2006","7","","","","11","0","0","1","0","0","0","0","0","","0","0","0","","","1","","0","","","","3","","4","0","0","0","2456","0","0","0","N","0","0","0","8","02456","1","","1.0","","9","N","N","","0","","0","0","0","","0","","","2","1","0","0","0","0","0","1","0","2","","","","N","","","","","","","","","",""
"2006062027","","2","0","0","0","0","0","0","0","0","4","0","","02","6","2006","3","","","","11","0","0","0","0","0","0","0","0","","0","0","0","","","0","","5","","","","0","","0","0","0","0","2301","0","0","0","N","0","0","0","3","02301","0","","1.0","","9","N","N","","0","","0","0","0","","2","","","2","0","1","0","0","0","0","1","0","2","","","","N","","","","","","","","","",""
"2006062028","","2","0","0","0","0","0","0","0","0","4","0","","02","6","2006","6","40.458815","-80.021292","","11","0","0","0","0","0","1","0","0","","0","0","0","","","1","","2","","40 27:31.734","","0","80 01:16.651","4","0","0","0","2301","0","0","0","N","0","0","0","2","02301","1","","1.0","","1","N","N","","0","","0","0","0","","3","","","2","1","0","0","0","0","0","2","0","2","","","","N","","","","","","","","","",""
"2006062029","","1","0","0","0","0","0","0","0","0","7","0","","02","6","2006","2","40.457222","-79.99791","","11","0","0","0","0","0","0","0","0","","0","0","0","","","0","","1","","40 27:26.000","","0","79 59:52.475","0","0","0","0","2301","0","0","0","N","0","0","0","2","02301","0","","2.0","","1","N","N","","0","","0","0","0","","2","","","1","0","0","0","0","0","0","2","0","1","","","","N","","","","","","","","","",""
"2006062031","","1","0","0","0","0","0","0","0","0","1","0","","02","6","2006","7","40.4855","-79.9453","","11","0","0","0","0","0","1","0","0","","0","0","0","","","1","","0","","40 29:07.800","","0","79 56:43.080","8","0","0","0","2301","0","0","0","N","0","0","0","3","02301","0","","1.0","","1","N","N","","1","","0","0","0","","0","","","2","1","0","0","0","1","0","2","0","2","","","","N","","","","","","","","","",""
"2006062032","","0","0","0","0","0","0","0","0","0","1","0","","02","6","2006","5","","","","11","0","0","0","0","0","0","0","0","","0","0","0","","","0","","0","","","","0","","9","0","0","0","2301","0","0","0","N","0","0","0","2","02301","0","","1.0","","9","N","N","","0","","0","0","1","","0","","","2","0","0","0","0","0","1","1","0","2","","","","N","","","","","","","","","",""
"2006062033","","1","0","0","0","0","0","0","0","0","4","0","","02","6","2006","6","","","","11","0","0","0","0","0","0","0","0","1","0","0","0","","","0","","1","","","2","0","","0","0","0","0","2301","0","0","0","N","0","0","0","5","02301","0","","1.0","","9","N","N","","0","","0","0","0","","1","Y","","2","0","0","0","0","0","0","1","1","2","","","","N","","","","","","","","","",""
"2006062035","","2","0","0","0","0","0","0","0","0","4","0","","02","6","2006","1","40.428611","-79.989628","","11","0","0","0","0","0","0","0","0","","0","0","0","","","0","","1","","40 25:43.000","","0","79 59:22.662","0","0","0","0","2301","0","0","0","N","0","0","0","3","02301","0","","1.0","","9","N","N","","0","","0","0","0","","3","","","2","0","0","0","0","0","0","2","0","2","","","","N","","","","","","","","","",""
"2006062036","","2","0","0","0","0","0","0","0","0","4","0","","02","6","2006","7","40.448933","-80.000739","","11","0","0","0","0","0","0","0","0","","0","0","0","","","0","","1","","40 26:56.157","","0","80 00:02.660","0","0","0","0","2301","0","0","0","N","0","0","0","2","02301","0","","1.0","","1","N","N","","0","","0","0","0","","1","","","2","0","0","0","0","0","0","2","0","2","","","","N","","","","","","","","","",""
"2006062037","","2","0","0","0","0","0","0","0","0","4","0","","02","6","2006","3","40.450627","-80.018624","","11","0","0","0","0","0","1","0","0","1","0","0","0","","","1","","1","","40 27:02.256","1","0","80 01:07.047","3","0","0","0","2301","0","0","0","N","0","0","0","2","02301","0","","1.0","","1","N","N","","0","","1","0","0","","0","N","","2","1","0","0","0","0","0","2","0","2","","","","N","","","","","","","","","",""
"2006062038","","2","0","0","0","0","0","0","0","0","4","0","","02","6","2006","2","40.478333","-80.012005","","11","0","0","0","0","0","0","0","0","1","0","0","0","","","0","","2","","40 28:42.000","1","0","80 00:43.217","0","0","0","0","2301","0","0","0","N","0","0","0","2","02301","0","","1.0","","1","N","N","","0","","0","0","0","","0","N","","2","0","0","0","0","0","0","2","0","2","","","","N","","","","","","","","","",""
"2006062039","","2","0","0","0","0","0","0","0","0","1","0","","02","6","2006","3","40.4953","-79.9073","","11","0","0","0","0","0","0","0","0","","0","0","0","","","0","","0","","40 29:43.080","","0","79 54:26.280","0","0","0","0","2301","0","0","0","N","0","0","0","5","02301","0","","1.0","","1","N","N","","0","","0","0","0","","0","","","2","0","0","0","0","0","0","2","0","2","","","","N","","","","","","","","","",""
"2006062040","","1","0","0","0","0","0","0","0","0","7","0","","02","6","2006","7","40.469637","-80.02733","","11","0","0","0","0","0","0","0","0","","0","0","0","","","1","","1","","40 28:10.693","","0","80 01:38.388","4","0","0","0","2301","0","0","0","N","0","0","0","1","02301","1","","5.0","","1","N","N","","0","","0","0","0","","0","","","1","1","0","0","0","0","0","2","0","1","","","","N","","","","","","","","","",""
"2006062041","","2","0","0","0","0","0","0","0","0","4","0","","02","6","2006","5","","","","11","0","0","0","0","0","1","0","0","","0","0","0","","","1","","2","","","","0","","4","0","0","0","2301","0","0","0","N","0","0","0","3","02301","1","","1.0","","1","N","N","","0","","0","0","0","","3","","","2","1","0","0","0","0","0","1","0","2","","","","N","","","","","","","","","",""
"2006062042","","1","0","0","0","0","0","0","0","0","1","0","","02","6","2006","2","40.414444","-80.010553","","11","0","0","0","0","0","1","0","0","1","0","0","0","","","0","","0","","40 24:52.000","4","0","80 00:37.990","9","0","0","0","2301","0","0","0","N","0","0","0","2","02301","0","","1.0","","1","N","N","","1","","0","0","0","","2","N","","2","0","0","0","0","0","1","2","0","2","","","","N","","","","","","","","","",""
"2006062043","","2","0","0","0","0","0","0","0","0","4","0","","02","6","2006","5","","","","11","0","0","0","0","0","0","0","1","","0","0","0","","","0","","1","","","","0","","0","0","0","0","2301","0","0","0","N","0","0","0","3","02301","0","","1.0","","1","N","N","","0","","0","0","0","","3","","","2","0","0","0","0","0","0","1","0","2","","","","N","","","","","","","","","",""
"2006062044","","0","0","0","1","0","0","0","0","0","8","0","","02","6","2006","5","40.418034","-80.005221","","11","0","0","0","0","0","0","0","0","","0","0","0","","","1","","2","","40 25:04.922","","0","80 00:18.795","4","0","0","0","2301","1","0","0","N","0","0","0","2","02301","1","","1.0","","1","N","N","","0","","0","0","1","","0","","","2","1","0","0","0","0","0","2","0","1","","","","N","","","","","","","","","",""
"2006062045","","2","0","0","0","0","0","0","0","0","2","0","","02","6","2006","6","40.422585","-79.984527","","11","0","0","0","0","0","1","0","0","","0","0","0","","","1","","2","","40 25:21.306","","0","79 59:04.297","8","0","0","0","2301","0","0","0","N","0","0","0","1","02301","0","","1.0","","1","N","N","","0","","0","0","0","","3","","","3","1","0","0","0","1","0","2","1","3","","","","N","","","","","","","","","",""