"CRN","ARRIVAL_TM","AUTOMOBILE_COUNT","BELTED_DEATH_COUNT","BELTED_SUSP_SERIOUS_INJ_COUNT","BICYCLE_COUNT","BICYCLE_DEATH_COUNT","BICYCLE_SUSP_SERIOUS_INJ_COUNT","BUS_COUNT","CHLDPAS_DEATH_COUNT","CHLDPAS_SUSP_SERIOUS_INJ_COUNT","COLLISION_TYPE","COMM_VEH_COUNT","CONS_ZONE_SPD_LIM","COUNTY","CRASH_MONTH","CRASH_YEAR","DAY_OF_WEEK","DEC_LATITUDE","DEC_LONGITUDE","DISPATCH_TM","DISTRICT","DRIVER_COUNT_16YR","DRIVER_COUNT_17YR","DRIVER_COUNT_18YR","DRIVER_COUNT_19YR","DRIVER_COUNT_20YR","DRIVER_COUNT_50_64YR","DRIVER_COUNT_65_74YR","DRIVER_COUNT_75PLUS","EST_HRS_CLOSED","FATAL_COUNT","HEAVY_TRUCK_COUNT","HORSE_BUGGY_COUNT","HOUR_OF_DAY","ILLUMINATION","INJURY_COUNT","INTERSECTION_RELATED","INTERSECT_TYPE","LANE_CLOSED","LATITUDE","LN_CLOSE_DIR","LOCATION_TYPE","LONGITUDE","MAX_SEVERITY_LEVEL","MCYCLE_DEATH_COUNT","MCYCLE_SUSP_SERIOUS_INJ_COUNT","MOTORCYCLE_COUNT","MUNICIPALITY","NONMOTR_COUNT","NONMOTR_DEATH_COUNT","NONMOTR_SUSP_SERIOUS_INJ_COUNT","NTFY_HIWY_MAINT","PED_COUNT","PED_DEATH_COUNT","PED_SUSP_SERIOUS_INJ_COUNT","PERSON_COUNT","POLICE_AGCY","POSSIBLE_INJ_COUNT","RDWY_SURF_TYPE_CD","RELATION_TO_ROAD","ROADWAY_CLEARED","ROAD_CONDITION","SCH_BUS_IND","SCH_ZONE_IND","SECONDARY_CRASH","SMALL_TRUCK_COUNT","SPEC_JURIS_CD","SUSP_MINOR_INJ_COUNT","SUSP_SERIOUS_INJ_COUNT","SUV_COUNT","TCD_FUNC_CD","TCD_TYPE","TFC_DETOUR_IND","TIME_OF_DAY","TOTAL_UNITS","TOT_INJ_COUNT","UNBELTED_OCC_COUNT","UNB_DEATH_COUNT","UNB_SUSP_SERIOUS_INJ_COUNT","UNK_INJ_DEG_COUNT","UNK_INJ_PER_COUNT","URBAN_RURAL","VAN_COUNT","VEHICLE_COUNT","WEATHER1","WEATHER2","WORKERS_PRES","WORK_ZONE_IND","WORK_ZONE_LOC","WORK_ZONE_TYPE","WZ_CLOSE_DETOUR","WZ_FLAGGER","WZ_LAW_OFFCR_IND","WZ_LN_CLOSURE","WZ_MOVING","WZ_OTHER","WZ_SHLDER_MDN","WZ_WORKERS_INJ_KILLED"
"2006062046","","3","0","0","0","0","0","0","0","0","1","0","","02","6","2006","6","40.4325","-80.028219","","11","0","0","0","0","0","0","0","0","","0","0","0","","","0","","2","","40 25:57.000","","0","80 01:41.589","0","0","0","0","2301","0","0","0","N","0","0","0","3","02301","0","","1.0","","1","N","N","","0","","0","0","0","","0","","","3","0","0","0","0","0","0","2","0","3","","","","N","","","","","","","","","",""
"2006062048","","2","0","0","0","0","0","0","0","0","4","0","","02","6","2006","2","40.4287","-79.9884","","11","0","0","0","0","0","0","0","0","","0","0","0","","","0","","1","","40 25:43.320","","0","79 59:18.240","0","0","0","0","2301","0","0","0","","0","0","0","2","02301","0","","1.0","","1","N","N","","0","","0","0","0","","2","","","2","0","0","0","0","0","0","2","0","2","","","","N","","","","","","","","","",""
"2006062049","","0","0","0","0","0","0","0","0","0","8","0","","02","6","2006","2","40.430914","-80.010701","","11","0","0","0","0","0","0","0","0","","0","0","0","","","1","","5","","40 25:51.290","","0","80 00:38.523","8","0","0","0","2301","1","0","0","N","1","0","0","2","02301","0","","1.0","","1","N","N","","0","","0","0","1","","3","","","2","1","0","0","0","1","0","2","0","1","","","","N","","","","","","","","","",""
"2006062050","","4","0","0","0","0","0","0","0","0","1","0","","02","6","2006","1","40.458045","-79.986821","","11","0","0","0","0","0","2","1","0","2","0","0","0","","","0","","0","","40 27:28.963","4","0","79 59:12.554","0","0","0","0","2301","0","0","0","N","0","0","0","10","02301","0","","1.0","","9","N","N","","1","","0","0","2","","0","N","","8","0","0","0","0","0","0","2","0","7","","","","N","","","","","","","","","",""
"2006062051","","1","0","0","0","0","0","0","0","0","7","0","","02","6","2006","2","40.461098","-80.008721","","11","0","0","0","0","0","0","0","0","","0","0","0","","","0","","0","","40 27:39.954","","0","80 00:31.395","0","0","0","0","2301","0","0","0","N","0","0","0","2","02301","0","","5.0","","1","N","N","","0","","0","0","0","","0","","","1","0","1","0","0","0","0","2","0","1","","","","N","","","","","","","","","",""
"2006062052","","1","0","0","1","0","1","0","0","0","8","0","","02","5","2006","3","","","","11","0","0","0","0","0","0","0","0","1","0","0","0","","","1","","1","","","7","0","","2","0","0","0","2301","1","0","1","N","0","0","0","2","02301","0","","1.0","","1","N","N","","0","","0","1","0","","0","N","","2","1","0","0","0","0","0","1","0","1","","","","N","","","","","","","","","",""
"2006062053","","1","0","0","0","0","0","0","0","0","8","0","","02","6","2006","4","","","","11","0","0","0","0","0","0","0","1","1","0","0","0","","","1","","0","","","2","0","","4","0","0","0","2301","1","0","0","N","1","0","0","2","02301","1","","1.0","","1","N","N","","0","","0","0","0","","0","N","","2","1","0","0","0","0","0","1","0","1","","","","N","","","","","","","","","",""
"2006062054","","1","0","0","0","0","0","0","0","0","6","1","","02","6","2006","4","","","","11","0","0","0","0","0","1","0","0","3","0","0","0","","","1","","0","","","4","0","","8","0","0","0","2301","0","0","0","N","0","0","0","4","02301","0","","1.0","","1","N","N","","0","","0","0","0","","0","N","","2","1","0","0","0","1","2","1","1","2","","","","N","","","","","","","","","",""
"2006062055","","2","0","0","0","0","0","0","0","0","1","0","","02","6","2006","7","40.43863","-79.90377","","11","0","0","1","0","0","0","0","0","","0","0","0","","","1","","0","","40 26:19.067","","0","79 54:13.573","8","0","0","0","2301","0","0","0","N","0","0","0","3","02301","0","","1.0","","1","N","N","","0","","0","0","0","","0","","","3","1","0","0","0","1","1","2","1","3","","","","N","","","","","","","","","",""
"2006062056","","1","0","0","0","0","0","0","0","0","1","0","","02","6","2006","1","","","","11","0","0","0","0","0","1","0","0","","0","0","0","","","0","","2","","","","0","","0","0","0","0","2301","0","0","0","N","0","0","0","4","02301","0","","1.0","","1","N","N","","0","","0","0","1","","3","","","2","0","0","0","0","0","0","1","0","2","","","","N","","","","","","","","","",""
"2006062057","","1","0","0","0","0","0","0","0","0","4","0","","02","6","2006","1","","","","11","0","0","0","0","0","0","1","0","","0","0","0","","","4","","1","","","","0","","3","0","0","0","2301","0","0","0","N","0","0","0","5","02301","3","","1.0","","1","N","N","","0","","1","0","0","","2","","","2","4","0","0","0","0","0","1","1","2","","","","N","","","","","","","","","",""
"2006062058","","2","0","0","0","0","0","0","0","0","4","0","","02","6","2006","6","40.427248","-79.927386","","11","0","0","0","0","0","0","0","0","","0","0","0","","","1","","0","","40 25:38.091","","0","79 55:38.591","4","0","0","0","2301","0","0","0","N","0","0","0","2","02301","1","","1.0","","9","N","N","","0","","0","0","0","","0","","","2","1","0","0","0","0","0","2","0","2","","","","N","","","","","","","","","",""
"2006062059","","1","0","0","0","0","0","0","0","0","1","0","","02","6","2006","2","40.449503","-79.898984","","11","0","0","0","0","0","0","0","0","","0","0","0","","","0","","0","","40 26:58.210","","0","79 53:56.342","0","0","0","0","2301","0","0","0","N","0","0","0","1","02301","0","","6.0","","1","N","N","","0","","0","0","1","","0","","","2","0","0","0","0","0","0","2","0","2","","","","N","","","","","","","","","",""
"2006062060","","2","0","0","0","0","0","0","0","0","2","0","","02","6","2006","6","40.419643","-79.927184","","11","0","0","0","0","0","0","0","0","","0","0","0","","","0","","1","","40 25:10.714","","0","79 55:37.862","0","0","0","0","2301","0","0","0","N","0","0","0","2","02301","0","","1.0","","1","N","N","","0","","0","0","0","","2","","","2","0","0","0","0","0","0","2","0","2","","","","N","","","","","","","","","",""
"2006062061","","2","0","0","0","0","0","0","0","0","4","0","","02","6","2006","1","","","","11","0","0","0","1","1","0","0","0","","0","0","0","","","0","","2","","","","0","","0","0","0","0","2301","0","0","0","N","0","0","0","5","02301","0","","1.0","","1","N","N","","0","","0","0","0","","2","","","2","0","0","0","0","0","0","1","0","2","","","","N","","","","","","","","","",""
"2006062062","","0","0","0","0","0","0","0","0","0","4","0","","02","6","2006","2","","","","11","0","0","0","0","0","1","0","0","","0","0","0","","","1","","2","","","","0","","4","0","0","0","2301","0","0","0","N","0","0","0","4","02301","1","","1.0","","1","N","N","","1","","0","0","0","","2","","","2","1","0","0","0","0","0","1","1","2","","","","N","","","","","","","","","",""
"2006062063","","1","0","0","0","0","0","0","0","0","4","0","","02","6","2006","5","40.463669","-79.96651","","11","0","0","0","0","0","2","0","0","","0","0","0","","","1","","1","","40 27:49.208","","0","79 57:59.436","4","0","0","0","2301","0","0","0","N","0","0","0","3","02301","1","","1.0","","1","N","N","","1","","0","0","0","","3","","","2","1","0","0","0","0","0","2","0","2","","","","N","","","","","","","","","",""
"2006062064","","1","0","0","0","0","0","0","0","0","4","0","","02","6","2006","2","","","","11","0","0","0","0","0","1","0","0","","0","0","0","","","1","","1","","","","4","","2","0","1","1","2301","0","0","0","N","0","0","0","2","02301","0","","1.0","","1","N","N","","0","","0","1","0","","2","","","2","1","0","0","0","0","0","1","0","2","","","","N","","","","","","","","","",""
"2006062065","","2","0","0","0","0","0","0","0","0","4","0","","02","6","2006","4","","","","11","0","0","0","0","0","0","0","1","1","0","0","0","","","2","","1","","","4","0","","4","0","0","0","2301","0","0","0","N","0","0","0","2","02301","2","","1.0","","1","N","N","","0","","0","0","0","","3","Y","","2","2","1","0","0","0","0","1","0","2","","","","N","","","","","","","","","",""
"2006062070","","2","0","0","0","0","0","0","0","0","7","0","","02","6","2006","2","40.448264","-79.965836","","11","0","0","0","0","0","0","0","0","3","0","0","0","","","1","","0","","40 26:53.750","6","0","79 57:57.009","4","0","0","0","2301","0","0","0","N","0","0","0","1","02301","1","","5.0","","1","N","N","","0","","0","0","0","","0","Y","","2","1","0","0","0","0","0","2","0","2","","","","N","","","","","","","","","",""
"2006062071","","1","0","0","0","0","0","0","0","0","4","0","","02","6","2006","2","40.4805","-79.9543","","11","0","0","0","0","0","1","1","0","","0","0","0","","","1","","1","","40 28:49.800","","0","79 57:15.480","8","0","0","0","2301","0","0","0","N","0","0","0","3","02301","0","","1.0","","1","N","N","","0","","0","0","1","","2","","","2","1","0","0","0","1","0","2","0","2","","","","N","","","","","","","","","",""
"2006062072","","1","0","0","0","0","0","0","0","0","7","0","","02","6","2006","2","","","","11","0","0","0","0","0","1","0","0","","0","0","0","","","1","","2","","","","1","","4","0","0","0","2301","0","0","0","N","0","0","0","1","02301","1","","5.0","","1","N","N","","0","","0","0","0","","3","","","1","1","0","0","0","0","0","1","0","1","","","","N","","","","","","","","","",""
"2006062073","","1","0","0","0","0","0","0","0","0","4","0","","02","6","2006","3","40.421236","-80.010543","","11","0","0","0","0","0","0","0","0","1","0","0","0","","","1","","0","","40 25:16.449","2","0","80 00:37.954","3","0","0","0","2301","0","0","0","N","0","0","0","1","02301","0","","6.0","","1","N","N","","0","","1","0","0","","0","N","","2","1","1","0","0","0","0","2","1","2","","","","N","","","","","","","","","",""
"2006062074","","0","0","0","0","0","0","0","0","0","99","0","","02","6","2006","2","40.4295","-80.0247","","11","0","0","0","0","0","0","0","0","2","0","0","0","","","1","","0","","40 25:46.200","2","2","80 01:28.920","4","0","0","0","2301","0","0","0","N","0","0","0","1","02301","1","","1.0","","1","N","N","","1","","0","0","0","","0","N","","1","1","0","0","0","0","0","2","0","1","","","","N","","","","","","","","","",""
"2006062075","","1","0","0","0","0","0","0","0","0","8","0","","02","6","2006","3","","","","11","0","0","0","0","0","1","0","0","","0","0","0","","","1","","1","","","","0","","4","0","0","0","2301","1","0","0","N","1","0","0","2","02301","1","","1.0","","1","N","N","","0","","0","0","0","","3","","","2","1","0","0","0","0","0","1","0","1","","","","N","","","","","","","","","",""
"2006062076","","1","0","0","0","0","0","0","0","0","7","0","","02","6","2006","3","40.404336","-79.975872","","11","0","0","0","0","0","0","0","0","1","0","0","0","","","0","","1","","40 24:15.609","1","0","79 58:33.139","9","0","0","0","2301","0","0","0","","0","0","0","1","02301","0","","4.0","","1","N","N","","0","","0","0","0","","2","N","","1","0","0","0","0","0","1","2","0","1","","","","N","","","","","","","","","",""
"2006062077","","4","0","0","0","0","0","0","0","0","5","0","","02","6","2006","4","","","","11","0","0","0","0","0","0","0","0","1","0","0","0","","","0","","0","","","3","0","","0","0","0","0","2301","0","0","0","N","0","0","0","2","02301","0","","2.0","","1","N","N","","0","","0","0","1","","0","N","","5","0","0","0","0","0","0","1","0","5","","","","N","","","","","","","","","",""
"2006062078","","1","0","0","0","0","0","0","0","0","7","0","","02","6","2006","4","40.396579","-80.019334","","11","0","0","0","0","0","1","0","0","9","0","0","0","","","1","","0","","40 23:47.684","7","0","80 01:09.602","4","0","0","0","2301","0","0","0","N","0","0","0","2","02301","1","","4.0","","1","N","N","","1","","0","0","0","","0","Y","","2","1","1","0","0","0","0","2","0","2","","","","N","","","","","","","","","",""
"2006062079","","2","0","0","0","0","0","0","0","0","1","0","","02","6","2006","6","40.4031","-80.0204","","11","0","0","0","0","0","1","0","0","","0","0","0","","","0","","0","","40 24:11.160","","0","80 01:13.440","0","0","0","0","2301","0","0","0","N","0","0","0","5","02301","0","","1.0","","1","N","N","","0","","0","0","1","","0","","","3","0","0","0","0","0","0","2","0","3","","","","N","","","","","","","","","",""
"2006062080","","2","0","0","0","0","0","0","0","0","4","0","","02","6","2006","6","","","","11","0","0","0","0","0","0","0","0","","0","0","0","","","0","","1","","","","0","","0","0","0","0","2301","0","0","0","N","0","0","0","4","02301","0","","1.0","","1","N","N","","0","","0","0","0","","0","","","2","0","0","0","0","0","0","1","0","2","","","","N","","","","","","","","","",""
"2006062081","","2","0","0","0","0","0","0","0","0","4","0","","02","6","2006","5","","","","11","0","0","0","0","0","1","0","0","1","0","0","0","","","0","","0","","","1","0","","0","0","0","0","2301","0","0","0","N","0","0","0","2","02301","0","","1.0","","1","N","N","","0","","0","0","0","","0","N","","2","0","0","0","0","0","0","1","0","2","","","","N","","","","","","","","","",""
"2006062082","","2","0","0","0","0","0","0","0","0","5","0","","02","6","2006","5","40.45371","-80.060807","","11","0","0","0","0","0","0","0","0","","0","0","0","","","0","","2","","40 27:13.356","","0","80 03:38.905","0","0","0","0","2301","0","0","0","N","0","0","0","2","02301","0","","1.0","","1","N","N","","0","","0","0","0","","3","","","2","0","0","0","0","0","0","2","0","2","","","","N","","","","","","","","","",""
"2006062083","","2","0","0","0","0","0","0","0","0","4","0","","02","6","2006","5","40.421845","-79.993744","","11","0","0","0","0","0","0","0","3","2","0","0","0","","","0","","1","","40 25:18.642","5","0","79 59:37.478","0","0","0","0","2301","0","0","0","N","0","0","0","3","02301","0","","1.0","","1","N","N","","2","","0","0","0","","2","Y","","4","0","0","0","0","0","0","2","0","4","","","","N","","","","","","","","","",""
"2006062084","","1","0","0","0","0","0","0","0","0","4","0","","02","6","2006","7","40.435833","-80.0518","","11","0","0","0","0","1","0","1","0","","0","0","0","","","1","","2","","40 26:09.000","","0","80 03:06.480","4","0","0","0","2301","0","0","0","N","0","0","0","2","02301","1","","1.0","","1","N","N","","0","","0","0","0","","3","","","2","1","0","0","0","0","0","2","1","2","","","","N","","","","","","","","","",""
"2006062086","","1","0","0","0","0","0","0","0","0","6","0","","02","6","2006","5","40.452994","-79.961807","","11","0","0","0","0","0","0","0","0","","0","0","0","","","1","","0","","40 27:10.778","","0","79 57:42.505","3","0","0","1","2301","0","0","0","N","0","0","0","2","02301","0","","1.0","","1","N","N","","0","","1","0","0","","0","","","2","1","1","0","0","0","0","2","0","2","","","","N","","","","","","","","","",""
"2006062152","","0","0","0","0","0","0","0","0","0","0","0","","02","6","2006","1","40.263056","-79.878206","","11","0","0","0","0","0","1","0","0","1","0","0","0","","","1","","0","","40 15:47.000","1","0","79 52:41.540","3","0","0","1","2204","0","0","0","N","0","0","0","1","02204","0","","1.0","","1","N","N","","0","","1","0","0","","0","N","","1","1","0","0","0","0","0","1","0","1","","","","N","","","","","","","","","",""
"2006062160","","0","0","0","0","0","0","0","0","0","4","0","","02","6","2006","2","","","","11","0","0","0","0","0","1","0","0","","0","0","0","","","1","","0","","","","7","","4","0","0","0","2446","0","0","0","N","0","0","0","2","02446","1","","1.0","","1","N","N","","0","","0","0","2","","0","","","2","1","0","0","0","0","0","1","0","2","","","","N","","","","","","","","","",""
"2006062378","","2","0","0","0","0","0","0","0","0","4","0","","02","6","2006","6","","","","11","0","0","0","0","0","0","1","0","2","0","0","0","","","4","","1","","","3","0","","4","0","0","0","2438","0","0","0","N","0","0","0","6","02438","4","","1.0","","9","N","N","","0","","0","0","1","","0","Y","","3","4","0","0","0","0","0","1","0","3","","","","N","","","","","","","","","",""
"2006062590","","3","0","0","0","0","0","0","0","0","4","0","","02","6","2006","6","40.451389","-79.908144","","11","0","0","0","0","0","0","0","0","3","0","0","0","","","1","","1","","40 27:05.000","7","0","79 54:29.317","8","0","0","0","2301","0","0","0","N","0","0","0","3","02301","0","","1.0","","1","N","N","","0","","0","0","0","","2","Y","","3","1","0","0","0","1","0","2","0","3","","","","N","","","","","","","","","",""
"2006062591","","0","0","0","0","0","0","0","0","0","7","0","","02","5","2006","1","40.457915","-79.955237","","11","0","0","0","0","0","0","0","0","2","0","0","0","","","1","","0","","40 27:28.494","5","0","79 57:18.853","4","0","0","0","2301","0","0","0","N","0","0","0","2","02301","1","","5.0","","1","N","N","","0","","0","0","0","","0","Y","","1","1","2","0","0","0","0","2","1","1","","","","N","","","","","","","","","",""
"2006062592","","3","0","0","0","0","0","0","0","0","1","0","","02","6","2006","2","40.458969","-79.951898","","11","0","0","0","1","0","0","0","0","","0","0","0","","","0","","2","","40 27:32.288","","0","79 57:06.832","0","0","0","0","2301","0","0","0","N","0","0","0","1","02301","0","","1.0","","1","N","N","","0","","0","0","0","","3","","","3","0","0","0","0","0","0","2","0","3","","","","N","","","","","","","","","",""
"2006062593","","1","0","0","0","0","0","0","0","0","7","0","","02","6","2006","2","","","","11","0","0","0","0","0","0","0","0","2","0","0","0","","","0","","0","","","1","0","","0","0","0","0","2301","0","0","0","N","0","0","0","1","02301","0","","4.0","","1","N","N","","0","","0","0","0","","0","N","","1","0","0","0","0","0","0","1","0","1","","","","N","","","","","","","","","",""
"2006062594","","3","0","0","0","0","0","0","0","0","5","0","","02","6","2006","5","","","","11","0","0","0","0","0","0","0","0","","0","0","0","","","0","","0","","","","0","","0","0","0","0","2301","0","0","0","N","0","0","0","1","02301","0","","1.0","","1","N","N","","0","","0","0","0","","1","","","3","0","0","0","0","0","0","1","0","3","","","","N","","","","","","","","","",""
"2006062595","","1","0","0","1","0","0","0","0","0","8","0","","02","6","2006","2","40.457991","-79.904035","","11","0","0","0","0","0","0","0","0","","0","0","0","","","1","","3","","40 27:28.767","","0","79 54:14.527","8","0","0","0","2301","1","0","0","N","0","0","0","4","02301","0","","1.0","","1","N","N","","0","","0","0","0","","0","","","2","1","2","0","0","1","0","2","0","1","","","","N","","","","","","","","","",""
"2006062620","","0","0","0","0","0","0","0","0","0","2","0","","02","3","2006","3","","","","11","0","0","0","0","0","0","0","0","","0","0","0","","","0","","0","","","","0","","0","0","0","0","2301","0","0","0","N","0","0","0","1","02301","0","","1.0","","1","N","N","","2","","0","0","0","","0","","","2","0","0","0","0","0","0","1","0","2","","","","N","","","","","","","","","",""
"2006062689","","2","0","0","0","0","0","0","0","0","4","0","","02","6","2006","2","","","","11","0","0","0","0","0","0","1","0","","0","0","0","","","1","","1","","","","0","","4","0","0","0","2301","0","0","0","N","0","0","0","3","02301","1","","1.0","","1","N","N","","0","","0","0","0","","0","","","2","1","0","0","0","0","0","1","0","2","","","","N","","","","","","","","","",""
"2006062690","","1","0","0","0","0","0","0","0","0","4","0","","02","6","2006","6","","","","11","0","0","0","0","0","1","1","0","","0","0","0","","","1","","1","","","","0","","8","0","0","0","2301","0","0","0","N","0","0","0","2","02301","0","","1.0","","1","N","N","","0","","0","0","1","","1","","","2","1","0","0","0","1","0","1","0","2","","","","N","","","","","","","","","",""
"2006062691","","1","0","0","0","0","0","0","0","0","4","0","","02","6","2006","4","40.436579","-79.955532","","11","0","0","0","0","0","0","0","0","","0","0","0","","","0","","1","","40 26:11.684","","0","79 57:19.915","0","0","0","0","2301","0","0","0","N","0","0","0","2","02301","0","","1.0","","1","N","N","","1","","0","0","0","","3","","","2","0","0","0","0","0","0","2","0","2","","","","N","","","","","","","","","",""
"2006062692","","0","0","0","0","0","0","0","0","0","1","0","","02","6","2006","3","40.488333","-79.936855","","11","0","0","0","0","0","1","0","0","","0","0","0","","","0","","2","","40 29:18.000","","0","79 56:12.677","0","0","0","0","2301","0","0","0","N","0","0","0","2","02301","0","","1.0","","1","N","N","","0","","0","0","2","","2","","","2","0","0","0","0","0","0","2","0","2","","","","N","","","","","","","","","",""
"2006062693","","0","0","0","0","0","0","0","0","0","7","0","","02","6","2006","7","40.487303","-79.920418","","11","0","0","0","0","0","0","0","0","2","0","0","0","","","1","","0","","40 29:14.290","7","0","79 55:13.504","8","0","0","0","2301","0","0","0","N","0","0","0","1","02301","0","","5.0","","1","N","N","","0","","0","0","0","","0","Y","","1","1","0","0","0","1","0","2","1","1","","","","N","","","","","","","","","",""
"2006062695","","2","0","0","0","0","0","0","0","0","4","0","","02","6","2006","1","","","","11","0","0","0","0","0","0","0","1","","0","0","0","","","0","","0","","","","0","","0","0","0","0","2301","0","0","0","N","0","0","0","1","02301","0","","1.0","","1","N","N","","0","","0","0","0","","0","","","2","0","0","0","0","0","0","1","0","2","","","","N","","","","","","","","","",""
"2006062696","","1","0","0","0","0","0","0","0","0","4","0","","02","6","2006","6","40.388889","-80.042273","","11","0","0","0","0","0","1","0","0","2","0","0","0","","","0","","2","","40 23:20.000","1","0","80 02:32.182","0","0","0","0","2109","0","0","0","N","0","0","0","4","02109","0","","1.0","","1","N","N","","0","","0","0","1","","2","N","","2","0","0","0","0","0","0","2","0","2","","","","N","","","","","","","","","",""
"2006062697","","2","0","0","0","0","0","0","0","0","4","0","","02","6","2006","6","40.3875","-80.043341","","11","0","0","0","0","1","1","0","0","1","0","0","0","","","1","","2","","40 23:15.000","2","0","80 02:36.028","8","0","0","0","2109","0","0","0","N","0","0","0","2","02109","0","","1.0","","1","N","N","","0","","0","0","0","","0","N","","2","1","0","0","0","1","0","2","0","2","","","","N","","","","","","","","","",""
"2006062700","","1","0","0","0","0","0","0","0","0","7","0","","02","6","2006","7","40.371389","-80.033033","","11","0","0","0","0","0","0","0","0","1","0","0","0","","","0","","0","","40 22:17.000","3","0","80 01:58.918","0","0","0","0","2109","0","0","0","N","0","0","0","1","02109","0","","2.0","","1","N","N","","0","","0","0","0","","0","N","","1","0","1","0","0","0","0","2","0","1","","","","N","","","","","","","","","",""
"2006062743","","2","0","0","0","0","0","0","0","0","4","0","","02","6","2006","6","40.576667","-80.222432","","11","0","0","0","0","0","1","0","0","1","0","0","0","","","0","","2","","40 34:36.000","2","0","80 13:20.756","0","0","0","0","2441","0","0","0","N","0","0","0","2","02441","0","","1.0","","1","N","N","","0","","0","0","0","","2","N","","2","0","0","0","0","0","0","2","0","2","","","","N","","","","","","","","","",""
"2006062798","","2","0","0","0","0","0","0","0","0","2","0","","02","6","2006","5","40.564167","-80.229045","","11","0","0","0","0","1","0","0","0","2","0","0","0","","","0","","2","","40 33:51.000","3","0","80 13:44.561","0","0","0","0","2103","0","0","0","N","0","0","0","3","02420","0","","1.0","","1","N","N","","0","","0","0","1","","3","N","","3","0","0","0","0","0","0","2","0","3","","","","N","","","","","","","","","",""
"2006062919","","2","0","0","0","0","0","0","0","0","6","0","","02","6","2006","7","40.426944","-79.723357","","11","0","0","0","0","0","0","0","1","1","0","0","0","","","0","","1","","40 25:37.000","3","0","79 43:24.086","0","0","0","0","2446","0","0","0","N","0","0","0","3","02446","0","","3.0","","1","N","N","","0","","0","0","1","","2","N","","3","0","0","0","0","0","0","2","0","3","","","","N","","","","","","","","","",""
"2006062921","","2","0","0","0","0","0","0","0","0","1","0","","02","5","2006","4","40.426944","-79.723067","","11","0","0","0","0","0","0","0","0","1","0","1","0","","","0","","0","","40 25:37.000","4","0","79 43:23.041","0","0","0","0","2490","0","0","0","N","0","0","0","4","02446","0","","1.0","","1","N","N","","0","","0","0","0","","2","N","","3","0","0","0","0","0","0","2","0","3","","","","N","","","","","","","","","",""
"2006062922","","1","0","0","0","0","0","0","0","0","4","0","","02","6","2006","3","40.440251","-79.774811","","11","0","0","1","0","0","0","0","0","1","0","0","0","","","0","","2","","40 26:24.903","2","0","79 46:29.319","0","0","0","0","2446","0","0","0","N","0","0","0","2","02446","0","","1.0","","1","N","N","","0","","0","0","1","","0","N","","2","0","1","0","0","0","0","2","0","2","","","","N","","","","","","","","","",""
"2006062943","","1","0","0","0","0","0","0","0","0","7","0","","02","6","2006","6","40.510229","-79.894524","","11","0","0","0","0","0","0","0","0","","0","0","0","","","0","","0","","40 30:36.823","","0","79 53:40.286","0","0","0","0","2432","0","0","0","N","0","0","0","1","02432","0","","2.0","","9","N","N","","0","","0","0","0","","0","","","1","0","0","0","0","0","0","2","0","1","","","","N","","","","","","","","","",""
"2006062944","","1","0","0","0","0","0","0","0","0","0","0","","02","6","2006","7","40.505814","-79.96938","","11","0","0","0","0","0","0","0","0","2","0","0","0","","","0","","0","","40 30:20.930","5","0","79 58:09.768","0","0","0","0","2118","0","0","0","N","0","0","0","1","02118","0","","5.0","","9","N","N","","0","","0","0","0","","0","Y","","1","0","0","0","0","0","0","2","0","1","","","","N","","","","","","","","","",""
"2006062945","","0","0","0","0","0","0","0","0","0","4","0","40","02","6","2006","6","40.564722","-79.956784","","11","0","0","0","0","0","1","0","1","1","0","0","0","","","0","","2","","40 33:53.000","2","0","79 57:24.422","0","0","0","0","2207","0","0","0","N","0","0","0","2","02207","0","","1.0","","9","N","N","","1","","0","0","1","","3","N","","2","0","0","0","0","0","0","2","0","2","","","Y","Y","5","3","","","N","Y","","","",""
"2006062946","","2","0","0","0","0","0","0","0","0","4","0","","02","6","2006","6","40.365833","-79.949444","","11","0","0","0","0","0","0","0","0","1","0","0","0","","","0","","2","","40 21:57.000","4","0","79 56:57.999","0","0","0","0","2403","0","0","0","N","0","0","0","2","02403","0","","1.0","","9","N","N","","0","","0","0","0","","0","N","","2","0","1","0","0","0","0","2","0","2","","","","N","","","","","","","","","",""
"2006062950","","0","0","0","0","0","0","0","0","0","4","0","","02","6","2006","4","40.5127","-79.9582","","11","0","0","0","0","0","0","0","0","2","0","0","0","","","2","","0","","40 30:45.720","2","0","79 57:29.520","4","0","0","0","2118","0","0","0","N","0","0","0","7","02118","1","","1.0","","1","N","N","","0","","0","0","0","","0","Y","","2","2","0","0","0","1","0","2","2","2","","","","N","","","","","","","","","",""
"2006062953","","1","0","0","0","0","0","0","0","0","4","0","","02","6","2006","6","","","","11","0","0","0","1","0","0","0","0","","0","0","0","","","0","","2","","","","0","","0","0","0","0","2440","0","0","0","N","0","0","0","4","02440","0","","1.0","","9","N","N","","0","","0","0","1","","3","","","2","0","0","0","0","0","0","1","0","2","","","","N","","","","","","","","","",""
"2006062966","","0","0","0","0","0","0","0","0","0","1","2","","02","6","2006","4","40.4801","-79.9655","","11","0","0","0","0","0","0","0","0","3","0","2","0","","","1","","0","","40 28:48.360","1","0","79 57:55.800","3","0","0","0","2118","0","0","0","N","0","0","0","2","02118","0","","1.0","","1","N","N","","0","","1","0","0","","0","N","","2","1","0","0","0","0","0","2","0","2","","","","N","","","","","","","","","",""