"CRN","ARRIVAL_TM","AUTOMOBILE_COUNT","BELTED_DEATH_COUNT","BELTED_SUSP_SERIOUS_INJ_COUNT","BICYCLE_COUNT","BICYCLE_DEATH_COUNT","BICYCLE_SUSP_SERIOUS_INJ_COUNT","BUS_COUNT","CHLDPAS_DEATH_COUNT","CHLDPAS_SUSP_SERIOUS_INJ_COUNT","COLLISION_TYPE","COMM_VEH_COUNT","CONS_ZONE_SPD_LIM","COUNTY","CRASH_MONTH","CRASH_YEAR","DAY_OF_WEEK","DEC_LATITUDE","DEC_LONGITUDE","DISPATCH_TM","DISTRICT","DRIVER_COUNT_16YR","DRIVER_COUNT_17YR","DRIVER_COUNT_18YR","DRIVER_COUNT_19YR","DRIVER_COUNT_20YR","DRIVER_COUNT_50_64YR","DRIVER_COUNT_65_74YR","DRIVER_COUNT_75PLUS","EST_HRS_CLOSED","FATAL_COUNT","HEAVY_TRUCK_COUNT","HORSE_BUGGY_COUNT","HOUR_OF_DAY","ILLUMINATION","INJURY_COUNT","INTERSECTION_RELATED","INTERSECT_TYPE","LANE_CLOSED","LATITUDE","LN_CLOSE_DIR","LOCATION_TYPE","LONGITUDE","MAX_SEVERITY_LEVEL","MCYCLE_DEATH_COUNT","MCYCLE_SUSP_SERIOUS_INJ_COUNT","MOTORCYCLE_COUNT","MUNICIPALITY","NONMOTR_COUNT","NONMOTR_DEATH_COUNT","NONMOTR_SUSP_SERIOUS_INJ_COUNT","NTFY_HIWY_MAINT","PED_COUNT","PED_DEATH_COUNT","PED_SUSP_SERIOUS_INJ_COUNT","PERSON_COUNT","POLICE_AGCY","POSSIBLE_INJ_COUNT","RDWY_SURF_TYPE_CD","RELATION_TO_ROAD","ROADWAY_CLEARED","ROAD_CONDITION","SCH_BUS_IND","SCH_ZONE_IND","SECONDARY_CRASH","SMALL_TRUCK_COUNT","SPEC_JURIS_CD","SUSP_MINOR_INJ_COUNT","SUSP_SERIOUS_INJ_COUNT","SUV_COUNT","TCD_FUNC_CD","TCD_TYPE","TFC_DETOUR_IND","TIME_OF_DAY","TOTAL_UNITS","TOT_INJ_COUNT","UNBELTED_OCC_COUNT","UNB_DEATH_COUNT","UNB_SUSP_SERIOUS_INJ_COUNT","UNK_INJ_DEG_COUNT","UNK_INJ_PER_COUNT","URBAN_RURAL","VAN_COUNT","VEHICLE_COUNT","WEATHER1","WEATHER2","WORKERS_PRES","WORK_ZONE_IND","WORK_ZONE_LOC","WORK_ZONE_TYPE","WZ_CLOSE_DETOUR","WZ_FLAGGER","WZ_LAW_OFFCR_IND","WZ_LN_CLOSURE","WZ_MOVING","WZ_OTHER","WZ_SHLDER_MDN","WZ_WORKERS_INJ_KILLED"
"2006062970","","1","0","0","0","0","0","0","0","0","4","0","","02","6","2006","2","40.3865","-80.0923","","11","0","0","0","0","0","1","0","0","2","0","0","0","","","1","","0","","40 23:11.400","7","7","80 05:32.280","8","0","0","0","2102","0","0","0","N","0","0","0","4","02102","0","","1.0","","1","N","N","","0","","0","0","1","","2","Y","","2","1","0","0","0","1","0","2","0","2","","","","N","","","","","","","","","",""
"2006062974","","0","0","0","0","0","0","0","0","0","7","0","","02","6","2006","7","40.464722","-79.729503","","11","0","0","0","0","0","0","1","0","","0","0","0","","","1","","0","","40 27:53.000","","0","79 43:46.211","8","0","0","0","2466","0","0","0","Y","0","0","0","1","02466","0","","5.0","","3","N","N","","0","","0","0","1","","0","","","1","1","0","0","0","1","0","2","0","1","","","","N","","","","","","","","","",""
"2006062988","","2","0","0","0","0","0","0","0","0","1","0","","02","6","2006","6","40.5891","-79.9489","","11","0","0","0","0","0","1","0","0","1","0","0","0","","","3","","0","","40 35:20.760","1","0","79 56:56.040","4","0","0","0","2207","0","0","0","N","0","0","0","5","02207","2","","1.0","","9","N","N","","0","","0","0","1","","0","N","","3","3","0","0","0","1","0","2","0","3","","","","N","","","","","","","","","",""
"2006062989","","1","0","0","0","0","0","0","0","0","4","0","","02","6","2006","7","40.6262","-80.0562","","11","0","0","0","0","0","1","0","0","","0","0","0","","","0","","1","","40 37:34.320","","0","80 03:22.320","0","0","0","0","2216","0","0","0","N","0","0","0","2","02505","0","","1.0","","1","N","N","","0","","0","0","1","","3","","","2","0","1","0","0","0","0","2","0","2","","","","N","","","","","","","","","",""
"2006062995","","1","0","0","0","0","0","0","0","0","7","0","","02","6","2006","7","40.39","-79.952488","","11","0","0","0","0","0","0","0","0","2","0","0","0","","","0","","0","","40 23:24.000","3","0","79 57:08.958","0","0","0","0","2403","0","0","0","N","0","0","0","2","02403","0","","2.0","","9","N","N","","0","","0","0","0","","0","N","","1","0","0","0","0","0","0","2","0","1","","","","N","","","","","","","","","",""
"2006062997","","2","0","0","0","0","0","0","0","0","1","0","","02","6","2006","5","","","","11","0","1","0","0","0","0","0","0","","0","0","0","","","0","","2","","","","0","","0","0","0","0","2216","0","0","0","N","0","0","0","2","02505","0","","1.0","","9","N","N","","0","","0","0","0","","0","","","2","0","0","0","0","0","0","1","0","2","","","","N","","","","","","","","","",""
"2006062999","","0","0","0","0","0","0","0","0","0","7","0","","02","6","2006","1","40.381111","-79.812448","","11","0","0","0","0","1","0","0","0","1","0","0","0","","","1","","1","","40 22:52.000","4","0","79 48:44.813","3","0","0","0","2424","0","0","0","N","0","0","0","1","02424","0","","2.0","","1","N","N","","0","","1","0","0","","2","N","","1","1","1","0","0","0","0","2","1","1","","","","N","","","","","","","","","",""
"2006063007","","1","0","0","0","0","0","0","0","0","7","0","","02","6","2006","7","","","","11","0","0","0","0","0","0","0","0","1","0","0","0","","","1","","2","","","4","7","","8","0","0","0","2102","0","0","0","N","0","0","0","2","02102","0","","5.0","","1","N","N","","0","","0","0","0","","3","N","","1","1","0","0","0","1","0","1","0","1","","","","N","","","","","","","","","",""
"2006063012","","1","0","0","0","0","0","0","0","0","1","0","","02","6","2006","5","40.550084","-79.997842","","11","1","0","0","0","0","1","0","0","","0","0","0","","","0","","2","","40 33:00.302","","0","79 59:52.231","0","0","0","0","2116","0","0","0","N","0","0","0","3","02116","0","","1.0","","1","N","N","","1","","0","0","0","","0","","","2","0","0","0","0","0","0","2","0","2","","","","N","","","","","","","","","",""
"2006063016","","0","0","0","0","0","0","0","0","0","1","0","","02","6","2006","7","40.535638","-80.020467","","11","0","0","0","0","0","1","0","0","","0","0","0","","","0","","0","","40 32:08.296","","0","80 01:13.681","0","0","0","0","2116","0","0","0","N","0","0","0","2","02116","0","","1.0","","1","N","N","","0","","0","0","2","","0","","","2","0","0","0","0","0","0","2","0","2","","","","N","","","","","","","","","",""
"2006063017","","2","0","0","0","0","0","0","0","0","2","0","","02","6","2006","7","","","","11","0","0","0","0","0","0","0","0","","0","0","0","","","0","","0","","","","0","","9","0","0","0","2415","0","0","0","N","0","0","0","1","02415","0","","1.0","","9","N","N","","0","","0","0","0","","0","","","2","0","0","0","0","0","1","1","0","2","","","","N","","","","","","","","","",""
"2006063019","","2","0","0","0","0","0","0","0","0","4","0","","02","6","2006","5","40.5439","-79.9723","","11","0","0","0","0","0","1","0","0","","0","0","0","","","0","","1","","40 32:38.040","","0","79 58:20.280","0","0","0","0","2118","0","0","0","N","0","0","0","2","02118","0","","1.0","","1","N","N","","0","","0","0","0","","3","","","2","0","1","0","0","0","0","2","0","2","","","","N","","","","","","","","","",""
"2006063022","","1","0","0","0","0","0","0","0","0","7","0","","02","6","2006","1","40.631944","-79.940679","","11","0","1","0","0","0","0","0","0","","0","0","0","","","0","","0","","40 37:55.000","","0","79 56:26.443","0","0","0","0","2217","0","0","0","N","0","0","0","2","02505","0","","2.0","","9","N","N","","0","","0","0","0","","0","","","1","0","0","0","0","0","0","2","0","1","","","","N","","","","","","","","","",""
"2006063023","","0","0","0","0","0","0","0","0","0","7","0","","02","6","2006","5","40.237287","-79.883604","","11","0","0","0","0","0","0","0","0","6","0","0","0","","","0","","0","","40 14:14.234","5","0","79 53:00.973","0","0","0","0","2204","0","0","0","N","0","0","0","1","02204","0","","5.0","","9","N","N","","1","","0","0","0","","0","Y","","1","0","0","0","0","0","0","1","0","1","","","","N","","","","","","","","","",""
"2006063028","","1","0","0","0","0","0","0","0","0","4","0","","02","6","2006","1","40.634228","-80.058275","","11","0","0","1","0","0","0","0","0","1","0","0","0","","","1","","1","","40 38:03.221","3","0","80 03:29.790","8","0","0","0","2216","0","0","0","N","0","0","0","3","02505","0","","1.0","","1","N","N","","1","","0","0","0","","3","N","","2","1","0","0","0","1","1","2","0","2","","","","N","","","","","","","","","",""
"2006063031","","2","0","0","0","0","0","0","0","0","1","0","","02","6","2006","6","40.4916","-79.9502","","11","1","0","0","0","0","0","0","0","1","0","0","0","","","0","","0","","40 29:29.760","2","0","79 57:00.720","0","0","0","0","2118","0","0","0","N","0","0","0","4","02118","0","","1.0","","9","N","N","","0","","0","0","0","","0","Y","","2","0","0","0","0","0","0","2","0","2","","","","N","","","","","","","","","",""
"2006063034","","1","0","0","0","0","0","0","0","0","4","0","","02","6","2006","7","40.37668","-79.827663","","11","0","0","0","0","1","0","0","0","4","0","0","0","","","1","","0","","40 22:36.047","5","0","79 49:39.586","2","0","1","1","2111","0","0","0","N","0","0","0","3","02111","0","","1.0","","1","N","N","","0","","0","1","0","","0","Y","","2","1","2","0","0","0","0","2","0","2","","","","N","","","","","","","","","",""
"2006063049","","2","0","0","0","0","0","0","0","0","1","0","","02","6","2006","6","40.4825","-79.963","","11","0","0","0","0","0","0","0","0","1","0","0","0","","","0","","0","","40 28:57.000","2","0","79 57:46.800","0","0","0","0","2118","0","0","0","N","0","0","0","2","02118","0","","1.0","","9","N","N","","0","","0","0","0","","0","N","","2","0","0","0","0","0","0","2","0","2","","","","N","","","","","","","","","",""
"2006063084","","0","0","0","0","0","0","0","0","0","5","0","","02","6","2006","5","40.3193","-80.0876","","11","0","0","0","1","0","0","0","0","2","0","0","0","","","1","","0","","40 19:09.480","5","0","80 05:15.360","4","0","0","0","2123","0","0","0","N","0","0","0","5","02123","1","","1.0","","1","N","N","","1","","0","0","4","","0","N","","5","1","0","0","0","0","0","2","0","5","","","","N","","","","","","","","","",""
"2006063088","","1","0","0","0","0","0","0","0","0","7","0","","02","6","2006","1","","","","11","0","0","1","0","0","0","0","0","","0","0","0","","","0","","0","","","","0","","9","0","0","0","2448","0","0","0","N","0","0","0","1","02448","0","","5.0","","1","N","N","","0","","0","0","0","","0","","","1","0","0","0","0","0","1","1","0","1","","","","N","","","","","","","","","",""
"2006063095","","3","0","0","0","0","0","0","0","0","1","0","","02","6","2006","2","40.5229","-80.0054","","11","0","0","0","0","0","0","0","1","","0","0","0","","","0","","0","","40 31:22.440","","0","80 00:19.440","0","0","0","0","2116","0","0","0","N","0","0","0","4","02116","0","","1.0","","1","N","N","","0","","0","0","0","","0","","","3","0","0","0","0","0","0","2","0","3","","","","N","","","","","","","","","",""
"2006063125","","2","0","0","0","0","0","0","0","0","4","0","","02","6","2006","2","40.530556","-80.035292","","11","0","0","0","0","0","0","0","1","","0","0","0","","","1","","0","","40 31:50.000","","7","80 02:07.050","8","0","0","0","2116","0","0","0","N","0","0","0","2","02116","0","","1.0","","1","N","N","","0","","0","0","0","","0","","","2","1","0","0","0","1","0","2","0","2","","","","N","","","","","","","","","",""
"2006063136","","2","0","0","0","0","0","0","0","0","4","0","","02","6","2006","2","40.3689","-80.1023","","11","0","0","0","0","0","0","0","0","","0","0","0","","","1","","0","","40 22:08.040","","0","80 06:08.280","8","0","0","0","2102","0","0","0","N","0","0","0","3","02102","0","","1.0","","1","N","N","","0","","0","0","0","","0","","","2","1","0","0","0","1","0","2","0","2","","","","N","","","","","","","","","",""
"2006063153","","2","0","0","0","0","0","0","0","0","4","0","","02","6","2006","5","40.498586","-80.061839","","11","0","0","0","0","0","0","0","1","","0","0","0","","","2","","1","","40 29:54.909","","0","80 03:42.620","3","0","0","0","2402","0","0","0","","0","0","0","3","02402","0","","1.0","","1","","","","0","","2","0","0","","2","","","2","2","2","0","0","0","0","2","0","2","","","","N","","","","","","","","","",""
"2006063159","","1","0","0","0","0","0","0","0","0","7","0","","02","6","2006","7","","","","11","0","0","0","0","0","0","0","0","3","0","0","0","","","1","","0","","","5","0","","2","0","0","0","2209","0","0","0","N","0","0","0","1","02209","0","","5.0","","1","N","N","","0","","0","1","0","","0","Y","","1","1","1","0","1","0","0","1","0","1","","","","N","","","","","","","","","",""
"2006063160","","1","0","0","0","0","0","0","0","0","7","0","","02","6","2006","1","","","","11","0","0","0","0","0","0","0","0","","0","0","0","","","0","","0","","","","0","","0","0","0","0","2209","0","0","0","Y","0","0","0","5","02209","0","","2.0","","9","N","N","","0","","0","0","0","","0","","","1","0","0","0","0","0","0","1","0","1","","","","N","","","","","","","","","",""
"2006063161","","2","0","0","0","0","0","0","0","0","1","0","","02","6","2006","3","40.523056","-80.177193","","11","0","0","0","0","0","0","1","0","1","0","0","0","","","2","","0","","40 31:23.000","2","0","80 10:37.894","3","0","0","0","2213","0","0","0","N","0","0","0","4","02213","1","","1.0","","1","N","N","","0","","1","0","0","","2","N","","2","2","0","0","0","0","0","2","0","2","","","","N","","","","","","","","","",""
"2006063162","","1","0","0","0","0","0","0","0","0","7","0","","02","6","2006","6","40.495985","-80.183755","","11","0","0","1","0","0","0","0","0","","0","0","0","","","0","","0","","40 29:45.547","","0","80 11:01.518","0","0","0","0","2213","0","0","0","N","0","0","0","1","02213","0","","2.0","","9","N","N","","0","","0","0","0","","0","","","1","0","0","0","0","0","0","2","0","1","","","","N","","","","","","","","","",""
"2006063209","","1","0","0","0","0","0","0","0","0","7","0","","02","6","2006","6","","","","11","0","1","0","0","0","0","0","0","","0","0","0","","","0","","0","","","","0","","0","0","0","0","2301","0","0","0","N","0","0","0","1","02301","0","","5.0","","9","N","N","","0","","0","0","0","","0","","","2","0","0","0","0","0","0","1","0","1","","","","N","","","","","","","","","",""
"2006063210","","0","0","0","0","0","0","0","0","0","4","0","","02","6","2006","1","","","","11","0","0","0","0","0","0","0","0","3","0","0","0","","","2","","1","","","2","0","","3","0","0","1","2301","0","0","0","N","0","0","0","3","02301","0","","1.0","","1","N","N","","0","","1","0","1","","3","Y","","2","2","0","0","0","1","0","1","0","2","","","","N","","","","","","","","","",""
"2006063211","","1","0","0","0","0","0","0","0","0","4","0","","02","6","2006","4","","","","11","0","0","0","0","0","0","0","0","1","0","0","0","","","1","","0","","","3","0","","3","0","0","1","2301","0","0","0","N","0","0","0","3","02301","0","","1.0","","1","N","N","","0","","1","0","0","","0","N","","2","1","0","0","0","0","0","1","0","2","","","","N","","","","","","","","","",""
"2006063212","","2","0","0","0","0","0","0","0","0","4","0","","02","6","2006","5","40.464018","-79.935386","","11","0","0","0","0","0","0","0","0","","0","0","0","","","0","","0","","40 27:50.464","","0","79 56:07.389","9","0","0","0","2301","0","0","0","N","0","0","0","1","02301","0","","6.0","","1","N","N","","0","","0","0","0","","0","","","2","0","1","0","0","0","1","2","0","2","","","","N","","","","","","","","","",""
"2006063268","","1","0","0","0","0","0","0","0","0","6","0","","02","6","2006","6","40.451111","-80.020161","","11","0","0","0","0","0","0","0","0","","0","0","0","","","1","","2","","40 27:04.000","","0","80 01:12.581","8","0","0","1","2301","0","0","0","N","0","0","0","2","02301","0","","1.0","","1","N","N","","0","","0","0","0","","0","","","2","1","0","0","0","1","0","2","0","2","","","","N","","","","","","","","","",""
"2006063275","","2","0","0","0","0","0","0","0","0","2","0","","02","6","2006","3","40.5255","-80.0697","","11","0","0","0","0","0","0","0","0","","0","0","0","","","0","","1","","40 31:31.800","","2","80 04:10.920","0","0","0","0","2215","0","0","0","N","0","0","0","2","02215","0","","1.0","","1","N","N","","0","","0","0","0","","2","","","2","0","0","0","0","0","0","2","0","2","","","","N","","","","","","","","","",""
"2006063278","","1","0","0","0","0","0","0","0","0","4","0","","02","6","2006","2","40.445278","-79.713761","","11","0","0","0","0","0","0","1","0","","0","0","0","","","1","","0","","40 26:43.000","","7","79 42:49.538","4","0","0","0","2446","0","0","0","N","0","0","0","4","02446","1","","6.0","","1","N","N","","1","","0","0","0","","0","","","2","1","2","0","0","0","0","2","0","2","","","","N","","","","","","","","","",""
"2006063290","","0","0","0","0","0","0","0","0","0","7","1","","02","6","2006","5","40.2746","-79.8937","","11","0","0","0","0","0","0","0","0","3","0","1","0","","","0","","10","","40 16:28.560","1","8","79 53:37.320","0","0","0","0","2440","0","0","0","Y","0","0","0","1","02440","0","","4.0","","1","N","N","","0","","0","0","0","","3","N","","1","0","0","0","0","0","0","2","0","1","","","","N","","","","","","","","","",""
"2006063291","","1","0","0","0","0","0","0","0","0","7","0","","02","6","2006","3","","","","11","0","0","1","0","0","0","0","0","3","0","0","0","","","0","","0","","","6","0","","0","0","0","0","2448","0","0","0","N","0","0","0","4","02448","0","","5.0","","9","N","N","","0","","0","0","0","","0","Y","","1","0","0","0","0","0","0","1","0","1","","","","N","","","","","","","","","",""
"2006063299","","3","0","0","0","0","0","0","0","0","6","0","","02","6","2006","2","40.667154","-80.102148","","11","0","0","0","0","0","1","0","1","1","0","0","0","","","0","","1","","40 40:01.754","4","0","80 06:07.732","0","0","0","0","2212","0","0","0","N","0","0","0","3","02505","0","","1.0","","1","N","N","","0","","0","0","0","","2","N","","3","0","0","0","0","0","0","2","0","3","","","","N","","","","","","","","","",""
"2006063314","","1","0","0","0","0","0","0","0","0","4","0","","02","6","2006","2","40.416389","-80.045011","","11","0","0","0","0","0","1","0","0","","0","0","0","","","1","","2","","40 24:59.000","","0","80 02:42.040","4","0","0","0","2435","0","0","0","N","0","0","0","5","02435","1","","1.0","","1","N","N","","0","","0","0","0","","3","","","2","1","0","0","0","0","0","2","1","2","","","","N","","","","","","","","","",""
"2006063335","","2","0","0","0","0","0","0","0","0","4","0","","02","6","2006","3","40.3891","-79.9333","","11","0","0","0","0","0","1","0","0","1","0","0","0","","","0","","0","","40 23:20.760","2","0","79 55:59.880","0","0","0","0","2403","0","0","0","N","0","0","0","2","02403","0","","1.0","","9","N","N","","0","","0","0","0","","0","N","","2","0","0","0","0","0","0","2","0","2","","","","N","","","","","","","","","",""
"2006063339","","1","0","0","0","0","0","0","0","0","7","0","","02","6","2006","3","40.3887","-79.8303","","11","0","0","0","0","0","0","0","0","1","0","0","0","","","1","","1","","40 23:19.320","4","0","79 49:49.080","8","0","0","0","2111","0","0","0","N","0","0","0","1","02111","0","","2.0","","9","N","N","","0","","0","0","0","","0","N","","1","1","0","0","0","1","0","2","0","1","","","","N","","","","","","","","","",""
"2006063397","","1","0","0","0","0","0","0","0","0","7","0","","02","6","2006","1","40.355833","-80.028238","","11","0","0","0","0","0","0","0","0","","0","0","0","","","0","","2","","40 21:21.000","","0","80 01:41.656","0","0","0","0","2407","0","0","0","N","0","0","0","1","02407","0","","4.0","","1","N","N","","0","","0","0","0","","2","","","1","0","0","0","0","0","0","2","0","1","","","","N","","","","","","","","","",""
"2006063398","","1","0","0","0","0","0","0","0","0","1","0","","02","6","2006","1","40.3125","-80.032185","","11","0","0","0","0","0","0","0","0","","0","0","0","","","1","","0","","40 18:45.000","","0","80 01:55.867","4","0","0","0","2407","0","0","0","N","0","0","0","2","02407","1","","1.0","","1","N","N","","0","","0","0","1","","0","","","2","1","0","0","0","0","0","2","0","2","","","","N","","","","","","","","","",""
"2006063460","","2","0","0","0","0","0","0","0","0","2","0","","02","6","2006","7","","","","11","0","0","0","0","0","0","0","0","","0","0","0","","","2","","1","","","","0","","3","0","0","0","2301","0","0","0","N","0","0","0","4","02301","1","","1.0","","1","N","N","","0","","1","0","0","","2","","","2","2","0","0","0","0","0","1","0","2","","","","N","","","","","","","","","",""
"2006063461","","2","0","0","0","0","0","0","0","0","2","0","","02","6","2006","2","40.475458","-80.036971","","11","0","0","0","0","0","0","0","0","2","0","0","0","","","1","","0","","40 28:31.648","6","0","80 02:13.095","4","0","0","0","2301","0","0","0","N","0","0","0","2","02301","1","","1.0","","1","N","N","","0","","0","0","0","","0","Y","","2","1","0","0","0","0","1","2","0","2","","","","N","","","","","","","","","",""
"2006063462","","1","0","0","0","0","0","0","0","0","7","0","","02","6","2006","3","40.486652","-80.033117","","11","0","0","0","0","0","0","0","0","","0","0","0","","","0","","0","","40 29:11.947","","0","80 01:59.221","0","0","0","0","2301","0","0","0","N","0","0","0","2","02301","0","","2.0","","1","N","N","","0","","0","0","0","","0","","","1","0","0","0","0","0","0","2","0","1","","","","N","","","","","","","","","",""
"2006063463","","2","0","0","0","0","0","0","0","0","1","0","","02","6","2006","3","40.446176","-80.009633","","11","0","0","0","0","0","0","0","0","","0","0","0","","","0","","2","","40 26:46.233","","0","80 00:34.678","0","0","0","0","2301","0","0","0","N","0","0","0","3","02301","0","","1.0","","1","N","N","","0","","0","0","0","","0","","","2","0","1","0","0","0","0","2","0","2","","","","N","","","","","","","","","",""
"2006063464","","1","0","0","0","0","0","0","0","0","7","0","","02","6","2006","3","","","","11","0","0","0","0","0","0","0","0","1","0","0","0","","","2","","0","","","1","0","","8","0","0","0","2301","0","0","0","N","0","0","0","5","02301","0","","4.0","","1","N","N","","0","","0","0","0","","0","Y","","1","2","0","0","0","2","0","1","0","1","","","","N","","","","","","","","","",""
"2006063465","","2","0","0","0","0","0","0","0","0","4","0","","02","6","2006","3","40.39919","-80.025075","","11","0","0","0","0","1","0","0","0","","0","0","0","","","0","","2","","40 23:57.084","","0","80 01:30.271","0","0","0","0","2301","0","0","0","N","0","0","0","3","02301","0","","1.0","","1","N","N","","0","","0","0","0","","0","","","2","0","0","0","0","0","0","2","0","2","","","","N","","","","","","","","","",""
"2006063466","","1","0","0","0","0","0","0","0","0","7","0","","02","6","2006","4","","","","11","0","0","0","0","0","0","0","0","","0","0","0","","","0","","0","","","","0","","9","0","0","0","2301","0","0","0","N","0","0","0","1","02301","0","","2.0","","1","N","N","","0","","0","0","0","","0","","","1","0","0","0","0","0","1","1","0","1","","","","N","","","","","","","","","",""
"2006063467","","1","0","0","0","0","0","0","0","0","8","0","","02","6","2006","3","40.459722","-79.924988","","11","0","0","0","0","0","1","0","0","","0","0","0","","","1","","1","","40 27:35.000","","0","79 55:29.957","8","0","0","0","2301","1","0","0","N","1","0","0","2","02301","0","","1.0","","1","N","N","","0","","0","0","0","","2","","","2","1","0","0","0","1","0","2","0","1","","","","N","","","","","","","","","",""
"2006063478","","0","0","0","0","0","0","0","0","0","7","0","","02","6","2006","3","","","","11","0","0","0","0","0","0","0","0","2","0","0","0","","","1","","0","","","6","0","","3","0","0","0","2301","0","0","0","N","0","0","0","1","02301","0","","5.0","","1","N","N","","0","","1","0","1","","0","Y","","1","1","1","0","0","0","0","1","0","1","","","","N","","","","","","","","","",""
"2006063479","","3","0","0","0","0","0","0","0","0","1","0","","02","6","2006","4","40.381","-79.9951","","11","0","0","0","0","0","2","0","0","","0","0","0","","","2","","0","","40 22:51.600","","0","79 59:42.360","8","0","0","0","2301","0","0","0","N","0","0","0","3","02301","0","","1.0","","1","N","N","","0","","0","0","0","","0","","","3","2","0","0","0","2","0","2","0","3","","","","N","","","","","","","","","",""
"2006063514","","1","0","0","0","0","0","0","0","0","6","0","","02","6","2006","3","40.540833","-79.796798","","11","0","0","0","0","0","0","0","0","","0","0","0","","","0","","2","","40 32:27.000","","0","79 47:48.472","0","0","0","0","2462","0","0","0","N","0","0","0","3","02462","0","","1.0","","1","N","N","","0","","0","0","1","","3","","","2","0","0","0","0","0","0","2","0","2","","","","N","","","","","","","","","",""
"2006063543","","1","0","0","0","0","0","0","0","0","2","0","","02","6","2006","3","40.3613","-79.9825","","11","0","0","0","1","1","0","0","0","","0","0","0","","","1","","2","","40 21:40.680","","0","79 58:57.000","8","0","0","0","2413","0","0","0","N","0","0","0","3","02413","0","","1.0","","1","N","N","","0","","0","0","1","","3","","","2","1","0","0","0","1","0","2","0","2","","","","N","","","","","","","","","",""
"2006063587","","1","0","0","0","0","0","0","0","0","4","0","","02","6","2006","4","","","","11","0","0","0","0","0","0","0","0","1","0","0","0","","","0","","2","","","5","0","","0","0","0","0","2444","0","0","0","N","0","0","0","1","02444","0","","1.0","","1","N","N","","0","","0","0","1","","0","Y","","2","0","0","0","0","0","0","1","0","2","","","","N","","","","","","","","","",""
"2006063711","","0","0","0","0","0","0","0","0","0","7","0","50","02","4","2006","3","40.403056","-80.106922","","11","0","0","0","0","0","0","0","0","1","0","0","0","","","0","","0","","40 24:11.000","1","0","80 06:24.918","0","0","0","1","2102","0","0","0","N","0","0","0","1","68B03","0","","5.0","","1","N","N","","0","","0","0","0","","0","N","","1","0","0","0","0","0","0","2","0","1","","","N","Y","4","1","","","N","","","","",""
"2006063712","","1","0","0","0","0","0","0","0","0","7","0","","02","5","2006","6","","","","11","0","0","1","0","0","0","0","0","","0","0","0","","","3","","0","","40 26:29.04","","0","79 49:42.60","3","0","0","0","2446","0","0","0","N","0","0","0","3","68B03","0","","3.0","","9","N","N","","0","","3","0","0","","0","","","1","3","0","0","0","0","0","2","0","1","","","","N","","","","","","","","","",""
"2006063713","","0","0","0","0","0","0","0","0","0","1","1","","02","5","2006","6","","","","11","0","0","0","0","0","0","1","0","3","0","1","0","","","0","","0","","40 25:46.92","1","0","80 01:41.16","0","0","0","0","2301","0","0","0","Y","0","0","0","2","68B03","0","","1.0","","1","N","N","","1","","0","0","0","","0","N","","2","0","0","0","0","0","0","2","0","2","","","","N","","","","","","","","","",""
"2006063714","","1","0","0","0","0","0","0","0","0","4","0","","02","5","2006","6","","","","11","0","0","0","0","0","0","1","0","","0","0","0","","","2","","0","","40 26:29.04","","0","79 49:42.60","2","0","0","0","2446","0","0","0","Y","0","0","0","2","68B03","1","","1.0","","1","N","N","","1","","0","1","0","","0","","","2","2","1","0","1","0","0","2","0","2","","","","N","","","","","","","","","",""
"2006063715","","1","0","0","0","0","0","0","0","0","7","0","","02","5","2006","1","","","","11","0","0","0","0","0","0","0","0","2","0","0","0","","","0","","0","","40 25:33.96","3","0","79 53:40.20","0","0","0","0","2301","0","0","0","N","0","0","0","1","68B03","0","","2.0","","1","N","N","","0","","0","0","0","","0","Y","","1","0","1","0","0","0","0","2","0","1","","","","N","","","","","","","","","",""
"2006063716","","2","0","0","0","0","0","0","0","0","1","0","","02","2","2006","6","","","","11","0","0","0","0","0","1","0","0","1","0","0","0","","","0","","0","","40 26:38.40","4","0","79 46:41.88","0","0","0","0","2446","0","0","0","N","0","0","0","2","68B03","0","","1.0","","1","N","N","","0","","0","0","0","","0","N","","2","0","0","0","0","0","0","2","0","2","","","","N","","","","","","","","","",""
"2006063717","","1","0","0","0","0","0","0","0","0","1","0","","02","5","2006","1","","","","11","0","0","0","0","0","1","1","0","","0","0","0","","","0","","0","","40 26:30.12","","1","79 50:11.76","0","0","0","0","2113","0","0","0","Y","0","0","0","3","68B03","0","","1.0","","1","N","N","","0","","0","0","1","","0","","","2","0","0","0","0","0","0","2","0","2","","","","N","","","","","","","","","",""
"2006063718","","2","0","0","0","0","0","0","0","0","1","0","","02","5","2006","5","","","","11","0","0","0","0","0","0","0","0","","0","0","0","","","0","","7","","40 26:38.40","","2","80 00:32.76","0","0","0","0","2301","0","0","0","N","0","0","0","2","68B03","0","","1.0","","1","N","N","","0","","0","0","0","","0","","","2","0","0","0","0","0","0","2","0","2","","","","N","","","","","","","","","",""
"2006063719","","2","0","0","0","0","0","0","0","0","1","0","","02","5","2006","3","40.373889","-80.103628","","11","0","0","0","1","0","1","0","0","","0","0","0","","","0","","0","","40 22:26.000","","0","80 06:13.059","0","0","0","0","2102","0","0","0","N","0","0","0","5","68B03","0","","1.0","","1","N","N","","0","","0","0","0","","0","","","3","0","0","0","0","0","0","2","1","3","","","","N","","","","","","","","","",""