"CRN","ARRIVAL_TM","AUTOMOBILE_COUNT","BELTED_DEATH_COUNT","BELTED_SUSP_SERIOUS_INJ_COUNT","BICYCLE_COUNT","BICYCLE_DEATH_COUNT","BICYCLE_SUSP_SERIOUS_INJ_COUNT","BUS_COUNT","CHLDPAS_DEATH_COUNT","CHLDPAS_SUSP_SERIOUS_INJ_COUNT","COLLISION_TYPE","COMM_VEH_COUNT","CONS_ZONE_SPD_LIM","COUNTY","CRASH_MONTH","CRASH_YEAR","DAY_OF_WEEK","DEC_LATITUDE","DEC_LONGITUDE","DISPATCH_TM","DISTRICT","DRIVER_COUNT_16YR","DRIVER_COUNT_17YR","DRIVER_COUNT_18YR","DRIVER_COUNT_19YR","DRIVER_COUNT_20YR","DRIVER_COUNT_50_64YR","DRIVER_COUNT_65_74YR","DRIVER_COUNT_75PLUS","EST_HRS_CLOSED","FATAL_COUNT","HEAVY_TRUCK_COUNT","HORSE_BUGGY_COUNT","HOUR_OF_DAY","ILLUMINATION","INJURY_COUNT","INTERSECTION_RELATED","INTERSECT_TYPE","LANE_CLOSED","LATITUDE","LN_CLOSE_DIR","LOCATION_TYPE","LONGITUDE","MAX_SEVERITY_LEVEL","MCYCLE_DEATH_COUNT","MCYCLE_SUSP_SERIOUS_INJ_COUNT","MOTORCYCLE_COUNT","MUNICIPALITY","NONMOTR_COUNT","NONMOTR_DEATH_COUNT","NONMOTR_SUSP_SERIOUS_INJ_COUNT","NTFY_HIWY_MAINT","PED_COUNT","PED_DEATH_COUNT","PED_SUSP_SERIOUS_INJ_COUNT","PERSON_COUNT","POLICE_AGCY","POSSIBLE_INJ_COUNT","RDWY_SURF_TYPE_CD","RELATION_TO_ROAD","ROADWAY_CLEARED","ROAD_CONDITION","SCH_BUS_IND","SCH_ZONE_IND","SECONDARY_CRASH","SMALL_TRUCK_COUNT","SPEC_JURIS_CD","SUSP_MINOR_INJ_COUNT","SUSP_SERIOUS_INJ_COUNT","SUV_COUNT","TCD_FUNC_CD","TCD_TYPE","TFC_DETOUR_IND","TIME_OF_DAY","TOTAL_UNITS","TOT_INJ_COUNT","UNBELTED_OCC_COUNT","UNB_DEATH_COUNT","UNB_SUSP_SERIOUS_INJ_COUNT","UNK_INJ_DEG_COUNT","UNK_INJ_PER_COUNT","URBAN_RURAL","VAN_COUNT","VEHICLE_COUNT","WEATHER1","WEATHER2","WORKERS_PRES","WORK_ZONE_IND","WORK_ZONE_LOC","WORK_ZONE_TYPE","WZ_CLOSE_DETOUR","WZ_FLAGGER","WZ_LAW_OFFCR_IND","WZ_LN_CLOSURE","WZ_MOVING","WZ_OTHER","WZ_SHLDER_MDN","WZ_WORKERS_INJ_KILLED"
"2006065151","","1","0","0","0","0","0","0","0","0","7","0","","02","6","2006","5","","","","11","0","1","0","0","0","0","0","0","","0","0","0","","","0","","0","","","","0","","0","0","0","0","2217","0","0","0","N","0","0","0","1","02505","0","","4.0","","1","N","N","","0","","0","0","0","","0","","","1","0","0","0","0","0","0","1","0","1","","","","N","","","","","","","","","",""
"2006065204","","2","0","0","0","0","0","0","0","0","6","0","","02","6","2006","6","40.347449","-79.972056","","11","0","0","1","0","0","0","0","0","","0","0","0","","","1","","0","","40 20:50.816","","0","79 58:19.402","8","0","0","0","2403","0","0","0","N","0","0","0","1","02403","0","","5.0","","1","N","N","","0","","0","0","0","","0","","","3","1","0","0","0","1","0","2","1","3","","","","N","","","","","","","","","",""
"2006065205","","2","0","0","0","0","0","0","0","0","1","0","","02","6","2006","5","40.521944","-80.005361","","11","0","0","0","0","0","1","0","0","1","0","0","0","","","1","","0","","40 31:19.000","2","0","80 00:19.298","8","0","0","0","2116","0","0","0","N","0","0","0","5","02116","0","","1.0","","1","N","N","","0","","0","0","1","","0","N","","3","1","0","0","0","1","0","2","0","3","","","","N","","","","","","","","","",""
"2006065215","","1","0","0","0","0","0","0","0","0","0","0","","02","6","2006","5","40.257778","-79.878853","","11","0","0","0","0","0","0","0","0","1","0","0","0","","","2","","0","","40 15:28.000","1","0","79 52:43.869","4","0","0","0","2204","0","0","0","N","0","0","0","2","02204","2","","1.0","","1","N","N","","0","","0","0","0","","0","N","","1","2","0","0","0","0","0","1","0","1","","","","N","","","","","","","","","",""
"2006065223","","2","0","0","0","0","0","0","0","0","4","0","","02","6","2006","4","40.366002","-79.949448","","11","1","0","0","0","0","0","1","0","1","0","0","0","","","1","","2","","40 21:57.607","2","0","79 56:58.013","4","0","0","0","2403","0","0","0","N","0","0","0","3","02403","1","","1.0","","1","N","N","","0","","0","0","0","","0","N","","2","1","0","0","0","0","0","2","0","2","","","","N","","","","","","","","","",""
"2006065224","","1","0","0","0","0","0","0","0","0","1","0","","02","6","2006","5","40.2577","-79.879","","11","0","0","1","0","0","0","0","0","1","0","0","0","","","2","","0","","40 15:27.720","2","0","79 52:44.400","8","0","0","0","2204","0","0","0","N","0","0","0","3","02204","0","","1.0","","1","N","N","","1","","0","0","0","","0","N","","2","2","1","0","0","2","0","1","0","2","","","","N","","","","","","","","","",""
"2006065233","","2","0","0","0","0","0","0","0","0","1","0","","02","6","2006","3","40.5001","-80.2193","","11","0","0","0","0","0","0","0","0","1","0","0","0","","","2","","1","","40 30:00.360","1","0","80 13:09.480","8","0","0","0","2213","0","0","0","N","0","0","0","3","02213","0","","1.0","","1","N","N","","0","","0","0","0","","2","N","","2","2","0","0","0","2","0","2","0","2","","","","N","","","","","","","","","",""
"2006065234","","2","0","0","0","0","0","0","0","0","5","0","","02","6","2006","2","40.508889","-80.223231","","11","0","0","0","0","0","0","0","1","2","0","0","0","","","0","","0","","40 30:32.000","1","0","80 13:23.633","0","0","0","0","2213","0","0","0","N","0","0","0","2","02213","0","","1.0","","1","N","N","","0","","0","0","0","","0","N","","2","0","0","0","0","0","0","2","0","2","","","","N","","","","","","","","","",""
"2006065235","","2","0","0","0","0","0","0","0","0","4","0","","02","6","2006","4","40.509722","-80.242311","","11","0","1","0","0","0","0","0","0","","0","0","0","","","0","","0","","40 30:35.000","","0","80 14:32.320","0","0","0","0","2213","0","0","0","N","0","0","0","2","02213","0","","1.0","","1","N","N","","0","","0","0","0","","0","","","2","0","0","0","0","0","0","2","0","2","","","","N","","","","","","","","","",""
"2006065236","","1","0","0","0","0","0","0","0","0","7","0","","02","6","2006","7","","","","11","0","0","0","0","0","0","0","0","","0","0","0","","","0","","0","","","","0","","0","0","0","0","2407","0","0","0","N","0","0","0","1","02407","0","","4.0","","1","N","N","","0","","0","0","0","","0","","","1","0","0","0","0","0","0","1","0","1","","","","N","","","","","","","","","",""
"2006065259","","1","0","0","0","0","0","0","0","0","7","0","","02","6","2006","7","","","","11","0","0","0","0","0","0","0","0","1","0","0","0","","","0","","0","","","4","0","","9","0","0","0","2301","0","0","0","N","0","0","0","1","02301","0","","4.0","","1","N","N","","0","","0","0","0","","0","Y","","1","0","0","0","0","0","1","1","0","1","","","","N","","","","","","","","","",""
"2006065260","","1","0","0","0","0","0","0","0","0","4","0","","02","6","2006","4","","","","11","0","0","0","0","0","0","1","0","","0","0","0","","","0","","2","","","","0","","0","0","0","0","2301","0","0","0","N","0","0","0","2","02301","0","","1.0","","1","N","N","","1","","0","0","0","","0","","","2","0","0","0","0","0","0","1","0","2","","","","N","","","","","","","","","",""
"2006065261","","1","0","0","0","0","0","0","0","0","7","0","","02","6","2006","1","","","","11","0","0","0","0","0","0","0","0","","0","0","0","","","0","","0","","","","0","","0","0","0","0","2301","0","0","0","N","0","0","0","2","02301","0","","5.0","","1","N","N","","0","","0","0","0","","0","","","1","0","0","0","0","0","0","1","0","1","","","","N","","","","","","","","","",""
"2006065262","","0","0","0","0","0","0","0","0","0","6","0","","02","6","2006","6","40.484334","-80.035812","","11","0","0","0","0","0","0","1","0","1","0","0","0","","","1","","1","","40 29:03.602","3","0","80 02:08.923","8","0","0","0","2301","0","0","0","N","0","0","0","2","02301","0","","1.0","","1","N","N","","1","","0","0","1","","2","N","","2","1","0","0","0","1","0","2","0","2","","","","N","","","","","","","","","",""
"2006065263","","0","0","0","0","0","0","0","0","0","8","0","","02","6","2006","6","","","","11","0","0","0","0","0","0","0","0","","0","0","0","","","1","","1","","","","0","","8","0","0","0","2301","1","0","0","N","1","0","0","3","02301","0","","1.0","","1","N","N","","0","","0","0","1","","2","","","2","1","0","0","0","1","0","1","0","1","","","","N","","","","","","","","","",""
"2006065264","","1","0","0","0","0","0","0","0","0","2","0","","02","6","2006","5","40.425833","-80.019893","","11","0","0","0","0","0","2","0","0","1","0","0","0","","","1","","1","","40 25:33.000","1","0","80 01:11.613","4","0","0","0","2301","0","0","0","N","0","0","0","3","02301","1","","1.0","","1","N","N","","0","","0","0","0","","2","N","","3","1","0","0","0","0","0","2","2","3","","","","N","","","","","","","","","",""
"2006065265","","2","0","0","0","0","0","0","0","0","1","0","","02","6","2006","7","40.431944","-80.003876","","11","0","0","0","0","0","0","0","0","","0","0","0","","","1","","2","","40 25:55.000","","0","80 00:13.953","8","0","0","0","2301","0","0","0","N","0","0","0","4","02301","0","","1.0","","1","N","N","","0","","0","0","0","","2","","","2","1","0","0","0","1","0","2","0","2","","","","N","","","","","","","","","",""
"2006065266","","2","0","0","0","0","0","0","0","0","1","0","","02","6","2006","7","40.428333","-79.973214","","11","0","0","0","0","0","0","0","0","","0","0","0","","","0","","5","","40 25:42.000","","0","79 58:23.571","0","0","0","0","2301","0","0","0","N","0","0","0","2","02301","0","","1.0","","1","N","N","","0","","0","0","0","","2","","","2","0","0","0","0","0","0","2","0","2","","","","N","","","","","","","","","",""
"2006065267","","2","0","0","0","0","0","0","0","0","4","0","","02","6","2006","7","40.406844","-79.998268","","11","0","0","0","0","0","0","1","1","","0","0","0","","","1","","0","","40 24:24.638","","0","79 59:53.764","8","0","0","0","2301","0","0","0","N","0","0","0","3","02301","0","","1.0","","1","N","N","","0","","0","0","0","","0","","","2","1","1","0","0","1","0","2","0","2","","","","N","","","","","","","","","",""
"2006065269","","2","0","0","0","0","0","0","0","0","1","0","","02","6","2006","5","40.4532","-79.992708","","11","0","0","0","1","0","1","0","0","","0","0","0","","","0","","1","","40 27:11.520","","0","79 59:33.748","0","0","0","0","2301","0","0","0","N","0","0","0","4","02301","0","","1.0","","1","N","N","","0","","0","0","0","","2","","","2","0","0","0","0","0","0","2","0","2","","","","N","","","","","","","","","",""
"2006065270","","1","0","0","0","0","0","0","0","0","8","0","","02","6","2006","1","","","","11","0","0","0","0","0","1","0","0","1","0","0","0","","","1","","1","","","7","0","","8","0","0","0","2301","1","0","0","N","1","0","0","2","02301","0","","1.0","","1","N","N","","0","","0","0","0","","2","N","","2","1","0","0","0","1","0","1","0","1","","","","N","","","","","","","","","",""
"2006065271","","1","0","0","0","0","0","0","0","0","7","0","","02","6","2006","5","40.431144","-79.959222","","11","0","0","0","0","0","0","0","0","1","0","0","0","","","0","","1","","40 25:52.118","1","1","79 57:33.198","0","0","0","0","2301","0","0","0","N","0","0","0","2","02301","0","","2.0","","1","N","N","","0","","0","0","0","","2","N","","1","0","0","0","0","0","0","2","0","1","","","","N","","","","","","","","","",""
"2006065272","","2","0","0","0","0","0","0","0","0","4","0","","02","6","2006","6","40.428611","-79.986126","","11","0","0","0","0","0","0","0","0","1","0","0","0","","","0","","0","","40 25:43.000","3","0","79 59:10.054","0","0","0","0","2301","0","0","0","N","0","0","0","2","02301","0","","1.0","","1","N","N","","0","","0","0","0","","0","Y","","2","0","1","0","0","0","0","2","0","2","","","","N","","","","","","","","","",""
"2006065275","","0","0","0","0","0","0","0","0","0","2","0","","02","6","2006","5","","","","11","0","0","0","0","0","0","0","0","","0","0","0","","","3","","2","","","","0","","8","0","0","0","2301","0","0","0","N","0","0","0","5","02301","0","","1.0","","1","N","N","","0","","0","0","1","","2","","","3","3","0","0","0","3","1","1","2","3","","","","N","","","","","","","","","",""
"2006065276","","1","0","0","0","0","0","0","0","0","7","0","","02","6","2006","7","40.430556","-80.000386","","11","0","0","0","0","0","0","0","0","","0","0","0","","","1","","2","","40 25:50.000","","0","80 00:01.388","4","0","0","0","2301","0","0","0","N","0","0","0","2","02301","1","","5.0","","1","N","N","","0","","0","0","0","","3","","","1","1","0","0","0","0","0","2","0","1","","","","N","","","","","","","","","",""
"2006065277","","1","0","0","0","0","0","0","0","0","7","0","","02","6","2006","5","40.401244","-80.017964","","11","0","0","0","0","0","1","0","0","1","0","0","0","","","1","","0","","40 24:04.478","4","0","80 01:04.670","4","0","0","0","2301","0","0","0","N","0","0","0","1","02301","1","","5.0","","1","N","N","","0","","0","0","0","","0","N","","1","1","0","0","0","0","0","2","0","1","","","","N","","","","","","","","","",""
"2006065278","","0","0","0","0","0","0","0","0","0","4","0","","02","6","2006","6","40.380556","-79.999685","","11","0","0","0","0","0","0","0","0","2","0","0","0","","","0","","2","","40 22:50.000","2","0","79 59:58.867","0","0","0","0","2301","0","0","0","N","0","0","0","2","02301","0","","1.0","","1","N","N","","1","","0","0","0","","3","Y","","2","0","0","0","0","0","0","2","1","2","","","","N","","","","","","","","","",""
"2006065279","","0","0","0","0","0","0","0","0","0","1","0","","02","6","2006","6","","","","11","0","0","0","0","0","2","0","0","","0","0","0","","","0","","0","","","","0","","0","0","0","0","2301","0","0","0","N","0","0","0","2","02301","0","","1.0","","1","N","N","","2","","0","0","0","","0","","","2","0","0","0","0","0","0","1","0","2","","","","N","","","","","","","","","",""
"2006065280","","0","0","0","0","0","0","0","0","0","4","0","","02","6","2006","6","40.401944","-80.000708","","11","0","0","0","0","1","1","0","0","2","0","0","0","","","2","","1","","40 24:07.000","1","0","80 00:02.549","8","0","0","0","2301","0","0","0","Y","0","0","0","3","02301","0","","1.0","","1","N","N","","2","","0","0","0","","2","Y","","3","2","0","0","0","2","0","2","1","3","","","","N","","","","","","","","","",""
"2006065281","","2","0","0","0","0","0","0","0","0","1","0","","02","6","2006","5","40.404336","-79.975872","","11","0","0","0","0","0","0","0","0","","0","0","0","","","4","","2","","40 24:15.609","","0","79 58:33.139","4","0","0","0","2301","0","0","0","N","0","0","0","4","02301","3","","1.0","","1","N","N","","0","","0","0","0","","2","","","2","4","0","0","0","1","0","2","0","2","","","","N","","","","","","","","","",""
"2006065282","","2","0","0","0","0","0","0","0","0","6","0","","02","6","2006","5","","","","11","0","0","1","0","0","0","0","0","","0","0","0","","","0","","1","","","","0","","0","0","0","0","2301","0","0","0","N","0","0","0","2","02301","0","","1.0","","1","N","N","","0","","0","0","0","","3","","","2","0","0","0","0","0","0","1","0","2","","","","N","","","","","","","","","",""
"2006065285","","1","0","0","0","0","0","0","0","0","7","0","","02","6","2006","7","","","","11","0","0","0","0","0","0","0","0","","0","0","0","","","0","","3","","","","0","","0","0","0","0","2301","0","0","0","N","0","0","0","2","02301","0","","3.0","","1","N","N","","0","","0","0","0","","0","","","1","0","0","0","0","0","0","1","0","1","","","","N","","","","","","","","","",""
"2006065286","","1","0","0","0","0","0","0","0","0","1","0","","02","6","2006","7","","","","11","0","0","0","0","0","1","0","0","","0","0","0","","","0","","2","","","","0","","0","0","0","1","2301","0","0","0","N","0","0","0","3","02301","0","","1.0","","1","N","N","","0","","0","0","0","","2","","","2","0","0","0","0","0","0","1","0","2","","","","N","","","","","","","","","",""
"2006065480","","2","0","0","0","0","0","0","0","0","4","0","","02","6","2006","6","40.352778","-79.843896","","11","0","0","0","0","1","0","0","0","","0","0","0","","","1","","2","","40 21:10.000","","0","79 50:38.027","3","0","0","0","2304","0","0","0","N","0","0","0","6","02304","0","","1.0","","1","N","N","","0","","1","0","0","","0","","","2","1","0","0","0","0","0","2","0","2","","","","N","","","","","","","","","",""
"2006065481","","2","0","0","0","0","0","0","0","0","6","0","","02","6","2006","3","","","","11","0","0","0","0","0","0","0","1","","0","0","0","","","0","","0","","","","0","","0","0","0","0","2304","0","0","0","","0","0","0","3","02304","0","","1.0","","1","N","N","","0","","0","0","0","","0","","","2","0","0","0","0","0","0","1","0","2","","","","N","","","","","","","","","",""
"2006065482","","2","0","0","0","0","0","0","0","0","4","0","","02","6","2006","6","40.352778","-79.843896","","11","0","0","0","0","0","0","1","0","","0","0","0","","","1","","2","","40 21:10.000","","0","79 50:38.027","4","0","0","0","2304","0","0","0","N","0","0","0","7","02304","1","","1.0","","1","N","N","","0","","0","0","0","","0","","","2","1","0","0","0","0","0","2","0","2","","","","N","","","","","","","","","",""
"2006065483","","1","0","0","0","0","0","0","0","0","7","0","","02","6","2006","5","40.347654","-79.859489","","11","0","0","0","0","0","0","0","0","1","0","0","0","","","0","","0","","40 20:51.554","1","0","79 51:34.160","0","0","0","0","2304","0","0","0","N","0","0","0","1","02304","0","","5.0","","1","N","N","","0","","0","0","0","","0","N","","1","0","0","0","0","0","0","2","0","1","","","","N","","","","","","","","","",""
"2006065484","","0","0","0","1","0","0","0","0","0","8","0","","02","6","2006","3","40.34737","-79.848684","","11","0","0","0","0","0","0","0","0","","0","0","0","","","1","","1","","40 20:50.532","","0","79 50:55.262","4","0","0","0","2304","1","0","0","N","0","0","0","2","02304","1","","1.0","","1","N","N","","0","","0","0","0","","0","","","2","1","0","0","0","0","0","2","1","1","","","","N","","","","","","","","","",""
"2006065485","","2","0","0","0","0","0","0","0","0","1","0","","02","6","2006","5","","","","11","0","0","0","0","0","0","0","0","2","0","0","0","","","3","","1","","","4","3","","8","0","0","0","2302","0","0","0","N","0","0","0","5","02302","0","","1.0","","1","N","N","","1","","0","0","0","","2","N","","3","3","3","0","0","3","0","1","0","3","","","","N","","","","","","","","","",""
"2006065551","","2","0","0","0","0","0","0","0","0","1","0","","02","6","2006","5","","","","11","0","0","0","0","0","0","0","0","2","0","0","0","","","1","","0","","","6","0","","4","0","0","0","2424","0","0","0","N","0","0","0","1","02424","1","","1.0","","1","N","N","","0","","0","0","0","","0","Y","","2","1","1","0","0","0","0","1","0","2","","","","N","","","","","","","","","",""
"2006065656","","3","0","0","0","0","0","0","0","0","5","0","","02","6","2006","5","40.398316","-80.187065","","11","0","0","0","0","0","1","0","0","1","0","0","0","","","0","","3","","40 23:53.938","1","0","80 11:13.433","0","0","0","0","2450","0","0","0","N","0","0","0","3","02450","0","","1.0","","1","N","N","","0","","0","0","0","","0","Y","","3","0","1","0","0","0","0","2","0","3","","","","N","","","","","","","","","",""
"2006065719","","2","0","0","0","0","0","0","0","0","2","0","","02","6","2006","1","40.438056","-79.760081","","11","0","0","0","0","1","0","0","0","","0","0","0","","","0","","0","","40 26:17.000","","0","79 45:36.291","0","0","0","0","2446","0","0","0","N","0","0","0","3","02446","0","","1.0","","1","N","N","","0","","0","0","0","","0","","","2","0","3","0","0","0","0","2","0","2","","","","N","","","","","","","","","",""
"2006065728","","0","0","0","0","0","0","0","0","0","4","0","","02","6","2006","5","40.463471","-79.930682","","11","0","0","0","0","0","2","0","0","6","0","0","0","","","1","","1","","40 27:48.495","2","0","79 55:50.455","3","0","0","0","2301","0","0","0","N","0","0","0","3","02301","0","","1.0","","1","N","N","","0","","1","0","1","","2","N","","2","1","0","0","0","0","0","2","1","2","","","","N","","","","","","","","","",""
"2006065729","","3","0","0","0","0","0","0","0","0","1","0","","02","6","2006","3","40.456944","-79.898815","","11","0","0","0","0","0","1","0","0","1","0","0","0","","","1","","1","","40 27:25.000","6","0","79 53:55.733","4","0","0","0","2301","0","0","0","N","0","0","0","3","02301","1","","1.0","","9","N","N","","0","","0","0","0","","2","Y","","3","1","2","0","0","0","0","2","0","3","","","","N","","","","","","","","","",""
"2006065730","","1","0","0","0","0","0","0","0","0","7","0","","02","6","2006","7","","","","11","0","0","0","0","0","1","0","0","3","0","0","0","","","0","","0","","","3","0","","0","0","0","0","2301","0","0","0","N","0","0","0","2","02301","0","","2.0","","1","N","N","","0","","0","0","0","","0","N","","1","0","2","0","0","0","0","1","0","1","","","","N","","","","","","","","","",""
"2006065734","","1","0","0","0","0","0","0","0","0","4","0","","02","6","2006","1","40.5675","-80.006841","","11","0","0","0","0","0","0","0","0","","0","0","0","","","1","","1","","40 34:03.000","","0","80 00:24.627","4","0","0","0","2108","0","0","0","N","0","0","0","6","02108","1","","1.0","","9","N","N","","0","","0","0","1","","2","","","2","1","0","0","0","0","0","2","0","2","","","","N","","","","","","","","","",""
"2006065735","","1","0","1","0","0","0","0","0","0","7","0","","02","6","2006","2","40.586111","-80.022781","","11","0","0","0","0","0","1","0","0","","0","0","0","","","1","","0","","40 35:10.000","","0","80 01:22.013","2","0","0","0","2108","0","0","0","N","0","0","0","1","02108","0","","2.0","","9","N","N","","0","","0","1","0","","0","","","1","1","0","0","0","0","0","2","0","1","","","","N","","","","","","","","","",""
"2006065756","","1","0","0","0","0","0","0","0","0","7","0","","02","4","2006","5","40.669167","-79.830392","","11","0","0","0","0","0","0","0","0","3","0","0","0","","","2","","0","","40 40:09.000","1","0","79 49:49.412","3","0","0","0","2220","0","0","0","N","0","0","0","2","02220","0","","5.0","","1","N","N","","0","","2","0","0","","0","Y","","1","2","2","0","0","0","0","1","0","1","","","","N","","","","","","","","","",""
"2006065757","","2","0","0","0","0","0","0","0","0","4","0","","02","5","2006","2","40.600833","-79.870612","","11","0","0","0","0","0","2","0","0","","0","0","0","","","0","","1","","40 36:03.000","","0","79 52:14.204","0","0","0","0","2220","0","0","0","N","0","0","0","2","02220","0","","1.0","","9","N","N","","0","","0","0","0","","3","","","2","0","0","0","0","0","0","2","0","2","","","","N","","","","","","","","","",""
"2006065801","","1","0","0","0","0","0","0","0","0","4","0","","02","6","2006","6","40.486405","-79.927272","","11","0","0","0","0","0","0","0","0","","0","0","0","","","1","","1","","40 29:11.058","","0","79 55:38.179","8","0","0","0","2301","0","0","0","N","0","0","0","4","02301","0","","1.0","","1","N","N","","0","","0","0","1","","2","","","2","1","0","0","0","1","2","2","0","2","","","","N","","","","","","","","","",""
"2006065804","","0","0","0","0","0","0","0","0","0","4","0","","02","6","2006","6","40.385771","-80.050122","","11","0","0","0","0","0","0","1","0","2","0","0","0","","","0","","1","","40 23:08.775","6","0","80 03:00.439","0","0","0","0","2109","0","0","0","N","0","0","0","2","02109","0","","1.0","","1","N","N","","0","","0","0","1","","3","Y","","2","0","0","0","0","0","0","2","1","2","","","","N","","","","","","","","","",""
"2006065805","","0","0","0","0","0","0","0","0","0","1","0","","02","6","2006","2","40.3999","-80.044","","11","0","0","0","0","0","3","0","0","","0","0","0","","","3","","0","","40 23:59.640","","0","80 02:38.400","8","0","0","0","2109","0","0","0","N","0","0","0","4","02109","0","","1.0","","1","N","N","","1","","0","0","3","","0","","","4","3","0","0","0","3","0","2","0","4","","","","N","","","","","","","","","",""
"2006065866","","1","0","0","0","0","0","0","0","0","7","0","","02","6","2006","7","40.402761","-79.773692","","11","0","0","0","0","0","0","0","0","","0","0","0","","","0","","0","","40 24:09.939","","0","79 46:25.291","0","0","0","0","2453","0","0","0","N","0","0","0","1","02453","0","","4.0","","1","N","N","","0","","0","0","0","","0","","","1","0","0","0","0","0","0","2","0","1","","","","N","","","","","","","","","",""
"2006065925","","2","0","0","0","0","0","0","0","0","4","0","","02","6","2006","6","40.5675","-80.006841","","11","0","0","0","0","0","1","0","1","2","0","0","0","","","1","","1","","40 34:03.000","1","0","80 00:24.627","8","0","0","0","2108","0","0","0","N","0","0","0","3","02108","0","","1.0","","1","N","N","","0","","0","0","0","","2","N","","2","1","1","0","0","1","0","2","0","2","","","","N","","","","","","","","","",""
"2006065926","","2","0","0","0","0","0","0","0","0","4","0","","02","6","2006","1","40.574742","-80.038421","","11","0","0","0","0","1","0","0","0","","0","0","0","","","1","","2","","40 34:29.071","","0","80 02:18.315","4","0","0","0","2108","0","0","0","N","0","0","0","4","02108","1","","1.0","","1","N","N","","0","","0","0","0","","3","","","2","1","0","0","0","0","0","2","0","2","","","","N","","","","","","","","","",""
"2006065928","","1","0","0","0","0","0","0","0","0","1","0","","02","6","2006","5","40.606111","-80.051349","","11","0","0","0","0","0","1","0","0","","0","0","0","","","1","","2","","40 36:22.000","","7","80 03:04.858","8","0","0","0","2108","0","0","0","N","0","0","0","2","02108","0","","1.0","","1","N","N","","0","","0","0","1","","0","","","2","1","1","0","0","1","0","2","0","2","","","","N","","","","","","","","","",""
"2006065929","","1","0","0","0","0","0","0","0","0","7","0","","02","6","2006","3","","","","11","0","0","0","1","0","0","0","0","2","0","0","0","","","0","","0","","","2","0","","0","0","0","0","2108","0","0","0","N","0","0","0","1","02108","0","","5.0","","9","N","N","","0","","0","0","0","","8","N","","1","0","0","0","0","0","0","1","0","1","","","","N","","","","","","","","","",""
"2006065930","","2","0","0","0","0","0","0","0","0","4","0","","02","5","2006","3","40.559705","-80.023622","","11","0","0","0","0","0","0","0","2","2","0","0","0","","","1","","2","","40 33:34.938","2","0","80 01:25.039","3","0","0","0","2108","0","0","0","N","0","0","0","2","02108","0","","1.0","","1","N","N","","0","","1","0","0","","3","Y","","2","1","0","0","0","0","0","2","0","2","","","","N","","","","","","","","","",""
"2006065931","","0","0","0","0","0","0","0","0","0","4","0","","02","5","2006","4","40.61","-80.053332","","11","0","0","1","0","0","1","0","0","1","0","0","0","","","1","","1","","40 36:36.000","2","0","80 03:11.996","4","0","0","0","2108","0","0","0","N","0","0","0","3","02108","1","","1.0","","1","N","N","","0","","0","0","1","","2","N","","2","1","0","0","0","0","0","2","1","2","","","","N","","","","","","","","","",""
"2006065936","","1","0","0","0","0","0","0","0","0","7","0","","02","5","2006","1","40.468611","-79.962141","","11","0","0","0","0","0","0","0","0","","0","0","0","","","0","","1","","40 28:07.000","","0","79 57:43.709","0","0","0","0","2301","0","0","0","N","0","0","0","1","02301","0","","5.0","","1","N","N","","0","","0","0","0","","2","","","1","0","1","0","0","0","0","2","0","1","","","","N","","","","","","","","","",""
"2006065941","","2","0","0","0","0","0","0","0","0","1","0","","02","6","2006","1","40.411567","-79.989858","","11","0","0","0","0","0","0","0","0","","0","0","0","","","0","","0","","40 24:41.641","","0","79 59:23.488","0","0","0","0","2447","0","0","0","N","0","0","0","3","02447","0","","6.0","","1","N","N","","0","","0","0","0","","0","","","2","0","0","0","0","0","0","2","0","2","","","","N","","","","","","","","","",""
"2006065969","","2","0","0","0","0","0","0","0","0","4","0","","02","6","2006","3","","","","11","0","0","0","0","0","1","0","0","2","0","0","0","","","0","","1","","","2","0","","0","0","0","0","2420","0","0","0","N","0","0","0","2","02420","0","","1.0","","1","N","N","","0","","0","0","0","","3","N","","2","0","0","0","0","0","0","1","0","2","","","","N","","","","","","","","","",""
"2006065974","","2","0","0","0","0","0","0","0","0","6","0","","02","6","2006","6","","","","11","0","0","0","0","0","1","0","0","","0","0","0","","","0","","0","","","","0","","0","0","0","0","2113","0","0","0","N","0","0","0","2","02113","0","","1.0","","1","N","N","","0","","0","0","0","","0","","","2","0","2","0","0","0","0","1","0","2","","","","N","","","","","","","","","",""
"2006065975","","1","0","0","0","0","0","0","0","0","4","0","","02","6","2006","6","40.4839","-79.8144","","11","0","0","0","0","0","1","0","0","","0","0","0","","","0","","2","","40 29:02.040","","0","79 48:51.840","0","0","0","0","2113","0","0","0","N","0","0","0","3","02113","0","","1.0","","1","N","N","","0","","0","0","0","","3","","","2","0","0","0","0","0","0","2","1","2","","","","N","","","","","","","","","",""
"2006065976","","1","0","0","0","0","0","0","0","0","0","0","","02","6","2006","4","40.4607","-79.8726","","11","0","0","0","0","0","1","0","0","","0","0","0","","","1","","0","","40 27:38.520","","0","79 52:21.360","4","0","0","0","2113","0","0","0","N","0","0","0","3","02113","1","","1.0","","1","N","N","","1","","0","0","0","","0","","","2","1","0","0","0","0","0","2","0","2","","","","N","","","","","","","","","",""