"CRN","ARRIVAL_TM","AUTOMOBILE_COUNT","BELTED_DEATH_COUNT","BELTED_SUSP_SERIOUS_INJ_COUNT","BICYCLE_COUNT","BICYCLE_DEATH_COUNT","BICYCLE_SUSP_SERIOUS_INJ_COUNT","BUS_COUNT","CHLDPAS_DEATH_COUNT","CHLDPAS_SUSP_SERIOUS_INJ_COUNT","COLLISION_TYPE","COMM_VEH_COUNT","CONS_ZONE_SPD_LIM","COUNTY","CRASH_MONTH","CRASH_YEAR","DAY_OF_WEEK","DEC_LATITUDE","DEC_LONGITUDE","DISPATCH_TM","DISTRICT","DRIVER_COUNT_16YR","DRIVER_COUNT_17YR","DRIVER_COUNT_18YR","DRIVER_COUNT_19YR","DRIVER_COUNT_20YR","DRIVER_COUNT_50_64YR","DRIVER_COUNT_65_74YR","DRIVER_COUNT_75PLUS","EST_HRS_CLOSED","FATAL_COUNT","HEAVY_TRUCK_COUNT","HORSE_BUGGY_COUNT","HOUR_OF_DAY","ILLUMINATION","INJURY_COUNT","INTERSECTION_RELATED","INTERSECT_TYPE","LANE_CLOSED","LATITUDE","LN_CLOSE_DIR","LOCATION_TYPE","LONGITUDE","MAX_SEVERITY_LEVEL","MCYCLE_DEATH_COUNT","MCYCLE_SUSP_SERIOUS_INJ_COUNT","MOTORCYCLE_COUNT","MUNICIPALITY","NONMOTR_COUNT","NONMOTR_DEATH_COUNT","NONMOTR_SUSP_SERIOUS_INJ_COUNT","NTFY_HIWY_MAINT","PED_COUNT","PED_DEATH_COUNT","PED_SUSP_SERIOUS_INJ_COUNT","PERSON_COUNT","POLICE_AGCY","POSSIBLE_INJ_COUNT","RDWY_SURF_TYPE_CD","RELATION_TO_ROAD","ROADWAY_CLEARED","ROAD_CONDITION","SCH_BUS_IND","SCH_ZONE_IND","SECONDARY_CRASH","SMALL_TRUCK_COUNT","SPEC_JURIS_CD","SUSP_MINOR_INJ_COUNT","SUSP_SERIOUS_INJ_COUNT","SUV_COUNT","TCD_FUNC_CD","TCD_TYPE","TFC_DETOUR_IND","TIME_OF_DAY","TOTAL_UNITS","TOT_INJ_COUNT","UNBELTED_OCC_COUNT","UNB_DEATH_COUNT","UNB_SUSP_SERIOUS_INJ_COUNT","UNK_INJ_DEG_COUNT","UNK_INJ_PER_COUNT","URBAN_RURAL","VAN_COUNT","VEHICLE_COUNT","WEATHER1","WEATHER2","WORKERS_PRES","WORK_ZONE_IND","WORK_ZONE_LOC","WORK_ZONE_TYPE","WZ_CLOSE_DETOUR","WZ_FLAGGER","WZ_LAW_OFFCR_IND","WZ_LN_CLOSURE","WZ_MOVING","WZ_OTHER","WZ_SHLDER_MDN","WZ_WORKERS_INJ_KILLED"
"2006065977","","2","0","0","0","0","0","0","0","0","4","0","","02","6","2006","6","","","","11","0","0","0","0","0","0","0","1","1","0","0","0","","","0","","0","","","3","0","","0","0","0","0","2113","0","0","0","N","0","0","0","3","02113","0","","1.0","","1","N","N","","0","","0","0","0","","0","N","","2","0","0","0","0","0","0","1","0","2","","","","N","","","","","","","","","",""
"2006065978","","1","0","0","0","0","0","0","0","0","1","0","","02","6","2006","2","40.463333","-79.844281","","11","0","0","0","0","0","1","0","0","","0","0","0","","","0","","2","","40 27:48.000","","0","79 50:39.413","0","0","0","0","2113","0","0","0","N","0","0","0","2","02113","0","","1.0","","1","N","N","","1","","0","0","0","","0","","","2","0","0","0","0","0","0","2","0","2","","","","N","","","","","","","","","",""
"2006065979","","2","0","0","0","0","0","0","0","0","1","0","","02","6","2006","7","40.481389","-79.87615","","11","0","0","0","0","0","2","0","0","","0","0","0","","","1","","2","","40 28:53.000","","0","79 52:34.139","8","0","0","0","2113","0","0","0","N","0","0","0","2","02113","0","","1.0","","1","N","N","","0","","0","0","0","","2","","","2","1","0","0","0","1","0","2","0","2","","","","N","","","","","","","","","",""
"2006065980","","1","0","0","0","0","0","0","0","0","99","0","","02","6","2006","3","40.466389","-79.846734","","11","0","0","0","0","0","0","0","0","","0","0","0","","","0","","2","","40 27:59.000","","0","79 50:48.242","0","0","0","0","2113","0","0","0","N","0","0","0","1","02113","0","","1.0","","1","N","N","","0","","0","0","0","","0","","","1","0","0","0","0","0","0","2","0","1","","","","N","","","","","","","","","",""
"2006065981","","3","0","0","0","0","0","0","0","0","7","0","","02","6","2006","6","40.460936","-79.860221","","11","0","0","0","0","0","0","0","1","","0","0","0","","","0","","0","","40 27:39.369","","0","79 51:36.795","0","0","0","0","2113","0","0","0","N","0","0","0","1","02113","0","","5.0","","1","N","N","","0","","0","0","0","","0","","","3","0","0","0","0","0","0","2","0","3","","","","N","","","","","","","","","",""
"2006065982","","2","0","0","0","0","0","0","0","0","2","0","","02","6","2006","2","40.46","-79.842653","","11","0","0","0","0","0","0","0","0","","0","0","0","","","0","","5","","40 27:36.000","","0","79 50:33.549","0","0","0","0","2113","0","0","0","N","0","0","0","2","02113","0","","1.0","","1","N","N","","0","","0","0","0","","2","","","2","0","0","0","0","0","0","2","0","2","","","","N","","","","","","","","","",""
"2006066021","","0","0","0","0","0","0","0","0","0","4","0","","02","6","2006","6","","","","11","0","0","0","0","0","0","0","0","","0","0","0","","","0","","0","","","","7","","0","0","0","0","2446","0","0","0","N","0","0","0","2","02446","0","","1.0","","1","N","N","","0","","0","0","2","","0","","","2","0","0","0","0","0","0","1","0","2","","","","N","","","","","","","","","",""
"2006066038","","0","0","0","0","0","0","0","0","0","8","0","","02","6","2006","6","","","","11","0","0","0","0","0","0","0","0","","0","0","0","","","1","","0","","","","0","","4","0","0","0","2301","1","0","0","N","1","0","0","2","02301","1","","6.0","","1","N","N","","0","","0","0","0","","0","","","2","1","0","0","0","0","0","1","1","1","","","","N","","","","","","","","","",""
"2006066040","","2","0","0","0","0","0","0","0","0","4","0","","02","6","2006","2","40.437222","-79.841968","","11","0","0","0","0","0","1","0","0","2","0","0","0","","","0","","2","","40 26:14.000","5","0","79 50:31.083","0","0","0","0","2419","0","0","0","N","0","0","0","2","02419","0","","1.0","","9","N","N","","0","","0","0","0","","0","Y","","2","0","0","0","0","0","0","2","0","2","","","","N","","","","","","","","","",""
"2006066045","","1","0","0","0","0","0","0","0","0","7","0","","02","6","2006","1","40.620614","-79.968268","","11","0","0","0","0","0","0","0","0","2","0","0","0","","","1","","0","","40 37:14.210","5","0","79 58:05.764","3","0","0","0","2217","0","0","0","N","0","0","0","1","02505","0","","4.0","","9","N","N","","0","","1","0","0","","0","N","","1","1","1","0","0","0","0","2","0","1","","","","N","","","","","","","","","",""
"2006066114","","2","0","0","0","0","0","0","0","0","1","0","","02","6","2006","5","40.378765","-80.110943","","11","0","0","0","0","0","1","0","1","1","0","0","0","","","1","","0","","40 22:43.554","4","7","80 06:39.394","8","0","0","0","2102","0","0","0","N","0","0","0","2","02102","0","","1.0","","1","N","Y","","0","","0","0","0","","0","N","","2","1","0","0","0","1","0","2","0","2","","","","N","","","","","","","","","",""
"2006066142","","1","0","0","0","0","0","0","0","0","1","0","","02","6","2006","5","40.303147","-80.030491","","11","0","0","0","0","0","0","0","0","","0","0","0","","","0","","2","","40 18:11.329","","0","80 01:49.768","0","0","0","0","2407","0","0","0","N","0","0","0","2","02407","0","","1.0","","1","N","N","","0","","0","0","0","","0","","","2","0","0","0","0","0","0","2","1","2","","","","N","","","","","","","","","",""
"2006066143","","1","0","0","0","0","0","0","0","0","1","0","","02","6","2006","5","40.393611","-80.036034","","11","0","1","0","0","0","0","0","0","","0","0","0","","","1","","0","","40 23:37.000","","0","80 02:09.722","4","0","0","0","2422","0","0","0","N","0","0","0","2","02422","1","","1.0","","9","N","N","","1","","0","0","0","","0","","","2","1","0","0","0","0","0","2","0","2","","","","N","","","","","","","","","",""
"2006066171","","0","0","0","0","0","0","0","0","0","0","0","","02","6","2006","1","","","","11","0","0","0","0","0","1","0","0","","0","0","0","","","1","","0","","","","0","","4","0","0","1","2301","0","0","0","N","0","0","0","1","02301","1","","1.0","","1","N","N","","0","","0","0","0","","2","","","1","1","0","0","0","0","0","1","0","1","","","","N","","","","","","","","","",""
"2006066172","","0","0","0","0","0","0","0","0","0","7","0","","02","6","2006","1","","","","11","0","0","0","0","0","0","0","0","","0","0","0","","","0","","0","","","","0","","9","0","0","0","2301","0","0","0","N","0","0","0","1","02301","0","","4.0","","1","N","N","","1","","0","0","0","","0","","","1","0","0","0","0","0","1","1","0","1","","","","N","","","","","","","","","",""
"2006066173","","1","0","0","0","0","0","0","0","0","6","0","","02","6","2006","5","40.425278","-79.964364","","11","0","0","0","0","0","0","0","0","","0","0","0","","","0","","2","","40 25:31.000","","0","79 57:51.710","0","0","0","0","2301","0","0","0","N","0","0","0","4","02301","0","","1.0","","1","N","N","","1","","0","0","0","","0","","","2","0","3","0","0","0","0","2","0","2","","","","N","","","","","","","","","",""
"2006066191","","0","0","0","0","0","0","0","0","0","7","0","","02","6","2006","3","","","","11","0","0","0","0","0","0","0","0","1","0","0","0","","","1","","0","","","1","0","","4","0","0","0","2304","0","0","0","N","0","0","0","1","02304","1","","2.0","","1","N","N","","0","","0","0","0","","0","N","","1","1","0","0","0","0","0","1","1","1","","","","N","","","","","","","","","",""
"2006066214","","0","0","0","0","0","0","0","0","0","8","0","","02","6","2006","7","","","","11","0","0","0","0","0","1","0","0","2","0","0","0","","","1","","0","","","4","0","","2","0","0","0","2301","1","0","1","N","1","0","1","4","02301","0","","1.0","","1","N","N","","0","","0","1","1","","0","Y","","2","1","1","0","0","0","0","1","0","1","","","","N","","","","","","","","","",""
"2006066216","","1","0","0","0","0","0","0","0","0","4","0","","02","5","2006","4","","","","11","0","0","0","0","0","0","0","1","1","0","0","0","","","2","","0","","","5","0","","4","0","0","0","2304","0","0","0","N","0","0","0","2","02304","2","","1.0","","1","N","N","","0","","0","0","1","","0","Y","","2","2","1","0","0","0","0","1","0","2","","","","N","","","","","","","","","",""
"2006066234","","1","0","0","0","0","0","0","0","0","4","0","","02","6","2006","6","40.603056","-80.049939","","11","0","0","0","0","0","1","0","0","","0","0","0","","","0","","0","","40 36:11.000","","0","80 02:59.781","0","0","0","0","2108","0","0","0","N","0","0","0","2","02108","0","","1.0","","9","N","N","","0","","0","0","0","","0","","","2","0","0","0","0","0","0","2","1","2","","","","N","","","","","","","","","",""
"2006066238","","0","0","0","0","0","0","0","0","0","4","0","","02","6","2006","7","40.415939","-79.986563","","11","0","0","0","0","0","1","0","0","","0","0","0","","","0","","1","","40 24:57.380","","0","79 59:11.626","0","0","0","1","2447","0","0","0","N","0","0","0","2","02447","0","","1.0","","1","N","N","","1","","0","0","0","","3","","","2","0","0","0","0","0","0","2","0","2","","","","N","","","","","","","","","",""
"2006066245","","0","0","0","0","0","0","0","0","0","7","0","","02","6","2006","1","","","","11","0","1","0","0","0","0","0","0","","0","0","0","","","3","","0","","","","0","","4","0","0","0","2219","0","0","0","N","0","0","0","3","02501","3","","4.0","","1","N","N","","1","","0","0","0","","0","","","1","3","2","0","0","0","0","1","0","1","","","","N","","","","","","","","","",""
"2006066246","","0","0","0","0","0","0","0","0","0","7","0","","02","6","2006","2","40.4361","-79.966","","11","0","0","0","0","0","0","0","0","3","0","0","0","","","1","","0","","40 26:09.960","4","0","79 57:57.600","4","0","0","0","2301","0","0","0","N","0","0","0","1","02301","1","","2.0","","9","N","N","","0","","0","0","1","","0","N","","1","1","0","0","0","0","0","2","0","1","","","","N","","","","","","","","","",""
"2006066247","","0","0","0","1","0","0","0","0","0","8","0","","02","6","2006","1","","","","11","0","0","0","0","0","0","0","0","","0","0","0","","","1","","0","","","","7","","8","0","0","0","2301","1","0","0","N","0","0","0","2","02301","0","","1.0","","1","N","N","","0","","0","0","1","","0","","","2","1","0","0","0","1","0","1","0","1","","","","N","","","","","","","","","",""
"2006066248","","1","0","0","0","0","0","0","0","0","2","0","","02","6","2006","2","40.465652","-80.007053","","11","0","0","0","0","0","0","0","0","","0","0","0","","","0","","1","","40 27:56.347","","0","80 00:25.390","0","0","0","0","2301","0","0","0","N","0","0","0","1","02301","0","","1.0","","1","N","N","","1","","0","0","0","","0","","","2","0","0","0","0","0","0","2","0","2","","","","N","","","","","","","","","",""
"2006066249","","1","0","0","1","0","0","0","0","0","8","0","","02","6","2006","2","40.456601","-80.01675","","11","0","0","0","0","0","0","0","0","1","0","0","0","","","1","","1","","40 27:23.763","2","0","80 01:00.300","8","0","0","0","2301","1","0","0","N","0","0","0","2","02301","0","","1.0","","1","N","N","","0","","0","0","0","","2","N","","2","1","0","0","0","1","0","2","0","1","","","","N","","","","","","","","","",""
"2006066250","","1","0","0","0","0","0","0","0","0","5","1","","02","6","2006","3","40.4495","-80.0006","","11","0","0","0","1","0","1","0","0","","0","1","0","","","0","","0","","40 26:58.200","","0","80 00:02.160","0","0","0","0","2301","0","0","0","N","0","0","0","2","02301","0","","7.0","","1","N","N","","0","","0","0","0","","0","","","2","0","0","0","0","0","0","2","0","2","","05","","N","","","","","","","","","",""
"2006066251","","1","0","0","0","0","0","0","0","0","1","0","","02","6","2006","1","40.425239","-79.965985","","11","0","0","0","0","0","1","0","0","","0","0","0","","","1","","0","","40 25:30.860","","0","79 57:57.546","4","0","0","0","2301","0","0","0","N","0","0","0","3","02301","1","","1.0","","1","N","N","","1","","0","0","0","","0","","","2","1","0","0","0","0","0","2","0","2","","","","N","","","","","","","","","",""
"2006066252","","1","0","0","0","0","0","0","0","0","1","0","","02","6","2006","1","40.400341","-79.989204","","11","0","0","0","0","0","0","0","0","","0","0","0","","","1","","0","","40 24:01.227","","0","79 59:21.134","8","0","0","0","2301","0","0","0","N","0","0","0","1","02301","0","","1.0","","1","N","N","","0","","0","0","0","","0","","","2","1","0","0","0","1","0","2","0","2","","","","N","","","","","","","","","",""
"2006066253","","1","0","0","0","0","0","0","0","0","1","0","","02","6","2006","4","40.416267","-79.990611","","11","0","0","0","0","0","0","0","0","","0","0","0","","","0","","0","","40 24:58.561","","0","79 59:26.199","9","0","0","0","2301","0","0","0","N","0","0","0","1","02301","0","","5.0","","1","N","N","","1","","0","0","0","","0","","","2","0","0","0","0","0","1","2","0","2","","","","N","","","","","","","","","",""
"2006066254","","0","0","0","0","0","0","0","0","0","7","0","","02","6","2006","3","40.456139","-80.022881","","11","0","0","0","0","0","0","0","0","1","0","0","0","","","0","","1","","40 27:22.100","7","0","80 01:22.371","9","0","0","0","2301","0","0","0","N","0","0","0","2","02301","0","","5.0","","1","N","N","","0","","0","0","1","","0","Y","","1","0","0","0","0","0","2","2","0","1","","","","N","","","","","","","","","",""
"2006066255","","1","0","0","0","0","0","0","0","0","1","0","","02","6","2006","3","40.453729","-79.993335","","11","0","0","0","0","0","1","0","0","","0","0","0","","","1","","2","","40 27:13.424","","0","79 59:36.006","8","0","0","0","2301","0","0","0","N","0","0","0","2","02301","0","","1.0","","1","N","N","","1","","0","0","0","","0","","","2","1","0","0","0","1","0","2","0","2","","","","N","","","","","","","","","",""
"2006066256","","1","0","0","0","0","0","0","0","0","4","0","","02","6","2006","4","","","","11","0","1","0","1","0","0","0","0","","0","0","0","","","0","","1","","","","0","","0","0","0","0","2301","0","0","0","N","0","0","0","3","02301","0","","1.0","","1","N","N","","0","","0","0","1","","3","","","2","0","0","0","0","0","0","1","0","2","","","","N","","","","","","","","","",""
"2006066257","","1","0","0","0","0","0","0","0","0","4","0","","02","6","2006","3","","","","11","0","1","0","0","0","0","0","0","","0","0","0","","","0","","1","","","","0","","0","0","0","0","2301","0","0","0","N","0","0","0","3","02301","0","","1.0","","1","N","N","","0","","0","0","1","","3","","","2","0","0","0","0","0","0","1","0","2","","","","N","","","","","","","","","",""
"2006066262","","2","0","0","0","0","0","1","0","0","4","1","","02","6","2006","2","40.4361","-79.9954","","11","0","0","0","0","0","0","0","0","3","0","0","0","","","1","","0","","40 26:09.960","3","0","79 59:43.440","3","0","0","0","2301","0","0","0","N","0","0","0","54","02301","0","","1.0","","9","N","N","","0","","1","0","0","","0","N","","3","1","0","0","0","0","0","2","0","3","","","","N","","","","","","","","","",""
"2006066263","","1","0","0","0","0","0","0","0","0","4","0","","02","6","2006","2","","","","11","0","0","0","0","0","1","0","0","","0","0","0","","","1","","1","","","","0","","4","0","0","0","2301","0","0","0","N","0","0","0","2","02301","1","","1.0","","1","N","N","","0","","0","0","1","","2","","","2","1","0","0","0","0","1","1","0","2","","","","N","","","","","","","","","",""
"2006066264","","2","0","0","0","0","0","0","0","0","1","0","","02","6","2006","3","40.387173","-79.995713","","11","0","0","0","1","0","1","0","0","","0","0","0","","","0","","0","","40 23:13.824","","0","79 59:44.567","0","0","0","0","2301","0","0","0","N","0","0","0","4","02301","0","","1.0","","1","N","N","","1","","0","0","0","","0","","","3","0","0","0","0","0","0","2","0","3","","","","N","","","","","","","","","",""
"2006066310","","1","0","0","0","0","0","0","0","0","7","0","","02","6","2006","5","40.519167","-79.853165","","11","0","0","0","0","0","0","0","0","","0","0","0","","","0","","0","","40 31:09.000","","0","79 51:11.394","0","0","0","0","2208","0","0","0","N","0","0","0","3","68D02","0","","2.0","","9","N","N","","0","","0","0","0","","0","","","2","0","0","0","0","0","0","2","1","2","","","","N","","","","","","","","","",""
"2006066343","","2","0","0","0","0","0","0","0","0","7","0","","02","5","2006","3","","","","11","0","0","0","0","0","1","0","0","","0","0","0","","","0","","0","","40 26:22.56","","0","80 00:36.00","0","0","0","0","2301","0","0","0","N","0","0","0","2","68B03","0","","4.0","","9","N","N","","0","","0","0","0","","0","","","2","0","0","0","0","0","0","2","0","2","","","","N","","","","","","","","","",""
"2006066350","","2","0","0","0","0","0","0","0","0","1","0","","02","6","2006","2","40.538056","-79.842941","","11","0","0","0","0","0","0","0","0","2","0","0","0","","","2","","0","","40 32:17.000","2","0","79 50:34.589","4","0","0","0","2208","0","0","0","N","0","0","0","3","68D02","2","","1.0","","1","N","N","","0","","0","0","1","","0","N","","3","2","0","0","0","0","0","2","0","3","","","","N","","","","","","","","","",""
"2006066373","","1","0","0","0","0","0","0","0","0","7","0","","02","5","2006","3","40.5993","-79.9292","","11","0","0","0","0","0","0","0","0","","0","0","0","","","0","","0","","40 35:57.480","","0","79 55:45.120","0","0","0","0","2207","0","0","0","N","0","0","0","2","68T02","0","","2.0","","1","N","N","","0","","0","0","0","","0","","","1","0","1","0","0","0","0","1","0","1","","","","N","","","","","","","","","",""
"2006066374","","1","0","0","0","0","0","0","0","0","99","0","","02","5","2006","1","40.5943","-79.9021","","11","0","0","0","0","0","0","0","0","","0","0","0","","","0","","0","","40 35:39.480","","0","79 54:07.560","0","0","0","0","2209","0","0","0","N","0","0","0","1","68T02","0","","1.0","","1","N","N","","0","","0","0","0","","0","","","1","0","0","0","0","0","0","1","0","1","","","","N","","","","","","","","","",""
"2006066375","","1","0","0","0","0","0","0","0","0","5","1","","02","5","2006","5","40.6735","-80.1013","","11","0","0","0","0","0","0","0","0","","0","1","0","","","0","","0","","40 40:24.600","","2","80 06:04.680","0","0","0","0","2212","0","0","0","N","0","0","0","4","68T02","0","","1.0","","1","N","N","","0","","0","0","0","","0","","","2","0","2","0","0","0","0","2","0","2","","","","N","","","","","","","","","",""
"2006066430","","2","0","0","0","0","0","0","0","0","4","0","","02","6","2006","5","40.463611","-79.705449","","11","1","0","0","0","0","0","0","0","1","0","0","0","","","1","","1","","40 27:49.000","3","0","79 42:19.615","8","0","0","0","2466","0","0","0","N","0","0","0","3","02466","0","","1.0","","1","N","N","","0","","0","0","0","","2","N","","2","1","0","0","0","1","0","2","0","2","","","","N","","","","","","","","","",""
"2006066450","","1","0","0","0","0","0","0","0","0","8","0","","02","4","2006","7","40.514722","-80.133978","","11","0","0","0","0","0","0","0","0","3","0","0","0","","","3","","0","","40 30:53.000","1","3","80 08:02.321","2","0","0","0","2110","1","0","1","N","1","0","1","3","68B03","1","","1.0","","9","N","N","","0","","0","2","1","","0","N","","3","3","1","0","1","0","0","2","0","2","","","","N","","","","","","","","","",""
"2006066451","","1","0","0","0","0","0","0","0","0","1","0","","02","3","2006","6","","","","11","0","0","0","0","0","0","1","0","","0","0","0","","","0","","0","","40 25:32.52","","0","79 54:15.48","0","0","0","0","2301","0","0","0","N","0","0","0","5","68B03","0","","1.0","","1","N","N","","0","","0","0","1","","0","","","2","0","0","0","0","0","0","2","0","2","","","","N","","","","","","","","","",""
"2006066452","","1","0","0","0","0","0","0","0","0","1","0","","02","3","2006","7","","","","11","0","1","0","0","1","0","0","0","","0","0","0","","","0","","6","","40 25:41.16","","2","79 53:23.28","0","0","0","0","2426","0","0","0","N","0","0","0","2","68B03","0","","1.0","","1","N","N","","0","","0","0","1","","4","","","2","0","0","0","0","0","0","2","0","2","","","","N","","","","","","","","","",""
"2006066453","","2","0","0","0","0","0","0","0","0","1","0","","02","3","2006","4","","","","11","0","0","0","0","0","0","0","0","","0","0","0","","","0","","0","","40 25:14.88","","0","80 02:51.00","9","0","0","0","2435","0","0","0","N","0","0","0","2","68B03","0","","1.0","","1","N","N","","0","","0","0","0","","0","","","2","0","0","0","0","0","1","2","0","2","","","","N","","","","","","","","","",""
"2006066454","","0","0","0","0","0","0","0","0","0","4","0","","02","3","2006","3","","","","11","0","0","0","0","0","0","0","1","2","0","0","0","","","1","","0","","40 26:40.56","1","3","80 00:33.12","4","0","0","0","2301","0","0","0","N","0","0","0","2","68B03","1","","1.0","","1","N","N","","1","","0","0","1","","0","N","","2","1","0","0","0","0","0","2","0","2","","","","N","","","","","","","","","",""
"2006066455","","2","0","0","0","0","0","0","0","0","1","1","","02","4","2006","2","","","","11","0","0","0","0","0","1","0","0","","0","1","0","","","0","","0","","40 25:53.40","","0","79 57:31.68","0","0","0","0","2301","0","0","0","N","0","0","0","4","68B03","0","","1.0","","1","N","N","","0","","0","0","0","","0","","","4","0","0","0","0","0","0","2","1","4","","","","N","","","","","","","","","",""
"2006066456","","3","0","0","0","0","0","0","0","0","1","0","","02","3","2006","3","","","","11","0","0","0","0","0","1","0","0","","0","0","0","","","0","","0","","40 24:39.96","","0","80 04:11.28","0","0","0","0","2435","0","0","0","N","0","0","0","4","68B03","0","","1.0","","1","N","N","","0","","0","0","1","","0","","","4","0","0","0","0","0","0","2","0","4","","","","N","","","","","","","","","",""
"2006066457","","1","0","0","0","0","0","0","0","0","1","0","","02","3","2006","3","","","","11","0","0","0","0","0","0","0","0","","0","0","0","","","0","","0","","40 24:39.96","","0","80 04:11.28","0","0","0","0","2435","0","0","0","N","0","0","0","2","68B03","0","","1.0","","1","N","N","","0","","0","0","1","","0","","","2","0","0","0","0","0","0","2","0","2","","","","N","","","","","","","","","",""
"2006066459","","1","0","0","0","0","0","0","0","0","7","0","","02","6","2006","2","","","","11","0","0","0","0","0","0","0","0","","0","0","0","","","0","","0","","40 25:33.96","","4","79 54:48.96","0","0","0","0","2301","0","0","0","N","0","0","0","1","68B03","0","","4.0","","1","N","N","","0","","0","0","0","","0","","","1","0","0","0","0","0","0","2","0","1","","","","N","","","","","","","","","",""
"2006066460","","0","0","0","0","0","0","0","0","0","7","0","","02","6","2006","3","40.4932","-80.0113","","11","0","0","0","1","0","0","0","0","","0","0","0","","","1","","0","","40 29:35.520","","2","80 00:40.680","3","0","0","0","2301","0","0","0","N","0","0","0","1","68B03","0","","4.0","","9","N","N","","0","","1","0","1","","0","","","1","1","0","0","0","0","0","2","0","1","","","","N","","","","","","","","","",""
"2006066461","","0","0","0","0","0","0","0","0","0","7","0","","02","4","2006","2","","","","11","0","0","0","0","0","0","0","0","","0","0","0","","","0","","0","","40 25:44.76","","0","79 53:17.16","0","0","0","0","2426","0","0","0","N","0","0","0","1","68B03","0","","4.0","","1","N","N","","0","","0","0","1","","0","","","1","0","0","0","0","0","0","2","0","1","","","","N","","","","","","","","","",""
"2006066462","","0","0","0","0","0","0","0","0","0","7","0","","02","4","2006","6","","","","11","0","0","0","0","0","1","0","0","3","0","0","0","","","1","","0","","40 26:13.56","3","0","80 00:10.80","3","0","0","0","2301","0","0","0","Y","0","0","0","3","68B03","0","","4.0","","1","N","N","","2","","1","0","0","","0","N","","2","1","0","0","0","0","0","2","0","2","","","","N","","","","","","","","","",""
"2006066463","","1","0","0","0","0","0","0","0","0","1","0","","02","5","2006","2","40.4466","-80.1698","","11","0","0","0","0","0","1","0","0","","0","0","0","","","1","","6","","40 26:47.760","","2","80 10:11.280","4","0","0","0","2115","0","0","0","N","0","0","0","4","68B03","1","","1.0","","1","N","N","","0","","0","0","1","","3","","","2","1","0","0","0","0","0","2","0","2","","","","N","","","","","","","","","",""
"2006066464","","3","0","0","0","0","0","0","0","0","1","0","","02","5","2006","4","","","","11","0","0","0","0","0","1","0","0","","0","0","0","","","0","","0","","40 25:06.60","","0","80 05:19.32","0","0","0","0","2415","0","0","0","N","0","0","0","4","68B03","0","","1.0","","1","N","N","","0","","0","0","0","","0","","","3","0","0","0","0","0","0","2","0","3","","","","N","","","","","","","","","",""
"2006066465","","2","0","0","0","0","0","0","0","0","1","0","","02","6","2006","4","","","","11","0","0","0","0","0","0","0","0","","0","0","0","","","0","","0","","40 24:59.40","","0","80 03:29.88","0","0","0","0","2435","0","0","0","N","0","0","0","9","68B03","0","","1.0","","1","N","N","","0","","0","0","2","","0","","","4","0","0","0","0","0","0","2","0","4","","","","N","","","","","","","","","",""
"2006066466","","1","0","0","0","0","0","0","0","0","7","0","","02","6","2006","7","","","","11","0","0","0","0","0","0","0","0","1","0","0","0","","","0","","0","","40 24:37.80","1","0","80 04:18.48","0","0","0","0","2435","0","0","0","N","0","0","0","1","68B03","0","","4.0","","9","N","N","","0","","0","0","0","","0","N","","1","0","0","0","0","0","0","2","0","1","","","","N","","","","","","","","","",""
"2006066550","","1","0","0","0","0","0","0","0","0","5","1","","02","5","2006","2","40.433","-79.7469","","11","0","0","0","0","0","1","0","0","","0","1","0","","","0","","0","","40 25:58.800","","0","79 44:48.840","0","0","0","0","2436","0","0","0","N","0","0","0","2","68T09","0","","1.0","","1","N","N","","0","","0","0","0","","0","","","2","0","0","0","0","0","0","2","0","2","","","","N","","","","","","","","","",""
"2006066552","","0","0","0","0","0","0","0","0","0","0","1","","02","5","2006","2","40.5942","-79.9078","","11","0","0","0","0","0","0","0","0","2","0","1","0","","","0","","0","","40 35:39.120","3","0","79 54:28.080","0","0","0","0","2209","0","0","0","N","0","0","0","1","68T02","0","","1.0","","1","N","N","","0","","0","0","0","","0","N","","1","0","0","0","0","0","0","1","0","1","","","","N","","","","","","","","","",""
"2006066560","","1","0","0","0","0","0","0","0","0","1","1","","02","6","2006","3","","","","11","0","0","0","0","0","0","0","0","1","0","1","0","","","1","","0","","40 26:17.88","2","3","80 00:44.64","4","0","0","0","2301","0","0","0","N","0","0","0","2","68B03","1","","1.0","","1","N","N","","0","","0","0","0","","0","N","","2","1","0","0","0","0","0","2","0","2","","","","N","","","","","","","","","",""
"2006066562","","1","0","0","0","0","0","0","0","0","99","0","","02","5","2006","3","","","","11","0","0","0","0","0","1","0","0","","0","0","0","","","0","","0","","40 29:05.28","","0","80 15:53.64","0","0","0","0","2203","0","0","0","N","0","0","0","1","68B03","0","","1.0","","1","N","N","","0","","0","0","0","","0","","","1","0","0","0","0","0","0","2","0","1","","","","N","","","","","","","","","",""
"2006066623","","1","0","0","0","0","0","0","0","0","7","0","","02","5","2006","2","40.6529","-80.0619","","11","0","0","0","0","0","0","0","0","","0","0","0","","","1","","0","","40 39:10.440","","0","80 03:42.840","4","0","0","0","2211","0","0","0","N","0","0","0","1","68T02","1","","3.0","","9","N","N","","0","","0","0","0","","0","","","1","1","0","0","0","0","0","2","0","1","","","","N","","","","","","","","","",""