"CRN","ARRIVAL_TM","AUTOMOBILE_COUNT","BELTED_DEATH_COUNT","BELTED_SUSP_SERIOUS_INJ_COUNT","BICYCLE_COUNT","BICYCLE_DEATH_COUNT","BICYCLE_SUSP_SERIOUS_INJ_COUNT","BUS_COUNT","CHLDPAS_DEATH_COUNT","CHLDPAS_SUSP_SERIOUS_INJ_COUNT","COLLISION_TYPE","COMM_VEH_COUNT","CONS_ZONE_SPD_LIM","COUNTY","CRASH_MONTH","CRASH_YEAR","DAY_OF_WEEK","DEC_LATITUDE","DEC_LONGITUDE","DISPATCH_TM","DISTRICT","DRIVER_COUNT_16YR","DRIVER_COUNT_17YR","DRIVER_COUNT_18YR","DRIVER_COUNT_19YR","DRIVER_COUNT_20YR","DRIVER_COUNT_50_64YR","DRIVER_COUNT_65_74YR","DRIVER_COUNT_75PLUS","EST_HRS_CLOSED","FATAL_COUNT","HEAVY_TRUCK_COUNT","HORSE_BUGGY_COUNT","HOUR_OF_DAY","ILLUMINATION","INJURY_COUNT","INTERSECTION_RELATED","INTERSECT_TYPE","LANE_CLOSED","LATITUDE","LN_CLOSE_DIR","LOCATION_TYPE","LONGITUDE","MAX_SEVERITY_LEVEL","MCYCLE_DEATH_COUNT","MCYCLE_SUSP_SERIOUS_INJ_COUNT","MOTORCYCLE_COUNT","MUNICIPALITY","NONMOTR_COUNT","NONMOTR_DEATH_COUNT","NONMOTR_SUSP_SERIOUS_INJ_COUNT","NTFY_HIWY_MAINT","PED_COUNT","PED_DEATH_COUNT","PED_SUSP_SERIOUS_INJ_COUNT","PERSON_COUNT","POLICE_AGCY","POSSIBLE_INJ_COUNT","RDWY_SURF_TYPE_CD","RELATION_TO_ROAD","ROADWAY_CLEARED","ROAD_CONDITION","SCH_BUS_IND","SCH_ZONE_IND","SECONDARY_CRASH","SMALL_TRUCK_COUNT","SPEC_JURIS_CD","SUSP_MINOR_INJ_COUNT","SUSP_SERIOUS_INJ_COUNT","SUV_COUNT","TCD_FUNC_CD","TCD_TYPE","TFC_DETOUR_IND","TIME_OF_DAY","TOTAL_UNITS","TOT_INJ_COUNT","UNBELTED_OCC_COUNT","UNB_DEATH_COUNT","UNB_SUSP_SERIOUS_INJ_COUNT","UNK_INJ_DEG_COUNT","UNK_INJ_PER_COUNT","URBAN_RURAL","VAN_COUNT","VEHICLE_COUNT","WEATHER1","WEATHER2","WORKERS_PRES","WORK_ZONE_IND","WORK_ZONE_LOC","WORK_ZONE_TYPE","WZ_CLOSE_DETOUR","WZ_FLAGGER","WZ_LAW_OFFCR_IND","WZ_LN_CLOSURE","WZ_MOVING","WZ_OTHER","WZ_SHLDER_MDN","WZ_WORKERS_INJ_KILLED"
"2006068434","","0","0","0","0","0","0","0","0","0","7","0","","02","6","2006","6","40.435396","-80.013068","","11","0","0","0","0","0","0","0","0","1","0","0","0","","","2","","0","","40 26:07.425","4","0","80 00:47.044","4","0","0","0","2301","0","0","0","N","0","0","0","2","02301","2","","2.0","","9","N","N","","0","","0","0","1","","0","Y","","1","2","0","0","0","0","0","2","0","1","","","","N","","","","","","","","","",""
"2006068436","","2","0","0","0","0","0","0","0","0","1","0","","02","6","2006","5","40.448933","-80.000739","","11","0","0","0","0","0","1","0","0","","0","0","0","","","0","","1","","40 26:56.157","","0","80 00:02.660","0","0","0","0","2301","0","0","0","N","0","0","0","3","02301","0","","1.0","","1","N","N","","0","","0","0","1","","0","","","3","0","0","0","0","0","0","2","0","3","","","","N","","","","","","","","","",""
"2006068437","","1","0","0","0","0","0","0","0","0","7","0","","02","6","2006","6","40.4649","-79.9797","","11","0","0","0","0","0","0","0","0","3","0","0","0","","","4","","0","","40 27:53.640","2","0","79 58:46.920","8","0","0","0","2301","0","0","0","N","0","0","0","5","02301","0","","1.0","","9","N","N","","0","","0","0","1","","0","Y","","2","4","1","0","0","4","1","2","0","2","","","","N","","","","","","","","","",""
"2006068438","","2","0","0","0","0","0","0","0","0","4","0","","02","6","2006","6","40.467027","-80.024868","","11","0","0","1","0","0","0","0","0","","0","0","0","","","0","","1","","40 28:01.298","","0","80 01:29.526","0","0","0","0","2301","0","0","0","N","0","0","0","2","02301","0","","1.0","","9","N","N","","0","","0","0","0","","2","","","2","0","0","0","0","0","0","2","0","2","","","","N","","","","","","","","","",""
"2006068439","","2","0","0","0","0","0","0","0","0","4","0","","02","6","2006","7","40.485305","-80.009501","","11","0","0","0","0","0","1","0","0","2","0","0","0","","","0","","1","","40 29:07.098","4","0","80 00:34.205","0","0","0","0","2301","0","0","0","N","0","0","0","2","02301","0","","1.0","","1","N","N","","0","","0","0","0","","0","N","","2","0","0","0","0","0","0","2","0","2","","","","N","","","","","","","","","",""
"2006068440","","1","0","0","0","0","0","0","0","0","4","0","","02","6","2006","7","40.495","-80.0119","","11","0","0","0","0","0","0","1","0","1","0","0","0","","","2","","1","","40 29:42.000","2","0","80 00:42.840","8","0","0","0","2301","0","0","0","N","0","0","0","7","02301","0","","1.0","","1","N","N","","0","","0","0","0","","3","N","","2","2","0","0","0","2","0","2","1","2","","","","N","","","","","","","","","",""
"2006068441","","2","0","0","0","0","0","0","0","0","4","0","","02","6","2006","1","40.454167","-79.996914","","11","0","0","0","0","0","0","0","1","1","0","0","0","","","1","","1","","40 27:15.000","3","0","79 59:48.892","8","0","0","0","2301","0","0","0","N","0","0","0","2","02301","0","","1.0","","1","N","N","","0","","0","0","0","","2","N","","2","1","0","0","0","1","0","2","0","2","","","","N","","","","","","","","","",""
"2006068442","","1","0","0","0","0","0","0","0","0","7","0","","02","6","2006","1","","","","11","0","0","0","0","1","0","0","0","","0","0","0","","","0","","0","","","","0","","0","0","0","0","2301","0","0","0","N","0","0","0","2","02301","0","","2.0","","1","N","N","","0","","0","0","0","","0","","","1","0","0","0","0","0","0","1","0","1","","","","N","","","","","","","","","",""
"2006068443","","1","0","0","0","0","0","0","0","0","7","0","","02","6","2006","3","","","","11","0","0","0","0","0","0","0","0","","0","0","0","","","0","","0","","40 26:06.36","","0","79 59:55.32","0","0","0","0","2301","0","0","0","N","0","0","0","1","02301","0","","3.0","","9","N","N","","0","","0","0","0","","0","","","1","0","0","0","0","0","0","2","0","1","","","","N","","","","","","","","","",""
"2006068444","","1","0","0","0","0","0","0","0","0","7","0","","02","6","2006","3","40.434313","-79.968506","","11","0","0","0","0","0","0","0","0","","0","0","0","","","0","","0","","40 26:03.526","","0","79 58:06.621","0","0","0","0","2301","0","0","0","N","0","0","0","1","02301","0","","5.0","","9","N","N","","0","","0","0","0","","0","","","1","0","0","0","0","0","0","2","0","1","","","","N","","","","","","","","","",""
"2006068445","","0","0","0","0","0","0","0","0","0","7","0","","02","6","2006","3","","","","11","0","0","0","0","0","0","0","0","","0","0","0","","","0","","1","","","","0","","0","0","0","0","2301","0","0","0","N","0","0","0","2","02301","0","","5.0","","9","N","N","","1","","0","0","0","","3","","","1","0","0","0","0","0","0","1","0","1","","","","N","","","","","","","","","",""
"2006068446","","2","0","0","0","0","0","0","0","0","4","0","","02","6","2006","4","","","","11","0","0","0","0","0","0","1","0","","0","0","0","","","0","","1","","","","0","","0","0","0","0","2301","0","0","0","N","0","0","0","2","02301","0","","1.0","","1","N","N","","0","","0","0","0","","2","","","2","0","0","0","0","0","0","1","0","2","","","","N","","","","","","","","","",""
"2006068447","","2","0","0","0","0","0","0","0","0","1","0","","02","6","2006","2","","","","11","0","0","0","0","0","0","0","0","2","0","0","0","","","1","","0","","","6","0","","8","0","0","0","2301","0","0","0","N","0","0","0","1","02301","0","","1.0","","1","N","N","","0","","0","0","0","","0","Y","","2","1","1","0","0","1","0","1","0","2","","","","N","","","","","","","","","",""
"2006068448","","2","0","0","0","0","0","0","0","0","2","0","","02","6","2006","2","40.440278","-80.080426","","11","0","0","0","0","0","0","0","0","","0","0","0","","","1","","5","","40 26:25.000","","0","80 04:49.533","4","0","0","0","2301","0","0","0","N","0","0","0","2","02301","1","","1.0","","1","N","N","","0","","0","0","0","","2","","","2","1","0","0","0","0","0","2","0","2","","","","N","","","","","","","","","",""
"2006068449","","2","0","0","0","0","0","0","0","0","4","0","","02","6","2006","6","","","","11","0","0","0","0","0","0","0","1","2","0","0","0","","","0","","1","","","1","0","","0","0","0","0","2301","0","0","0","N","0","0","0","5","02301","0","","1.0","","1","N","N","","1","","0","0","0","","3","Y","","3","0","0","0","0","0","0","1","0","3","","","","N","","","","","","","","","",""
"2006068462","","1","0","0","0","0","0","0","0","0","7","0","","02","6","2006","3","40.434308","-80.011305","","11","0","0","0","0","0","0","0","0","2","0","0","0","","","1","","0","","40 26:03.508","6","0","80 00:40.698","3","0","0","0","2301","0","0","0","N","0","0","0","1","02301","0","","5.0","","9","N","N","","0","","1","0","0","","0","Y","","1","1","1","0","0","0","0","2","0","1","","","","N","","","","","","","","","",""
"2006068463","","1","0","0","0","0","0","0","0","0","4","0","","02","6","2006","5","40.423224","-79.973948","","11","0","0","0","0","0","0","0","0","","0","0","0","","","0","","1","","40 25:23.606","","0","79 58:26.212","9","0","0","0","2301","0","0","0","N","0","0","0","2","02301","0","","2.0","","9","N","N","","0","","0","0","1","","3","","","2","0","0","0","0","0","2","2","0","2","","","","N","","","","","","","","","",""
"2006068464","","2","0","0","0","0","0","0","0","0","1","0","","02","6","2006","5","40.381667","-79.995887","","11","0","0","0","0","0","0","0","0","","0","0","0","","","0","","2","","40 22:54.000","","0","79 59:45.192","0","0","0","0","2301","0","0","0","N","0","0","0","2","02301","0","","1.0","","9","N","N","","0","","0","0","0","","2","","","2","0","0","0","0","0","0","2","0","2","","","","N","","","","","","","","","",""
"2006068465","","2","0","0","0","0","0","0","0","0","5","0","","02","6","2006","5","","","","11","0","0","0","0","1","0","0","0","","0","0","0","","","0","","0","","","","0","","0","0","0","0","2301","0","0","0","N","0","0","0","1","02301","0","","1.0","","1","N","N","","0","","0","0","0","","0","","","2","0","0","0","0","0","0","1","0","2","","","","N","","","","","","","","","",""
"2006068466","","1","0","0","0","0","0","0","0","0","0","0","","02","6","2006","6","","","","11","0","0","0","0","0","0","0","0","","0","0","0","","","0","","0","","","","0","","0","0","0","0","2301","0","0","0","N","0","0","0","1","02301","0","","1.0","","9","N","N","","0","","0","0","0","","0","","","1","0","0","0","0","0","0","1","0","1","","","","N","","","","","","","","","",""
"2006068467","","1","0","0","0","0","0","0","0","0","4","0","","02","6","2006","6","40.419211","-79.991839","","11","0","0","0","0","0","0","0","0","","0","0","0","","","0","","0","","40 25:09.161","","0","79 59:30.620","9","0","0","0","2301","0","0","0","N","0","0","0","1","02301","0","","5.0","","1","N","N","","0","","0","0","1","","0","","","2","0","0","0","0","0","1","2","0","2","","","","N","","","","","","","","","",""
"2006068468","","2","0","0","0","0","0","0","0","0","1","0","","02","6","2006","6","40.441133","-80.046603","","11","0","0","0","0","0","0","0","0","","0","0","0","","","1","","0","","40 26:28.078","","0","80 02:47.772","4","0","0","0","2301","0","0","0","N","0","0","0","2","02301","1","","1.0","","1","N","N","","0","","0","0","0","","0","","","2","1","0","0","0","0","0","2","0","2","","","","N","","","","","","","","","",""
"2006068469","","1","0","0","0","0","0","0","0","0","2","0","","02","6","2006","6","40.396195","-80.023707","","11","0","0","0","0","0","0","0","0","","0","0","0","","","0","","1","","40 23:46.302","","0","80 01:25.345","0","0","0","0","2301","0","0","0","N","0","0","0","2","02301","0","","1.0","","9","N","N","","1","","0","0","0","","2","","","2","0","1","0","0","0","0","2","0","2","","","","N","","","","","","","","","",""
"2006068470","","1","0","0","0","0","0","0","0","0","6","0","","02","6","2006","7","40.398726","-79.991534","","11","0","0","0","0","0","0","0","0","","0","0","0","","","2","","2","","40 23:55.413","","0","79 59:29.522","4","0","0","0","2301","0","0","0","N","0","0","0","3","02301","1","","5.0","","1","N","N","","0","","0","0","1","","3","","","2","2","3","0","0","1","0","2","0","2","","","","N","","","","","","","","","",""
"2006068471","","2","0","0","0","0","0","0","0","0","6","0","","02","6","2006","1","40.429167","-79.999132","","11","0","0","0","0","0","2","0","0","1","0","0","0","","","1","","1","","40 25:45.000","1","0","79 59:56.876","3","0","0","0","2301","0","0","0","N","0","0","0","6","02301","0","","1.0","","1","N","N","","0","","1","0","0","","2","N","","2","1","0","0","0","0","0","2","0","2","","","","N","","","","","","","","","",""
"2006068472","","1","0","0","0","0","0","0","0","0","2","0","","02","6","2006","2","40.427778","-79.969494","","11","0","0","0","0","0","1","0","0","","0","0","0","","","1","","1","","40 25:40.000","","0","79 58:10.177","4","0","0","0","2301","0","0","0","","0","0","0","3","02301","1","","1.0","","1","N","N","","0","","0","0","1","","0","","","2","1","0","0","0","0","0","2","0","2","","","","N","","","","","","","","","",""
"2006068473","","1","0","0","0","0","0","0","0","0","7","0","","02","6","2006","2","","","","11","0","0","0","0","0","0","0","0","","0","0","0","","","0","","0","","","","0","","0","0","0","0","2301","0","0","0","N","0","0","0","1","02301","0","","5.0","","9","N","N","","0","","0","0","0","","3","","","1","0","0","0","0","0","0","1","0","1","","","","N","","","","","","","","","",""
"2006068474","","2","0","0","0","0","0","0","0","0","1","0","","02","6","2006","3","40.397064","-79.998809","","11","0","0","0","0","0","0","0","0","","0","0","0","","","0","","0","","40 23:49.431","","0","79 59:55.711","0","0","0","0","2301","0","0","0","N","0","0","0","2","02301","0","","1.0","","1","N","N","","0","","0","0","0","","0","","","2","0","0","0","0","0","0","2","0","2","","","","N","","","","","","","","","",""
"2006068513","","2","0","0","0","0","0","0","0","0","4","0","","02","6","2006","7","40.438056","-79.774199","","11","0","0","0","0","1","0","0","0","","0","0","0","","","3","","1","","40 26:17.000","","0","79 46:27.116","4","0","0","0","2446","0","0","0","N","0","0","0","4","02446","1","","1.0","","1","N","N","","0","","0","0","0","","2","","","2","3","0","0","0","2","0","2","0","2","","","","N","","","","","","","","","",""
"2006068605","","2","0","0","0","0","0","0","0","0","1","0","","02","6","2006","2","40.438333","-79.746675","","11","0","0","0","0","1","0","0","0","","0","0","0","","","2","","0","","40 26:18.000","","7","79 44:48.031","8","0","0","0","2446","0","0","0","N","0","0","0","4","02446","0","","1.0","","1","N","N","","0","","0","0","0","","2","","","2","2","0","0","0","2","0","2","0","2","","","","N","","","","","","","","","",""
"2006068634","","2","0","0","0","0","0","0","0","0","2","0","","02","6","2006","3","40.47152","-79.926282","","11","0","0","0","1","0","0","0","0","2","0","0","0","","","0","","1","","40 28:17.472","2","0","79 55:34.615","0","0","0","0","2301","0","0","0","N","0","0","0","5","02301","0","","1.0","","1","N","N","","0","","0","0","0","","2","N","","2","0","0","0","0","0","0","2","0","2","","","","N","","","","","","","","","",""
"2006068635","","1","0","0","0","0","0","0","0","0","8","0","","02","6","2006","1","","","","11","0","0","0","0","0","1","0","0","2","0","0","0","","","1","","0","","","6","0","","2","0","0","0","2301","1","0","1","N","1","0","1","3","02301","0","","5.0","","9","N","N","","0","","0","1","0","","0","N","","2","1","0","0","0","0","0","1","0","1","","","","N","","","","","","","","","",""
"2006068636","","2","0","0","0","0","0","0","0","0","4","0","","02","6","2006","5","","","","11","0","0","0","0","0","0","0","0","","0","0","0","","","0","","0","","","","0","","9","0","0","0","2301","0","0","0","N","0","0","0","1","02301","0","","6.0","","9","N","N","","0","","0","0","0","","0","","","2","0","1","0","0","0","1","1","0","2","","","","N","","","","","","","","","",""
"2006068637","","2","0","0","0","0","0","0","0","0","1","0","","02","6","2006","5","40.469793","-79.930468","","11","0","0","0","0","0","0","0","0","","0","0","0","","","0","","0","","40 28:11.254","","0","79 55:49.684","9","0","0","0","2301","0","0","0","N","0","0","0","1","02301","0","","6.0","","9","N","N","","0","","0","0","1","","0","","","3","0","1","0","0","0","1","2","0","3","","","","N","","","","","","","","","",""
"2006068639","","2","0","0","0","0","0","0","0","0","4","0","","02","6","2006","5","40.469868","-79.930681","","11","0","0","0","0","0","0","0","0","","0","0","0","","","0","","0","","40 28:11.524","","0","79 55:50.451","9","0","0","0","2301","0","0","0","N","0","0","0","1","02301","0","","6.0","","9","N","N","","0","","0","0","0","","0","","","4","0","1","0","0","0","1","2","1","4","","","","N","","","","","","","","","",""
"2006068641","","1","0","0","0","0","0","0","0","0","2","0","","02","6","2006","1","40.458333","-79.933821","","11","0","0","0","0","0","0","0","0","","0","0","0","","","0","","1","","40 27:30.000","","0","79 56:01.755","0","0","0","0","2301","0","0","0","N","0","0","0","2","02301","0","","1.0","","9","N","N","","0","","0","0","1","","2","","","2","0","0","0","0","0","0","2","0","2","","","","N","","","","","","","","","",""
"2006068642","","2","0","0","0","0","0","0","0","0","4","0","","02","6","2006","6","40.454167","-79.947694","","11","0","0","0","0","0","1","0","0","","0","0","0","","","0","","1","","40 27:15.000","","0","79 56:51.697","0","0","0","0","2301","0","0","0","N","0","0","0","2","02301","0","","1.0","","9","N","N","","0","","0","0","0","","2","","","2","0","0","0","0","0","0","2","0","2","","","","N","","","","","","","","","",""
"2006068643","","2","0","0","0","0","0","0","0","0","4","0","","02","6","2006","2","40.459163","-79.912961","","11","0","0","0","0","0","0","0","0","","0","0","0","","","0","","0","","40 27:32.986","","0","79 54:46.659","0","0","0","0","2301","0","0","0","N","0","0","0","1","02301","0","","6.0","","1","N","N","","0","","0","0","0","","0","","","2","0","0","0","0","0","0","2","0","2","","","","N","","","","","","","","","",""
"2006068644","","1","0","0","0","0","0","0","0","0","7","0","","02","6","2006","6","","","","11","0","0","0","0","0","0","0","0","","0","0","0","","","1","","2","","","","0","","4","0","0","0","2301","0","0","0","N","0","0","0","1","02301","1","","9.0","","9","N","N","","0","","0","0","0","","0","","","1","1","0","0","0","0","0","1","0","1","","","","N","","","","","","","","","",""
"2006068645","","0","0","0","0","0","0","0","0","0","1","0","","02","6","2006","7","40.458611","-79.957431","","11","0","0","0","0","0","0","0","0","","0","0","0","","","0","","1","","40 27:31.000","","0","79 57:26.750","0","0","0","0","2301","0","0","0","N","0","0","0","3","02301","0","","1.0","","1","N","N","","1","","0","0","1","","2","","","2","0","0","0","0","0","0","2","0","2","","","","N","","","","","","","","","",""
"2006068646","","2","0","0","0","0","0","0","0","0","4","0","","02","6","2006","5","","","","11","0","0","0","0","0","1","0","0","","0","0","0","","","0","","1","","","","0","","0","0","0","0","2301","0","0","0","N","0","0","0","5","02301","0","","1.0","","9","N","N","","0","","0","0","0","","2","","","2","0","1","0","0","0","0","1","0","2","","","","N","","","","","","","","","",""
"2006068647","","1","0","0","0","0","0","0","0","0","0","0","","02","6","2006","4","40.453384","-79.958116","","11","0","0","0","0","0","0","1","0","","0","0","0","","","0","","2","","40 27:12.182","","0","79 57:29.217","0","0","0","0","2301","0","0","0","N","0","0","0","1","02301","0","","1.0","","1","N","N","","0","","0","0","0","","0","","","1","0","0","0","0","0","0","2","0","1","","","","N","","","","","","","","","",""
"2006068648","","1","0","0","0","0","0","0","0","0","1","0","","02","6","2006","6","40.484004","-79.94894","","11","0","0","0","0","0","1","0","0","","0","0","0","","","0","","0","","40 29:02.413","","0","79 56:56.183","0","0","0","0","2301","0","0","0","N","0","0","0","2","02301","0","","1.0","","9","N","N","","0","","0","0","1","","0","","","2","0","0","0","0","0","0","2","0","2","","","","N","","","","","","","","","",""
"2006068676","","2","0","0","0","0","0","0","0","0","1","0","","02","6","2006","2","40.5173","-80.1288","","11","0","0","0","0","0","0","0","0","","0","0","0","","","0","","6","","40 31:02.280","","2","80 07:43.680","0","0","0","0","2434","0","0","0","N","0","0","0","2","02211","0","","7.0","","1","N","N","","0","","0","0","0","","0","","","2","0","0","0","0","0","0","2","0","2","","","","N","","","","","","","","","",""
"2006068677","","3","0","0","0","0","0","0","0","0","1","0","","02","6","2006","4","40.504167","-80.083188","","11","0","0","0","0","0","2","0","0","1","0","0","0","","","0","","2","","40 30:15.000","5","0","80 04:59.476","0","0","0","0","2405","0","0","0","N","0","0","0","3","02211","0","","1.0","","1","N","N","","0","","0","0","0","","0","Y","","3","0","0","0","0","0","0","2","0","3","","","","N","","","","","","","","","",""
"2006068680","","2","0","0","0","0","0","0","0","0","5","0","","02","6","2006","6","","","","11","0","0","0","0","0","0","0","1","","0","0","0","","","1","","1","","","","0","","8","0","0","0","2301","0","0","0","N","0","0","0","5","02301","0","","1.0","","9","N","N","","0","","0","0","0","","2","","","2","1","0","0","0","1","0","1","0","2","","","","N","","","","","","","","","",""
"2006068681","","2","0","0","0","0","0","0","0","0","4","0","","02","6","2006","4","","","","11","0","0","1","0","0","0","0","0","","0","0","0","","","0","","2","","","","0","","0","0","0","0","2301","0","0","0","N","0","0","0","2","02301","0","","1.0","","1","N","N","","0","","0","0","0","","2","","","2","0","0","0","0","0","0","1","0","2","","","","N","","","","","","","","","",""
"2006068682","","2","0","0","0","0","0","0","0","0","5","0","","02","6","2006","6","","","","11","0","0","0","0","0","0","0","0","","0","0","0","","","0","","0","","","","0","","0","0","0","0","2301","0","0","0","N","0","0","0","1","02301","0","","1.0","","98","N","N","","0","","0","0","0","","0","","","2","0","0","0","0","0","0","1","0","2","","","","N","","","","","","","","","",""
"2006068683","","2","0","0","0","0","0","0","0","0","1","0","","02","6","2006","1","40.467751","-79.928092","","11","0","0","0","0","0","0","0","0","","0","0","0","","","0","","1","","40 28:03.903","","0","79 55:41.131","0","0","0","0","2301","0","0","0","N","0","0","0","2","02301","0","","1.0","","9","N","N","","0","","0","0","0","","2","","","2","0","0","0","0","0","0","2","0","2","","","","N","","","","","","","","","",""
"2006068684","","2","0","0","0","0","0","0","0","0","1","0","","02","6","2006","3","40.463718","-79.930538","","11","0","0","0","0","0","0","1","0","","0","0","0","","","0","","0","","40 27:49.383","","0","79 55:49.935","9","0","0","0","2301","0","0","0","N","0","0","0","6","02301","0","","1.0","","9","N","N","","0","","0","0","0","","0","","","2","0","1","0","0","0","4","2","0","2","","","","N","","","","","","","","","",""
"2006068723","","1","0","0","1","0","0","0","0","0","8","0","","02","5","2006","5","","","","11","0","0","0","0","0","0","0","1","","0","0","0","","","1","","1","","","","0","","8","0","0","0","2453","1","0","0","N","0","0","0","2","02453","0","","1.0","","1","N","N","","0","","0","0","0","","0","","","2","1","1","0","0","1","0","1","0","1","","","","N","","","","","","","","","",""
"2006068724","","1","0","0","1","0","0","0","0","0","8","0","","02","6","2006","2","","","","11","0","0","0","0","0","0","0","0","1","0","0","0","","","1","","1","","","7","0","","8","0","0","0","2439","1","0","0","N","0","0","0","2","02439","0","","1.0","","1","N","N","","0","","0","0","0","","0","Y","","2","1","0","0","0","1","0","1","0","1","","","","N","","","","","","","","","",""
"2006068789","","0","0","0","0","0","0","0","0","0","7","0","","02","7","2006","7","40.346016","-79.981341","","11","0","0","1","0","0","0","0","0","2","0","0","0","","","2","","0","","40 20:45.656","6","0","79 58:52.827","4","0","0","0","2476","0","0","0","N","0","0","0","2","02476","1","","5.0","","1","N","N","","1","","0","0","0","","0","Y","","1","2","2","0","0","1","0","2","0","1","","","","N","","","","","","","","","",""
"2006068793","","1","0","0","0","0","0","0","0","0","4","0","","02","5","2006","5","40.438333","-79.772045","","11","0","0","0","0","0","1","0","0","","0","0","0","","","1","","0","","40 26:18.000","","7","79 46:19.362","8","0","0","0","2446","0","0","0","N","0","0","0","2","02446","0","","1.0","","1","N","N","","0","","0","0","0","","0","","","2","1","0","0","0","1","0","2","1","2","","","","N","","","","","","","","","",""
"2006068841","","0","0","0","0","0","0","0","0","0","2","0","","02","7","2006","7","40.473611","-79.733701","","11","0","1","0","0","0","0","0","0","2","0","0","0","","","1","","0","","40 28:25.000","5","0","79 44:01.324","4","0","0","0","2466","0","0","0","N","0","0","0","3","02466","1","","1.0","","1","N","N","","0","","0","0","2","","0","Y","","2","1","0","0","0","0","0","2","0","2","","","","N","","","","","","","","","",""
"2006068845","","0","0","0","0","0","0","0","0","0","7","0","","02","6","2006","5","40.525556","-80.035312","","11","0","0","0","0","0","1","0","0","2","0","0","0","","","0","","0","","40 31:32.000","6","0","80 02:07.122","0","0","0","0","2116","0","0","0","N","0","0","0","1","02116","0","","2.0","","1","N","N","","0","","0","0","0","","0","Y","","1","0","0","0","0","0","0","2","1","1","","","","N","","","","","","","","","",""
"2006068847","","1","0","0","0","0","0","0","0","0","4","0","90","02","7","2006","7","40.3731","-80.0991","","11","0","0","0","0","0","1","0","0","1","0","0","0","","","0","","2","","40 22:23.160","3","0","80 05:56.760","0","0","0","0","2102","0","0","0","N","0","0","0","2","02102","0","","1.0","","1","N","N","","1","","0","0","0","","2","N","","2","0","0","0","0","0","0","2","0","2","","","Y","Y","4","1","","Y","N","","","","Y",""
"2006068851","","2","0","0","0","0","0","0","0","0","4","0","","02","7","2006","5","40.5138","-79.9516","","11","0","0","0","0","0","0","1","0","1","0","0","0","","","2","","0","","40 30:49.680","2","0","79 57:05.760","8","0","0","0","2118","0","0","0","N","0","0","0","2","02118","0","","1.0","","1","N","N","","0","","0","0","0","","0","N","","2","2","0","0","0","2","0","2","0","2","","","","N","","","","","","","","","",""
"2006068855","","1","0","0","0","0","0","0","0","0","1","0","","02","7","2006","6","40.5396","-79.9722","","11","0","0","0","0","0","1","1","0","","0","0","0","","","2","","0","","40 32:22.560","","0","79 58:19.920","2","0","0","0","2118","0","0","0","N","0","0","0","3","02118","1","","1.0","","1","N","N","","0","","0","1","0","","0","","","2","2","1","0","1","0","0","2","1","2","","","","N","","","","","","","","","",""
"2006068857","","0","0","0","0","0","0","0","0","0","0","0","","02","7","2006","5","","","","11","0","0","0","0","0","0","0","0","","0","0","0","","","1","","2","","","","0","","4","0","0","1","2116","0","0","0","N","0","0","0","1","02116","1","","1.0","","1","N","N","","0","","0","0","0","","0","","","1","1","0","0","0","0","0","1","0","1","","","","N","","","","","","","","","",""
"2006068860","","2","0","0","0","0","0","0","0","0","1","0","","02","7","2006","3","40.4775","-79.759432","","11","0","0","0","0","0","0","0","0","","0","0","0","","","1","","3","","40 28:39.000","","0","79 45:33.954","4","0","0","0","2466","0","0","0","N","0","0","0","2","02466","1","","1.0","","1","N","N","","0","","0","0","0","","0","","","2","1","0","0","0","0","0","2","0","2","","","","N","","","","","","","","","",""
"2006068862","","1","0","0","1","0","0","0","0","0","8","0","","02","7","2006","7","40.592288","-79.959903","","11","0","0","0","0","0","1","0","0","","0","0","0","","","1","","2","","40 35:32.238","","0","79 57:35.652","8","0","0","0","2207","1","0","0","N","0","0","0","3","02207","0","","1.0","","1","N","N","","0","","0","0","0","","3","","","2","1","0","0","0","1","0","2","0","1","","","","N","","","","","","","","","",""
"2006068875","","1","0","0","0","0","0","0","0","0","7","0","","02","7","2006","7","40.659167","-80.048207","","11","0","0","0","0","0","0","0","0","1","0","0","0","","","1","","0","","40 39:33.000","4","0","80 02:53.546","8","0","0","0","2216","0","0","0","N","0","0","0","3","02505","0","","5.0","","1","N","N","","0","","0","0","0","","0","Y","","1","1","0","0","0","1","0","2","0","1","","","","N","","","","","","","","","",""
"2006068881","","2","0","0","0","0","0","0","0","0","2","0","","02","7","2006","7","40.513611","-80.03003","","11","0","0","0","0","0","1","0","0","","0","0","0","","","0","","2","","40 30:49.000","","0","80 01:48.107","0","0","0","0","2474","0","0","0","N","0","0","0","5","02474","0","","1.0","","1","N","N","","0","","0","0","0","","2","","","2","0","0","0","0","0","0","2","0","2","","","","N","","","","","","","","","",""
"2006068882","","1","0","0","0","0","0","0","0","0","4","0","","02","7","2006","6","","","","11","0","0","0","0","0","0","0","0","1","0","0","0","","","0","","1","","","4","0","","0","0","0","0","2126","0","0","0","N","0","0","0","2","02126","0","","1.0","","1","N","N","","0","","0","0","1","","1","N","","2","0","0","0","0","0","0","1","0","2","","","","N","","","","","","","","","",""