"CRN","ARRIVAL_TM","AUTOMOBILE_COUNT","BELTED_DEATH_COUNT","BELTED_SUSP_SERIOUS_INJ_COUNT","BICYCLE_COUNT","BICYCLE_DEATH_COUNT","BICYCLE_SUSP_SERIOUS_INJ_COUNT","BUS_COUNT","CHLDPAS_DEATH_COUNT","CHLDPAS_SUSP_SERIOUS_INJ_COUNT","COLLISION_TYPE","COMM_VEH_COUNT","CONS_ZONE_SPD_LIM","COUNTY","CRASH_MONTH","CRASH_YEAR","DAY_OF_WEEK","DEC_LATITUDE","DEC_LONGITUDE","DISPATCH_TM","DISTRICT","DRIVER_COUNT_16YR","DRIVER_COUNT_17YR","DRIVER_COUNT_18YR","DRIVER_COUNT_19YR","DRIVER_COUNT_20YR","DRIVER_COUNT_50_64YR","DRIVER_COUNT_65_74YR","DRIVER_COUNT_75PLUS","EST_HRS_CLOSED","FATAL_COUNT","HEAVY_TRUCK_COUNT","HORSE_BUGGY_COUNT","HOUR_OF_DAY","ILLUMINATION","INJURY_COUNT","INTERSECTION_RELATED","INTERSECT_TYPE","LANE_CLOSED","LATITUDE","LN_CLOSE_DIR","LOCATION_TYPE","LONGITUDE","MAX_SEVERITY_LEVEL","MCYCLE_DEATH_COUNT","MCYCLE_SUSP_SERIOUS_INJ_COUNT","MOTORCYCLE_COUNT","MUNICIPALITY","NONMOTR_COUNT","NONMOTR_DEATH_COUNT","NONMOTR_SUSP_SERIOUS_INJ_COUNT","NTFY_HIWY_MAINT","PED_COUNT","PED_DEATH_COUNT","PED_SUSP_SERIOUS_INJ_COUNT","PERSON_COUNT","POLICE_AGCY","POSSIBLE_INJ_COUNT","RDWY_SURF_TYPE_CD","RELATION_TO_ROAD","ROADWAY_CLEARED","ROAD_CONDITION","SCH_BUS_IND","SCH_ZONE_IND","SECONDARY_CRASH","SMALL_TRUCK_COUNT","SPEC_JURIS_CD","SUSP_MINOR_INJ_COUNT","SUSP_SERIOUS_INJ_COUNT","SUV_COUNT","TCD_FUNC_CD","TCD_TYPE","TFC_DETOUR_IND","TIME_OF_DAY","TOTAL_UNITS","TOT_INJ_COUNT","UNBELTED_OCC_COUNT","UNB_DEATH_COUNT","UNB_SUSP_SERIOUS_INJ_COUNT","UNK_INJ_DEG_COUNT","UNK_INJ_PER_COUNT","URBAN_RURAL","VAN_COUNT","VEHICLE_COUNT","WEATHER1","WEATHER2","WORKERS_PRES","WORK_ZONE_IND","WORK_ZONE_LOC","WORK_ZONE_TYPE","WZ_CLOSE_DETOUR","WZ_FLAGGER","WZ_LAW_OFFCR_IND","WZ_LN_CLOSURE","WZ_MOVING","WZ_OTHER","WZ_SHLDER_MDN","WZ_WORKERS_INJ_KILLED"
"2006071637","","2","0","0","0","0","0","0","0","0","6","0","","02","7","2006","7","40.374549","-80.093117","","11","0","0","0","0","0","2","0","0","","0","0","0","","","0","","2","","40 22:28.375","","0","80 05:35.222","0","0","0","0","2117","0","0","0","N","0","0","0","3","02117","0","","1.0","","1","N","N","","0","","0","0","0","","0","","","2","0","0","0","0","0","0","2","0","2","","","","N","","","","","","","","","",""
"2006071641","","2","0","0","0","0","0","0","0","0","1","0","","02","7","2006","7","40.629536","-80.014548","","11","0","0","0","0","1","0","0","0","1","0","0","0","","","2","","2","","40 37:46.331","3","0","80 00:52.372","4","0","0","0","2216","0","0","0","N","0","0","0","4","02505","2","","1.0","","1","N","N","","0","","0","0","0","","0","N","","2","2","0","0","0","0","0","2","0","2","","","","N","","","","","","","","","",""
"2006071643","","2","0","0","0","0","0","0","0","0","1","0","","02","7","2006","7","40.3411","-79.9651","","11","0","0","1","0","0","1","0","1","1","0","0","0","","","0","","2","","40 20:27.960","2","2","79 57:54.360","0","0","0","1","2454","0","0","0","N","0","0","0","5","02454","0","","1.0","","1","N","N","","0","","0","0","0","","0","N","","3","0","0","0","0","0","0","2","0","3","","","","N","","","","","","","","","",""
"2006071658","","0","0","0","0","0","0","0","0","0","1","0","","02","7","2006","1","40.379167","-79.806988","","11","0","0","0","0","0","0","0","0","","0","0","0","","","0","","1","","40 22:45.000","","0","79 48:25.156","0","0","0","0","2111","0","0","0","N","0","0","0","3","02111","0","","1.0","","1","N","N","","0","","0","0","2","","0","","","2","0","0","0","0","0","0","2","0","2","","","","N","","","","","","","","","",""
"2006071664","","1","0","0","0","0","0","0","0","0","4","0","","02","7","2006","7","40.361088","-80.029106","","11","0","0","0","1","0","0","0","0","","0","0","0","","","1","","2","","40 21:39.916","","0","80 01:44.781","4","0","0","0","2416","0","0","0","N","0","0","0","2","02503","1","","1.0","","1","N","N","","0","","0","0","0","","5","","","2","1","1","0","0","0","0","2","0","1","","","","N","","","","","","","","","",""
"2006071682","","1","0","0","0","0","0","0","0","0","7","0","","02","7","2006","3","","","","11","1","0","0","0","0","0","0","0","","0","0","0","","","0","","2","","","","0","","0","0","0","0","2118","0","0","0","N","0","0","0","1","02118","0","","5.0","","1","N","N","","0","","0","0","0","","0","","","1","0","0","0","0","0","0","1","0","1","","","","N","","","","","","","","","",""
"2006071687","","2","0","0","0","0","0","0","0","0","4","0","","02","7","2006","1","40.368333","-79.98351","","11","0","0","0","1","0","1","0","0","","0","0","0","","","0","","2","","40 22:06.000","","0","79 59:00.635","0","0","0","0","2413","0","0","0","N","0","0","0","2","02413","0","","1.0","","1","N","N","","0","","0","0","0","","2","","","2","0","0","0","0","0","0","2","0","2","","","","N","","","","","","","","","",""
"2006071688","","4","0","0","0","0","0","0","0","0","1","0","","02","7","2006","1","40.343333","-79.970066","","11","0","0","0","0","0","0","0","0","1","0","0","0","","","2","","2","","40 20:36.000","1","0","79 58:12.237","8","0","0","0","2403","0","0","0","N","0","0","0","7","02403","0","","1.0","","1","N","N","","0","","0","0","0","","2","Y","","4","2","0","0","0","2","0","2","0","4","","","","N","","","","","","","","","",""
"2006071697","","0","0","0","0","0","0","0","0","0","7","0","","02","7","2006","1","40.306541","-79.97511","","11","0","0","0","0","0","1","0","0","2","0","0","0","","","1","","0","","40 18:23.547","5","0","79 58:30.396","3","0","0","1","2440","0","0","0","N","0","0","0","1","02440","0","","5.0","","1","N","N","","0","","1","0","0","","0","N","","1","1","0","0","0","0","0","2","0","1","","","","N","","","","","","","","","",""
"2006071704","","0","0","0","0","0","0","0","0","0","1","0","","02","7","2006","5","40.3317","-80.07","","11","1","0","0","1","0","0","0","0","2","0","0","0","","","0","","0","","40 19:54.120","2","0","80 04:12.000","0","0","0","0","2123","0","0","0","N","0","0","0","5","02123","0","","1.0","","1","N","N","","0","","0","0","3","","0","N","","3","0","0","0","0","0","0","2","0","3","","","","N","","","","","","","","","",""
"2006071810","","1","0","0","0","0","0","0","0","0","2","0","","02","7","2006","4","40.496614","-79.942871","","11","0","0","0","0","0","1","0","0","","0","1","0","","","1","","0","","40 29:47.811","","0","79 56:34.337","4","0","0","0","2430","0","0","0","N","0","0","0","1","02430","1","","1.0","","1","N","N","","0","","0","0","0","","0","","","2","1","0","0","0","0","0","2","0","2","","","","N","","","","","","","","","",""
"2006071812","","1","0","0","0","0","0","0","0","0","7","0","","02","7","2006","2","","","","11","0","0","0","0","0","0","0","0","1","0","0","0","","","1","","0","","","1","0","","8","0","0","0","2302","0","0","0","N","0","0","0","1","02302","0","","5.0","","1","N","N","","0","","0","0","0","","0","N","","1","1","0","0","0","1","0","1","0","1","","","","N","","","","","","","","","",""
"2006071814","","1","0","0","0","0","0","0","0","0","1","0","","02","7","2006","2","40.330556","-79.987503","","11","0","0","0","1","0","0","0","0","1","0","0","0","","","0","","3","","40 19:50.000","3","0","79 59:15.012","0","0","0","0","2454","0","0","0","N","0","0","0","2","02454","0","","1.0","","1","N","N","","1","","0","0","0","","3","N","","2","0","0","0","0","0","0","2","0","2","","","","N","","","","","","","","","",""
"2006071815","","1","0","0","0","0","0","0","0","0","1","0","","02","7","2006","4","40.429722","-79.808543","","11","0","0","0","0","0","1","0","0","1","0","0","0","","","0","","1","","40 25:47.000","3","0","79 48:30.756","0","0","0","0","2124","0","0","0","N","0","0","0","5","02124","0","","1.0","","1","N","N","","0","","0","0","1","","2","N","","2","0","1","0","0","0","0","2","0","2","","","","N","","","","","","","","","",""
"2006071816","","1","0","0","0","0","0","0","0","0","7","0","","02","7","2006","7","40.5953","-79.8725","","11","0","0","0","1","0","0","0","0","","0","0","0","","","0","","0","","40 35:43.080","","0","79 52:21.000","0","0","0","0","2209","0","0","0","N","0","0","0","3","02209","0","","5.0","","9","N","N","","0","","0","0","0","","0","","","1","0","0","0","0","0","0","2","0","1","","","","N","","","","","","","","","",""
"2006071818","","0","0","0","0","0","0","0","0","0","1","0","","02","7","2006","6","40.513056","-80.222385","","11","0","0","0","0","0","2","0","0","","0","0","0","","","0","","2","","40 30:47.000","","0","80 13:20.587","0","0","0","0","2213","0","0","0","N","0","0","0","2","02213","0","","1.0","","1","N","N","","1","","0","0","1","","2","","","2","0","0","0","0","0","0","2","0","2","","","","N","","","","","","","","","",""
"2006071819","","0","0","0","0","0","0","0","0","0","7","0","","02","6","2006","7","40.4997","-80.2126","","11","0","0","0","0","0","0","0","0","","0","0","0","","","0","","0","","40 29:58.920","","0","80 12:45.360","0","0","0","0","2213","0","0","0","N","0","0","0","1","02213","0","","4.0","","1","N","N","","1","","0","0","0","","0","","","1","0","0","0","0","0","0","2","0","1","","","","N","","","","","","","","","",""
"2006071820","","1","0","0","0","0","0","0","0","0","7","0","","02","7","2006","3","40.526043","-80.222324","","11","0","0","0","1","0","0","0","0","","0","0","0","","","0","","0","","40 31:33.756","","0","80 13:20.368","0","0","0","0","2213","0","0","0","N","0","0","0","2","02213","0","","4.0","","1","N","N","","0","","0","0","0","","0","","","1","0","0","0","0","0","0","2","0","1","","","","N","","","","","","","","","",""
"2006071873","","1","0","0","1","0","0","0","0","0","8","0","","02","7","2006","1","","","","11","0","0","0","0","0","0","0","0","","0","0","0","","","1","","0","","","","0","","4","0","0","0","2301","1","0","0","N","0","0","0","2","02301","1","","1.0","","1","N","N","","0","","0","0","0","","0","","","2","1","0","0","0","0","0","1","0","1","","","","N","","","","","","","","","",""
"2006071875","","1","0","0","0","0","0","0","0","0","99","0","","02","6","2006","6","40.2761","-79.9533","","11","0","0","0","0","0","0","0","0","","0","0","0","","","0","","0","","40 16:33.960","","0","79 57:11.880","0","0","0","0","2440","0","0","0","N","0","0","0","1","68T09","0","","1.0","","9","N","N","","0","","0","0","0","","0","","","1","0","0","0","0","0","0","2","0","1","","","","N","","","","","","","","","",""
"2006071903","","2","0","0","0","0","0","0","0","0","1","0","","02","6","2006","5","","","","11","0","0","0","0","0","1","0","0","","0","0","0","","","2","","0","","40 26:24.72","","0","80 09:19.44","4","0","0","0","2115","0","0","0","N","0","0","0","3","68B03","2","","1.0","","1","N","N","","0","","0","0","1","","0","","","3","2","0","0","0","0","0","2","0","3","","","","N","","","","","","","","","",""
"2006071938","","2","0","0","0","0","0","0","0","0","1","0","","02","6","2006","6","","","","11","0","0","0","0","0","0","0","0","","0","0","0","","","0","","0","","","","0","","9","0","0","0","2446","0","0","0","N","0","0","0","4","02446","0","","1.0","","9","N","N","","0","","0","0","1","","0","","","3","0","0","0","0","0","1","1","0","3","","","","N","","","","","","","","","",""
"2006071942","","1","0","0","0","0","0","0","0","0","1","1","99","02","6","2006","4","","","","11","0","0","0","0","0","1","0","0","2","0","1","0","","","1","","0","","40 26:21.84","4","3","79 45:17.28","4","0","0","0","2446","0","0","0","N","0","0","0","2","68B03","1","","1.0","","1","N","N","","0","","0","0","0","","8","Y","","2","1","0","0","0","0","0","2","0","2","","","U","Y","8","8","","","N","","","","",""
"2006071992","","1","0","0","0","0","0","0","0","0","2","1","","02","7","2006","3","40.596944","-79.930419","","11","0","0","0","0","0","1","0","0","","0","1","0","","","0","","2","","40 35:49.000","","0","79 55:49.510","0","0","0","0","2207","0","0","0","N","0","0","0","3","02207","0","","1.0","","1","N","N","","0","","0","0","0","","3","","","3","0","0","0","0","0","0","1","1","3","","","","N","","","","","","","","","",""
"2006072094","","1","0","0","0","0","0","1","0","0","2","1","","02","7","2006","3","40.435869","-79.994881","","11","0","0","0","0","0","0","0","0","2","0","0","0","","","2","","0","","40 26:09.128","4","0","79 59:41.573","2","0","0","0","2301","0","0","0","N","0","0","0","3","02503","1","","1.0","","1","N","N","","0","","0","1","0","","0","Y","","2","2","1","0","1","0","0","2","0","2","","","","N","","","","","","","","","",""
"2006072099","","1","0","0","0","0","0","0","0","0","1","0","","02","7","2006","7","40.5075","-80.204697","","11","0","0","1","0","0","0","0","0","1","0","0","0","","","0","","0","","40 30:27.000","2","0","80 12:16.909","0","0","0","0","2213","0","0","0","N","0","0","0","4","02213","0","","1.0","","1","N","N","","0","","0","0","1","","0","N","","2","0","0","0","0","0","0","2","0","2","","","","N","","","","","","","","","",""
"2006072125","","0","0","0","0","0","0","0","0","0","1","0","","02","7","2006","2","40.538611","-79.830398","","11","0","0","0","0","0","1","0","0","2","0","0","0","","","0","","2","","40 32:19.000","2","0","79 49:49.433","0","0","0","0","2208","0","0","0","N","0","0","0","3","02208","0","","1.0","","1","N","N","","1","","0","0","1","","2","N","","3","0","0","0","0","0","0","2","1","3","","","","N","","","","","","","","","",""
"2006072128","","1","0","0","0","0","0","0","0","0","1","0","","02","7","2006","2","40.399444","-80.065041","","11","0","0","0","0","0","0","0","0","1","0","0","0","","","1","","1","","40 23:58.000","2","0","80 03:54.146","8","0","0","1","2117","0","0","0","N","0","0","0","3","02117","0","","1.0","","1","N","N","","0","","0","0","0","","0","N","","2","1","0","0","0","1","2","2","0","2","","","","N","","","","","","","","","",""
"2006072130","","1","0","0","0","0","0","0","0","0","7","0","","02","7","2006","4","","","","11","0","0","0","0","0","0","1","0","","0","0","0","","","0","","0","","","","0","","0","0","0","0","2203","0","0","0","N","0","0","0","1","02203","0","","2.0","","9","N","N","","0","","0","0","0","","0","","","1","0","0","0","0","0","0","1","0","1","","","","N","","","","","","","","","",""
"2006072140","","0","0","0","0","0","0","0","0","0","0","0","","02","7","2006","3","40.616389","-79.852919","","11","0","0","0","0","0","0","0","0","1","0","0","0","","","1","","3","","40 36:59.000","4","0","79 51:10.508","3","0","0","1","2220","0","0","0","Y","0","0","0","1","02220","0","","1.0","","3","N","N","","0","","1","0","0","","3","Y","","1","1","0","0","0","0","0","2","0","1","","","","N","","","","","","","","","",""
"2006072173","","0","0","0","0","0","0","0","0","0","0","0","","02","7","2006","2","40.319722","-80.08742","","11","0","0","0","0","0","0","0","0","2","0","0","0","","","0","","0","","40 19:11.000","2","0","80 05:14.713","0","0","0","0","2123","0","0","0","Y","0","0","0","1","02123","0","","2.0","","1","N","N","","1","","0","0","0","","0","Y","","1","0","0","0","0","0","0","2","0","1","","","","N","","","","","","","","","",""
"2006072216","","1","0","0","0","0","0","0","0","0","1","0","","02","7","2006","4","40.5259","-79.8152","","11","0","0","0","0","0","1","0","0","1","0","0","0","","","2","","0","","40 31:33.240","2","0","79 48:54.720","8","0","0","0","2466","0","0","0","N","0","0","0","4","02466","0","","1.0","","1","N","N","","0","","0","0","0","","0","N","","2","2","0","0","0","2","0","2","0","2","","","","N","","","","","","","","","",""
"2006072266","","0","0","0","0","0","0","0","0","0","7","0","","02","7","2006","2","","","","11","0","0","0","0","0","1","0","0","1","0","0","0","","","1","","0","","","6","0","","8","0","0","0","2302","0","0","0","N","0","0","0","1","02302","0","","5.0","","1","N","N","","1","","0","0","0","","0","N","","1","1","0","0","0","1","0","1","0","1","","","","N","","","","","","","","","",""
"2006072267","","1","0","0","0","0","0","0","0","0","1","0","","02","7","2006","4","40.407778","-79.909152","","11","0","0","0","0","0","1","0","0","1","0","0","0","","","1","","1","","40 24:28.000","1","0","79 54:32.946","8","0","0","0","2438","0","0","0","N","0","0","0","2","02438","0","","1.0","","1","N","N","","0","","0","0","0","","2","N","","2","1","0","0","0","1","0","2","1","2","","","","N","","","","","","","","","",""
"2006072271","","3","0","0","0","0","0","0","0","0","1","0","","02","7","2006","2","40.4611","-79.9827","","11","0","0","0","0","1","0","0","0","","0","0","0","","","0","","0","","40 27:39.960","","0","79 58:57.720","0","0","0","0","2430","0","0","0","N","0","0","0","8","02430","0","","1.0","","1","N","N","","1","","0","0","0","","0","","","5","0","0","0","0","0","0","2","1","5","","","","N","","","","","","","","","",""
"2006072272","","0","0","0","0","0","0","0","0","0","1","0","","02","7","2006","4","40.336389","-79.977536","","11","0","0","0","0","0","2","0","0","","0","0","0","","","1","","0","","40 20:11.000","","0","79 58:39.129","4","0","0","0","2454","0","0","0","N","0","0","0","4","02454","1","","1.0","","1","N","N","","1","","0","0","1","","2","","","2","1","0","0","0","0","0","2","0","2","","","","N","","","","","","","","","",""
"2006072274","","0","0","0","0","0","0","0","0","0","7","0","","02","7","2006","4","40.5041","-80.1863","","11","0","0","0","0","0","1","0","0","","0","0","0","","","0","","0","","40 30:14.760","","0","80 11:10.680","0","0","0","0","2213","0","0","0","N","0","0","0","1","02213","0","","5.0","","1","N","N","","0","","0","0","1","","0","","","1","0","0","0","0","0","0","2","0","1","","","","N","","","","","","","","","",""
"2006072289","","0","0","0","0","0","0","1","0","0","8","1","","02","7","2006","4","40.442453","-79.999832","","11","0","0","0","0","0","0","0","0","2","0","0","0","","","1","","0","","40 26:32.831","3","0","79 59:59.396","2","0","0","0","2301","1","0","1","N","1","0","1","2","02503","0","","4.0","","1","N","N","","0","","0","1","0","","0","N","","2","1","0","0","0","0","0","2","0","1","","","","N","","","","","","","","","",""
"2006072291","","1","0","0","0","0","0","0","0","0","8","0","","02","7","2006","4","40.395833","-80.086276","","11","0","0","0","0","0","0","0","0","1","0","0","0","","","1","","1","","40 23:45.000","2","0","80 05:10.594","3","0","0","0","2117","1","0","0","N","1","0","0","2","02117","0","","1.0","","1","N","N","","0","","1","0","0","","2","N","","2","1","0","0","0","0","0","2","0","1","","","","N","","","","","","","","","",""
"2006072292","","0","0","0","0","0","0","0","0","0","2","0","","02","7","2006","2","40.470295","-80.220373","","11","0","0","0","0","1","0","0","0","","0","0","0","","","1","","1","","40 28:13.061","","0","80 13:13.344","4","0","0","1","2203","0","0","0","N","0","0","0","2","02203","1","","1.0","","1","N","N","","0","","0","0","1","","2","","","2","1","0","0","0","0","0","2","0","2","","","","N","","","","","","","","","",""
"2006072320","","1","0","0","0","0","0","0","0","0","2","0","","02","7","2006","5","40.519946","-79.772357","","11","0","0","0","0","0","0","0","0","","0","0","0","","","0","","0","","40 31:11.805","","0","79 46:20.485","0","0","0","0","2466","0","0","0","N","0","0","0","1","02466","0","","1.0","","1","N","N","","1","","0","0","0","","0","","","2","0","1","0","0","0","0","2","0","2","","","","N","","","","","","","","","",""
"2006072322","","1","0","0","0","0","0","0","0","0","7","0","","02","7","2006","1","40.522778","-79.968937","","11","0","0","0","0","0","0","0","0","","0","0","0","","","1","","0","","40 31:22.000","","0","79 58:08.172","3","0","0","0","2118","0","0","0","N","0","0","0","1","02118","0","","5.0","","1","N","N","","0","","1","0","0","","0","","","1","1","1","0","0","0","0","2","0","1","","","","N","","","","","","","","","",""
"2006072325","","0","0","0","0","0","0","0","0","0","5","0","","02","7","2006","4","40.652222","-79.792583","","11","0","0","0","0","0","0","0","0","","0","0","0","","","0","","1","","40 39:08.000","","0","79 47:33.297","9","0","0","0","2202","0","0","0","N","0","0","0","2","02202","0","","1.0","","1","N","N","","1","","0","0","0","","3","","","2","0","0","0","0","0","1","1","1","2","","","","N","","","","","","","","","",""
"2006072327","","1","0","0","0","0","0","0","0","0","7","0","","02","7","2006","5","40.548203","-80.168759","","11","0","0","1","0","0","0","0","0","","0","0","0","","","0","","0","","40 32:53.531","","0","80 10:07.533","0","0","0","0","2459","0","0","0","N","0","0","0","1","02459","0","","2.0","","1","N","N","","0","","0","0","0","","0","","","1","0","0","0","0","0","0","1","0","1","","","","N","","","","","","","","","",""
"2006072348","","0","0","0","0","0","0","1","0","0","4","1","","02","7","2006","4","40.325086","-80.092393","","11","0","0","0","0","0","0","1","0","","0","0","0","","","0","","1","","40 19:30.309","","0","80 05:32.614","0","0","0","0","2123","0","0","0","N","0","0","0","3","02123","0","","1.0","","1","Y","N","","1","","0","0","0","","3","","","2","0","0","0","0","0","0","2","0","2","","","","N","","","","","","","","","",""
"2006072362","","1","0","0","0","0","0","0","0","0","4","0","","02","7","2006","1","40.6428","-79.9386","","11","0","1","0","0","0","0","0","0","2","0","0","0","","","1","","0","","40 38:34.080","2","7","79 56:18.960","4","0","0","0","2207","0","0","0","N","0","0","0","2","02207","1","","1.0","","1","N","N","","0","","0","0","0","","2","N","","2","1","0","0","0","0","0","2","1","2","","","","N","","","","","","","","","",""
"2006072409","","3","0","0","0","0","0","0","0","0","1","0","","02","7","2006","5","40.538611","-80.188069","","11","0","0","0","0","0","0","0","0","","0","0","0","","","1","","0","","40 32:19.000","","0","80 11:17.047","4","0","0","0","2458","0","0","0","N","0","0","0","3","02458","1","","1.0","","1","N","N","","0","","0","0","0","","0","","","3","1","0","0","0","0","0","2","0","3","","","","N","","","","","","","","","",""
"2006072410","","2","0","0","0","0","0","0","0","0","2","0","","02","6","2006","2","","","","11","0","0","0","0","0","0","0","0","2","0","0","0","","","3","","0","","","5","0","","2","0","0","0","2122","0","0","0","N","0","0","0","3","02122","0","","1.0","","1","N","N","","0","","1","2","0","","0","Y","","2","3","3","0","2","0","0","1","0","2","","","","N","","","","","","","","","",""
"2006072411","","2","0","0","0","0","0","0","0","0","4","0","","02","7","2006","3","40.43847","-80.005839","","11","0","0","0","0","0","0","0","0","","0","0","0","","","2","","1","","40 26:18.492","","0","80 00:21.020","8","0","0","0","2301","0","0","0","N","0","0","0","6","02301","0","","1.0","","1","N","N","","0","","0","0","0","","2","","","2","2","0","0","0","2","2","2","0","2","","","","N","","","","","","","","","",""
"2006072412","","2","0","0","0","0","0","0","0","0","5","0","","02","7","2006","1","40.454463","-79.921706","","11","0","0","0","0","0","0","0","0","","0","0","0","","","0","","0","","40 27:16.066","","0","79 55:18.141","0","0","0","0","2301","0","0","0","N","0","0","0","1","02301","0","","1.0","","1","N","N","","0","","0","0","0","","0","","","2","0","0","0","0","0","0","2","0","2","","","","N","","","","","","","","","",""
"2006072417","","0","0","0","0","0","0","0","0","0","99","0","","02","7","2006","5","","","","11","0","0","0","0","0","0","1","0","","0","0","0","","","0","","0","","","","0","","0","0","0","0","2207","0","0","0","N","0","0","0","1","02207","0","","1.0","","1","N","N","","0","","0","0","1","","0","","","1","0","0","0","0","0","0","1","0","1","","","","N","","","","","","","","","",""
"2006072422","","2","0","0","0","0","0","0","0","0","4","0","","02","6","2006","5","40.454616","-79.946376","","11","0","0","0","0","1","0","0","1","1","0","0","0","","","1","","0","","40 27:16.619","2","0","79 56:46.954","8","0","0","0","2301","0","0","0","N","0","0","0","2","02301","0","","1.0","","1","N","N","","0","","0","0","0","","0","N","","2","1","0","0","0","1","0","2","0","2","","","","N","","","","","","","","","",""
"2006072423","","0","0","0","0","0","0","0","0","0","4","0","","02","7","2006","7","40.463611","-79.923796","","11","0","0","0","0","0","0","0","0","","0","0","0","","","4","","1","","40 27:49.000","","0","79 55:25.665","4","0","0","0","2301","0","0","0","N","0","0","0","5","02301","3","","1.0","","1","N","N","","0","","0","0","2","","1","","","2","4","0","0","0","1","0","2","0","2","","","","N","","","","","","","","","",""
"2006072424","","1","0","0","0","0","0","0","0","0","7","0","","02","7","2006","2","40.392211","-80.017707","","11","0","0","0","0","1","0","0","0","1","0","0","0","","","0","","0","","40 23:31.958","3","0","80 01:03.746","0","0","0","0","2301","0","0","0","N","0","0","0","2","02301","0","","5.0","","1","N","N","","0","","0","0","0","","0","Y","","1","0","0","0","0","0","0","2","0","1","","","","N","","","","","","","","","",""
"2006072425","","2","0","0","0","0","0","0","0","0","1","0","","02","7","2006","4","40.4313","-80.0022","","11","0","0","1","0","0","0","0","0","","0","0","0","","","0","","0","","40 25:52.680","","0","80 00:07.920","0","0","0","0","2301","0","0","0","N","0","0","0","8","02301","0","","1.0","","1","N","N","","0","","0","0","1","","0","","","3","0","8","0","0","0","0","2","0","3","","","","N","","","","","","","","","",""
"2006072426","","0","0","0","0","0","0","0","0","0","1","0","","02","7","2006","4","","","","11","0","0","0","0","0","0","0","0","","0","0","0","","","0","","2","","","","0","","0","0","0","0","2301","0","0","0","N","0","0","0","5","02301","0","","1.0","","1","N","N","","0","","0","0","1","","0","","","2","0","1","0","0","0","0","1","1","2","","","","N","","","","","","","","","",""
"2006072427","","2","0","0","0","0","0","0","0","0","4","0","","02","7","2006","1","","","","11","0","0","1","0","0","0","0","0","1","0","0","0","","","1","","2","","","7","0","","4","0","0","0","2301","0","0","0","N","0","0","0","4","02301","1","","1.0","","1","N","N","","0","","0","0","0","","3","Y","","2","1","0","0","0","0","0","1","0","2","","","","N","","","","","","","","","",""
"2006072428","","1","0","0","0","0","0","0","0","0","7","0","","02","7","2006","2","40.397871","-80.022971","","11","0","0","0","0","0","0","0","0","1","0","0","0","","","1","","0","","40 23:52.335","2","0","80 01:22.695","4","0","0","0","2301","0","0","0","N","0","0","0","3","02301","1","","4.0","","1","N","N","","0","","0","0","0","","0","N","","1","1","0","0","0","0","0","2","0","1","","","","N","","","","","","","","","",""
"2006072429","","1","0","0","0","0","0","0","0","0","7","0","","02","7","2006","2","40.410616","-80.005566","","11","0","0","0","0","0","0","0","0","","0","0","0","","","0","","0","","40 24:38.217","","0","80 00:20.038","0","0","0","0","2301","0","0","0","N","0","0","0","1","02301","0","","4.0","","1","N","N","","0","","0","0","0","","0","","","1","0","0","0","0","0","0","2","0","1","","","","N","","","","","","","","","",""
"2006072430","","0","0","0","0","0","0","0","0","0","2","0","","02","7","2006","5","40.417346","-80.035896","","11","0","0","0","0","0","0","0","0","","0","0","0","","","0","","2","","40 25:02.445","","0","80 02:09.225","0","0","0","0","2301","0","0","0","N","0","0","0","3","02301","0","","1.0","","1","N","N","","1","","0","0","1","","0","","","2","0","0","0","0","0","0","2","0","2","","","","N","","","","","","","","","",""
"2006072431","","0","0","0","1","0","0","0","0","0","8","0","","02","7","2006","6","40.405805","-80.027571","","11","0","0","0","0","0","1","0","0","2","0","0","0","","","1","","1","","40 24:20.898","5","0","80 01:39.255","8","0","0","0","2301","1","0","0","N","0","0","0","2","02301","0","","1.0","","1","N","N","","0","","0","0","1","","0","N","","2","1","0","0","0","1","0","2","0","1","","","","N","","","","","","","","","",""
"2006072432","","1","0","0","0","0","0","0","0","0","4","0","","02","7","2006","3","40.454167","-79.996914","","11","0","0","0","0","0","0","0","1","","0","0","0","","","1","","1","","40 27:15.000","","0","79 59:48.892","3","0","0","0","2301","0","0","0","N","0","0","0","2","02301","0","","1.0","","1","N","N","","0","","1","0","1","","2","","","2","1","0","0","0","0","0","2","0","2","","","","N","","","","","","","","","",""
"2006072433","","0","0","0","0","0","0","0","0","0","4","0","","02","7","2006","3","40.484334","-80.035812","","11","0","0","0","0","0","0","0","0","","0","0","0","","","0","","1","","40 29:03.602","","0","80 02:08.923","9","0","0","0","2301","0","0","0","N","0","0","0","3","02301","0","","1.0","","1","N","N","","1","","0","0","1","","1","","","2","0","0","0","0","0","1","2","0","2","","","","N","","","","","","","","","",""
"2006072434","","1","0","0","0","0","0","0","0","0","5","0","","02","7","2006","7","40.4788","-80.043","","11","0","0","0","0","0","0","0","0","","0","0","0","","","0","","0","","40 28:43.680","","0","80 02:34.800","0","0","0","0","2301","0","0","0","N","0","0","0","2","02301","0","","1.0","","1","N","N","","0","","0","0","1","","0","","","2","0","0","0","0","0","0","2","0","2","","","","N","","","","","","","","","",""