"CRN","ARRIVAL_TM","AUTOMOBILE_COUNT","BELTED_DEATH_COUNT","BELTED_SUSP_SERIOUS_INJ_COUNT","BICYCLE_COUNT","BICYCLE_DEATH_COUNT","BICYCLE_SUSP_SERIOUS_INJ_COUNT","BUS_COUNT","CHLDPAS_DEATH_COUNT","CHLDPAS_SUSP_SERIOUS_INJ_COUNT","COLLISION_TYPE","COMM_VEH_COUNT","CONS_ZONE_SPD_LIM","COUNTY","CRASH_MONTH","CRASH_YEAR","DAY_OF_WEEK","DEC_LATITUDE","DEC_LONGITUDE","DISPATCH_TM","DISTRICT","DRIVER_COUNT_16YR","DRIVER_COUNT_17YR","DRIVER_COUNT_18YR","DRIVER_COUNT_19YR","DRIVER_COUNT_20YR","DRIVER_COUNT_50_64YR","DRIVER_COUNT_65_74YR","DRIVER_COUNT_75PLUS","EST_HRS_CLOSED","FATAL_COUNT","HEAVY_TRUCK_COUNT","HORSE_BUGGY_COUNT","HOUR_OF_DAY","ILLUMINATION","INJURY_COUNT","INTERSECTION_RELATED","INTERSECT_TYPE","LANE_CLOSED","LATITUDE","LN_CLOSE_DIR","LOCATION_TYPE","LONGITUDE","MAX_SEVERITY_LEVEL","MCYCLE_DEATH_COUNT","MCYCLE_SUSP_SERIOUS_INJ_COUNT","MOTORCYCLE_COUNT","MUNICIPALITY","NONMOTR_COUNT","NONMOTR_DEATH_COUNT","NONMOTR_SUSP_SERIOUS_INJ_COUNT","NTFY_HIWY_MAINT","PED_COUNT","PED_DEATH_COUNT","PED_SUSP_SERIOUS_INJ_COUNT","PERSON_COUNT","POLICE_AGCY","POSSIBLE_INJ_COUNT","RDWY_SURF_TYPE_CD","RELATION_TO_ROAD","ROADWAY_CLEARED","ROAD_CONDITION","SCH_BUS_IND","SCH_ZONE_IND","SECONDARY_CRASH","SMALL_TRUCK_COUNT","SPEC_JURIS_CD","SUSP_MINOR_INJ_COUNT","SUSP_SERIOUS_INJ_COUNT","SUV_COUNT","TCD_FUNC_CD","TCD_TYPE","TFC_DETOUR_IND","TIME_OF_DAY","TOTAL_UNITS","TOT_INJ_COUNT","UNBELTED_OCC_COUNT","UNB_DEATH_COUNT","UNB_SUSP_SERIOUS_INJ_COUNT","UNK_INJ_DEG_COUNT","UNK_INJ_PER_COUNT","URBAN_RURAL","VAN_COUNT","VEHICLE_COUNT","WEATHER1","WEATHER2","WORKERS_PRES","WORK_ZONE_IND","WORK_ZONE_LOC","WORK_ZONE_TYPE","WZ_CLOSE_DETOUR","WZ_FLAGGER","WZ_LAW_OFFCR_IND","WZ_LN_CLOSURE","WZ_MOVING","WZ_OTHER","WZ_SHLDER_MDN","WZ_WORKERS_INJ_KILLED"
"2006073579","","1","0","0","0","0","0","0","0","0","4","0","","02","6","2006","3","40.4862","-79.8141","","11","0","0","0","0","0","1","0","0","2","0","0","0","","","0","","0","","40 29:10.320","2","0","79 48:50.760","0","0","0","0","2113","0","0","0","N","0","0","0","2","02113","0","","1.0","","1","N","N","","0","","0","0","1","","0","N","","2","0","0","0","0","0","0","2","0","2","","","","N","","","","","","","","","",""
"2006073580","","1","0","0","0","0","0","0","0","0","4","0","","02","6","2006","4","40.456389","-79.823083","","11","0","0","0","0","0","0","0","0","1","0","0","0","","","0","","2","","40 27:23.000","7","0","79 49:23.097","0","0","0","0","2113","0","0","0","","0","0","0","2","02113","0","","1.0","","1","N","N","","0","","0","0","0","","3","N","","2","0","0","0","0","0","0","2","1","2","","","","N","","","","","","","","","",""
"2006073581","","2","0","0","0","0","0","0","0","0","1","0","","02","6","2006","2","40.458889","-79.823252","","11","0","0","0","0","0","0","1","0","","0","0","0","","","0","","1","","40 27:32.000","","0","79 49:23.707","0","0","0","0","2113","0","0","0","N","0","0","0","2","02113","0","","1.0","","1","N","N","","0","","0","0","0","","0","","","2","0","0","0","0","0","0","2","0","2","","","","N","","","","","","","","","",""
"2006073583","","2","0","0","0","0","0","0","0","0","1","0","","02","6","2006","3","40.4552","-79.8231","","11","0","0","0","0","0","0","0","0","","0","0","0","","","0","","0","","40 27:18.720","","0","79 49:23.160","0","0","0","0","2113","0","0","0","N","0","0","0","3","02113","0","","1.0","","1","N","N","","0","","0","0","0","","0","","","2","0","0","0","0","0","0","2","0","2","","","","N","","","","","","","","","",""
"2006073584","","2","0","0","0","0","0","0","0","0","4","0","","02","6","2006","3","40.459436","-79.844022","","11","0","0","0","1","0","1","0","0","","0","0","0","","","1","","1","","40 27:33.969","","0","79 50:38.479","8","0","0","0","2113","0","0","0","N","0","0","0","2","02113","0","","1.0","","9","N","N","","0","","0","0","0","","3","","","2","1","0","0","0","1","0","2","0","2","","","","N","","","","","","","","","",""
"2006073585","","1","0","0","0","0","0","0","0","0","7","0","","02","6","2006","7","","","","11","0","0","0","0","0","0","1","0","","0","0","0","","","0","","0","","","","3","","0","0","0","0","2456","0","0","0","N","0","0","0","1","02456","0","","4.0","","1","N","N","","0","","0","0","0","","0","","","1","0","0","0","0","0","0","1","0","1","","","","N","","","","","","","","","",""
"2006073608","","1","0","0","0","0","0","0","0","0","1","0","","02","7","2006","3","40.433889","-79.751385","","11","1","0","0","0","0","0","0","0","","0","0","0","","","0","","0","","40 26:02.000","","0","79 45:04.987","0","0","0","0","2446","0","0","0","N","0","0","0","3","02446","0","","1.0","","9","N","N","","0","","0","0","1","","0","","","2","0","1","0","0","0","0","2","0","2","","05","","N","","","","","","","","","",""
"2006073609","","2","0","0","0","0","0","0","0","0","4","0","","02","7","2006","7","40.448056","-79.709437","","11","0","0","0","0","0","1","0","0","","0","0","0","","","2","","0","","40 26:53.000","","0","79 42:33.972","4","0","0","0","2446","0","0","0","N","0","0","0","4","02446","2","","1.0","","1","N","N","","0","","0","0","0","","0","","","2","2","0","0","0","0","0","2","0","2","","","","N","","","","","","","","","",""
"2006073615","","2","0","0","0","0","0","0","0","0","2","0","","02","7","2006","2","40.435115","-79.768473","","11","0","0","0","0","0","0","0","0","","0","0","0","","","2","","1","","40 26:06.414","","0","79 46:06.502","4","0","0","0","2446","0","0","0","N","0","0","0","2","02446","2","","1.0","","1","N","N","","0","","0","0","0","","2","","","2","2","0","0","0","0","0","2","0","2","","","","N","","","","","","","","","",""
"2006073775","","1","0","0","0","0","0","0","0","0","2","0","","02","7","2006","1","40.503866","-79.965543","","11","0","0","1","0","0","0","0","0","2","0","0","0","","","2","","2","","40 30:13.919","5","0","79 57:55.956","4","0","0","0","2118","0","0","0","N","0","0","0","5","02118","2","","1.0","","1","N","N","","1","","0","0","0","","0","Y","","2","2","0","0","0","0","1","2","0","2","","","","N","","","","","","","","","",""
"2006073776","","1","0","0","0","0","0","0","0","0","7","0","","02","7","2006","4","40.495068","-80.028732","","11","0","0","0","0","0","1","0","0","3","0","0","0","","","1","","0","","40 29:42.244","6","0","80 01:43.435","4","0","0","0","2116","0","0","0","N","0","0","0","1","02116","1","","2.0","","1","N","N","","0","","0","0","0","","0","Y","","1","1","0","0","0","0","0","2","0","1","","","","N","","","","","","","","","",""
"2006073785","","1","0","0","0","0","0","1","0","0","5","1","","02","7","2006","3","","","","11","0","0","0","0","0","1","0","0","","0","0","0","","","2","","1","","","","0","","4","0","0","0","2301","0","0","0","N","0","0","0","3","02503","2","","1.0","","1","N","N","","0","","0","0","0","","2","","","2","2","0","0","0","0","0","1","0","2","","","","N","","","","","","","","","",""
"2006073788","","2","0","0","0","0","0","0","0","0","1","0","35","02","7","2006","6","40.403333","-80.058056","","11","0","0","0","1","0","1","0","1","2","0","0","0","","","1","","1","","40 24:12.000","1","0","80 03:29.002","4","0","0","0","2117","0","0","0","N","0","0","0","5","02117","1","","1.0","","1","N","N","","1","","0","0","0","","2","N","","4","1","0","0","0","0","0","2","1","4","","","Y","Y","4","1","","","N","Y","","","Y",""
"2006073792","","1","0","0","0","0","0","0","0","0","1","0","","02","7","2006","4","40.536944","-79.839132","","11","0","0","0","0","0","1","0","0","","0","0","0","","","0","","1","","40 32:13.000","","0","79 50:20.874","0","0","0","0","2208","0","0","0","N","0","0","0","2","02208","0","","1.0","","1","N","N","","1","","0","0","0","","0","","","2","0","0","0","0","0","0","2","0","2","","","","N","","","","","","","","","",""
"2006073794","","1","0","0","0","0","0","0","0","0","1","0","","02","7","2006","5","40.298333","-79.92087","","11","0","0","0","0","0","1","0","0","2","0","0","0","","","0","","2","","40 17:54.000","2","0","79 55:15.131","0","0","0","0","2440","0","0","0","N","0","0","0","2","02440","0","","1.0","","1","N","N","","0","","0","0","1","","0","N","","2","0","0","0","0","0","0","2","0","2","","","","N","","","","","","","","","",""
"2006073795","","2","0","0","0","0","0","0","0","0","1","0","","02","7","2006","6","40.3272","-79.9446","","11","0","0","1","0","0","0","0","0","","0","0","0","","","1","","0","","40 19:37.920","","0","79 56:40.560","4","0","0","0","2454","0","0","0","N","0","0","0","6","02454","1","","1.0","","1","N","N","","0","","0","0","0","","0","","","2","1","0","0","0","0","0","2","0","2","","","","N","","","","","","","","","",""
"2006073806","","1","0","0","0","0","0","0","0","0","7","0","","02","7","2006","6","40.52314","-79.955875","","11","1","0","0","0","0","0","0","0","","0","0","0","","","0","","2","","40 31:23.304","","0","79 57:21.150","0","0","0","0","2118","0","0","0","N","0","0","0","1","02118","0","","5.0","","1","N","N","","0","","0","0","0","","0","","","1","0","0","0","0","0","0","2","0","1","","","","N","","","","","","","","","",""
"2006073846","","1","0","0","0","0","0","0","0","0","7","0","","02","7","2006","3","40.386851","-79.981172","","11","0","0","0","0","0","1","0","0","","0","0","0","","","0","","0","","40 23:12.663","","0","79 58:52.219","0","0","0","0","2301","0","0","0","N","0","0","0","1","02301","0","","2.0","","9","N","N","","0","","0","0","0","","0","","","1","0","0","0","0","0","0","2","0","1","","","","N","","","","","","","","","",""
"2006073847","","3","0","0","0","0","0","0","0","0","5","0","","02","7","2006","5","40.473889","-80.015318","","11","0","0","0","0","0","0","0","0","","0","0","0","","","0","","2","","40 28:26.000","","0","80 00:55.143","0","0","0","0","2301","0","0","0","N","0","0","0","3","02301","0","","1.0","","1","N","N","","0","","0","0","0","","0","","","3","0","0","0","0","0","0","2","0","3","","","","N","","","","","","","","","",""
"2006073850","","1","0","0","0","0","0","0","0","0","4","0","","02","6","2006","1","40.411429","-79.990944","","11","0","0","0","0","0","0","0","0","","0","0","0","","","1","","2","","40 24:41.144","","0","79 59:27.398","3","0","0","1","2301","0","0","0","N","0","0","0","1","02301","0","","1.0","","1","N","N","","0","","1","0","0","","0","","","2","1","0","0","0","0","0","2","0","2","","","","N","","","","","","","","","",""
"2006073859","","2","0","0","0","0","0","0","0","0","4","0","","02","7","2006","6","40.4704","-80.0604","","11","0","0","0","0","0","1","0","0","","0","0","0","","","0","","0","","40 28:13.440","","7","80 03:37.440","0","0","0","0","2444","0","0","0","N","0","0","0","2","02444","0","","9.0","","1","N","N","","0","","0","0","0","","0","","","2","0","0","0","0","0","0","2","0","2","","","","N","","","","","","","","","",""
"2006073920","","1","0","0","0","0","0","0","0","0","7","0","","02","6","2006","1","","","","11","0","0","0","0","0","0","0","0","","0","0","0","","","0","","2","","","","0","","0","0","0","0","2214","0","0","0","N","0","0","0","1","02214","0","","4.0","","1","N","N","","0","","0","0","0","","0","","","1","0","1","0","0","0","0","1","0","1","","","","N","","","","","","","","","",""
"2006073949","","1","0","0","0","0","0","0","0","0","7","0","","02","7","2006","6","40.556554","-79.959746","","11","0","0","0","0","0","0","1","0","2","0","0","0","","","2","","0","","40 33:23.594","5","0","79 57:35.086","2","0","0","0","2207","0","0","0","N","0","0","0","2","02207","0","","5.0","","1","N","N","","0","","1","1","0","","0","Y","","1","2","1","0","1","0","0","2","0","1","","","","N","","","","","","","","","",""
"2006073957","","1","0","0","0","0","0","0","0","0","7","0","","02","7","2006","6","40.375339","-80.069928","","11","0","0","0","0","0","0","0","0","2","0","0","0","","","1","","0","","40 22:31.221","4","0","80 04:11.742","4","0","0","0","2109","0","0","0","N","0","0","0","1","02109","1","","5.0","","1","N","N","","0","","0","0","0","","0","N","","1","1","0","0","0","0","0","2","0","1","","","","N","","","","","","","","","",""
"2006073958","","2","0","0","0","0","0","0","0","0","1","0","","02","6","2006","4","40.470971","-80.060758","","11","0","0","0","0","0","0","0","0","3","0","0","0","","","1","","0","","40 28:15.496","5","0","80 03:38.728","2","0","0","0","2444","0","0","0","N","0","0","0","1","02444","0","","1.0","","1","N","N","","0","","0","1","0","","0","Y","","2","1","0","0","0","0","0","2","0","2","","","","N","","","","","","","","","",""
"2006073959","","1","0","0","0","0","0","0","0","0","8","0","","02","7","2006","7","","","","11","0","0","0","0","0","0","0","0","","0","0","0","","","1","","0","","","","0","","3","0","0","0","2444","1","0","0","N","1","0","0","2","02444","0","","1.0","","1","N","N","","0","","1","0","0","","0","","","2","1","1","0","0","0","0","1","0","1","","","","N","","","","","","","","","",""
"2006073978","","0","0","0","0","0","0","0","0","0","4","0","","02","7","2006","6","","","","11","0","0","0","0","0","0","0","0","","0","0","0","","","0","","1","","","","0","","0","0","0","0","2203","0","0","0","N","0","0","0","3","02203","0","","1.0","","9","N","N","","0","","0","0","1","","3","","","2","0","0","0","0","0","0","1","1","2","","","","N","","","","","","","","","",""
"2006073980","","1","0","0","0","0","0","0","0","0","2","0","","02","7","2006","6","40.341471","-79.985063","","11","0","0","0","0","0","1","0","1","1","0","0","0","","","2","","0","","40 20:29.294","6","0","79 59:06.227","4","0","0","0","2403","0","0","0","N","0","0","0","2","02403","2","","1.0","","1","N","N","","0","","0","0","0","","0","Y","","2","2","0","0","0","0","0","2","1","2","","","","N","","","","","","","","","",""
"2006073991","","2","0","0","0","0","0","0","0","0","1","0","","02","7","2006","6","40.3375","-79.9511","","11","0","0","0","0","0","0","0","0","","0","0","0","","","1","","0","","40 20:15.000","","0","79 57:03.960","4","0","0","0","2454","0","0","0","N","0","0","0","2","02454","1","","1.0","","1","N","N","","0","","0","0","0","","0","","","2","1","0","0","0","0","0","2","0","2","","","","N","","","","","","","","","",""
"2006073993","","2","0","0","0","0","0","0","0","0","4","0","","02","7","2006","7","40.652222","-79.792593","","11","0","0","0","0","0","0","1","0","1","0","0","0","","","2","","1","","40 39:08.000","7","0","79 47:33.335","4","0","0","0","2202","0","0","0","Y","0","0","0","2","02202","2","","1.0","","9","N","N","","0","","0","0","0","","3","Y","","2","2","0","0","0","0","0","1","0","2","","","","N","","","","","","","","","",""
"2006073994","","1","0","0","0","0","0","1","0","0","7","1","","02","7","2006","6","40.463586","-79.952975","","11","0","0","0","0","0","0","0","0","2","0","0","0","","","0","","2","","40 27:48.909","3","3","79 57:10.710","0","0","0","0","2301","0","0","0","N","0","0","0","2","02503","0","","3.0","","9","N","N","","0","","0","0","0","","2","N","","2","0","0","0","0","0","0","2","0","2","","","","N","","","","","","","","","",""
"2006073996","","1","0","0","0","0","0","0","0","0","7","0","","02","7","2006","6","","","","11","0","0","0","0","0","0","0","0","","0","0","0","","","0","","0","","40 27:28.80","","0","79 59:56.04","0","0","0","0","2301","0","0","0","N","0","0","0","1","02503","0","","2.0","","9","N","N","","0","","0","0","0","","0","","","1","0","0","0","0","0","0","2","0","1","","","","N","","","","","","","","","",""
"2006073998","","2","0","0","0","0","0","0","0","0","1","0","","02","7","2006","7","40.494167","-79.958544","","11","0","0","0","0","0","0","0","1","","0","0","0","","","1","","1","","40 29:39.000","","0","79 57:30.759","4","0","0","0","2118","0","0","0","N","0","0","0","3","02118","1","","1.0","","1","N","N","","0","","0","0","0","","0","","","2","1","1","0","0","0","0","2","0","2","","","","N","","","","","","","","","",""
"2006073999","","3","0","0","0","0","0","0","0","0","4","0","","02","7","2006","5","40.431944","-80.144991","","11","0","0","0","0","0","0","0","2","","0","0","0","","","0","","1","","40 25:55.000","","0","80 08:41.968","0","0","0","0","2102","0","0","0","N","0","0","0","2","02102","0","","1.0","","1","N","N","","0","","0","0","0","","3","","","3","0","0","0","0","0","0","2","0","3","","","","N","","","","","","","","","",""
"2006074000","","1","0","0","1","0","0","0","0","0","8","0","","02","7","2006","7","","","","11","0","0","0","0","0","0","0","0","1","0","0","0","","","1","","2","","","3","0","","8","0","0","0","2466","1","0","0","N","0","0","0","2","02466","0","","1.0","","1","N","N","","0","","0","0","0","","0","N","","2","1","0","0","0","1","0","1","0","1","","","","N","","","","","","","","","",""
"2006074001","","2","0","0","0","0","0","0","0","0","1","0","","02","7","2006","5","40.313056","-79.938721","","11","0","0","0","0","0","1","0","0","1","0","0","0","","","1","","1","","40 18:47.000","2","0","79 56:19.395","8","0","0","0","2440","0","0","0","N","0","0","0","4","02440","0","","1.0","","1","N","N","","0","","0","0","0","","2","Y","","2","1","0","0","0","1","0","2","0","2","","","","N","","","","","","","","","",""
"2006074005","","2","0","0","0","0","0","0","0","0","4","0","","02","7","2006","6","40.331108","-80.030695","","11","0","0","0","0","0","2","0","0","","0","0","0","","","0","","2","","40 19:51.988","","0","80 01:50.502","0","0","0","0","2407","0","0","0","N","0","0","0","2","02407","0","","1.0","","1","N","N","","0","","0","0","0","","3","","","2","0","0","0","0","0","0","2","0","2","","","","N","","","","","","","","","",""
"2006074006","","1","0","0","0","0","0","0","0","0","8","0","","02","7","2006","6","","","","11","0","0","0","0","0","0","0","1","","0","0","0","","","1","","0","","","","7","","4","0","0","0","2407","1","0","0","N","1","0","0","2","02407","1","","1.0","","1","N","N","","0","","0","0","0","","0","","","2","1","0","0","0","0","0","1","0","1","","","","N","","","","","","","","","",""
"2006074007","","2","0","0","0","0","0","0","0","0","1","0","","02","7","2006","6","40.325443","-80.025872","","11","0","0","1","0","0","1","0","0","","0","0","0","","","1","","2","","40 19:31.596","","0","80 01:33.138","4","0","0","0","2407","0","0","0","N","0","0","0","3","02407","1","","1.0","","1","N","N","","0","","0","0","0","","0","","","3","1","0","0","0","0","0","2","1","3","","","","N","","","","","","","","","",""
"2006074012","","1","0","0","0","0","0","0","0","0","4","0","","02","7","2006","7","40.378333","-79.804123","","11","0","0","0","0","0","0","0","0","1","0","0","0","","","2","","2","","40 22:42.000","3","0","79 48:14.842","4","0","0","0","2111","0","0","0","N","0","0","0","3","02111","2","","1.0","","1","N","N","","1","","0","0","0","","0","N","","2","2","1","0","0","0","0","2","0","2","","","","N","","","","","","","","","",""
"2006074013","","3","0","0","0","0","0","0","0","0","1","0","","02","7","2006","6","40.6517","-79.9363","","11","0","0","0","0","0","2","0","0","","0","0","0","","","2","","0","","40 39:06.120","","0","79 56:10.680","4","0","0","0","2207","0","0","0","N","0","0","0","2","02207","2","","1.0","","1","N","N","","0","","0","0","0","","2","","","3","2","1","0","0","0","0","2","0","3","","","","N","","","","","","","","","",""
"2006074016","","1","0","0","0","0","0","0","0","0","7","0","","02","7","2006","7","40.233611","-79.946961","","11","0","0","0","0","0","0","0","0","2","0","0","0","","","1","","0","","40 14:01.000","6","0","79 56:49.061","4","0","0","0","2204","0","0","0","Y","0","0","0","1","02204","1","","4.0","","9","N","N","","0","","0","0","0","","0","N","","1","1","0","0","0","0","0","1","0","1","","","","N","","","","","","","","","",""
"2006074023","","0","0","0","0","0","0","0","0","0","2","0","90","02","7","2006","7","40.4775","-79.737882","","11","0","0","1","0","0","0","0","0","1","0","0","0","","","2","","0","","40 28:39.000","6","0","79 44:16.376","3","0","0","0","2466","0","0","0","N","0","0","0","4","02466","1","","1.0","","1","N","N","","1","","1","0","1","","8","N","","2","2","1","0","0","0","0","2","0","2","","","Y","Y","2","1","","","N","","Y","","",""
"2006074025","","2","0","0","0","0","0","0","0","0","1","0","","02","7","2006","7","40.464294","-79.758862","","11","0","0","0","0","0","0","0","0","","0","0","0","","","1","","0","","40 27:51.458","","0","79 45:31.903","4","0","0","0","2466","0","0","0","N","0","0","0","3","02466","1","","1.0","","9","N","N","","0","","0","0","0","","0","","","2","1","0","0","0","0","0","2","0","2","","","","N","","","","","","","","","",""
"2006074026","","0","0","0","0","0","0","0","0","0","8","0","","02","7","2006","3","","","","11","0","0","0","0","0","1","0","0","","0","0","0","","","1","","0","","","","7","","4","0","0","0","2474","1","0","0","N","1","0","0","2","02474","1","","6.0","","1","N","N","","0","","0","0","1","","0","","","2","1","0","0","0","0","0","1","0","1","","","","N","","","","","","","","","",""
"2006074036","","1","0","0","0","0","0","0","0","0","1","0","","02","7","2006","6","40.505556","-79.994081","","11","0","0","1","0","0","1","0","0","2","0","0","0","","","1","","0","","40 30:20.000","6","0","79 59:38.693","3","0","0","0","2116","0","0","0","N","0","0","0","2","02116","0","","1.0","","9","N","N","","1","","1","0","0","","0","N","","2","1","1","0","0","0","0","2","0","2","","","","N","","","","","","","","","",""
"2006074057","","2","0","0","0","0","0","0","0","0","1","0","","02","7","2006","2","40.3575","-80.050064","","11","0","0","0","0","0","1","0","0","","0","0","0","","","2","","0","","40 21:27.000","","0","80 03:00.229","4","0","0","0","2407","0","0","0","N","0","0","0","6","02407","2","","1.0","","1","N","N","","0","","0","0","0","","2","","","3","2","1","0","0","0","0","2","1","3","","","","N","","","","","","","","","",""
"2006074065","","1","0","0","0","0","0","0","0","0","7","0","","02","7","2006","7","","","","11","0","0","0","1","0","0","0","0","2","0","0","0","","","1","","0","","","5","0","","4","0","0","0","2470","0","0","0","N","0","0","0","2","02424","1","","5.0","","1","N","N","","0","","0","0","0","","0","N","","1","1","0","0","0","0","0","1","0","1","","","","N","","","","","","","","","",""
"2006074073","","2","0","0","0","0","0","0","0","0","4","0","","02","7","2006","1","40.3312","-79.9456","","11","0","0","1","0","0","0","0","0","","0","0","0","","","0","","0","","40 19:52.320","","0","79 56:44.160","0","0","0","0","2454","0","0","0","N","0","0","0","5","02454","0","","1.0","","1","N","N","","0","","0","0","0","","2","","","2","0","2","0","0","0","0","2","0","2","","","","N","","","","","","","","","",""
"2006074079","","0","0","0","0","0","0","0","0","0","7","0","","02","7","2006","7","40.517585","-80.058319","","11","0","0","0","0","1","0","0","0","","0","0","0","","","0","","0","","40 31:03.306","","0","80 03:29.948","0","0","0","0","2116","0","0","0","N","0","0","0","1","02116","0","","2.0","","1","N","N","","0","","0","0","1","","0","","","1","0","0","0","0","0","0","2","0","1","","","","N","","","","","","","","","",""
"2006074081","","1","0","0","0","0","0","0","0","0","7","0","","02","7","2006","7","","","","11","0","0","0","0","0","0","0","0","","0","0","0","","","1","","7","","40 26:30.84","","2","79 49:33.60","4","0","0","0","2419","0","0","0","Y","0","0","0","1","02419","1","","4.0","","1","N","N","","0","","0","0","0","","3","","","1","1","0","0","0","0","0","2","0","1","","","","N","","","","","","","","","",""
"2006074083","","2","0","0","0","0","0","0","0","0","4","0","25","02","7","2006","4","","","","11","0","0","0","0","0","1","0","0","","0","0","0","","","1","","1","","","","0","","4","0","0","0","2111","0","0","0","N","0","0","0","3","02111","1","","1.0","","1","N","N","","0","","0","0","0","","2","","","2","1","0","0","0","0","0","1","0","2","","","Y","Y","4","1","","","N","Y","","","Y",""
"2006074090","","1","0","0","0","0","0","0","0","0","7","0","","02","7","2006","5","40.5438","-79.964","","11","0","0","0","0","0","0","0","1","1","0","0","0","","","1","","0","","40 32:37.680","1","0","79 57:50.400","8","0","0","0","2118","0","0","0","N","0","0","0","1","02118","0","","1.0","","1","N","N","","0","","0","0","0","","0","N","","1","1","0","0","0","1","0","2","0","1","","","","N","","","","","","","","","",""
"2006074108","","1","0","0","0","0","0","0","0","0","7","0","","02","7","2006","7","40.555726","-79.8078","","11","0","0","0","0","0","0","0","0","","0","0","0","","","1","","0","","40 33:20.613","","0","79 48:28.080","4","0","0","0","2121","0","0","0","N","0","0","0","1","02121","1","","2.0","","1","N","N","","0","","0","0","0","","0","","","1","1","0","0","0","0","0","2","0","1","","","","N","","","","","","","","","",""
"2006074113","","1","0","0","0","0","0","0","0","0","2","0","","02","7","2006","7","40.631631","-79.880017","","11","0","0","0","0","0","0","0","0","","0","0","0","","","0","","0","","40 37:53.871","","0","79 52:48.061","0","0","0","0","2220","0","0","0","N","0","0","0","1","02220","0","","2.0","","1","N","N","","1","","0","0","0","","0","","","2","0","1","0","0","0","0","2","0","2","","","","N","","","","","","","","","",""
"2006074114","","2","0","0","0","0","0","0","0","0","1","0","","02","7","2006","1","","","","11","0","0","0","0","0","0","0","0","1","0","0","0","","","2","","0","","","1","0","","4","0","0","0","2111","0","0","0","N","0","0","0","8","02111","2","","1.0","","1","N","N","","0","","0","0","1","","0","N","","3","2","0","0","0","0","0","1","0","3","","","","N","","","","","","","","","",""
"2006074120","","1","0","0","0","0","0","0","0","0","4","0","","02","7","2006","6","40.5221","-80.2174","","11","0","0","0","0","0","0","0","0","2","0","0","0","","","1","","0","","40 31:19.560","2","0","80 13:02.640","4","0","0","0","2213","0","0","0","N","0","0","0","2","02213","1","","1.0","","1","N","N","","1","","0","0","0","","3","N","","2","1","0","0","0","0","0","2","0","2","","","","N","","","","","","","","","",""
"2006074121","","2","0","0","0","0","0","0","0","0","4","0","","02","7","2006","4","40.330833","-80.021821","","11","0","0","0","0","0","0","1","0","","0","0","0","","","0","","0","","40 19:51.000","","7","80 01:18.554","0","0","0","0","2407","0","0","0","N","0","0","0","2","02407","0","","1.0","","1","N","N","","0","","0","0","0","","0","","","2","0","0","0","0","0","0","2","0","2","","","","N","","","","","","","","","",""
"2006074122","","4","0","0","0","0","0","0","0","0","1","0","","02","7","2006","1","40.395278","-80.033584","","11","0","0","0","0","0","0","0","0","","0","0","0","","","0","","0","","40 23:43.000","","0","80 02:00.903","0","0","0","0","2422","0","0","0","N","0","0","0","5","02422","0","","1.0","","1","N","N","","0","","0","0","0","","0","","","4","0","0","0","0","0","0","2","0","4","","","","N","","","","","","","","","",""
"2006074165","","1","0","0","0","0","0","0","0","0","1","0","","02","6","2006","6","40.464444","-79.979874","","11","0","0","0","1","0","1","0","0","1","0","0","0","","","1","","0","","40 27:52.000","1","0","79 58:47.546","8","0","0","0","2301","0","0","0","N","0","0","0","3","02301","0","","1.0","","1","N","N","","0","","0","0","1","","0","N","","2","1","0","0","0","1","0","2","0","2","","","","N","","","","","","","","","",""
"2006074173","","3","0","0","0","0","0","0","0","0","2","0","","02","7","2006","2","40.4611","-79.9827","","11","0","0","0","0","0","1","0","0","","0","0","0","","","0","","0","","40 27:39.960","","0","79 58:57.720","0","0","0","0","2430","0","0","0","N","0","0","0","5","02430","0","","1.0","","1","N","N","","1","","0","0","0","","0","","","5","0","0","0","0","0","0","2","1","5","","","","N","","","","","","","","","",""
"2006074179","","1","0","0","0","0","0","0","0","0","4","0","","02","7","2006","1","40.435681","-80.064795","","11","0","0","0","0","0","0","0","0","","0","0","0","","","0","","1","","40 26:08.453","","0","80 03:53.263","0","0","0","0","2421","0","0","0","N","0","0","0","0","02421","0","","1.0","","1","N","N","","1","","0","0","0","","2","","","2","0","0","0","0","0","0","2","0","2","","","","N","","","","","","","","","",""
"2006074185","","3","0","0","0","0","0","0","0","0","2","0","","02","7","2006","2","40.406111","-79.912107","","11","0","0","1","0","0","0","0","0","1","0","0","0","","","2","","1","","40 24:22.000","4","0","79 54:43.586","4","0","0","0","2438","0","0","0","N","0","0","0","6","02438","1","","1.0","","1","N","N","","0","","0","0","0","","2","Y","","3","2","0","0","0","1","0","2","0","3","","","","N","","","","","","","","","",""
"2006074188","","0","0","0","0","0","0","0","0","0","5","1","","02","7","2006","2","40.339","-79.9563","","11","0","0","0","0","0","1","0","0","1","0","1","0","","","0","","0","","40 20:20.400","2","0","79 57:22.680","9","0","0","0","2440","0","0","0","N","0","0","0","1","02440","0","","1.0","","1","N","N","","1","","0","0","0","","0","N","","2","0","0","0","0","0","1","2","0","2","","","","N","","","","","","","","","",""