"CRN","ARRIVAL_TM","AUTOMOBILE_COUNT","BELTED_DEATH_COUNT","BELTED_SUSP_SERIOUS_INJ_COUNT","BICYCLE_COUNT","BICYCLE_DEATH_COUNT","BICYCLE_SUSP_SERIOUS_INJ_COUNT","BUS_COUNT","CHLDPAS_DEATH_COUNT","CHLDPAS_SUSP_SERIOUS_INJ_COUNT","COLLISION_TYPE","COMM_VEH_COUNT","CONS_ZONE_SPD_LIM","COUNTY","CRASH_MONTH","CRASH_YEAR","DAY_OF_WEEK","DEC_LATITUDE","DEC_LONGITUDE","DISPATCH_TM","DISTRICT","DRIVER_COUNT_16YR","DRIVER_COUNT_17YR","DRIVER_COUNT_18YR","DRIVER_COUNT_19YR","DRIVER_COUNT_20YR","DRIVER_COUNT_50_64YR","DRIVER_COUNT_65_74YR","DRIVER_COUNT_75PLUS","EST_HRS_CLOSED","FATAL_COUNT","HEAVY_TRUCK_COUNT","HORSE_BUGGY_COUNT","HOUR_OF_DAY","ILLUMINATION","INJURY_COUNT","INTERSECTION_RELATED","INTERSECT_TYPE","LANE_CLOSED","LATITUDE","LN_CLOSE_DIR","LOCATION_TYPE","LONGITUDE","MAX_SEVERITY_LEVEL","MCYCLE_DEATH_COUNT","MCYCLE_SUSP_SERIOUS_INJ_COUNT","MOTORCYCLE_COUNT","MUNICIPALITY","NONMOTR_COUNT","NONMOTR_DEATH_COUNT","NONMOTR_SUSP_SERIOUS_INJ_COUNT","NTFY_HIWY_MAINT","PED_COUNT","PED_DEATH_COUNT","PED_SUSP_SERIOUS_INJ_COUNT","PERSON_COUNT","POLICE_AGCY","POSSIBLE_INJ_COUNT","RDWY_SURF_TYPE_CD","RELATION_TO_ROAD","ROADWAY_CLEARED","ROAD_CONDITION","SCH_BUS_IND","SCH_ZONE_IND","SECONDARY_CRASH","SMALL_TRUCK_COUNT","SPEC_JURIS_CD","SUSP_MINOR_INJ_COUNT","SUSP_SERIOUS_INJ_COUNT","SUV_COUNT","TCD_FUNC_CD","TCD_TYPE","TFC_DETOUR_IND","TIME_OF_DAY","TOTAL_UNITS","TOT_INJ_COUNT","UNBELTED_OCC_COUNT","UNB_DEATH_COUNT","UNB_SUSP_SERIOUS_INJ_COUNT","UNK_INJ_DEG_COUNT","UNK_INJ_PER_COUNT","URBAN_RURAL","VAN_COUNT","VEHICLE_COUNT","WEATHER1","WEATHER2","WORKERS_PRES","WORK_ZONE_IND","WORK_ZONE_LOC","WORK_ZONE_TYPE","WZ_CLOSE_DETOUR","WZ_FLAGGER","WZ_LAW_OFFCR_IND","WZ_LN_CLOSURE","WZ_MOVING","WZ_OTHER","WZ_SHLDER_MDN","WZ_WORKERS_INJ_KILLED"
"2006077109","","1","0","0","0","0","0","0","0","0","4","0","","02","8","2006","3","40.343333","-80.060351","","11","0","0","0","0","0","1","0","0","2","0","0","0","","","0","","1","","40 20:36.000","2","0","80 03:37.262","0","0","0","0","2123","0","0","0","N","0","0","0","2","02123","0","","1.0","","1","N","N","","1","","0","0","0","","2","Y","","2","0","0","0","0","0","0","2","0","2","","","","N","","","","","","","","","",""
"2006077110","","2","0","1","0","0","0","0","0","0","1","0","","02","8","2006","3","40.432222","-79.730585","","11","0","0","1","0","0","1","0","0","1","0","0","0","","","2","","0","","40 25:56.000","4","0","79 43:50.105","2","0","0","0","2446","0","0","0","N","0","0","0","3","02446","0","","1.0","","1","N","N","","0","","1","1","1","","0","N","","3","2","0","0","0","0","0","2","0","3","","","","N","","","","","","","","","",""
"2006077119","","1","0","0","0","0","0","0","0","0","4","1","","02","8","2006","4","40.540304","-79.88935","","11","0","0","0","0","0","2","0","0","2","0","1","0","","","0","","3","","40 32:25.094","7","0","79 53:21.660","0","0","0","0","2432","0","0","0","N","0","0","0","6","02432","0","","1.0","","1","N","N","","0","","0","0","0","","4","N","","2","0","1","0","0","0","0","2","0","2","","","","N","","","","","","","","","",""
"2006077133","","2","0","0","0","0","0","0","0","0","4","0","","02","7","2006","1","40.423715","-79.762001","","11","0","0","0","0","0","2","0","0","2","0","0","0","","","1","","2","","40 25:25.374","5","0","79 45:43.203","4","0","0","0","2446","0","0","0","N","0","0","0","2","02446","1","","1.0","","1","N","N","","0","","0","0","0","","3","Y","","2","1","0","0","0","0","0","2","0","2","","","","N","","","","","","","","","",""
"2006077135","","1","0","0","0","0","0","0","0","0","7","0","","02","7","2006","1","40.44991","-79.761743","","11","0","1","0","0","0","0","0","0","","0","0","0","","","1","","0","","40 26:59.676","","0","79 45:42.274","4","0","0","0","2446","0","0","0","N","0","0","0","1","02446","1","","2.0","","1","N","N","","0","","0","0","0","","0","","","1","1","0","0","0","0","0","2","0","1","","","","N","","","","","","","","","",""
"2006077137","","2","0","0","0","0","0","0","0","0","1","0","","02","8","2006","4","40.490622","-79.783655","","11","0","1","0","0","0","0","0","0","1","0","0","0","","","0","","0","","40 29:26.239","4","0","79 47:01.159","0","0","0","0","2466","0","0","0","N","0","0","0","2","02466","0","","1.0","","1","N","N","","0","","0","0","0","","0","N","","2","0","1","0","0","0","0","2","0","2","","","","N","","","","","","","","","",""
"2006077139","","1","0","0","0","0","0","0","0","0","2","0","","02","7","2006","1","","","","11","0","0","0","0","0","1","0","0","2","0","0","0","","","2","","0","","","5","0","","3","0","0","1","2446","0","0","0","N","0","0","0","3","02446","1","","1.0","","1","N","N","","0","","1","0","0","","0","Y","","2","2","0","0","0","0","0","1","0","2","","","","N","","","","","","","","","",""
"2006077145","","0","0","0","0","0","0","0","0","0","7","0","","02","7","2006","7","40.522659","-80.178557","","11","0","0","0","0","0","1","0","0","","0","0","0","","","1","","0","","40 31:21.573","","0","80 10:42.806","4","0","0","0","2213","0","0","0","N","0","0","0","1","02213","1","","5.0","","1","N","N","","0","","0","0","1","","0","","","1","1","1","0","0","0","0","2","0","1","","","","N","","","","","","","","","",""
"2006077147","","3","0","0","0","0","0","0","0","0","1","0","","02","7","2006","4","40.334167","-80.002986","","11","0","0","0","1","0","0","0","0","","0","0","0","","","2","","1","","40 20:03.000","","0","80 00:10.749","8","0","0","0","2407","0","0","0","N","0","0","0","5","02407","0","","1.0","","1","N","N","","0","","0","0","0","","0","","","3","2","0","0","0","2","0","2","0","3","","","","N","","","","","","","","","",""
"2006077148","","2","0","0","0","0","0","0","0","0","4","0","","02","8","2006","3","40.366111","-80.015031","","11","0","0","0","0","0","0","0","0","","0","0","0","","","1","","0","","40 21:58.000","","0","80 00:54.112","8","0","0","0","2416","0","0","0","N","0","0","0","3","02416","0","","1.0","","1","N","N","","0","","0","0","0","","2","","","2","1","0","0","0","1","0","2","0","2","","","","N","","","","","","","","","",""
"2006077200","","0","0","0","0","0","0","0","0","0","4","0","","02","8","2006","4","40.606848","-79.925099","","11","0","0","0","0","0","0","0","0","3","0","0","0","","","1","","2","","40 36:24.652","5","0","79 55:30.356","3","0","0","1","2207","0","0","0","N","0","0","0","2","02207","0","","1.0","","1","N","N","","0","","1","0","1","","3","Y","","2","1","0","0","0","0","0","2","0","2","","","","N","","","","","","","","","",""
"2006077201","","1","0","0","0","0","0","0","0","0","7","0","","02","8","2006","3","40.37182","-79.944607","","11","0","0","0","0","0","0","0","0","","0","0","0","","","0","","0","","40 22:18.552","","0","79 56:40.584","0","0","0","0","2403","0","0","0","N","0","0","0","1","02403","0","","5.0","","1","N","N","","0","","0","0","0","","0","","","1","0","1","0","0","0","0","2","0","1","","","","N","","","","","","","","","",""
"2006077203","","0","0","0","0","0","0","0","0","0","8","0","","02","6","2006","2","","","","11","0","0","0","0","0","0","0","0","","0","0","0","","","1","","1","","","","0","","2","0","0","0","2438","1","0","1","N","1","0","1","2","02438","0","","1.0","","1","N","N","","0","","0","1","1","","0","","","2","1","0","0","0","0","0","1","0","1","","","","N","","","","","","","","","",""
"2006077210","","0","0","0","1","1","0","0","0","0","8","0","","02","7","2006","7","40.465533","-80.066379","","11","0","0","0","0","0","1","0","0","","1","0","0","","","0","","1","","40 27:55.918","","0","80 03:58.964","1","0","0","0","2444","1","1","0","N","0","0","0","2","02444","0","2","1.0","","1","N","N","","1","0","0","0","0","","2","","","2","0","0","0","0","0","0","2","0","1","","","","N","","","","","","","","","",""
"2006077221","","1","0","0","0","0","0","0","0","0","7","0","","02","8","2006","4","40.387395","-79.946635","","11","0","1","0","0","0","0","0","0","","0","0","0","","","0","","0","","40 23:14.622","","0","79 56:47.886","0","0","0","0","2403","0","0","0","N","0","0","0","1","02403","0","","5.0","","1","N","N","","0","","0","0","0","","0","","","1","0","0","0","0","0","0","2","0","1","","","","N","","","","","","","","","",""
"2006077222","","1","0","0","0","0","0","0","0","0","7","0","","02","8","2006","4","","","","11","0","0","0","0","1","0","0","0","1","0","0","0","","","0","","0","","","3","0","","9","0","0","0","2117","0","0","0","N","0","0","0","1","02117","0","","5.0","","1","N","N","","0","","0","0","0","","0","N","","1","0","0","0","0","0","1","1","0","1","","","","N","","","","","","","","","",""
"2006077226","","2","0","0","0","0","0","0","0","0","4","0","","02","8","2006","4","40.395833","-80.086276","","11","0","0","0","0","2","0","0","0","","0","0","0","","","2","","1","","40 23:45.000","","0","80 05:10.594","4","0","0","0","2117","0","0","0","N","0","0","0","2","02117","2","","1.0","","1","N","N","","0","","0","0","0","","2","","","2","2","0","0","0","0","0","2","0","2","","","","N","","","","","","","","","",""
"2006077229","","1","0","0","0","0","0","0","0","0","4","0","","02","8","2006","3","40.343333","-80.060333","","11","0","0","0","0","0","0","1","0","2","0","0","0","","","1","","1","","40 20:36.000","1","0","80 03:37.197","3","0","0","0","2123","0","0","0","N","0","0","0","2","02123","0","","1.0","","1","N","N","","0","","1","0","1","","2","N","","2","1","0","0","0","0","0","2","0","2","","","","N","","","","","","","","","",""
"2006077230","","1","0","0","0","0","0","0","0","0","7","0","25","02","8","2006","4","","","","11","0","0","0","0","0","0","0","0","1","0","0","0","","","1","","2","","","7","0","","3","0","0","0","2438","0","0","0","N","0","0","0","1","02438","0","","2.0","","1","N","N","","0","","1","0","0","","2","N","","1","1","0","0","0","0","0","1","0","1","","","N","Y","4","1","","","N","","Y","","Y",""
"2006077231","","1","0","0","0","0","0","0","0","0","7","0","","02","8","2006","5","","","","11","0","0","0","0","0","1","0","0","","0","0","0","","","1","","0","","","","0","","3","0","0","0","2415","0","0","0","N","0","0","0","1","02415","0","","2.0","","1","N","N","","0","","1","0","0","","0","","","1","1","1","0","0","0","0","1","0","1","","","","N","","","","","","","","","",""
"2006077252","","2","0","0","0","0","0","0","0","0","1","0","","02","7","2006","3","","","","11","0","0","0","0","0","0","0","1","1","0","0","0","","","3","","0","","","5","0","","4","0","0","0","2121","0","0","0","N","0","0","0","3","02121","3","","1.0","","1","N","N","","0","","0","0","0","","0","Y","","2","3","0","0","0","0","0","1","0","2","","","","N","","","","","","","","","",""
"2006077260","","2","0","0","0","0","0","0","0","0","1","0","","02","7","2006","2","40.407222","-79.890172","","11","0","0","0","0","1","1","1","0","1","0","0","0","","","1","","2","","40 24:26.000","6","0","79 53:24.619","4","0","0","0","2448","0","0","0","N","0","0","0","4","02448","1","","1.0","","1","N","N","","0","","0","0","1","","2","Y","","3","1","0","0","0","0","0","2","0","3","","","","N","","","","","","","","","",""
"2006077287","","1","0","0","0","0","0","0","0","0","6","1","","02","6","2006","3","","","","11","0","0","0","0","0","0","0","0","3","1","1","0","","","2","","0","","40 28:59.52","2","0","80 00:28.08","1","0","0","0","2301","0","0","0","Y","0","0","0","5","68B03","0","1","1.0","","1","N","N","","1","0","2","0","0","","0","Y","","3","2","1","1","0","0","0","2","0","3","","","","N","","","","","","","","","",""
"2006077288","","1","0","0","0","0","0","0","0","0","1","0","","02","7","2006","4","","","","11","0","0","0","0","0","0","0","0","","0","0","0","","","0","","0","","","","1","","0","0","0","0","2475","0","0","0","N","0","0","0","4","02475","0","","1.0","","1","N","N","","2","","0","0","0","","4","","","3","0","0","0","0","0","0","1","0","3","","","","N","","","","","","","","","",""
"2006077290","","1","0","0","0","0","0","0","0","0","4","0","","02","8","2006","3","40.343333","-79.970139","","11","0","0","0","0","0","0","0","0","1","0","0","0","","","1","","1","","40 20:36.000","2","0","79 58:12.501","3","0","0","1","2403","0","0","0","N","0","0","0","2","02403","0","","1.0","","1","N","N","","0","","1","0","0","","2","N","","2","1","0","0","0","0","0","2","0","2","","","","N","","","","","","","","","",""
"2006077291","","0","0","0","0","0","0","0","0","0","7","0","","02","8","2006","5","","","","11","0","0","0","0","0","1","0","0","6","0","0","0","","","0","","0","","","5","0","","0","0","0","0","2432","0","0","0","N","0","0","0","1","02432","0","","5.0","","1","N","N","","0","","0","0","1","","0","Y","","1","0","0","0","0","0","0","1","0","1","","","","N","","","","","","","","","",""
"2006077293","","2","0","0","0","0","0","0","0","0","4","0","","02","8","2006","5","40.518611","-80.267026","","11","0","0","1","0","0","0","0","0","","0","0","0","","","1","","2","","40 31:07.000","","0","80 16:01.294","8","0","0","0","2203","0","0","0","N","0","0","0","4","02203","0","","1.0","","1","N","N","","0","","0","0","0","","3","","","2","1","0","0","0","1","2","2","0","2","","","","N","","","","","","","","","",""
"2006077323","","1","0","0","0","0","0","0","0","0","7","0","","02","8","2006","5","40.382961","-79.806999","","11","0","0","0","0","0","1","0","0","1","0","0","0","","","0","","1","","40 22:58.659","1","0","79 48:25.196","0","0","0","0","2424","0","0","0","N","0","0","0","1","02424","0","","5.0","","1","N","N","","0","","0","0","0","","0","N","","1","0","1","0","0","0","0","2","0","1","","","","N","","","","","","","","","",""
"2006077344","","0","0","0","0","0","0","0","0","0","7","0","","02","8","2006","5","40.421785","-79.749699","","11","0","0","0","0","0","0","1","0","","0","0","0","","","0","","2","","40 25:18.426","","0","79 44:58.916","0","0","0","0","2446","0","0","0","N","0","0","0","1","02446","0","","5.0","","1","N","N","","0","","0","0","1","","0","","","1","0","0","0","0","0","0","2","0","1","","","","N","","","","","","","","","",""
"2006077350","","1","0","0","0","0","0","0","0","0","1","0","","02","7","2006","6","40.524444","-80.22439","","11","0","0","0","1","0","1","0","0","","0","0","0","","","2","","2","","40 31:28.000","","0","80 13:27.803","8","0","0","0","2213","0","0","0","N","0","0","0","3","02213","0","","1.0","","1","N","N","","0","","0","0","1","","0","","","2","2","0","0","0","2","0","2","0","2","","","","N","","","","","","","","","",""
"2006077351","","1","0","0","0","0","0","0","0","0","7","0","","02","8","2006","3","40.331007","-80.013845","","11","1","0","0","0","0","0","0","0","","0","0","0","","","5","","0","","40 19:51.625","","0","80 00:49.842","3","0","0","0","2407","0","0","0","N","0","0","0","5","02407","4","","4.0","","1","N","N","","0","","1","0","0","","0","","","1","5","4","0","0","0","0","2","0","1","","","","N","","","","","","","","","",""
"2006077368","","1","0","0","0","0","0","0","0","0","7","0","","02","8","2006","6","","","","11","0","0","0","0","0","0","0","1","2","0","0","0","","","1","","10","","","3","7","","8","0","0","0","2440","0","0","0","N","0","0","0","1","02440","0","","2.0","","1","N","N","","0","","0","0","0","","0","N","","1","1","0","0","0","1","0","1","0","1","","","","N","","","","","","","","","",""
"2006077371","","2","0","0","0","0","0","0","0","0","1","0","","02","8","2006","6","40.651389","-79.927068","","11","0","0","0","0","0","1","0","0","","0","0","0","","","0","","2","","40 39:05.000","","0","79 55:37.445","0","0","0","0","2217","0","0","0","N","0","0","0","2","02505","0","","1.0","","1","N","N","","0","","0","0","0","","0","","","2","0","0","0","0","0","0","2","0","2","","","","N","","","","","","","","","",""
"2006077374","","1","0","0","0","0","0","0","0","0","7","0","","02","7","2006","7","40.435","-79.9953","","11","0","0","0","0","0","0","0","0","","0","0","0","","","0","","0","","40 26:06.000","","2","79 59:43.080","0","0","0","0","2301","0","0","0","N","0","0","0","2","02301","0","","3.0","","1","N","N","","0","","0","0","0","","0","","","1","0","0","0","0","0","0","2","0","1","","","","N","","","","","","","","","",""
"2006077397","","3","0","0","0","0","0","0","0","0","1","0","","02","7","2006","7","40.440466","-79.991536","","11","0","0","0","0","0","0","0","0","1","0","0","0","","","0","","1","","40 26:25.678","1","0","79 59:29.530","0","0","0","0","2301","0","0","0","N","0","0","0","4","02301","0","","1.0","","1","N","N","","0","","0","0","0","","2","N","","3","0","2","0","0","0","0","2","0","3","","","","N","","","","","","","","","",""
"2006077398","","1","0","0","0","0","0","0","0","0","4","1","","02","7","2006","2","","","","11","0","0","0","0","0","0","0","0","2","0","1","0","","","1","","2","","","3","0","","8","0","0","0","2301","0","0","0","N","0","0","0","3","02301","0","","1.0","","1","N","N","","0","","0","0","0","","0","N","","2","1","0","0","0","1","0","1","0","2","","","","N","","","","","","","","","",""
"2006077399","","1","0","0","0","0","0","0","0","0","4","0","","02","7","2006","5","40.463113","-79.926217","","11","0","0","0","0","0","2","0","0","","0","0","0","","","2","","1","","40 27:47.206","","0","79 55:34.381","4","0","0","0","2301","0","0","0","N","0","0","0","2","02301","2","","1.0","","1","N","N","","0","","0","0","1","","3","","","2","2","0","0","0","0","0","2","0","2","","","","N","","","","","","","","","",""
"2006077400","","1","0","0","0","0","0","0","0","0","2","0","","02","7","2006","4","40.392134","-80.014456","","11","0","0","0","0","0","0","0","0","2","0","0","0","","","1","","0","","40 23:31.682","4","0","80 00:52.041","8","0","0","0","2301","0","0","0","N","0","0","0","1","02301","0","","4.0","","1","N","N","","1","","0","0","0","","0","N","","2","1","1","0","0","1","0","2","0","2","","","","N","","","","","","","","","",""
"2006077401","","0","0","0","0","0","0","0","0","0","7","0","","02","7","2006","5","40.417076","-80.075095","","11","0","0","0","0","0","0","0","0","","0","0","0","","","1","","0","","40 25:01.473","","0","80 04:30.342","4","0","0","0","2301","0","0","0","N","0","0","0","1","02301","1","","4.0","","1","N","N","","0","","0","0","1","","0","","","1","1","0","0","0","0","0","2","0","1","","","","N","","","","","","","","","",""
"2006077402","","0","0","0","0","0","0","0","0","0","1","0","","02","7","2006","5","40.401944","-80.000708","","11","0","0","0","0","0","1","0","0","1","0","0","0","","","1","","2","","40 24:07.000","2","0","80 00:02.549","3","0","0","1","2301","0","0","0","N","0","0","0","2","02301","0","","1.0","","1","N","N","","1","","1","0","0","","2","N","","2","1","0","0","0","0","0","2","0","2","","","","N","","","","","","","","","",""
"2006077403","","1","0","0","0","0","0","0","0","0","7","0","","02","7","2006","7","40.4275","-80.023497","","11","0","0","0","0","0","0","0","0","","0","0","0","","","0","","0","","40 25:39.000","","0","80 01:24.588","0","0","0","0","2301","0","0","0","N","0","0","0","1","02301","0","","4.0","","9","N","N","","0","","0","0","0","","0","","","1","0","0","0","0","0","0","2","0","1","","","","N","","","","","","","","","",""
"2006077404","","2","0","0","0","0","0","0","0","0","4","0","","02","7","2006","7","40.415069","-79.993016","","11","0","1","0","0","0","0","0","0","","0","0","0","","","0","","1","","40 24:54.248","","0","79 59:34.857","0","0","0","0","2301","0","0","0","N","0","0","0","4","02301","0","","1.0","","1","N","N","","0","","0","0","0","","3","","","2","0","0","0","0","0","0","2","0","2","","","","N","","","","","","","","","",""
"2006077405","","2","0","0","0","0","0","0","0","0","4","0","","02","7","2006","1","40.399116","-79.988981","","11","0","0","0","0","0","0","0","0","","0","0","0","","","0","","0","","40 23:56.817","","0","79 59:20.331","9","0","0","0","2301","0","0","0","N","0","0","0","1","02301","0","","1.0","","1","N","N","","0","","0","0","0","","0","","","2","0","0","0","0","0","1","2","0","2","","","","N","","","","","","","","","",""
"2006077406","","2","0","0","0","0","0","0","0","0","2","0","","02","7","2006","1","40.407222","-80.033739","","11","0","0","0","0","0","0","0","0","1","0","0","0","","","0","","2","","40 24:26.000","2","0","80 02:01.462","0","0","0","0","2301","0","0","0","N","0","0","0","3","02301","0","","1.0","","1","N","N","","0","","0","0","0","","2","N","","2","0","0","0","0","0","0","2","0","2","","","","N","","","","","","","","","",""
"2006077407","","1","0","0","0","0","0","0","0","0","7","0","","02","7","2006","7","","","","11","0","0","0","0","0","0","0","0","","0","0","0","","","0","","0","","","","0","","0","0","0","0","2301","0","0","0","N","0","0","0","3","02301","0","","5.0","","9","N","N","","0","","0","0","0","","0","","","1","0","0","0","0","0","0","1","0","1","","","","N","","","","","","","","","",""
"2006077408","","2","0","0","0","0","0","0","0","0","6","0","","02","7","2006","7","40.409756","-80.022821","","11","0","0","0","0","0","0","0","0","","0","0","0","","","0","","0","","40 24:35.121","","0","80 01:22.155","0","0","0","0","2301","0","0","0","N","0","0","0","2","02301","0","","1.0","","1","N","N","","0","","0","0","0","","0","","","2","0","1","0","0","0","0","2","0","2","","","","N","","","","","","","","","",""
"2006077409","","2","0","0","0","0","0","0","0","0","6","0","","02","7","2006","1","40.416945","-80.003952","","11","0","0","0","0","0","0","1","0","","0","0","0","","","0","","0","","40 25:01.002","","0","80 00:14.227","0","0","0","0","2301","0","0","0","N","0","0","0","1","02301","0","","1.0","","1","N","N","","0","","0","0","1","","0","","","3","0","0","0","0","0","0","2","0","3","","","","N","","","","","","","","","",""
"2006077410","","0","0","0","0","0","0","0","0","0","99","0","","02","7","2006","2","40.443025","-80.042698","","11","0","0","0","0","0","0","0","0","","0","0","0","","","1","","0","","40 26:34.891","","0","80 02:33.712","4","0","0","1","2301","0","0","0","N","0","0","0","1","02301","1","","1.0","","1","N","N","","0","","0","0","0","","0","","","1","1","0","0","0","0","0","2","0","1","","","","N","","","","","","","","","",""
"2006077411","","1","0","0","0","0","0","0","0","0","7","0","","02","7","2006","5","40.447","-79.988902","","11","0","0","0","0","0","0","0","0","","0","0","0","","","1","","0","","40 26:49.200","","0","79 59:20.047","4","0","0","0","2301","0","0","0","N","0","0","0","1","02301","1","","5.0","","1","N","N","","0","","0","0","0","","0","","","2","1","0","0","0","0","0","2","0","1","","","","N","","","","","","","","","",""
"2006077412","","2","0","0","0","0","0","0","0","0","5","0","","02","7","2006","6","40.417249","-79.993315","","11","0","0","0","0","0","0","0","0","","0","0","0","","","0","","0","","40 25:02.096","","0","79 59:35.934","9","0","0","0","2301","0","0","0","N","0","0","0","1","02301","0","","6.0","","1","N","N","","0","","0","0","0","","0","","","2","0","0","0","0","0","1","2","0","2","","","","N","","","","","","","","","",""
"2006077413","","2","0","0","0","0","0","0","0","0","4","0","","02","7","2006","6","40.434167","-80.050252","","11","0","0","0","0","0","0","1","0","","0","0","0","","","1","","1","","40 26:03.000","","0","80 03:00.907","4","0","0","0","2301","0","0","0","N","0","0","0","2","02301","1","","1.0","","1","N","N","","0","","0","0","0","","0","","","2","1","0","0","0","0","0","2","0","2","","","","N","","","","","","","","","",""
"2006077414","","1","0","0","0","0","0","0","0","0","8","0","","02","7","2006","7","40.41561","-79.972812","","11","0","0","0","0","0","0","0","0","","0","0","0","","","1","","0","","40 24:56.196","","0","79 58:22.123","4","0","0","0","2301","1","0","0","N","1","0","0","2","02301","1","","1.0","","9","N","N","","0","","0","0","0","","0","","","2","1","0","0","0","0","0","2","0","1","","","","N","","","","","","","","","",""
"2006077415","","0","0","0","0","0","0","0","0","0","7","0","","02","7","2006","6","40.458126","-80.002159","","11","0","0","1","0","0","0","0","0","1","0","0","0","","","0","","2","","40 27:29.253","7","0","80 00:07.772","0","0","0","0","2301","0","0","0","N","0","0","0","1","02301","0","","2.0","","1","N","N","","0","","0","0","1","","0","Y","","1","0","0","0","0","0","0","2","0","1","","","","N","","","","","","","","","",""
"2006077416","","1","0","0","0","0","0","0","0","0","7","0","","02","7","2006","6","40.4593","-80.0305","","11","0","0","0","0","0","0","0","0","","0","0","0","","","1","","0","","40 27:33.480","","0","80 01:49.800","3","0","0","0","2301","0","0","0","N","0","0","0","1","02301","0","","3.0","","1","N","N","","0","","1","0","0","","0","","","1","1","0","0","0","0","0","2","0","1","","","","N","","","","","","","","","",""
"2006077417","","2","0","0","0","0","0","0","0","0","1","0","","02","7","2006","2","40.462054","-79.984036","","11","0","0","0","0","0","0","0","0","2","0","0","0","","","2","","0","","40 27:43.394","6","0","79 59:02.529","4","0","0","0","2301","2","0","0","N","2","0","0","4","02301","2","","1.0","","1","N","N","","2","","0","0","1","","0","Y","","7","2","0","0","0","0","0","2","0","5","","","","N","","","","","","","","","",""
"2006077418","","2","0","0","0","0","0","0","0","0","4","0","","02","7","2006","6","40.457146","-79.929301","","11","0","0","1","0","0","1","0","0","","0","0","0","","","0","","1","","40 27:25.725","","0","79 55:45.483","0","0","0","0","2301","0","0","0","N","0","0","0","2","02301","0","","1.0","","1","N","N","","0","","0","0","0","","3","","","2","0","0","0","0","0","0","2","0","2","","","","N","","","","","","","","","",""
"2006077419","","2","0","0","0","0","0","0","0","0","4","0","","02","7","2006","7","","","","11","0","0","0","0","0","0","0","1","","0","0","0","","","1","","0","","","","7","","3","0","0","0","2301","0","0","0","N","0","0","0","2","02301","0","","1.0","","1","N","N","","0","","1","0","0","","0","","","2","1","0","0","0","0","0","1","0","2","","","","N","","","","","","","","","",""
"2006077420","","2","0","0","0","0","0","0","0","0","4","0","","02","7","2006","4","","","","11","0","0","0","0","0","0","0","0","","0","0","0","","","0","","1","","","","0","","0","0","0","0","2301","0","0","0","N","0","0","0","2","02301","0","","1.0","","1","N","N","","0","","0","0","0","","3","","","2","0","0","0","0","0","0","1","0","2","","","","N","","","","","","","","","",""
"2006077421","","1","0","0","0","0","0","0","0","0","4","0","","02","7","2006","5","","","","11","0","0","0","0","0","0","0","0","","0","0","0","","","0","","3","","","","0","","0","0","0","0","2301","0","0","0","N","0","0","0","3","02301","0","","1.0","","1","N","N","","1","","0","0","0","","8","","","2","0","0","0","0","0","0","1","0","2","","","","N","","","","","","","","","",""
"2006077422","","2","0","0","0","0","0","0","0","0","5","0","","02","7","2006","7","","","","11","0","0","0","0","0","0","0","0","","0","0","0","","","0","","2","","","","0","","0","0","0","0","2301","0","0","0","N","0","0","0","1","02301","0","","1.0","","1","N","N","","0","","0","0","0","","0","","","2","0","0","0","0","0","0","1","0","2","","","","N","","","","","","","","","",""
"2006077423","","1","0","0","1","0","0","0","0","0","8","0","","02","7","2006","2","40.440798","-79.876628","","11","0","0","0","0","0","0","0","1","2","0","0","0","","","4","","0","","40 26:26.871","3","0","79 52:35.860","3","0","0","0","2301","1","0","0","N","0","0","0","4","02301","0","","1.0","","1","N","N","","1","","1","0","0","","0","Y","","3","4","0","0","0","3","0","2","0","2","","","","N","","","","","","","","","",""
"2006077428","","1","0","0","0","0","0","0","0","0","5","1","","02","6","2006","4","40.6431","-80.0264","","11","0","0","0","0","0","1","0","0","","0","1","0","","","1","","0","","40 38:35.160","","0","80 01:35.040","4","0","0","0","2216","0","0","0","N","0","0","0","2","68T02","1","","1.0","","1","N","N","","0","","0","0","0","","0","","","2","1","0","0","0","0","0","2","0","2","","","","N","","","","","","","","","",""
"2006077435","","2","0","0","0","0","0","0","0","0","1","0","","02","7","2006","4","","","","11","0","0","1","1","0","0","0","0","","0","0","0","","","0","","6","","40 26:02.76","","2","79 59:44.52","0","0","0","0","2301","0","0","0","N","0","0","0","2","02301","0","","7.0","","1","N","N","","0","","0","0","0","","0","","","2","0","0","0","0","0","0","2","0","2","","","","N","","","","","","","","","",""
"2006077436","","1","0","0","0","0","0","0","0","0","4","0","","02","7","2006","7","","","","11","0","0","0","0","0","0","0","0","","0","0","0","","","1","","1","","","","0","","8","0","0","1","2301","0","0","0","N","0","0","0","2","02301","0","","1.0","","1","N","N","","0","","0","0","0","","1","","","2","1","0","0","0","1","1","1","0","2","","","","N","","","","","","","","","",""