"CRN","ARRIVAL_TM","AUTOMOBILE_COUNT","BELTED_DEATH_COUNT","BELTED_SUSP_SERIOUS_INJ_COUNT","BICYCLE_COUNT","BICYCLE_DEATH_COUNT","BICYCLE_SUSP_SERIOUS_INJ_COUNT","BUS_COUNT","CHLDPAS_DEATH_COUNT","CHLDPAS_SUSP_SERIOUS_INJ_COUNT","COLLISION_TYPE","COMM_VEH_COUNT","CONS_ZONE_SPD_LIM","COUNTY","CRASH_MONTH","CRASH_YEAR","DAY_OF_WEEK","DEC_LATITUDE","DEC_LONGITUDE","DISPATCH_TM","DISTRICT","DRIVER_COUNT_16YR","DRIVER_COUNT_17YR","DRIVER_COUNT_18YR","DRIVER_COUNT_19YR","DRIVER_COUNT_20YR","DRIVER_COUNT_50_64YR","DRIVER_COUNT_65_74YR","DRIVER_COUNT_75PLUS","EST_HRS_CLOSED","FATAL_COUNT","HEAVY_TRUCK_COUNT","HORSE_BUGGY_COUNT","HOUR_OF_DAY","ILLUMINATION","INJURY_COUNT","INTERSECTION_RELATED","INTERSECT_TYPE","LANE_CLOSED","LATITUDE","LN_CLOSE_DIR","LOCATION_TYPE","LONGITUDE","MAX_SEVERITY_LEVEL","MCYCLE_DEATH_COUNT","MCYCLE_SUSP_SERIOUS_INJ_COUNT","MOTORCYCLE_COUNT","MUNICIPALITY","NONMOTR_COUNT","NONMOTR_DEATH_COUNT","NONMOTR_SUSP_SERIOUS_INJ_COUNT","NTFY_HIWY_MAINT","PED_COUNT","PED_DEATH_COUNT","PED_SUSP_SERIOUS_INJ_COUNT","PERSON_COUNT","POLICE_AGCY","POSSIBLE_INJ_COUNT","RDWY_SURF_TYPE_CD","RELATION_TO_ROAD","ROADWAY_CLEARED","ROAD_CONDITION","SCH_BUS_IND","SCH_ZONE_IND","SECONDARY_CRASH","SMALL_TRUCK_COUNT","SPEC_JURIS_CD","SUSP_MINOR_INJ_COUNT","SUSP_SERIOUS_INJ_COUNT","SUV_COUNT","TCD_FUNC_CD","TCD_TYPE","TFC_DETOUR_IND","TIME_OF_DAY","TOTAL_UNITS","TOT_INJ_COUNT","UNBELTED_OCC_COUNT","UNB_DEATH_COUNT","UNB_SUSP_SERIOUS_INJ_COUNT","UNK_INJ_DEG_COUNT","UNK_INJ_PER_COUNT","URBAN_RURAL","VAN_COUNT","VEHICLE_COUNT","WEATHER1","WEATHER2","WORKERS_PRES","WORK_ZONE_IND","WORK_ZONE_LOC","WORK_ZONE_TYPE","WZ_CLOSE_DETOUR","WZ_FLAGGER","WZ_LAW_OFFCR_IND","WZ_LN_CLOSURE","WZ_MOVING","WZ_OTHER","WZ_SHLDER_MDN","WZ_WORKERS_INJ_KILLED"
"2006078723","","2","0","0","0","0","0","0","0","0","4","0","","02","8","2006","4","40.549722","-79.959455","","11","0","0","0","0","0","1","1","0","1","0","0","0","","","4","","1","","40 32:59.000","1","0","79 57:34.037","4","0","0","0","2118","0","0","0","N","0","0","0","6","02118","4","","1.0","","1","N","N","","0","","0","0","0","","0","N","","2","4","0","0","0","0","0","2","0","2","","","","N","","","","","","","","","",""
"2006078730","","2","0","0","0","0","0","0","0","0","1","0","","02","8","2006","7","40.3927","-79.7757","","11","0","0","0","1","0","0","0","0","1","0","0","0","","","0","","0","","40 23:33.720","1","0","79 46:32.520","0","0","0","0","2111","0","0","0","N","0","0","0","5","02111","0","","1.0","","1","N","N","","0","","0","0","0","","0","N","","2","0","0","0","0","0","0","2","0","2","","","","N","","","","","","","","","",""
"2006078731","","3","0","0","0","0","0","0","0","0","1","0","","02","8","2006","6","40.534","-80.0574","","11","0","0","0","0","0","2","0","0","1","0","0","0","","","0","","0","","40 32:02.400","3","0","80 03:26.640","0","0","0","0","2116","0","0","0","N","0","0","0","4","02116","0","","1.0","","1","N","N","","1","","0","0","0","","0","N","","4","0","0","0","0","0","0","2","0","4","","","","N","","","","","","","","","",""
"2006078732","","2","0","0","0","0","0","0","0","0","4","0","","02","8","2006","7","40.336389","-79.971537","","11","0","0","0","1","0","0","0","1","","0","0","0","","","0","","2","","40 20:11.000","","0","79 58:17.534","0","0","0","0","2454","0","0","0","N","0","0","0","4","02454","0","","1.0","","1","N","N","","0","","0","0","0","","2","","","2","0","0","0","0","0","0","2","0","2","","","","N","","","","","","","","","",""
"2006078739","","2","0","0","0","0","0","0","0","0","4","0","30","02","8","2006","7","40.511389","-79.947443","","11","0","1","0","0","0","0","1","0","","0","0","0","","","0","","1","","40 30:41.000","","0","79 56:50.796","0","0","0","0","2118","0","0","0","N","0","0","0","2","02118","0","","1.0","","1","N","N","","0","","0","0","0","","2","","","2","0","0","0","0","0","0","2","0","2","","","N","Y","5","1","","","N","","Y","","",""
"2006078742","","1","0","0","0","0","0","0","0","0","7","0","","02","8","2006","7","40.355556","-79.979678","","11","0","0","0","0","0","1","0","0","1","0","0","0","","","1","","2","","40 21:20.000","2","0","79 58:46.842","4","0","0","0","2476","0","0","0","N","0","0","0","1","02476","1","","4.0","","1","N","N","","0","","0","0","0","","0","Y","","1","1","0","0","0","0","0","2","0","1","","","","N","","","","","","","","","",""
"2006078743","","2","0","0","0","0","0","0","0","0","1","0","","02","7","2006","5","40.633056","-80.05961","","11","0","0","0","0","0","0","0","0","2","0","0","0","","","2","","1","","40 37:59.000","2","0","80 03:34.597","4","0","0","0","2216","0","0","0","N","0","0","0","3","02505","2","","1.0","","1","N","N","","0","","0","0","0","","2","N","","2","2","0","0","0","0","0","2","0","2","","","","N","","","","","","","","","",""
"2006078752","","2","0","0","0","0","0","0","0","0","1","0","","02","8","2006","3","40.521944","-80.005255","","11","0","0","0","0","0","1","0","0","","0","0","0","","","0","","1","","40 31:19.000","","0","80 00:18.917","0","0","0","0","2116","0","0","0","N","0","0","0","2","02116","0","","1.0","","1","N","N","","0","","0","0","0","","2","","","2","0","0","0","0","0","0","2","0","2","","","","N","","","","","","","","","",""
"2006078753","","2","0","0","0","0","0","0","0","0","1","0","","02","8","2006","3","40.63","-80.057","","11","0","0","0","0","1","1","0","0","","0","0","0","","","0","","0","","40 37:48.000","","0","80 03:25.200","0","0","0","0","2216","0","0","0","N","0","0","0","2","02505","0","","1.0","","1","N","N","","0","","0","0","0","","0","","","2","0","0","0","0","0","0","2","0","2","","","","N","","","","","","","","","",""
"2006078756","","0","0","0","0","0","0","0","0","0","8","0","","02","8","2006","7","","","","11","0","0","0","0","0","0","0","0","","0","0","0","","","1","","0","","","","0","","4","0","0","0","2208","1","0","0","N","1","0","0","2","02208","1","","1.0","","1","N","N","","0","","0","0","0","","0","","","2","1","0","0","0","0","0","1","0","1","","","","N","","","","","","","","","",""
"2006078759","","1","0","0","0","0","0","0","0","0","2","0","","02","8","2006","4","40.4097","-80.0812","","11","0","1","0","0","0","1","0","0","","0","0","0","","","0","","10","","40 24:34.920","","0","80 04:52.320","0","0","0","0","2415","0","0","0","N","0","0","0","4","02415","0","","1.0","","1","N","N","","0","","0","0","1","","3","","","2","0","0","0","0","0","0","2","0","2","","","","N","","","","","","","","","",""
"2006078763","","1","0","0","0","0","0","0","0","0","7","0","","02","7","2006","5","40.379722","-79.812493","","11","0","0","0","0","0","1","0","0","2","0","0","0","","","1","","0","","40 22:47.000","2","0","79 48:44.974","8","0","0","0","2111","0","0","0","N","0","0","0","1","02111","0","","5.0","","1","N","N","","0","","0","0","0","","0","N","","1","1","1","0","0","1","0","2","0","1","","","","N","","","","","","","","","",""
"2006078765","","1","0","0","0","0","0","0","0","0","7","0","","02","8","2006","7","40.640239","-79.954708","","11","0","0","0","0","0","1","0","0","1","0","0","0","","","1","","0","","40 38:24.862","5","0","79 57:16.948","4","0","0","0","2217","0","0","0","N","0","0","0","2","02505","1","","5.0","","1","N","N","","0","","0","0","0","","0","Y","","1","1","0","0","0","0","0","2","0","1","","","","N","","","","","","","","","",""
"2006078771","","1","0","0","0","0","0","0","0","0","2","0","","02","7","2006","5","","","","11","0","0","0","0","0","1","0","0","","0","0","0","","","0","","0","","","","0","","9","0","0","0","2430","0","0","0","N","0","0","0","2","02430","0","","1.0","","1","N","N","","1","","0","0","0","","0","","","2","0","0","0","0","0","1","1","0","2","","","","N","","","","","","","","","",""
"2006078772","","0","0","0","0","0","0","0","0","0","1","0","25","02","8","2006","1","","","","11","0","0","0","0","0","0","1","0","","0","0","0","","","2","","0","","","","99","","8","0","0","1","2219","0","0","0","N","0","0","0","3","02501","0","","1.0","","1","N","N","","0","","0","0","1","","8","","","2","2","0","0","0","2","0","1","0","2","","","N","Y","2","1","","","N","Y","","Y","",""
"2006078774","","1","0","0","0","0","0","0","0","0","5","0","","02","8","2006","5","40.670833","-80.097901","","11","0","0","0","0","0","1","0","0","1","0","0","0","","","1","","0","","40 40:15.000","2","0","80 05:52.444","4","0","0","0","2212","0","0","0","N","0","0","0","3","02505","1","","1.0","","1","N","N","","0","","0","0","1","","0","N","","2","1","0","0","0","0","0","2","0","2","","","","N","","","","","","","","","",""
"2006078777","","1","0","0","0","0","0","0","0","0","5","0","","02","8","2006","7","40.398651","-80.092606","","11","0","0","0","0","0","0","0","0","","0","1","0","","","0","","0","","40 23:55.143","","0","80 05:33.381","0","0","0","0","2117","0","0","0","N","0","0","0","1","02117","0","","4.0","","1","N","N","","0","","0","0","0","","0","","","2","0","1","0","0","0","0","2","0","2","","","","N","","","","","","","","","",""
"2006078778","","1","0","0","0","0","0","0","0","0","7","0","","02","8","2006","6","40.395507","-79.777849","","11","0","0","1","0","0","0","0","0","2","0","0","0","","","1","","0","","40 23:43.826","3","0","79 46:40.256","4","0","0","0","2470","0","0","0","N","0","0","0","1","02424","1","","4.0","","9","N","N","","0","","0","0","0","","0","Y","","1","1","0","0","0","0","0","2","0","1","","","","N","","","","","","","","","",""
"2006078785","","0","0","0","0","0","0","0","0","0","4","0","","02","8","2006","1","","","","11","0","0","0","0","0","1","0","0","1","0","0","0","","","0","","2","","","1","0","","0","0","0","0","2413","0","0","0","N","0","0","0","3","02413","0","","1.0","","1","N","N","","1","","0","0","1","","2","N","","2","0","0","0","0","0","0","1","0","2","","","","N","","","","","","","","","",""
"2006078791","","2","0","0","0","0","0","0","0","0","4","0","","02","8","2006","1","40.399265","-80.091906","","11","0","0","0","0","1","0","1","0","1","0","0","0","","","2","","1","","40 23:57.354","1","0","80 05:30.861","4","0","0","0","2117","0","0","0","N","0","0","0","2","02117","1","","1.0","","1","N","N","","0","","0","0","0","","0","N","","2","2","0","0","0","1","0","2","0","2","","","","N","","","","","","","","","",""
"2006078802","","1","0","0","0","0","0","0","0","0","4","0","","02","7","2006","5","40.408889","-79.901003","","11","0","0","0","0","0","0","0","0","","0","0","0","","","0","","2","","40 24:32.000","","0","79 54:03.612","0","0","0","0","2448","0","0","0","N","0","0","0","2","02448","0","","1.0","","1","N","N","","1","","0","0","0","","0","","","2","0","0","0","0","0","0","2","0","2","","","","N","","","","","","","","","",""
"2006078810","","2","0","0","0","0","0","0","0","0","4","0","","02","8","2006","6","40.347774","-79.986497","","11","0","0","0","0","0","1","0","0","1","0","0","0","","","1","","0","","40 20:51.986","2","0","79 59:11.389","3","0","0","0","2476","0","0","0","N","0","0","0","2","02476","0","","1.0","","1","N","N","","1","","1","0","0","","0","N","","4","1","0","0","0","0","1","2","1","4","","","","N","","","","","","","","","",""
"2006078818","","2","0","0","0","0","0","0","0","0","2","0","","02","8","2006","1","40.402239","-80.054423","","11","0","0","0","0","0","0","0","0","","0","0","0","","","0","","2","","40 24:08.060","","0","80 03:15.922","0","0","0","0","2117","0","0","0","N","0","0","0","2","02117","0","","1.0","","1","N","N","","0","","0","0","0","","0","","","2","0","0","0","0","0","0","2","0","2","","","","N","","","","","","","","","",""
"2006078823","","1","0","0","0","0","0","0","0","0","4","0","","02","8","2006","2","40.503333","-79.745759","","11","1","0","0","0","0","0","0","0","","0","0","0","","","1","","2","","40 30:12.000","","0","79 44:44.734","8","0","0","1","2466","0","0","0","N","0","0","0","2","02466","0","","1.0","","1","N","N","","0","","0","0","0","","0","","","2","1","1","0","0","1","0","2","0","2","","","","N","","","","","","","","","",""
"2006078831","","2","0","0","0","0","0","0","0","0","1","0","","02","8","2006","2","40.395833","-79.772164","","11","0","0","0","0","0","0","0","1","2","0","0","0","","","2","","0","","40 23:45.000","5","3","79 46:19.790","4","0","0","0","2446","0","0","0","N","0","0","0","3","02446","2","","1.0","","1","N","N","","0","","0","0","1","","0","Y","","3","2","0","0","0","0","0","2","0","3","","","","N","","","","","","","","","",""
"2006078834","","1","0","0","0","0","0","0","0","0","7","0","","02","8","2006","1","40.522778","-79.970832","","11","0","1","0","0","0","0","0","0","2","0","0","0","","","0","","0","","40 31:22.000","4","0","79 58:14.995","0","0","0","0","2118","0","0","0","N","0","0","0","5","02118","0","","2.0","","1","N","N","","0","","0","0","0","","0","Y","","1","0","1","0","0","0","0","2","0","1","","","","N","","","","","","","","","",""
"2006078838","","1","0","0","0","0","0","0","0","0","1","0","","02","7","2006","3","40.506667","-80.006763","","11","0","0","0","0","0","2","0","0","2","0","0","0","","","1","","2","","40 30:24.000","1","0","80 00:24.347","4","0","0","0","2116","0","0","0","N","0","0","0","2","02116","1","","1.0","","1","N","N","","1","","0","0","0","","0","N","","2","1","0","0","0","0","0","2","0","2","","","","N","","","","","","","","","",""
"2006078840","","1","0","0","0","0","0","0","0","0","1","0","","02","7","2006","7","","","","11","0","0","0","0","0","1","0","0","2","0","0","0","","","0","","0","","","3","0","","0","0","0","0","2116","0","0","0","N","0","0","0","2","02116","0","","1.0","","1","N","N","","0","","0","0","1","","0","N","","2","0","0","0","0","0","0","1","0","2","","","","N","","","","","","","","","",""
"2006078841","","2","0","0","0","0","0","0","0","0","4","0","","02","8","2006","2","40.6725","-80.069462","","11","0","0","0","0","0","1","0","0","1","0","0","0","","","0","","1","","40 40:21.000","2","0","80 04:10.064","0","0","0","0","2216","0","0","0","N","0","0","0","3","02505","0","","1.0","","1","N","N","","0","","0","0","0","","3","N","","2","0","0","0","0","0","0","2","0","2","","","","N","","","","","","","","","",""
"2006078847","","1","0","0","0","0","0","0","0","0","4","0","","02","7","2006","1","40.511944","-80.039475","","11","0","0","0","0","0","0","0","0","","0","0","0","","","0","","0","","40 30:42.998","","0","80 02:22.110","0","0","0","0","2116","0","0","0","N","0","0","0","2","02116","0","","1.0","","1","N","N","","0","","0","0","1","","0","","","2","0","1","0","0","0","0","2","0","2","","","","N","","","","","","","","","",""
"2006078867","","1","0","0","0","0","0","0","0","0","7","0","","02","8","2006","1","40.6171","-80.0894","","11","0","0","0","0","0","0","0","0","","0","0","0","","","0","","0","","40 37:01.560","","0","80 05:21.840","0","0","0","0","2212","0","0","0","N","0","0","0","1","02505","0","","5.0","","1","N","N","","0","","0","0","0","","0","","","1","0","0","0","0","0","0","2","0","1","","","","N","","","","","","","","","",""
"2006078870","","2","0","0","0","0","0","0","0","0","1","0","","02","8","2006","2","40.504559","-79.949471","","11","0","0","0","0","0","1","0","0","","0","0","0","","","0","","0","","40 30:16.411","","0","79 56:58.096","0","0","0","0","2430","0","0","0","N","0","0","0","4","02430","0","","1.0","","9","N","N","","0","","0","0","0","","0","","","2","0","0","0","0","0","0","2","0","2","","","","N","","","","","","","","","",""
"2006078881","","0","0","0","0","0","0","0","0","0","0","0","","02","8","2006","3","40.409167","-79.897857","","11","0","0","0","0","0","0","1","1","","0","0","0","","","0","","0","","40 24:33.000","","0","79 53:52.286","0","0","0","0","2448","0","0","0","N","0","0","0","2","02448","0","","1.0","","1","N","N","","1","","0","0","1","","0","","","2","0","1","0","0","0","0","2","0","2","","","","N","","","","","","","","","",""
"2006078890","","1","0","0","0","0","0","0","0","0","1","0","","02","8","2006","1","40.625278","-80.057736","","11","0","0","2","0","0","0","0","0","1","0","0","0","","","0","","2","","40 37:31.000","4","0","80 03:27.849","0","0","0","0","2216","0","0","0","N","0","0","0","3","02505","0","","1.0","","1","N","N","","1","","0","0","0","","0","N","","2","0","0","0","0","0","0","2","0","2","","","","N","","","","","","","","","",""
"2006078896","","0","0","0","0","0","0","0","0","0","1","0","","02","8","2006","3","40.37071","-79.994559","","11","0","0","0","0","0","0","0","0","","0","0","0","","","0","","0","","40 22:14.556","","7","79 59:40.412","0","0","0","0","2476","0","0","0","N","0","0","0","3","02476","0","","1.0","","1","N","N","","2","","0","0","1","","0","","","3","0","0","0","0","0","0","2","0","3","","","","N","","","","","","","","","",""
"2006078898","","1","0","0","0","0","0","0","0","0","1","0","","02","8","2006","3","40.465833","-79.705384","","11","0","0","1","0","0","1","0","0","1","0","0","0","","","2","","0","","40 27:57.000","4","0","79 42:19.384","3","0","0","0","2466","0","0","0","N","0","0","0","3","02466","0","","1.0","","1","N","N","","0","","2","0","0","","0","Y","","2","2","0","0","0","0","0","2","1","2","","","","N","","","","","","","","","",""
"2006078912","","1","0","0","0","0","0","0","0","0","4","0","","02","7","2006","3","40.406944","-80.03424","","11","0","0","0","0","0","1","0","0","","0","0","0","","","1","","1","","40 24:25.000","","0","80 02:03.264","8","0","0","0","2301","0","0","0","N","0","0","0","4","02301","0","","1.0","","1","N","N","","0","","0","0","1","","2","","","2","1","0","0","0","1","1","2","0","2","","","","N","","","","","","","","","",""
"2006078913","","1","0","0","0","0","0","0","0","0","4","0","","02","7","2006","2","40.449264","-79.929271","","11","0","0","0","0","0","0","0","0","1","0","0","0","","","1","","0","","40 26:57.350","5","0","79 55:45.375","4","0","0","1","2301","0","0","0","N","0","0","0","2","02301","1","","1.0","","1","N","N","","0","","0","0","0","","0","Y","","2","1","0","0","0","0","0","2","0","2","","","","N","","","","","","","","","",""
"2006078914","","1","0","0","0","0","0","0","0","0","4","1","","02","7","2006","5","40.428207","-79.926596","","11","0","0","0","0","0","1","0","0","3","0","1","0","","","1","","0","","40 25:41.546","5","0","79 55:35.747","8","0","0","0","2301","0","0","0","N","0","0","0","2","02301","0","","1.0","","1","N","N","","0","","0","0","0","","0","Y","","2","1","0","0","0","1","0","2","0","2","","","","N","","","","","","","","","",""
"2006078964","","2","0","0","0","0","0","0","0","0","1","0","","02","8","2006","3","40.516","-80.0045","","11","0","0","0","0","0","0","0","0","","0","0","0","","","0","","0","","40 30:57.600","","0","80 00:16.200","0","0","0","0","2116","0","0","0","N","0","0","0","2","02116","0","","1.0","","1","N","N","","0","","0","0","0","","0","","","2","0","0","0","0","0","0","2","0","2","","","","N","","","","","","","","","",""
"2006078970","","2","0","0","0","0","0","0","0","0","4","0","","02","7","2006","2","40.495054","-79.828725","","11","0","0","0","0","0","1","0","0","","0","0","0","","","1","","2","","40 29:42.193","","0","79 49:43.410","3","0","0","0","2113","0","0","0","N","0","0","0","2","02113","0","","1.0","","1","N","N","","0","","1","0","0","","0","","","2","1","0","0","0","0","0","2","0","2","","","","N","","","","","","","","","",""
"2006078975","","2","0","0","0","0","0","0","0","0","4","0","","02","8","2006","4","40.406134","-79.893456","","11","0","0","0","0","0","0","0","0","2","0","0","0","","","0","","0","","40 24:22.083","1","0","79 53:36.441","9","0","0","0","2448","0","0","0","N","0","0","0","4","02448","0","","1.0","","1","N","N","","0","","0","0","0","","0","Y","","2","0","0","0","0","0","1","2","0","2","","","","N","","","","","","","","","",""
"2006078976","","1","0","0","0","0","0","0","0","0","1","0","","02","8","2006","6","40.4909","-79.8841","","11","0","0","0","0","0","0","0","0","","0","0","0","","","0","","6","","40 29:27.240","","2","79 53:02.760","0","0","0","0","2430","0","0","0","N","0","0","0","2","02430","0","","7.0","","1","N","N","","1","","0","0","0","","4","","","2","0","0","0","0","0","0","2","0","2","","","","N","","","","","","","","","",""
"2006078979","","0","0","0","0","0","0","0","0","0","1","0","","02","8","2006","5","40.290556","-79.913459","","11","0","0","0","0","0","1","0","0","2","0","0","0","","","1","","2","","40 17:26.000","4","0","79 54:48.451","4","0","0","0","2440","0","0","0","N","0","0","0","2","02440","1","","1.0","","1","N","N","","0","","0","0","2","","3","Y","","2","1","0","0","0","0","0","2","0","2","","","","N","","","","","","","","","",""
"2006078982","","1","0","0","0","0","0","0","0","0","7","0","","02","8","2006","1","40.3337","-79.929","","11","0","0","0","0","0","0","0","1","","0","0","0","","","1","","0","","40 20:01.320","","0","79 55:44.400","3","0","0","0","2454","0","0","0","N","0","0","0","1","02454","0","","2.0","","1","N","N","","0","","1","0","0","","0","","","1","1","0","0","0","0","0","2","0","1","","","","N","","","","","","","","","",""
"2006078999","","2","0","0","0","0","0","0","0","0","1","0","","02","8","2006","4","40.537","-79.8391","","11","0","0","0","0","0","0","0","0","","0","0","0","","","0","","0","","40 32:13.200","","0","79 50:20.760","0","0","0","0","2208","0","0","0","N","0","0","0","3","02208","0","","1.0","","1","N","N","","0","","0","0","0","","0","","","2","0","0","0","0","0","0","2","0","2","","","","N","","","","","","","","","",""
"2006079000","","1","0","0","0","0","0","0","0","0","1","1","","02","8","2006","2","40.356389","-79.980413","","11","0","0","0","0","0","1","1","0","2","0","1","0","","","2","","2","","40 21:23.000","2","0","79 58:49.486","8","0","0","0","2476","0","0","0","N","0","0","0","3","02476","0","","1.0","","1","N","N","","0","","0","0","0","","2","N","","2","2","0","0","0","2","0","2","0","2","","","","N","","","","","","","","","",""
"2006079017","","1","0","0","0","0","0","0","0","0","7","0","","02","8","2006","7","40.62","-80.078031","","11","0","0","0","1","0","0","0","0","1","0","0","0","","","0","","0","","40 37:12.000","5","0","80 04:40.913","0","0","0","0","2212","0","0","0","N","0","0","0","1","02505","0","","5.0","","1","N","N","","0","","0","0","0","","0","N","","1","0","0","0","0","0","0","2","0","1","","","","N","","","","","","","","","",""
"2006079019","","0","0","0","0","0","0","0","0","0","0","0","","02","8","2006","3","40.342","-79.9663","","11","0","0","0","0","0","1","0","0","","0","0","0","","","1","","0","","40 20:31.200","","0","79 57:58.680","4","0","0","1","2403","0","0","0","N","0","0","0","1","02403","1","","1.0","","1","N","N","","0","","0","0","0","","0","","","2","1","0","0","0","0","0","2","0","1","","","","N","","","","","","","","","",""
"2006079022","","2","0","0","0","0","0","0","0","0","1","0","","02","8","2006","4","40.313056","-79.938721","","11","0","0","0","0","0","1","0","0","","0","0","0","","","0","","1","","40 18:47.000","","0","79 56:19.395","0","0","0","0","2440","0","0","0","N","0","0","0","5","02440","0","","1.0","","1","N","N","","0","","0","0","1","","2","","","3","0","0","0","0","0","0","2","0","3","","","","N","","","","","","","","","",""
"2006079028","","1","0","0","0","0","0","0","0","0","2","0","","02","8","2006","3","40.511866","-79.792561","","11","0","0","0","0","0","1","0","0","1","0","0","0","","","3","","0","","40 30:42.716","5","0","79 47:33.221","3","0","0","0","2466","0","0","0","N","0","0","0","3","02466","0","","1.0","","1","N","N","","0","","3","0","1","","0","N","","2","3","0","0","0","0","0","2","0","2","","","","N","","","","","","","","","",""
"2006079032","","1","0","0","0","0","0","0","0","0","7","0","","02","8","2006","7","40.325272","-80.016174","","11","0","0","0","0","0","0","0","0","","0","0","0","","","1","","1","","40 19:30.979","","0","80 00:58.226","4","0","0","0","2407","0","0","0","N","0","0","0","4","02501","1","","5.0","","1","N","N","","0","","0","0","0","","3","","","1","1","0","0","0","0","0","2","0","1","","","","N","","","","","","","","","",""
"2006079037","","1","0","0","0","0","0","0","0","0","7","0","","02","8","2006","5","40.394055","-79.8953","","11","0","0","0","0","0","0","0","0","2","0","0","0","","","0","","0","","40 23:38.598","5","0","79 53:43.080","0","0","0","0","2448","0","0","0","N","0","0","0","1","02448","0","","5.0","","1","N","N","","0","","0","0","0","","0","Y","","1","0","0","0","0","0","0","2","0","1","","","","N","","","","","","","","","",""
"2006079042","","1","0","0","0","0","0","0","0","0","7","0","","02","8","2006","1","","","","11","0","0","0","0","0","0","0","0","","0","0","0","","","0","","0","","","","0","","0","0","0","0","2207","0","0","0","N","0","0","0","1","02207","0","","2.0","","1","N","N","","0","","0","0","0","","0","","","1","0","0","0","0","0","0","1","0","1","","","","N","","","","","","","","","",""
"2006079054","","2","0","0","0","0","0","0","0","0","4","0","","02","8","2006","2","40.347101","-80.055283","","11","0","0","0","0","0","2","0","0","","0","0","0","","","0","","0","","40 20:49.562","","0","80 03:19.018","0","0","0","0","2407","0","0","0","N","0","0","0","2","02407","0","","1.0","","1","N","N","","0","","0","0","0","","0","","","2","0","0","0","0","0","0","2","0","2","","","","N","","","","","","","","","",""
"2006079105","","2","0","0","0","0","0","0","0","0","4","0","","02","7","2006","6","40.448803","-79.962273","","11","0","0","0","0","0","2","0","0","","0","0","0","","","1","","0","","40 26:55.690","","0","79 57:44.182","3","0","0","0","2301","0","0","0","N","0","0","0","3","02301","0","","1.0","","1","N","N","","0","","1","0","0","","0","","","2","1","0","0","0","0","0","2","0","2","","","","N","","","","","","","","","",""
"2006079106","","1","0","0","0","0","0","0","0","0","1","0","","02","7","2006","5","40.43827","-79.997487","","11","0","0","0","0","0","0","0","0","","0","0","0","","","0","","0","","40 26:17.772","","0","79 59:50.953","0","0","0","0","2301","0","0","0","N","0","0","0","2","02301","0","","1.0","","1","N","N","","0","","0","0","0","","2","","","2","0","0","0","0","0","0","2","1","2","","","","N","","","","","","","","","",""
"2006079107","","2","0","0","0","0","0","0","0","0","4","0","","02","7","2006","5","40.461578","-79.967126","","11","0","0","0","1","0","0","0","1","","0","0","0","","","0","","1","","40 27:41.680","","0","79 58:01.653","0","0","0","0","2301","0","0","0","N","0","0","0","2","02301","0","","1.0","","1","N","N","","0","","0","0","0","","2","","","2","0","0","0","0","0","0","2","0","2","","","","N","","","","","","","","","",""
"2006079108","","2","0","0","0","0","0","0","0","0","4","0","","02","7","2006","1","40.406944","-80.03424","","11","0","0","0","0","0","0","0","0","","0","0","0","","","2","","1","","40 24:25.000","","0","80 02:03.264","4","0","0","0","2301","0","0","0","N","0","0","0","4","02301","1","","1.0","","9","N","N","","0","","0","0","0","","2","","","2","2","0","0","0","1","0","2","0","2","","","","N","","","","","","","","","",""
"2006079109","","0","0","0","0","0","0","0","0","0","7","0","","02","7","2006","2","40.413042","-79.997358","","11","0","0","0","0","0","0","0","0","1","0","0","0","","","0","","0","","40 24:46.951","6","0","79 59:50.489","0","0","0","0","2301","0","0","0","N","0","0","0","2","02301","0","","5.0","","1","N","N","","0","","0","0","0","","0","Y","","1","0","0","0","0","0","0","2","1","1","","","","N","","","","","","","","","",""
"2006079110","","3","0","0","0","0","0","0","0","0","4","0","","02","7","2006","5","40.401667","-80.022009","","11","0","0","0","0","0","0","2","0","2","0","0","0","","","3","","2","","40 24:06.000","1","0","80 01:19.234","3","0","0","0","2301","0","0","0","N","0","0","0","4","02301","1","","1.0","","1","N","N","","0","","2","0","0","","0","N","","3","3","0","0","0","0","1","2","0","3","","","","N","","","","","","","","","",""
"2006079111","","2","0","0","0","0","0","0","0","0","4","0","","02","7","2006","1","40.444088","-80.055833","","11","0","0","0","0","0","0","0","0","2","0","0","0","","","1","","3","","40 26:38.716","4","0","80 03:20.998","4","0","0","0","2301","0","0","0","N","0","0","0","2","02301","1","","1.0","","9","N","N","","0","","0","0","0","","3","N","","2","1","0","0","0","0","0","2","0","2","","","","N","","","","","","","","","",""
"2006079112","","2","0","0","0","0","0","0","0","0","1","0","","02","7","2006","5","","","","11","0","0","0","0","0","0","0","0","","0","0","0","","","0","","0","","","","0","","9","0","0","0","2301","0","0","0","N","0","0","0","3","02301","0","","1.0","","9","N","N","","0","","0","0","0","","0","","","2","0","0","0","0","0","1","1","0","2","","","","N","","","","","","","","","",""
"2006079113","","1","0","0","0","0","0","0","0","0","1","0","","02","7","2006","7","40.4125","-80.0103","","11","0","0","0","0","0","0","0","0","1","0","0","0","","","0","","0","","40 24:45.000","1","3","80 00:37.080","0","0","0","0","2301","0","0","0","Y","0","0","0","6","02301","0","","1.0","","1","N","N","","0","","0","0","1","","0","N","","2","0","0","0","0","0","0","2","0","2","","","","N","","","","","","","","","",""