"CRN","ARRIVAL_TM","AUTOMOBILE_COUNT","BELTED_DEATH_COUNT","BELTED_SUSP_SERIOUS_INJ_COUNT","BICYCLE_COUNT","BICYCLE_DEATH_COUNT","BICYCLE_SUSP_SERIOUS_INJ_COUNT","BUS_COUNT","CHLDPAS_DEATH_COUNT","CHLDPAS_SUSP_SERIOUS_INJ_COUNT","COLLISION_TYPE","COMM_VEH_COUNT","CONS_ZONE_SPD_LIM","COUNTY","CRASH_MONTH","CRASH_YEAR","DAY_OF_WEEK","DEC_LATITUDE","DEC_LONGITUDE","DISPATCH_TM","DISTRICT","DRIVER_COUNT_16YR","DRIVER_COUNT_17YR","DRIVER_COUNT_18YR","DRIVER_COUNT_19YR","DRIVER_COUNT_20YR","DRIVER_COUNT_50_64YR","DRIVER_COUNT_65_74YR","DRIVER_COUNT_75PLUS","EST_HRS_CLOSED","FATAL_COUNT","HEAVY_TRUCK_COUNT","HORSE_BUGGY_COUNT","HOUR_OF_DAY","ILLUMINATION","INJURY_COUNT","INTERSECTION_RELATED","INTERSECT_TYPE","LANE_CLOSED","LATITUDE","LN_CLOSE_DIR","LOCATION_TYPE","LONGITUDE","MAX_SEVERITY_LEVEL","MCYCLE_DEATH_COUNT","MCYCLE_SUSP_SERIOUS_INJ_COUNT","MOTORCYCLE_COUNT","MUNICIPALITY","NONMOTR_COUNT","NONMOTR_DEATH_COUNT","NONMOTR_SUSP_SERIOUS_INJ_COUNT","NTFY_HIWY_MAINT","PED_COUNT","PED_DEATH_COUNT","PED_SUSP_SERIOUS_INJ_COUNT","PERSON_COUNT","POLICE_AGCY","POSSIBLE_INJ_COUNT","RDWY_SURF_TYPE_CD","RELATION_TO_ROAD","ROADWAY_CLEARED","ROAD_CONDITION","SCH_BUS_IND","SCH_ZONE_IND","SECONDARY_CRASH","SMALL_TRUCK_COUNT","SPEC_JURIS_CD","SUSP_MINOR_INJ_COUNT","SUSP_SERIOUS_INJ_COUNT","SUV_COUNT","TCD_FUNC_CD","TCD_TYPE","TFC_DETOUR_IND","TIME_OF_DAY","TOTAL_UNITS","TOT_INJ_COUNT","UNBELTED_OCC_COUNT","UNB_DEATH_COUNT","UNB_SUSP_SERIOUS_INJ_COUNT","UNK_INJ_DEG_COUNT","UNK_INJ_PER_COUNT","URBAN_RURAL","VAN_COUNT","VEHICLE_COUNT","WEATHER1","WEATHER2","WORKERS_PRES","WORK_ZONE_IND","WORK_ZONE_LOC","WORK_ZONE_TYPE","WZ_CLOSE_DETOUR","WZ_FLAGGER","WZ_LAW_OFFCR_IND","WZ_LN_CLOSURE","WZ_MOVING","WZ_OTHER","WZ_SHLDER_MDN","WZ_WORKERS_INJ_KILLED"
"2006079114","","1","0","0","0","0","0","0","0","0","1","0","","02","7","2006","7","40.4305","-79.9983","","11","0","0","0","0","0","0","0","0","1","0","0","0","","","0","","0","","40 25:49.800","1","3","79 59:53.880","0","0","0","0","2301","0","0","0","Y","0","0","0","2","02301","0","","1.0","","1","N","N","","0","","0","0","0","","0","N","","2","0","0","0","0","0","0","2","1","2","","","","N","","","","","","","","","",""
"2006079115","","1","0","0","0","0","0","0","0","0","7","0","","02","7","2006","7","","","","11","0","0","0","0","0","0","0","1","1","1","0","0","","","1","","1","","","2","0","","1","0","0","0","2301","0","0","0","N","0","0","0","2","02301","0","2","5.0","","1","N","N","","0","0","0","1","0","","0","N","","1","1","2","1","1","0","0","1","0","1","","","","N","","","","","","","","","",""
"2006079116","","2","0","0","0","0","0","0","0","0","2","0","","02","7","2006","2","","","","11","0","0","0","0","0","0","0","1","","0","0","0","","","1","","0","","","","0","","4","0","0","0","2301","0","0","0","N","0","0","0","1","02301","1","","6.0","","1","N","N","","0","","0","0","1","","0","","","3","1","0","0","0","0","0","1","0","3","","","","N","","","","","","","","","",""
"2006079118","","2","0","0","0","0","0","0","0","0","4","0","","02","7","2006","6","40.448933","-80.000739","","11","0","0","0","0","0","0","0","0","","0","0","0","","","1","","1","","40 26:56.157","","0","80 00:02.660","4","0","0","0","2301","0","0","0","N","0","0","0","3","02301","1","","1.0","","1","N","N","","0","","0","0","0","","2","","","2","1","0","0","0","0","0","2","0","2","","","","N","","","","","","","","","",""
"2006079119","","1","0","0","0","0","0","0","0","0","8","0","","02","7","2006","1","40.466711","-79.994119","","11","0","0","0","0","0","0","0","0","","0","0","0","","","1","","0","","40 28:00.159","","0","79 59:38.828","4","0","0","0","2301","1","0","0","N","1","0","0","2","02301","1","","1.0","","1","N","N","","0","","0","0","0","","0","","","2","1","0","0","0","0","1","2","0","1","","","","N","","","","","","","","","",""
"2006079120","","2","0","0","0","0","0","0","0","0","1","0","","02","7","2006","1","40.467027","-80.024868","","11","0","0","0","0","1","0","0","0","","0","0","0","","","0","","1","","40 28:01.298","","0","80 01:29.526","0","0","0","0","2301","0","0","0","","0","0","0","2","02301","0","","1.0","","9","N","N","","0","","0","0","0","","2","","","2","0","0","0","0","0","0","2","0","2","","","","N","","","","","","","","","",""
"2006079121","","2","0","0","0","0","0","0","0","0","1","0","","02","7","2006","5","40.4649","-79.9798","","11","0","0","0","0","0","0","0","0","1","0","0","0","","","1","","0","","40 27:53.640","5","0","79 58:47.280","4","0","0","0","2301","0","0","0","N","0","0","0","4","02301","1","","1.0","","1","N","N","","1","","0","0","0","","0","N","","3","1","0","0","0","0","1","2","0","3","","","","N","","","","","","","","","",""
"2006079122","","1","0","0","0","0","0","0","0","0","8","0","","02","7","2006","7","40.367211","-79.9112","","11","0","0","0","1","0","0","0","0","","0","0","0","","","1","","0","","40 22:01.959","","0","79 54:40.320","4","0","0","0","2301","1","0","0","N","1","0","0","2","02501","1","","5.0","","1","N","N","","0","","0","0","0","","0","","","2","1","0","0","0","0","1","2","0","1","","","","N","","","","","","","","","",""
"2006079123","","2","0","0","0","0","0","0","0","0","4","0","","02","7","2006","7","","","","11","0","0","0","0","0","1","0","0","1","0","0","0","","","0","","2","","","2","0","","9","0","0","0","2301","0","0","0","N","0","0","0","6","02301","0","","1.0","","9","N","N","","0","","0","0","0","","0","N","","2","0","1","0","0","0","1","1","0","2","","","","N","","","","","","","","","",""
"2006079125","","1","0","0","1","0","0","0","0","0","8","0","","02","7","2006","2","40.419997","-79.998892","","11","0","0","0","0","0","0","0","0","","0","0","0","","","1","","1","","40 25:11.989","","0","79 59:56.011","3","0","0","0","2301","1","0","0","N","0","0","0","2","02301","0","","1.0","","1","N","N","","0","","1","0","0","","0","","","2","1","0","0","0","0","1","2","0","1","","","","N","","","","","","","","","",""
"2006079126","","2","0","0","0","0","0","0","0","0","1","0","","02","7","2006","3","","","","11","0","1","0","0","0","0","0","0","","0","0","0","","","0","","0","","","","0","","0","0","0","0","2301","0","0","0","N","0","0","0","3","02301","0","","1.0","","1","N","N","","0","","0","0","0","","2","","","2","0","0","0","0","0","0","1","0","2","","","","N","","","","","","","","","",""
"2006079133","","1","0","0","0","0","0","0","0","0","8","0","","02","8","2006","5","40.364745","-79.983237","","11","0","0","0","0","0","0","0","0","","1","0","0","","","0","","2","","40 21:53.082","","0","79 58:59.653","1","0","0","0","2413","1","1","0","N","1","1","0","2","02413","0","2","1.0","","1","N","N","","0","0","0","0","0","","0","","","2","0","0","0","0","0","0","2","0","1","","","","N","","","","","","","","","",""
"2006079344","","0","0","0","0","0","0","0","0","0","7","0","","02","7","2006","1","","","","11","0","0","0","0","0","0","0","0","","0","0","0","","","0","","2","","","","0","","0","0","0","0","2463","0","0","0","N","0","0","0","1","02463","0","","5.0","","9","N","N","","0","","0","0","1","","0","","","1","0","0","0","0","0","0","1","0","1","","","","N","","","","","","","","","",""
"2006079369","","0","0","0","1","0","0","0","0","0","8","0","","02","7","2006","2","40.450556","-79.90579","","11","0","0","0","0","0","1","0","0","","0","0","0","","","1","","2","0","40 27:02.000","","0","79 54:20.843","3","0","0","0","2301","1","0","0","N","0","0","0","2","02301","0","","1.0","","1","N","N","","0","","1","0","1","","3","","","2","1","0","0","0","0","0","2","0","1","","","","N","","","","","","","","","",""
"2006079370","","1","0","0","0","0","0","0","0","0","4","0","","02","7","2006","7","40.455905","-79.938602","","11","0","0","1","0","0","1","0","0","","0","0","0","","","0","","1","0","40 27:21.258","","0","79 56:18.967","0","0","0","0","2301","0","0","0","N","0","0","0","3","02301","0","","1.0","","1","N","N","","0","","0","0","0","","2","","","2","0","1","0","0","0","0","2","1","2","","","","N","","","","","","","","","",""
"2006079371","","1","0","0","0","0","0","0","0","0","7","0","","02","7","2006","5","","","","11","0","0","0","0","0","0","0","0","2","0","0","0","","","1","","0","1","","3","0","","4","0","0","0","2301","0","0","0","N","0","0","0","1","02301","1","","5.0","","1","N","N","","0","","0","0","0","","0","N","","1","1","0","0","0","0","0","1","0","1","","","","N","","","","","","","","","",""
"2006079372","","1","0","0","0","0","0","0","0","0","7","0","","02","7","2006","2","","","","11","0","0","0","0","1","0","0","0","3","0","0","0","","","0","","0","2","","2","0","","0","0","0","0","2301","0","0","0","N","0","0","0","1","02301","0","","4.0","","1","N","N","","0","","0","0","0","","0","N","","1","0","0","0","0","0","0","1","0","1","","","","N","","","","","","","","","",""
"2006079373","","2","0","0","0","0","0","0","0","0","1","0","","02","7","2006","7","40.463586","-79.952975","","11","0","0","0","0","0","0","0","0","","0","0","0","","","1","","1","0","40 27:48.909","","0","79 57:10.710","8","0","0","0","2301","0","0","0","N","0","0","0","3","02301","0","","1.0","","1","N","N","","0","","0","0","0","","2","","","2","1","0","0","0","1","1","2","0","2","","","","N","","","","","","","","","",""
"2006079374","","2","0","0","0","0","0","0","0","0","1","0","","02","7","2006","5","40.483056","-79.898552","","11","0","0","0","0","1","1","0","0","2","0","0","0","","","0","","0","2","40 28:59.000","1","0","79 53:54.787","0","0","0","0","2301","0","0","0","N","0","0","0","4","02301","0","","1.0","","9","N","N","","0","","0","0","1","","0","N","","3","0","0","0","0","0","0","2","0","3","","","","N","","","","","","","","","",""
"2006079375","","1","0","0","0","0","0","0","0","0","8","0","","02","7","2006","5","40.455567","-79.897032","","11","0","0","0","0","0","0","0","1","","0","0","0","","","1","","2","0","40 27:20.041","","0","79 53:49.315","4","0","0","0","2301","1","0","0","N","1","0","0","2","02301","1","","1.0","","1","N","N","","0","","0","0","0","","2","","","2","1","0","0","0","0","0","2","0","1","","","","N","","","","","","","","","",""
"2006079376","","1","0","0","0","0","0","0","0","0","4","0","","02","7","2006","5","40.452359","-79.877724","","11","0","0","0","0","0","1","0","0","","0","0","0","","","0","","2","0","40 27:08.492","","0","79 52:39.806","0","0","0","0","2301","0","0","0","N","0","0","0","2","02301","0","","1.0","","1","N","N","","0","","0","0","0","","0","","","2","0","0","0","0","0","0","2","1","2","","","","N","","","","","","","","","",""
"2006079377","","2","0","0","0","0","0","0","0","0","1","0","","02","7","2006","2","","","","11","0","0","0","0","0","1","0","0","2","0","0","0","","","0","","0","1","","5","0","","0","0","0","0","2301","0","0","0","N","0","0","0","2","02301","0","","1.0","","1","N","N","","0","","0","0","0","","0","N","","2","0","0","0","0","0","0","1","0","2","","","","N","","","","","","","","","",""
"2006079378","","0","0","0","0","0","0","1","0","0","8","1","","02","7","2006","2","","","","11","0","0","0","0","0","1","0","0","","0","0","0","","","1","","1","0","","","0","","3","0","0","0","2301","1","0","0","N","1","0","0","2","02301","0","","1.0","","1","N","N","","0","","1","0","0","","3","","","2","1","0","0","0","0","0","1","0","1","","","","N","","","","","","","","","",""
"2006079379","","2","0","0","0","0","0","0","0","0","1","0","","02","7","2006","1","40.4448","-79.9898","","11","0","0","0","0","0","0","0","0","","0","0","0","","","1","","6","0","40 26:41.280","","2","79 59:23.280","8","0","0","0","2301","0","0","0","N","0","0","0","2","02301","0","","1.0","","9","N","N","","0","","0","0","0","","0","","","2","1","1","0","0","1","0","2","0","2","","","","N","","","","","","","","","",""
"2006079380","","1","0","0","0","0","0","0","0","0","4","0","","02","7","2006","2","40.46539","-79.956725","","11","0","0","0","0","1","0","0","0","","0","0","0","","","1","","1","0","40 27:55.404","","0","79 57:24.210","4","0","0","0","2301","0","0","0","N","0","0","0","2","02301","1","","1.0","","1","N","N","","0","","0","0","0","","0","","","2","1","0","0","0","0","1","2","1","2","","","","N","","","","","","","","","",""
"2006079381","","1","0","0","0","0","0","0","0","0","1","0","","02","7","2006","2","40.4586","-79.9574","","11","0","0","0","0","0","0","0","0","2","0","0","0","","","1","","1","1","40 27:30.960","4","0","79 57:26.640","8","0","0","0","2301","0","0","0","N","0","0","0","2","02301","0","","1.0","","1","N","N","","0","","0","0","0","","2","N","","2","1","0","0","0","1","0","2","1","2","","","","N","","","","","","","","","",""
"2006079382","","2","0","0","0","0","0","0","0","0","4","0","","02","7","2006","1","40.443076","-79.986194","","11","0","0","0","0","0","1","0","1","","0","0","0","","","0","","1","0","40 26:35.073","","0","79 59:10.298","0","0","0","0","2301","0","0","0","N","0","0","0","5","02301","0","","1.0","","1","N","N","","0","","0","0","0","","3","","","2","0","1","0","0","0","0","2","0","2","","","","N","","","","","","","","","",""
"2006079383","","2","0","0","0","0","0","0","0","0","2","0","","02","7","2006","6","","","","11","0","0","0","1","0","0","0","0","","0","0","0","","","1","","1","0","","","0","","4","0","0","0","2301","0","0","0","N","0","0","0","2","02301","1","","1.0","","9","N","N","","0","","0","0","0","","2","","","2","1","0","0","0","0","0","1","0","2","","","","N","","","","","","","","","",""
"2006079384","","2","0","0","0","0","0","0","0","0","5","0","","02","7","2006","1","40.437016","-80.01733","","11","0","0","0","0","0","0","0","0","1","0","0","0","","","0","","0","2","40 26:13.257","2","0","80 01:02.388","0","0","0","0","2301","0","0","0","N","0","0","0","1","02301","0","","1.0","","1","N","N","","0","","0","0","0","","0","N","","2","0","1","0","0","0","0","2","0","2","","","","N","","","","","","","","","",""
"2006079416","","0","0","0","0","0","0","0","0","0","4","0","","02","7","2006","5","40.426111","-80.294751","","11","0","0","0","0","0","1","1","0","1","0","0","0","","","1","","1","2","40 25:34.000","7","0","80 17:41.102","2","0","1","1","2214","0","0","0","N","0","0","0","2","02214","0","","1.0","","1","N","N","","0","","0","1","1","","0","Y","","2","1","0","0","0","0","0","1","0","2","","","","N","","","","","","","","","",""
"2006079453","","2","0","0","0","0","0","0","0","0","1","0","","02","7","2006","5","40.434926","-79.921927","","11","0","0","0","1","0","0","0","0","2","0","0","0","","","0","","0","1","40 26:05.733","1","0","79 55:18.937","0","0","0","0","2301","0","0","0","N","0","0","0","3","02301","0","","1.0","","1","N","N","","0","","0","0","0","","0","N","","2","0","0","0","0","0","0","2","0","2","","","","N","","","","","","","","","",""
"2006079457","","2","0","0","0","0","0","0","0","0","2","0","","02","7","2006","3","40.454722","-79.945188","","11","0","0","0","0","0","1","0","0","1","0","0","0","","","2","","1","2","40 27:17.000","1","0","79 56:42.675","4","0","0","0","2301","0","0","0","N","0","0","0","2","02301","2","","1.0","","1","N","N","","0","","0","0","0","","2","Y","","2","2","0","0","0","0","0","2","0","2","","","","N","","","","","","","","","",""
"2006079459","","2","0","0","0","0","0","0","0","0","4","0","","02","7","2006","1","40.380556","-80.037298","","11","0","0","0","0","0","0","0","0","1","0","0","0","","","0","","2","2","40 22:50.000","6","0","80 02:14.273","0","0","0","0","2109","0","0","0","N","0","0","0","3","02109","0","","1.0","","1","N","N","","0","","0","0","0","","3","Y","","2","0","0","0","0","0","0","2","0","2","","","","N","","","","","","","","","",""
"2006079460","","1","0","0","0","0","0","0","0","0","6","0","","02","7","2006","3","","","","11","0","0","0","0","0","0","0","0","2","0","0","0","","","0","","0","2","","5","0","","0","0","0","0","2109","0","0","0","N","0","0","0","3","02109","0","","1.0","","1","N","N","","0","","0","0","1","","0","Y","","2","0","0","0","0","0","0","1","0","2","","","","N","","","","","","","","","",""
"2006079461","","1","0","0","0","0","0","0","0","0","7","0","","02","7","2006","6","40.369825","-80.060444","","11","0","0","0","1","0","0","0","0","9","0","0","0","","","1","","0","2","40 22:11.370","6","0","80 03:37.598","4","0","0","0","2109","0","0","0","N","0","0","0","1","02109","1","","4.0","","1","N","N","","0","","0","0","0","","0","Y","","1","1","1","0","0","0","0","2","0","1","","","","N","","","","","","","","","",""
"2006079462","","2","0","0","0","0","0","0","0","0","4","0","","02","7","2006","5","40.435802","-79.954346","","11","0","0","0","0","0","1","0","0","1","0","0","0","","","0","","2","1","40 26:08.887","2","0","79 57:15.645","0","0","0","0","2301","0","0","0","N","0","0","0","2","02301","0","","1.0","","1","N","N","","0","","0","0","0","","3","N","","2","0","0","0","0","0","0","2","0","2","","","","N","","","","","","","","","",""
"2006079463","","1","0","0","0","0","0","0","0","0","7","0","","02","7","2006","2","40.3937","-79.9345","","11","0","0","0","0","0","0","0","0","","0","0","0","","","0","","6","0","40 23:37.320","","2","79 56:04.200","0","0","0","0","2301","0","0","0","N","0","0","0","2","02301","0","","3.0","","1","N","N","","0","","0","0","0","","0","","","1","0","0","0","0","0","0","2","0","1","","","","N","","","","","","","","","",""
"2006079464","","0","0","0","0","0","0","0","0","0","7","0","","02","7","2006","1","40.435138","-79.912548","","11","0","0","0","0","0","0","0","0","","0","0","0","","","0","","2","0","40 26:06.496","","0","79 54:45.172","0","0","0","0","2301","0","0","0","N","0","0","0","1","02301","0","","5.0","","1","N","N","","0","","0","0","1","","0","","","1","0","0","0","0","0","0","2","0","1","","","","N","","","","","","","","","",""
"2006079554","","0","0","0","0","0","0","0","0","0","7","0","","02","7","2006","1","40.289167","-79.977582","","11","0","0","0","0","0","0","0","0","3","0","0","0","","","1","","0","1","40 17:21.000","3","0","79 58:39.296","4","0","0","0","2219","0","0","0","N","0","0","0","1","02219","1","","4.0","","9","N","N","","0","","0","0","1","","0","N","","1","1","0","0","0","0","0","2","0","1","","","","N","","","","","","","","","",""
"2006079586","","1","0","0","0","0","0","0","0","0","4","0","","02","7","2006","4","40.322054","-79.99517","","11","0","0","0","0","0","1","0","0","","0","0","0","","","1","","2","0","40 19:19.394","","0","79 59:42.612","4","0","0","0","2219","0","0","0","N","0","0","0","2","02219","1","","1.0","","1","N","N","","1","","0","0","0","","3","","","2","1","0","0","0","0","0","2","0","2","","","","N","","","","","","","","","",""
"2006079587","","2","0","0","0","0","0","0","0","0","2","0","","02","7","2006","5","40.2862","-79.9981","","11","0","0","1","0","0","0","1","0","2","0","0","0","","","3","","0","2","40 17:10.320","2","0","79 59:53.160","3","0","0","0","2219","0","0","0","N","0","0","0","5","02219","2","","1.0","","9","N","N","","0","","1","0","0","","0","N","","2","3","1","0","0","0","0","2","0","2","","","","N","","","","","","","","","",""
"2006079602","","4","0","0","0","0","0","0","0","0","1","0","","02","7","2006","3","40.520556","-80.169603","","11","0","0","0","1","0","0","0","0","1","0","0","0","","","1","","0","2","40 31:14.000","1","0","80 10:10.570","8","0","0","0","2420","0","0","0","N","0","0","0","1","02420","0","","6.0","","1","N","N","","1","","0","0","0","","0","Y","","5","1","0","0","0","1","0","2","0","5","","","","N","","","","","","","","","",""
"2006079652","","1","0","0","0","0","0","0","0","0","7","0","","02","7","2006","4","40.459043","-79.771455","","11","0","0","0","0","0","0","0","1","","0","0","0","","","2","","0","0","40 27:32.553","","0","79 46:17.239","4","0","0","0","2446","0","0","0","N","0","0","0","2","02446","1","","4.0","","1","N","N","","0","","0","0","0","","0","","","1","2","0","0","0","1","0","2","0","1","","","","N","","","","","","","","","",""
"2006079653","","2","0","0","0","0","0","0","0","0","0","0","","02","7","2006","1","40.4111","-79.7604","","11","0","0","0","0","0","0","0","1","","0","0","0","","","1","","0","0","40 24:39.960","","0","79 45:37.440","4","0","0","0","2446","0","0","0","N","0","0","0","2","02446","1","","1.0","","9","N","N","","0","","0","0","0","","0","","","2","1","0","0","0","0","0","2","0","2","","","","N","","","","","","","","","",""
"2006079680","","2","0","0","0","0","0","0","0","0","1","0","","02","8","2006","4","40.3472","-80.0548","","11","0","0","0","0","0","1","0","1","2","0","0","0","","","0","","0","1","40 20:49.920","2","0","80 03:17.280","0","0","0","0","2123","0","0","0","","0","0","0","4","02123","0","","1.0","","1","N","N","","0","","0","0","1","","0","N","","4","0","0","0","0","0","0","2","1","4","","","","N","","","","","","","","","",""
"2006079684","","0","0","0","0","0","0","0","0","0","4","0","","02","8","2006","7","40.514167","-79.959121","","11","0","0","0","0","0","1","0","0","1","0","0","0","","","1","","0","1","40 30:51.000","1","0","79 57:32.835","4","0","0","0","2118","0","0","0","N","0","0","0","3","02118","1","","1.0","","1","N","N","","1","","0","0","1","","0","N","","2","1","0","0","0","0","0","2","0","2","","","","N","","","","","","","","","",""
"2006079706","","2","0","0","0","0","0","0","0","0","1","0","","02","8","2006","4","","","","11","0","0","0","0","0","1","0","0","2","0","0","0","","","1","","0","1","","3","3","","3","0","0","0","2456","0","0","0","Y","0","0","0","8","02456","0","","1.0","","1","N","N","","0","","1","0","0","","3","N","","2","1","8","0","0","0","0","1","0","2","","","","N","","","","","","","","","",""
"2006079708","","0","0","0","0","0","0","0","0","0","0","0","","02","8","2006","2","40.4374","-79.7381","","11","0","0","0","0","0","0","0","0","1","0","0","0","","","1","","0","2","40 26:14.640","4","0","79 44:17.160","2","0","1","1","2446","0","0","0","N","0","0","0","1","02446","0","","1.0","","1","N","N","","0","","0","1","0","","0","Y","","1","1","0","0","0","0","0","2","0","1","","","","N","","","","","","","","","",""
"2006079710","","2","0","0","0","0","0","0","0","0","1","0","","02","8","2006","5","40.5399","-80.0119","","11","0","0","0","0","0","0","0","0","","0","0","0","","","0","","0","0","40 32:23.640","","7","80 00:42.840","0","0","0","0","2116","0","0","0","N","0","0","0","5","02116","0","","1.0","","9","N","N","","0","","0","0","0","","2","","","2","0","0","0","0","0","0","2","0","2","","","","N","","","","","","","","","",""
"2006079715","","2","0","0","0","0","0","0","0","0","4","0","","02","7","2006","2","40.545833","-79.901339","","11","0","0","0","0","2","0","0","0","","0","0","0","","","0","","2","0","40 32:45.000","","0","79 54:04.819","0","0","0","0","2209","0","0","0","N","0","0","0","2","02209","0","","1.0","","1","N","N","","0","","0","0","0","","3","","","2","0","0","0","0","0","0","2","0","2","","","","N","","","","","","","","","",""
"2006079716","","1","0","0","0","0","0","0","0","0","7","0","","02","8","2006","1","","","","11","0","0","1","0","0","0","0","0","3","0","0","0","","","1","","0","2","","6","0","","4","0","0","0","2209","0","0","0","N","0","0","0","1","02209","1","","2.0","","1","N","N","","0","","0","0","0","","0","Y","","1","1","0","0","0","0","0","1","0","1","","","","N","","","","","","","","","",""
"2006079749","","1","0","0","0","0","0","0","0","0","1","0","","02","7","2006","6","40.4154","-80.0122","","11","0","0","0","0","0","1","0","0","","0","0","0","","","0","","0","0","40 24:55.440","","0","80 00:43.920","0","0","0","0","2301","0","0","0","N","0","0","0","2","02301","0","","7.0","","1","N","N","","0","","0","0","1","","4","","","2","0","0","0","0","0","0","2","0","2","","","","N","","","","","","","","","",""
"2006079750","","1","0","0","0","0","0","0","0","0","1","0","","02","7","2006","7","","","","11","0","0","0","0","0","0","0","0","","0","0","0","","","1","","0","0","","","0","","4","0","0","1","2301","0","0","0","N","0","0","0","2","02301","1","","1.0","","1","N","N","","0","","0","0","0","","0","","","2","1","0","0","0","0","0","1","0","2","","","","N","","","","","","","","","",""
"2006079751","","0","0","0","0","0","0","0","0","0","1","0","","02","8","2006","3","40.623056","-79.923132","","11","0","0","0","0","0","1","0","0","1","0","0","0","","","0","","2","1","40 37:23.000","3","0","79 55:23.275","0","0","0","0","2217","0","0","0","N","0","0","0","2","02505","0","","1.0","","1","N","N","","1","","0","0","1","","0","N","","2","0","1","0","0","0","0","2","0","2","","","","N","","","","","","","","","",""
"2006079771","","2","0","0","0","0","0","0","0","0","2","0","","02","7","2006","2","40.418092","-79.882548","","11","0","0","0","0","0","0","0","1","","0","0","0","","","0","","0","0","40 25:05.131","","0","79 52:57.172","0","0","0","0","2463","0","0","0","N","0","0","0","2","02463","0","","6.0","","1","N","N","","0","","0","0","0","","0","","","2","0","0","0","0","0","0","2","0","2","","","","N","","","","","","","","","",""
"2006079793","","1","0","0","0","0","0","0","0","0","4","0","","02","7","2006","5","","","","11","0","0","0","0","0","1","0","1","","0","0","0","","","1","","0","0","","","0","","4","0","0","0","2108","0","0","0","N","0","0","0","3","02108","1","","4.0","","1","N","N","","0","","0","0","1","","0","","","2","1","0","0","0","0","0","1","0","2","","","","N","","","","","","","","","",""
"2006079794","","2","0","0","0","0","0","0","0","0","2","0","","02","7","2006","1","40.392369","-80.009354","","11","0","0","0","1","0","1","0","0","1","0","0","0","","","2","","1","2","40 23:32.528","6","0","80 00:33.674","3","0","0","0","2301","0","0","0","N","0","0","0","4","02301","1","","1.0","","9","N","N","","0","","1","0","0","","3","N","","2","2","0","0","0","0","0","2","0","2","","","","N","","","","","","","","","",""
"2006079795","","2","0","0","0","0","0","0","0","0","4","0","","02","7","2006","6","40.459515","-80.017708","","11","0","1","0","0","0","0","0","0","","0","0","0","","","2","","1","0","40 27:34.254","","0","80 01:03.748","8","0","0","0","2301","0","0","0","N","0","0","0","3","02301","0","","1.0","","1","N","N","","0","","0","0","0","","0","","","2","2","0","0","0","2","1","2","0","2","","","","N","","","","","","","","","",""
"2006079796","","2","0","0","0","0","0","0","0","0","4","0","","02","7","2006","1","40.448652","-80.002304","","11","1","0","0","0","0","0","0","0","","0","0","0","","","0","","1","0","40 26:55.147","","0","80 00:08.294","0","0","0","0","2301","0","0","0","N","0","0","0","5","02301","0","","1.0","","1","N","N","","0","","0","0","0","","2","","","2","0","0","0","0","0","0","2","0","2","","","","N","","","","","","","","","",""
"2006079797","","1","0","0","0","0","0","0","0","0","5","0","","02","7","2006","1","40.456389","-79.998747","","11","0","1","0","0","0","0","0","0","2","0","0","0","","","0","","1","1","40 27:23.000","2","0","79 59:55.489","0","0","0","0","2301","0","0","0","N","0","0","0","3","02301","0","","1.0","","9","N","N","","0","","0","0","0","","2","N","","2","0","0","0","0","0","0","2","0","2","","","","N","","","","","","","","","",""
"2006079798","","2","0","0","0","0","0","0","0","0","5","1","","02","7","2006","7","40.425611","-79.926801","","11","0","0","0","0","0","0","0","0","1","0","0","0","","","0","","0","1","40 25:32.199","2","0","79 55:36.483","0","0","0","0","2301","0","0","0","N","0","0","0","4","02301","0","","1.0","","1","N","N","","1","","0","0","0","","8","N","","3","0","0","0","0","0","0","2","0","3","","","","N","","","","","","","","","",""
"2006079799","","2","0","0","0","0","0","0","0","0","4","0","","02","7","2006","3","40.396195","-80.023707","","11","0","1","0","0","0","0","0","0","","0","0","0","","","1","","1","0","40 23:46.302","","0","80 01:25.345","3","0","0","0","2301","0","0","0","N","0","0","0","2","02301","0","","1.0","","1","N","N","","0","","1","0","0","","2","","","2","1","0","0","0","0","0","2","0","2","","","","N","","","","","","","","","",""
"2006079837","","2","0","0","0","0","0","0","0","0","1","0","99","02","6","2006","4","","","","11","0","0","0","0","0","1","0","0","","0","0","0","","","1","","0","0","","","0","","8","0","0","0","2213","0","0","0","N","0","0","0","5","02213","0","","1.0","","1","N","N","","0","","0","0","0","","7","","","2","1","0","0","0","1","0","1","0","2","","","U","Y","8","8","","","U","","","","",""
"2006080149","","1","0","0","0","0","0","0","0","0","0","0","","02","7","2006","3","","","","11","0","0","0","0","0","0","0","0","","0","0","0","","","0","","0","0","","","0","","0","0","0","0","2301","0","0","0","N","0","0","0","3","02301","0","","1.0","","1","N","N","","0","","0","0","0","","0","","","1","0","1","0","0","0","0","1","0","1","","","","N","","","","","","","","","",""
"2006080162","","1","0","0","0","0","0","0","0","0","7","0","","02","7","2006","2","40.419156","-79.869646","","11","0","0","0","0","0","0","0","0","9","0","0","0","","","0","","0","2","40 25:08.960","6","0","79 52:10.726","0","0","0","0","2411","0","0","0","N","0","0","0","1","02411","0","","5.0","","1","N","N","","0","","0","0","0","","0","Y","","1","0","0","0","0","0","0","2","0","1","","","","N","","","","","","","","","",""