"CRN","ARRIVAL_TM","AUTOMOBILE_COUNT","BELTED_DEATH_COUNT","BELTED_SUSP_SERIOUS_INJ_COUNT","BICYCLE_COUNT","BICYCLE_DEATH_COUNT","BICYCLE_SUSP_SERIOUS_INJ_COUNT","BUS_COUNT","CHLDPAS_DEATH_COUNT","CHLDPAS_SUSP_SERIOUS_INJ_COUNT","COLLISION_TYPE","COMM_VEH_COUNT","CONS_ZONE_SPD_LIM","COUNTY","CRASH_MONTH","CRASH_YEAR","DAY_OF_WEEK","DEC_LATITUDE","DEC_LONGITUDE","DISPATCH_TM","DISTRICT","DRIVER_COUNT_16YR","DRIVER_COUNT_17YR","DRIVER_COUNT_18YR","DRIVER_COUNT_19YR","DRIVER_COUNT_20YR","DRIVER_COUNT_50_64YR","DRIVER_COUNT_65_74YR","DRIVER_COUNT_75PLUS","EST_HRS_CLOSED","FATAL_COUNT","HEAVY_TRUCK_COUNT","HORSE_BUGGY_COUNT","HOUR_OF_DAY","ILLUMINATION","INJURY_COUNT","INTERSECTION_RELATED","INTERSECT_TYPE","LANE_CLOSED","LATITUDE","LN_CLOSE_DIR","LOCATION_TYPE","LONGITUDE","MAX_SEVERITY_LEVEL","MCYCLE_DEATH_COUNT","MCYCLE_SUSP_SERIOUS_INJ_COUNT","MOTORCYCLE_COUNT","MUNICIPALITY","NONMOTR_COUNT","NONMOTR_DEATH_COUNT","NONMOTR_SUSP_SERIOUS_INJ_COUNT","NTFY_HIWY_MAINT","PED_COUNT","PED_DEATH_COUNT","PED_SUSP_SERIOUS_INJ_COUNT","PERSON_COUNT","POLICE_AGCY","POSSIBLE_INJ_COUNT","RDWY_SURF_TYPE_CD","RELATION_TO_ROAD","ROADWAY_CLEARED","ROAD_CONDITION","SCH_BUS_IND","SCH_ZONE_IND","SECONDARY_CRASH","SMALL_TRUCK_COUNT","SPEC_JURIS_CD","SUSP_MINOR_INJ_COUNT","SUSP_SERIOUS_INJ_COUNT","SUV_COUNT","TCD_FUNC_CD","TCD_TYPE","TFC_DETOUR_IND","TIME_OF_DAY","TOTAL_UNITS","TOT_INJ_COUNT","UNBELTED_OCC_COUNT","UNB_DEATH_COUNT","UNB_SUSP_SERIOUS_INJ_COUNT","UNK_INJ_DEG_COUNT","UNK_INJ_PER_COUNT","URBAN_RURAL","VAN_COUNT","VEHICLE_COUNT","WEATHER1","WEATHER2","WORKERS_PRES","WORK_ZONE_IND","WORK_ZONE_LOC","WORK_ZONE_TYPE","WZ_CLOSE_DETOUR","WZ_FLAGGER","WZ_LAW_OFFCR_IND","WZ_LN_CLOSURE","WZ_MOVING","WZ_OTHER","WZ_SHLDER_MDN","WZ_WORKERS_INJ_KILLED"
"2006081898","","0","0","0","0","0","0","0","0","0","0","0","","02","7","2006","5","","","","11","0","0","0","1","0","0","0","0","","0","0","0","","","1","","0","0","","","0","","8","0","0","1","2301","0","0","0","N","0","0","0","1","02301","0","","1.0","","1","N","N","","0","","0","0","0","","0","","","1","1","0","0","0","1","0","1","0","1","","","","N","","","","","","","","","",""
"2006081899","","1","0","0","0","0","0","0","0","0","8","0","","02","7","2006","2","","","","11","0","0","0","0","0","0","0","0","","0","0","0","","","0","","2","0","","","0","","0","0","0","0","2301","1","0","0","N","1","0","0","2","02301","0","","1.0","","1","N","N","","0","","0","0","0","","3","","","2","0","0","0","0","0","0","1","0","1","","","","N","","","","","","","","","",""
"2006081900","","0","0","0","0","0","0","0","0","0","1","0","","02","7","2006","3","40.457996","-79.904083","","11","0","0","0","0","0","0","0","0","","0","0","0","","","0","","5","0","40 27:28.786","","0","79 54:14.700","0","0","0","0","2301","0","0","0","N","0","0","0","3","02301","0","","1.0","","1","N","N","","1","","0","0","1","","2","","","2","0","0","0","0","0","0","2","0","2","","","","N","","","","","","","","","",""
"2006081901","","1","0","0","0","0","0","0","0","0","4","0","","02","7","2006","3","","","","11","0","0","0","0","1","0","0","0","","0","0","0","","","3","","1","0","","","0","","8","0","0","0","2301","0","0","0","N","0","0","0","3","02301","0","","1.0","","1","N","N","","0","","0","0","1","","0","","","2","3","0","0","0","3","0","1","0","2","","","","N","","","","","","","","","",""
"2006081967","","1","0","0","0","0","0","0","0","0","1","0","","02","6","2006","3","40.4908","-79.8844","","11","0","0","0","0","1","0","0","0","","0","0","0","","","1","","6","0","40 29:26.880","","2","79 53:03.840","4","0","0","0","2112","0","0","0","N","0","0","0","4","68D02","1","","7.0","","1","N","N","","0","","0","0","1","","0","","","2","1","0","0","0","0","0","2","0","2","","","","N","","","","","","","","","",""
"2006082057","","1","0","0","0","0","0","0","0","0","1","0","","02","7","2006","3","40.3919","-79.9348","","11","0","0","0","0","0","1","0","0","","0","0","0","","","1","","6","0","40 23:30.840","","2","79 56:05.280","8","0","0","0","2301","0","0","0","","0","0","0","2","02301","0","","1.0","","1","N","N","","0","","0","0","1","","4","","","2","1","0","0","0","1","0","2","0","2","","","","N","","","","","","","","","",""
"2006082058","","2","0","0","0","0","0","0","0","0","4","0","","02","7","2006","2","40.450559","-79.93008","","11","0","0","0","0","0","1","0","0","1","0","0","0","","","2","","1","1","40 27:02.012","1","0","79 55:48.288","3","0","0","0","2301","0","0","0","N","0","0","0","4","02301","0","","1.0","","1","N","N","","0","","2","0","0","","3","Y","","2","2","0","0","0","0","0","2","0","2","","","","N","","","","","","","","","",""
"2006082159","","0","0","0","0","0","0","0","0","0","2","0","","02","7","2006","2","40.5579","-80.2047","","11","0","0","0","0","0","1","0","0","1","0","0","0","","","0","","2","1","40 33:28.440","5","0","80 12:16.920","0","0","0","0","2441","0","0","0","N","0","0","0","2","02441","0","","1.0","","1","N","N","","2","","0","0","0","","2","N","","2","0","0","0","0","0","0","2","0","2","","","","N","","","","","","","","","",""
"2006082177","","1","0","0","0","0","0","0","0","0","1","0","","02","8","2006","2","","","","11","0","0","0","0","0","0","0","0","1","0","0","0","","","2","","0","1","","4","0","","4","0","0","0","2118","0","0","0","N","0","0","0","2","02118","1","","1.0","","1","N","N","","0","","0","0","1","","0","N","","2","2","0","0","0","1","0","1","0","2","","","","N","","","","","","","","","",""
"2006082263","","1","0","0","0","0","0","0","0","0","4","0","","02","8","2006","7","40.615278","-79.933738","","11","0","0","0","0","0","2","0","0","","0","0","0","","","0","","1","0","40 36:55.000","","0","79 56:01.457","0","0","0","0","2207","0","0","0","N","0","0","0","2","02207","0","","1.0","","1","N","N","","0","","0","0","1","","3","","","2","0","0","0","0","0","0","2","0","2","","","","N","","","","","","","","","",""
"2006082279","","1","0","0","0","0","0","0","0","0","7","0","","02","7","2006","4","40.443817","-80.063641","","11","0","0","1","0","0","0","0","0","","0","0","0","","","0","","0","0","40 26:37.741","","0","80 03:49.107","0","0","0","0","2439","0","0","0","N","0","0","0","1","02439","0","","5.0","","1","N","N","","0","","0","0","0","","0","","","1","0","0","0","0","0","0","2","0","1","","","","N","","","","","","","","","",""
"2006082322","","1","0","0","0","0","0","0","0","0","7","0","35","02","7","2006","6","40.5585","-80.0339","","11","0","0","0","0","0","0","0","0","","0","0","0","","","0","","0","0","40 33:30.600","","0","80 02:02.040","0","0","0","0","2108","0","0","0","N","0","0","0","5","02108","0","","1.0","","1","N","N","","0","","0","0","0","","0","","","1","0","0","0","0","0","0","2","0","1","","","N","Y","4","2","","","N","","","","",""
"2006082323","","3","0","0","0","0","0","0","0","0","2","0","","02","7","2006","7","40.579444","-80.008809","","11","0","0","0","0","0","1","1","1","2","0","0","0","","","4","","0","2","40 34:46.000","6","0","80 00:31.711","8","0","0","0","2108","0","0","0","N","0","0","0","7","02108","0","","1.0","","1","N","N","","0","","0","0","0","","0","Y","","3","4","2","0","0","4","0","2","0","3","","","","N","","","","","","","","","",""
"2006082324","","1","0","0","0","0","0","0","0","0","2","0","","02","7","2006","2","40.612222","-80.054345","","11","0","0","0","0","0","0","0","0","2","0","0","0","","","3","","0","1","40 36:44.000","5","0","80 03:15.641","3","0","0","0","2108","0","0","0","N","0","0","0","3","02108","1","","1.0","","1","N","N","","0","","2","0","1","","0","Y","","2","3","0","0","0","0","0","2","0","2","","","","N","","","","","","","","","",""
"2006082395","","1","0","0","0","0","0","0","0","0","7","0","","02","7","2006","6","","","","11","0","0","0","0","0","0","0","0","9","0","0","0","","","1","","0","1","","1","0","","4","0","0","0","2220","0","0","0","N","0","0","0","2","68B01","1","","2.0","","1","N","N","","0","","0","0","0","","0","N","","1","1","2","0","0","0","0","1","0","1","","","","N","","","","","","","","","",""
"2006082483","","1","0","1","0","0","0","0","0","0","4","0","","02","8","2006","1","40.346389","-80.088913","","11","1","0","0","0","0","0","0","1","2","0","0","0","","","2","","2","1","40 20:47.000","3","0","80 05:20.087","2","0","0","0","2123","0","0","0","N","0","0","0","5","02123","0","","1.0","","1","N","N","","0","","1","1","1","","0","N","","2","2","0","0","0","0","0","2","0","2","","","","N","","","","","","","","","",""
"2006082829","","0","0","0","0","0","0","0","0","0","7","0","","02","7","2006","3","40.4506","-79.9975","","11","0","0","0","0","0","0","0","0","","0","0","0","","","0","","0","0","40 27:02.160","","0","79 59:51.000","0","0","0","1","2112","0","0","0","N","0","0","0","1","68D02","0","","4.0","","1","N","N","","0","","0","0","0","","0","","","1","0","0","0","0","0","0","2","0","1","","","","N","","","","","","","","","",""
"2006082884","","1","0","0","0","0","0","0","0","0","7","0","","02","7","2006","4","40.4506","-79.9975","","11","0","0","0","0","0","0","0","0","","0","0","0","","","1","","0","0","40 27:02.160","","0","79 59:51.000","4","0","0","0","2208","0","0","0","Y","0","0","0","1","68D02","1","","4.0","","8","N","N","","0","","0","0","0","","0","","","1","1","1","0","0","0","0","2","0","1","","","","N","","","","","","","","","",""
"2006082885","","1","0","0","0","0","0","0","0","0","5","0","","02","7","2006","5","40.4956","-79.9103","","11","0","0","0","0","0","1","0","0","","0","0","0","","","0","","0","0","40 29:44.160","","0","79 54:37.080","0","0","0","0","2112","0","0","0","N","0","0","0","2","68D02","0","","1.0","","1","N","N","","0","","0","0","1","","0","","","2","0","0","0","0","0","0","2","0","2","","","","N","","","","","","","","","",""
"2006082886","","1","0","0","0","0","0","0","0","0","2","0","","02","7","2006","4","40.536389","-79.844101","","11","0","0","0","0","0","1","0","0","2","0","0","0","","","0","","0","1","40 32:11.000","2","0","79 50:38.764","0","0","0","0","2208","0","0","0","Y","0","0","0","2","68D02","0","","1.0","","8","N","N","","0","","0","0","0","","0","N","","2","0","0","0","0","0","0","2","1","2","","","","N","","","","","","","","","",""
"2006082907","","1","0","0","0","0","0","0","0","0","2","0","","02","8","2006","4","40.508889","-80.238657","","11","0","0","0","0","0","1","0","0","1","0","0","0","","","1","","3","1","40 30:32.000","5","0","80 14:19.166","8","0","0","0","2213","0","0","0","N","0","0","0","2","02213","0","","1.0","","1","N","N","","1","","0","0","0","","0","N","","2","1","0","0","0","1","0","2","0","2","","","","N","","","","","","","","","",""
"2006082908","","2","0","0","0","0","0","0","0","0","1","0","","02","8","2006","7","40.503576","-80.222429","","11","0","0","0","0","0","0","0","0","","0","0","0","","","2","","2","0","40 30:12.874","","0","80 13:20.746","8","0","0","0","2213","0","0","0","N","0","0","0","3","02213","0","","1.0","","1","N","N","","0","","0","0","0","","2","","","2","2","0","0","0","2","0","2","0","2","","","","N","","","","","","","","","",""
"2006082909","","1","0","0","0","0","0","0","0","0","4","0","","02","8","2006","7","","","","11","0","0","0","1","0","0","0","0","","0","0","0","","","0","","2","0","","","0","","0","0","0","0","2213","0","0","0","N","0","0","0","2","02213","0","","1.0","","1","N","N","","0","","0","0","1","","3","","","2","0","0","0","0","0","0","1","0","2","","","","N","","","","","","","","","",""
"2006082910","","2","0","0","0","0","0","0","0","0","4","0","","02","8","2006","5","40.518135","-80.222435","","11","0","0","0","0","0","1","0","0","","0","0","0","","","1","","0","0","40 31:05.287","","0","80 13:20.767","4","0","0","0","2213","0","0","0","N","0","0","0","3","02213","1","","1.0","","1","N","N","","0","","0","0","0","","0","","","2","1","1","0","0","0","0","2","0","2","","","","N","","","","","","","","","",""
"2006082911","","3","0","0","0","0","0","0","0","0","1","0","","02","8","2006","3","","","","11","0","0","0","0","0","0","0","0","1","0","0","0","","","0","","0","1","","3","3","","0","0","0","0","2213","0","0","0","N","0","0","0","5","02213","0","","1.0","","1","N","N","","0","","0","0","0","","0","N","","3","0","0","0","0","0","0","1","0","3","","","","N","","","","","","","","","",""
"2006082912","","2","0","0","0","0","0","0","0","0","4","0","","02","8","2006","3","","","","11","0","0","0","0","1","0","0","0","","0","0","0","","","0","","2","0","","","0","","0","0","0","0","2213","0","0","0","N","0","0","0","2","02213","0","","1.0","","1","N","N","","0","","0","0","0","","3","","","2","0","0","0","0","0","0","1","0","2","","","","N","","","","","","","","","",""
"2006082917","","2","0","0","0","0","0","0","0","0","4","0","","02","8","2006","3","40.4238","-80.0496","","11","0","0","0","0","0","0","0","0","1","0","0","0","","","0","","0","2","40 25:25.680","2","0","80 02:58.560","0","0","0","0","2435","0","0","0","N","0","0","0","6","02435","0","","1.0","","1","N","N","","0","","0","0","0","","0","N","","2","0","0","0","0","0","0","2","0","2","","","","N","","","","","","","","","",""
"2006082953","","1","0","0","0","0","0","0","0","0","1","0","","02","7","2006","3","","","","11","0","0","0","0","0","1","0","1","","0","0","0","","","2","","2","0","","","0","","4","0","0","0","2301","0","0","0","N","0","0","0","4","02301","2","","1.0","","1","N","N","","0","","0","0","0","","3","","","2","2","0","0","0","0","0","1","1","2","","","","N","","","","","","","","","",""
"2006083140","","0","0","0","0","0","0","0","0","0","0","0","","02","7","2006","6","40.578889","-80.027405","","11","0","0","0","0","0","0","0","0","1","0","0","0","","","1","","0","1","40 34:44.000","1","0","80 01:38.659","4","0","0","1","2108","0","0","0","N","0","0","0","1","02108","1","","1.0","","1","N","N","","0","","0","0","0","","0","N","","1","1","0","0","0","0","0","2","0","1","","","","N","","","","","","","","","",""
"2006083179","","3","0","0","0","0","0","0","0","0","2","0","","02","8","2006","3","40.436667","-79.758099","","11","0","0","0","0","0","2","0","0","2","0","0","0","","","6","","0","2","40 26:12.000","1","0","79 45:29.155","4","0","0","0","2446","0","0","0","N","0","0","0","7","02446","6","","1.0","","1","N","N","","0","","0","0","0","","2","Y","","4","6","1","0","0","0","0","2","1","4","","","","N","","","","","","","","","",""
"2006083197","","0","0","0","0","0","0","0","0","0","8","0","","02","8","2006","7","","","","11","0","0","0","0","0","0","0","0","","0","0","0","","","1","","0","0","","","0","","3","0","0","0","2440","1","0","0","N","1","0","0","2","02440","0","","1.0","","1","N","N","","1","","1","0","0","","0","","","2","1","0","0","0","0","0","1","0","1","","","","N","","","","","","","","","",""
"2006083201","","1","0","0","0","0","0","0","0","0","4","0","","02","8","2006","3","","","","11","0","0","0","0","0","0","0","0","","0","0","0","","","0","","5","0","","","0","","0","0","0","0","2301","0","0","0","N","0","0","0","4","02301","0","","1.0","","1","N","N","","0","","0","0","1","","3","","","2","0","0","0","0","0","0","1","0","2","","","","N","","","","","","","","","",""
"2006083202","","1","0","0","0","0","0","0","0","0","7","0","","02","7","2006","2","","","","11","0","0","0","0","0","0","0","0","","0","0","0","","","1","","0","0","","","1","","4","0","0","0","2301","0","0","0","N","0","0","0","2","02301","1","","2.0","","1","N","N","","0","","0","0","0","","0","","","1","1","0","0","0","0","0","1","0","1","","","","N","","","","","","","","","",""
"2006083203","","1","0","0","0","0","0","0","0","0","7","0","","02","8","2006","3","40.479","-80.0432","","11","0","0","0","0","0","0","0","0","","0","0","0","","","0","","0","0","40 28:44.400","","0","80 02:35.520","0","0","0","0","2301","0","0","0","N","0","0","0","1","02301","0","","3.0","","1","N","N","","0","","0","0","0","","0","","","1","0","0","0","0","0","0","2","0","1","","","","N","","","","","","","","","",""
"2006083204","","3","0","0","0","0","0","0","0","0","5","0","","02","7","2006","4","40.463878","-80.014269","","11","0","0","0","0","0","0","0","0","2","0","0","0","","","0","","0","2","40 27:49.960","6","0","80 00:51.368","9","0","0","0","2301","0","0","0","","0","0","0","1","02301","0","","2.0","","1","N","N","","0","","0","0","0","","0","N","","3","0","0","0","0","0","1","2","0","3","","","","N","","","","","","","","","",""
"2006083286","","2","0","0","0","0","0","0","0","0","4","0","","02","8","2006","3","40.27254","-79.886304","","11","0","1","0","0","0","0","1","0","","0","0","0","","","0","","1","0","40 16:21.143","","0","79 53:10.694","0","0","0","0","2428","0","0","0","N","0","0","0","2","02428","0","","1.0","","1","N","N","","0","","0","0","0","","2","","","2","0","0","0","0","0","0","2","0","2","","","","N","","","","","","","","","",""
"2006083414","","0","0","0","0","0","0","0","0","0","7","0","","02","8","2006","3","40.480709","-79.97256","","11","0","0","0","0","0","0","0","0","3","0","0","0","","","0","","0","2","40 28:50.552","6","0","79 58:21.216","9","0","0","0","2462","0","0","0","N","0","0","0","1","02462","0","","4.0","","1","N","N","","2","","0","0","1","","3","Y","","3","0","0","0","0","0","1","2","0","3","","","","N","","","","","","","","","",""
"2006083495","","3","0","0","0","0","0","0","0","0","1","0","","02","8","2006","3","","","","11","0","0","0","0","0","0","0","0","","0","0","0","","","1","","1","0","","","0","","8","0","0","0","2301","0","0","0","N","0","0","0","4","02301","0","","1.0","","1","N","N","","0","","0","0","0","","2","","","3","1","0","0","0","1","0","1","0","3","","","","N","","","","","","","","","",""
"2006083496","","1","0","0","0","0","0","0","0","0","1","0","","02","8","2006","3","40.458611","-79.908019","","11","0","0","0","0","0","1","0","1","","0","0","0","","","5","","1","0","40 27:31.000","","0","79 54:28.868","8","0","0","0","2301","0","0","0","N","0","0","0","5","02301","0","","1.0","","1","N","N","","0","","0","0","1","","2","","","2","5","0","0","0","5","0","2","0","2","","","","N","","","","","","","","","",""
"2006083513","","1","0","0","0","0","0","0","0","0","1","0","","02","7","2006","5","40.614722","-79.997579","","11","0","0","0","0","0","0","0","0","1","0","0","0","","","2","","2","1","40 36:53.000","1","0","79 59:51.284","4","0","0","0","2108","0","0","0","N","0","0","0","5","02108","2","","1.0","","1","N","N","","0","","0","0","1","","3","N","","3","2","0","0","0","0","0","1","1","3","","","","N","","","","","","","","","",""
"2006083514","","1","0","0","0","0","0","0","0","0","7","0","","02","8","2006","7","40.571944","-80.036954","","11","0","0","0","0","0","0","0","0","1","0","0","0","","","0","","2","1","40 34:19.000","6","0","80 02:13.034","0","0","0","0","2108","0","0","0","N","0","0","0","1","02108","0","","4.0","","1","N","N","","0","","0","0","0","","2","N","","1","0","0","0","0","0","0","2","0","1","","","","N","","","","","","","","","",""
"2006083554","","2","0","0","0","0","0","0","0","0","4","0","","02","7","2006","5","40.473333","-80.063099","","11","0","0","1","0","0","0","0","0","","0","0","0","","","1","","3","0","40 28:24.000","","0","80 03:47.156","8","0","0","0","2444","0","0","0","N","0","0","0","2","02444","0","","1.0","","1","N","N","","0","","0","0","0","","4","","","2","1","2","0","0","1","0","2","0","2","","","","N","","","","","","","","","",""
"2006083571","","0","0","0","0","0","0","0","0","0","4","0","","02","8","2006","3","","","","11","0","0","0","0","0","0","1","0","","0","0","0","","","1","","0","0","","","7","","8","0","0","0","2301","0","0","0","N","0","0","0","2","02301","0","","1.0","","1","N","N","","2","","0","0","0","","0","","","2","1","0","0","0","1","0","1","0","2","","","","N","","","","","","","","","",""
"2006083691","","2","0","0","0","0","0","0","0","0","4","0","","02","7","2006","7","40.573333","-79.993651","","11","0","0","2","0","0","0","0","0","1","0","0","0","","","0","","2","1","40 34:24.000","6","0","79 59:37.143","0","0","0","0","2108","0","0","0","N","0","0","0","2","02108","0","","1.0","","1","N","N","","0","","0","0","0","","3","N","","2","0","0","0","0","0","0","2","0","2","","","","N","","","","","","","","","",""
"2006083692","","0","0","0","0","0","0","0","0","0","5","0","","02","8","2006","3","40.5839","-80.0287","","11","0","0","0","0","0","0","0","0","","0","0","0","","","1","","6","0","40 35:02.040","","2","80 01:43.320","4","0","0","0","2108","0","0","0","N","0","0","0","2","02108","1","","1.0","","1","N","N","","1","","0","0","0","","3","","","2","1","0","0","0","0","0","2","1","2","","","","N","","","","","","","","","",""
"2006083693","","0","0","0","0","0","0","0","0","0","7","0","","02","8","2006","5","40.581944","-80.038026","","11","0","0","0","0","0","1","0","0","","0","0","0","","","0","","1","0","40 34:55.000","","0","80 02:16.893","0","0","0","0","2108","0","0","0","N","0","0","0","1","02108","0","","5.0","","1","N","N","","1","","0","0","0","","2","","","1","0","0","0","0","0","0","2","0","1","","","","N","","","","","","","","","",""
"2006083694","","2","0","0","0","0","0","0","0","0","1","0","","02","8","2006","5","40.559705","-80.023622","","11","0","0","0","0","0","1","0","0","1","0","0","0","","","1","","1","1","40 33:34.938","2","0","80 01:25.039","8","0","0","0","2108","0","0","0","N","0","0","0","2","02108","0","","1.0","","1","N","N","","0","","0","0","0","","0","N","","2","1","0","0","0","1","0","2","0","2","","","","N","","","","","","","","","",""
"2006083695","","0","0","0","0","0","0","0","0","0","7","0","","02","8","2006","3","40.563889","-80.009853","","11","0","0","0","0","0","1","0","0","","0","0","0","","","0","","0","0","40 33:50.000","","0","80 00:35.470","0","0","0","0","2108","0","0","0","N","0","0","0","2","02108","0","","4.0","","1","N","N","","0","","0","0","0","","0","","","1","0","0","0","0","0","0","2","1","1","","","","N","","","","","","","","","",""
"2006083850","","1","0","0","0","0","0","0","0","0","4","0","","02","8","2006","3","40.609","-79.9473","","11","0","0","0","1","0","0","0","1","2","0","0","0","","","2","","0","","40 36:32.400","2","0","79 56:50.280","3","0","0","0","2207","0","0","0","N","0","0","0","2","02207","0","","1.0","","1","N","N","","1","","2","0","0","","0","N","","2","2","0","0","0","0","0","2","0","2","","","","N","","","","","","","","","",""
"2006083855","","1","0","0","0","0","0","0","0","0","1","0","","02","8","2006","1","40.543056","-79.993609","","11","0","0","0","0","0","0","0","2","","0","0","0","","","0","","2","","40 32:35.000","","0","79 59:36.991","0","0","0","0","2116","0","0","0","N","0","0","0","3","02116","0","","1.0","","1","N","N","","0","","0","0","1","","0","","","2","0","0","0","0","0","0","2","0","2","","","","N","","","","","","","","","",""
"2006083866","","0","0","0","0","0","0","0","0","0","3","0","","02","8","2006","1","40.593696","-79.927579","","11","0","0","0","0","0","1","1","0","","0","0","0","","","0","","2","","40 35:37.305","","0","79 55:39.284","0","0","0","0","2207","0","0","0","N","0","0","0","3","02207","0","","1.0","","1","N","N","","0","","0","0","2","","3","","","2","0","0","0","0","0","0","2","0","2","","","","N","","","","","","","","","",""
"2006083873","","1","0","0","0","0","0","0","0","0","6","0","","02","8","2006","5","","","","11","0","0","0","0","0","0","1","0","","0","0","0","","","2","","0","","","","0","","4","0","0","0","2207","0","0","0","N","0","0","0","3","02207","2","","1.0","","1","N","N","","1","","0","0","0","","0","","","2","2","0","0","0","0","0","1","0","2","","","","N","","","","","","","","","",""
"2006083880","","0","0","0","0","0","0","0","0","0","8","0","","02","8","2006","4","","","","11","0","0","0","0","0","1","0","0","2","0","0","0","","","1","","2","","","7","7","","3","0","0","0","2438","1","0","0","N","1","0","0","2","02438","0","","1.0","","1","N","N","","0","","1","0","1","","0","Y","","2","1","0","0","0","0","0","1","0","1","","","","N","","","","","","","","","",""
"2006083896","","0","0","0","0","0","0","0","0","0","99","0","","02","8","2006","3","40.41882","-79.988643","","11","0","0","0","0","0","0","0","0","2","0","0","0","","","1","","0","","40 25:07.752","1","0","79 59:19.114","3","0","0","1","2301","0","0","0","N","0","0","0","1","02301","0","","1.0","","1","N","N","","0","","1","0","0","","0","Y","","1","1","0","0","0","0","0","2","0","1","","","","N","","","","","","","","","",""
"2006083897","","1","0","0","0","0","0","0","0","0","7","0","","02","8","2006","3","","","","11","0","0","0","0","0","0","0","0","2","0","0","0","","","1","","0","","","1","0","","4","0","0","0","2301","0","0","0","N","0","0","0","1","02301","1","","5.0","","1","N","N","","0","","0","0","0","","3","Y","","1","1","0","0","0","0","0","1","0","1","","","","N","","","","","","","","","",""
"2006083899","","1","0","0","0","0","0","0","0","0","5","0","","02","8","2006","3","40.38621","-79.983251","","11","0","0","0","0","0","0","0","0","1","0","0","0","","","0","","0","","40 23:10.356","4","0","79 58:59.703","9","0","0","0","2301","0","0","0","N","0","0","0","1","02301","0","","1.0","","1","N","N","","0","","0","0","1","","0","N","","2","0","0","0","0","0","1","2","0","2","","","","N","","","","","","","","","",""
"2006083948","","1","0","0","0","0","0","0","0","0","4","0","","02","8","2006","3","40.373056","-80.099168","","11","0","1","0","0","0","1","0","0","","0","0","0","","","0","","0","","40 22:23.000","","0","80 05:57.006","0","0","0","0","2102","0","0","0","N","0","0","0","4","02102","0","","1.0","","1","N","N","","0","","0","0","1","","2","","","2","0","0","0","0","0","0","2","0","2","","","","N","","","","","","","","","",""
"2006083978","","1","0","0","0","0","0","0","0","0","4","0","","02","8","2006","3","40.363611","-80.109995","","11","0","1","0","0","0","0","1","0","2","0","0","0","","","1","","0","","40 21:49.000","4","0","80 06:35.981","4","0","0","0","2102","0","0","0","N","0","0","0","4","02102","1","","1.0","","1","N","N","","0","","0","0","2","","0","Y","","3","1","0","0","0","0","0","2","0","3","","","","N","","","","","","","","","",""
"2006083989","","2","0","0","0","0","0","0","0","0","1","0","","02","8","2006","4","40.275","-79.8879","","11","0","0","0","0","0","0","0","0","","0","0","0","","","0","","0","","40 16:30.000","","3","79 53:16.440","0","0","0","0","2428","0","0","0","N","0","0","0","4","02428","0","","1.0","","1","N","N","","1","","0","0","1","","0","","","4","0","0","0","0","0","0","2","0","4","","","","N","","","","","","","","","",""
"2006083997","","0","0","0","0","0","0","1","0","0","4","1","","02","8","2006","4","","","","11","0","0","0","0","0","1","0","0","2","0","0","0","","","5","","2","","","2","0","","3","0","0","0","2301","0","0","0","N","0","0","0","6","02503","1","","1.0","","1","N","N","","1","","4","0","0","","3","N","","2","5","0","0","0","0","0","1","0","2","","","","N","","","","","","","","","",""
"2006084000","","4","0","0","0","0","0","0","0","0","1","0","","02","8","2006","4","40.5337","-79.9596","","11","0","0","0","0","0","1","0","0","1","0","0","0","","","1","","0","","40 32:01.320","1","0","79 57:34.560","8","0","0","0","2118","0","0","0","N","0","0","0","5","02118","0","","1.0","","1","N","N","","0","","0","0","0","","0","N","","4","1","0","0","0","1","0","2","0","4","","","","N","","","","","","","","","",""
"2006084001","","0","0","0","0","0","0","0","0","0","4","0","","02","8","2006","1","40.376111","-80.0978","","11","0","0","0","0","0","0","0","0","","0","0","0","","","1","","2","","40 22:34.000","","0","80 05:52.081","8","0","0","0","2102","0","0","0","N","0","0","0","4","02102","0","","1.0","","1","N","N","","0","","0","0","2","","3","","","2","1","0","0","0","1","0","2","0","2","","","","N","","","","","","","","","",""
"2006084002","","2","0","0","0","0","0","0","0","0","4","0","","02","8","2006","5","","","","11","0","0","0","0","0","1","0","1","","0","0","0","","","1","","1","","","","0","","4","0","0","0","2430","0","0","0","N","0","0","0","2","02430","1","","1.0","","1","N","N","","0","","0","0","0","","3","","","2","1","0","0","0","0","0","1","0","2","","","","N","","","","","","","","","",""
"2006084003","","3","0","0","0","0","0","0","0","0","1","0","","02","8","2006","5","40.5072","-79.7933","","11","0","0","0","0","0","2","0","0","2","0","0","0","","","1","","0","","40 30:25.920","3","0","79 47:35.880","8","0","0","0","2466","0","0","0","N","0","0","0","3","02466","0","","1.0","","1","N","N","","0","","0","0","0","","0","N","","3","1","0","0","0","1","0","2","0","3","","","","N","","","","","","","","","",""
"2006084007","","2","0","0","0","0","0","0","0","0","1","0","","02","8","2006","5","40.331111","-79.945579","","11","0","0","0","0","0","0","0","1","","0","0","0","","","1","","0","","40 19:52.000","","0","79 56:44.085","4","0","0","0","2454","0","0","0","N","0","0","0","3","02454","1","","1.0","","1","N","N","","0","","0","0","0","","2","","","2","1","0","0","0","0","0","2","0","2","","","","N","","","","","","","","","",""