"CRN","ARRIVAL_TM","AUTOMOBILE_COUNT","BELTED_DEATH_COUNT","BELTED_SUSP_SERIOUS_INJ_COUNT","BICYCLE_COUNT","BICYCLE_DEATH_COUNT","BICYCLE_SUSP_SERIOUS_INJ_COUNT","BUS_COUNT","CHLDPAS_DEATH_COUNT","CHLDPAS_SUSP_SERIOUS_INJ_COUNT","COLLISION_TYPE","COMM_VEH_COUNT","CONS_ZONE_SPD_LIM","COUNTY","CRASH_MONTH","CRASH_YEAR","DAY_OF_WEEK","DEC_LATITUDE","DEC_LONGITUDE","DISPATCH_TM","DISTRICT","DRIVER_COUNT_16YR","DRIVER_COUNT_17YR","DRIVER_COUNT_18YR","DRIVER_COUNT_19YR","DRIVER_COUNT_20YR","DRIVER_COUNT_50_64YR","DRIVER_COUNT_65_74YR","DRIVER_COUNT_75PLUS","EST_HRS_CLOSED","FATAL_COUNT","HEAVY_TRUCK_COUNT","HORSE_BUGGY_COUNT","HOUR_OF_DAY","ILLUMINATION","INJURY_COUNT","INTERSECTION_RELATED","INTERSECT_TYPE","LANE_CLOSED","LATITUDE","LN_CLOSE_DIR","LOCATION_TYPE","LONGITUDE","MAX_SEVERITY_LEVEL","MCYCLE_DEATH_COUNT","MCYCLE_SUSP_SERIOUS_INJ_COUNT","MOTORCYCLE_COUNT","MUNICIPALITY","NONMOTR_COUNT","NONMOTR_DEATH_COUNT","NONMOTR_SUSP_SERIOUS_INJ_COUNT","NTFY_HIWY_MAINT","PED_COUNT","PED_DEATH_COUNT","PED_SUSP_SERIOUS_INJ_COUNT","PERSON_COUNT","POLICE_AGCY","POSSIBLE_INJ_COUNT","RDWY_SURF_TYPE_CD","RELATION_TO_ROAD","ROADWAY_CLEARED","ROAD_CONDITION","SCH_BUS_IND","SCH_ZONE_IND","SECONDARY_CRASH","SMALL_TRUCK_COUNT","SPEC_JURIS_CD","SUSP_MINOR_INJ_COUNT","SUSP_SERIOUS_INJ_COUNT","SUV_COUNT","TCD_FUNC_CD","TCD_TYPE","TFC_DETOUR_IND","TIME_OF_DAY","TOTAL_UNITS","TOT_INJ_COUNT","UNBELTED_OCC_COUNT","UNB_DEATH_COUNT","UNB_SUSP_SERIOUS_INJ_COUNT","UNK_INJ_DEG_COUNT","UNK_INJ_PER_COUNT","URBAN_RURAL","VAN_COUNT","VEHICLE_COUNT","WEATHER1","WEATHER2","WORKERS_PRES","WORK_ZONE_IND","WORK_ZONE_LOC","WORK_ZONE_TYPE","WZ_CLOSE_DETOUR","WZ_FLAGGER","WZ_LAW_OFFCR_IND","WZ_LN_CLOSURE","WZ_MOVING","WZ_OTHER","WZ_SHLDER_MDN","WZ_WORKERS_INJ_KILLED"
"2006084473","","1","0","0","0","0","0","0","0","0","99","0","","02","8","2006","5","40.646944","-80.105157","","11","0","0","0","0","0","0","0","0","","0","0","0","","","0","","0","","40 38:49.000","","0","80 06:18.566","0","0","0","0","2212","0","0","0","N","0","0","0","3","02505","0","","1.0","","1","N","N","","0","","0","0","0","","0","","","1","0","0","0","0","0","0","2","0","1","","","","N","","","","","","","","","",""
"2006084476","","0","0","0","0","0","0","0","0","0","7","0","","02","7","2006","6","40.510954","-79.77092","","11","0","0","0","0","0","0","0","0","2","0","0","0","","","1","","0","","40 30:39.433","5","0","79 46:15.312","3","0","0","1","2466","0","0","0","N","0","0","0","1","02466","0","","2.0","","1","N","N","","0","","1","0","0","","0","N","","1","1","0","0","0","0","0","2","0","1","","","","N","","","","","","","","","",""
"2006084487","","1","0","0","0","0","0","0","0","0","7","0","","02","8","2006","6","","","","11","0","1","0","0","0","0","0","0","2","0","0","0","","","0","","0","","","1","0","","0","0","0","0","2207","0","0","0","","0","0","0","1","02207","0","","5.0","","1","N","N","","0","","0","0","0","","0","N","","1","0","0","0","0","0","0","1","0","1","","","","N","","","","","","","","","",""
"2006084497","","0","0","0","0","0","0","0","0","0","1","1","","02","8","2006","5","40.673333","-80.0984","","11","0","0","0","0","0","1","0","0","3","0","1","0","","","1","","1","","40 40:24.000","5","0","80 05:54.239","2","0","1","1","2212","0","0","0","N","0","0","0","2","02505","0","","1.0","","1","N","N","","0","","0","1","0","","2","Y","","2","1","0","0","0","0","0","2","0","2","","","","N","","","","","","","","","",""
"2006084500","","1","0","0","0","0","0","0","0","0","8","0","","02","8","2006","6","40.3484","-79.9453","","11","0","0","0","0","0","0","0","0","1","0","0","0","","","1","","0","","40 20:54.240","4","0","79 56:43.080","3","0","0","0","2454","1","0","0","N","1","0","0","2","02454","0","","1.0","","1","N","N","","0","","1","0","0","","0","N","","2","1","0","0","0","0","0","2","0","1","","","","N","","","","","","","","","",""
"2006084501","","2","0","0","0","0","0","0","0","0","4","0","","02","8","2006","4","40.355851","-80.028223","","11","0","0","0","0","0","1","0","0","","0","0","0","","","0","","2","","40 21:21.063","","0","80 01:41.601","0","0","0","0","2407","0","0","0","N","0","0","0","3","02407","0","","1.0","","1","N","N","","0","","0","0","0","","2","","","2","0","0","0","0","0","0","2","0","2","","","","N","","","","","","","","","",""
"2006084511","","0","0","0","0","0","0","0","0","0","7","0","","02","8","2006","5","40.663889","-79.934293","","11","0","0","0","0","0","0","0","0","","0","0","0","","","0","","2","","40 39:50.000","","0","79 56:03.456","0","0","0","0","2217","0","0","0","N","0","0","0","1","02505","0","","2.0","","9","N","N","","1","","0","0","0","","0","","","1","0","0","0","0","0","0","1","0","1","","","","N","","","","","","","","","",""
"2006084523","","1","0","0","0","0","0","0","0","0","7","0","","02","7","2006","1","40.444202","-80.028173","","11","0","0","0","0","0","0","0","0","","0","0","0","","","0","","10","","40 26:39.126","","0","80 01:41.424","0","0","0","0","2301","0","0","0","N","0","0","0","1","02301","0","","3.0","","1","N","N","","0","","0","0","0","","0","","","1","0","0","0","0","0","0","2","0","1","","","","N","","","","","","","","","",""
"2006084524","","2","0","0","0","0","0","0","0","0","4","0","","02","8","2006","4","40.43805","-79.993342","","11","0","0","0","0","0","0","0","0","","0","0","0","","","1","","1","","40 26:16.980","","0","79 59:36.031","8","0","0","0","2301","0","0","0","N","0","0","0","2","02301","0","","1.0","","1","N","N","","0","","0","0","0","","3","","","2","1","0","0","0","1","0","2","0","2","","","","N","","","","","","","","","",""
"2006084554","","1","0","0","0","0","0","0","0","0","8","0","","02","8","2006","1","","","","11","0","0","0","0","0","0","0","0","3","0","0","0","","","1","","2","","","4","0","","3","0","0","0","2301","1","0","0","N","1","0","0","2","02301","0","","1.0","","1","N","N","","0","","1","0","0","","2","N","","2","1","0","0","0","0","0","1","0","1","","","","N","","","","","","","","","",""
"2006084583","","0","0","0","0","0","0","0","0","0","7","0","","02","8","2006","5","40.518065","-79.982111","","11","0","0","0","0","0","0","0","0","1","0","0","0","","","1","","0","","40 31:05.034","5","0","79 58:55.599","8","0","0","1","2118","0","0","0","N","0","0","0","1","02118","0","","2.0","","1","N","N","","0","","0","0","0","","0","N","","1","1","0","0","0","1","0","2","0","1","","","","N","","","","","","","","","",""
"2006084584","","1","0","0","0","0","0","0","0","0","7","0","35","02","8","2006","3","","","","11","0","0","0","0","0","0","0","0","4","1","0","0","","","0","","7","","40 29:00.96","3","2","80 15:46.80","1","0","0","0","2203","0","0","0","N","0","0","0","1","02501","0","1","5.0","","1","N","N","","0","0","0","0","0","","0","Y","","1","0","1","1","0","0","0","2","0","1","","","N","Y","1","1","Y","","N","Y","","","Y",""
"2006084594","","1","0","0","0","0","0","0","0","0","4","0","","02","8","2006","6","40.549722","-79.959322","","11","0","0","0","0","0","0","0","1","1","0","0","0","","","1","","1","","40 32:59.000","3","0","79 57:33.560","8","0","0","0","2118","0","0","0","N","0","0","0","2","02118","0","","1.0","","1","N","N","","1","","0","0","0","","7","Y","","2","1","1","0","0","1","0","2","0","2","","","","N","","","","","","","","","",""
"2006084611","","1","0","0","0","0","0","0","0","0","7","0","","02","8","2006","7","40.543445","-79.729211","","11","0","0","1","0","0","0","0","0","2","0","0","0","","","1","","0","","40 32:36.403","4","0","79 43:45.158","8","0","0","0","2466","0","0","0","N","0","0","0","1","02466","0","","4.0","","1","N","N","","0","","0","0","0","","0","N","","1","1","0","0","0","1","0","1","0","1","","","","N","","","","","","","","","",""
"2006084612","","2","0","0","0","0","0","0","0","0","1","0","","02","8","2006","4","40.36","-80.028755","","11","0","0","0","0","1","1","0","0","2","0","0","0","","","0","","0","","40 21:36.000","5","0","80 01:43.518","0","0","0","0","2416","0","0","0","N","0","0","0","3","02416","0","","1.0","","1","N","N","","0","","0","0","0","","0","Y","","2","0","0","0","0","0","0","2","0","2","","","","N","","","","","","","","","",""
"2006084619","","0","0","0","0","0","0","0","0","0","7","0","","02","8","2006","6","40.2718","-79.885","","11","0","0","0","0","0","0","0","0","","0","0","0","","","0","","0","","40 16:18.480","","3","79 53:06.000","9","0","0","1","2428","0","0","0","N","0","0","0","1","02428","0","","3.0","","1","N","N","","0","","0","0","0","","0","","","1","0","0","0","0","0","1","2","0","1","","","","N","","","","","","","","","",""
"2006084626","","1","0","0","0","0","0","0","0","0","7","0","","02","8","2006","7","40.4366","-80.06","","11","0","0","0","0","0","0","0","0","","0","0","0","","","1","","0","","40 26:11.760","","0","80 03:36.000","3","0","0","0","2421","0","0","0","N","0","0","0","1","02421","0","","2.0","","1","N","N","","0","","1","0","0","","0","","","1","1","0","0","0","0","0","2","0","1","","","","N","","","","","","","","","",""
"2006084631","","1","0","0","0","0","0","0","0","0","1","0","","02","8","2006","7","40.501868","-79.984806","","11","0","0","0","0","0","0","0","0","2","0","0","0","","","2","","0","","40 30:06.723","5","0","79 59:05.301","3","0","0","0","2118","0","0","0","N","0","0","0","2","02118","0","","1.0","","1","N","N","","0","","2","0","1","","0","N","","2","2","1","0","0","0","0","2","0","2","","","","N","","","","","","","","","",""
"2006084632","","1","0","0","0","0","0","1","0","0","6","1","","02","8","2006","2","","","","11","0","0","0","0","0","0","0","0","","0","0","0","","","0","","0","","","","0","","0","0","0","0","2301","0","0","0","N","0","0","0","2","02503","0","","1.0","","1","N","N","","0","","0","0","0","","0","","","2","0","1","0","0","0","0","1","0","2","","","","N","","","","","","","","","",""
"2006084639","","0","0","0","0","0","0","0","0","0","1","0","","02","8","2006","3","40.5256","-80.0697","","11","0","0","0","0","0","1","0","0","","0","0","0","","","0","","6","","40 31:32.160","","2","80 04:10.920","0","0","0","0","2215","0","0","0","N","0","0","0","2","02215","0","","1.0","","1","N","N","","0","","0","0","2","","4","","","2","0","0","0","0","0","0","2","0","2","","","","N","","","","","","","","","",""
"2006084641","","1","0","0","0","0","0","0","0","0","5","1","","02","8","2006","7","40.336389","-79.978819","","11","0","0","0","0","0","0","0","1","1","0","0","0","","","0","","0","","40 20:11.000","4","0","79 58:43.749","0","0","0","0","2403","0","0","0","N","0","0","0","6","02403","0","","1.0","","1","N","N","","0","","0","0","0","","0","N","","2","0","1","0","0","0","0","2","1","2","","","","N","","","","","","","","","",""
"2006084646","","2","0","0","0","0","0","0","0","0","1","0","","02","8","2006","2","40.5959","-79.9475","","11","0","0","0","0","0","0","0","0","1","0","0","0","","","1","","0","","40 35:45.240","1","0","79 56:51.000","4","0","0","0","2207","0","0","0","N","0","0","0","2","02207","1","","1.0","","9","N","N","","0","","0","0","0","","0","N","","2","1","0","0","0","0","0","2","0","2","","","","N","","","","","","","","","",""
"2006084650","","1","0","0","0","0","0","0","0","0","4","0","","02","8","2006","1","","","","11","0","0","1","0","0","0","0","0","","0","0","0","","","0","","1","","","","0","","0","0","0","0","2448","0","0","0","N","0","0","0","2","02448","0","","1.0","","1","N","N","","1","","0","0","0","","3","","","2","0","0","0","0","0","0","1","0","2","","","","N","","","","","","","","","",""
"2006084656","","2","0","0","0","0","0","0","0","0","1","0","","02","8","2006","4","40.656944","-79.934794","","11","0","0","0","0","0","1","0","0","","0","0","0","","","0","","2","","40 39:25.000","","0","79 56:05.259","0","0","0","0","2217","0","0","0","N","0","0","0","2","02505","0","","1.0","","1","N","N","","0","","0","0","0","","0","","","2","0","0","0","0","0","0","2","0","2","","","","N","","","","","","","","","",""
"2006084657","","2","0","0","0","0","0","0","0","0","4","0","","02","8","2006","7","40.391111","-80.044379","","11","0","0","0","0","0","1","1","0","","0","0","0","","","1","","1","","40 23:28.000","","0","80 02:39.764","4","0","0","0","2422","0","0","0","N","0","0","0","2","02422","1","","1.0","","9","N","N","","0","","0","0","0","","1","","","2","1","0","0","0","0","0","2","0","2","","","","N","","","","","","","","","",""
"2006084672","","2","0","0","0","0","0","0","0","0","1","0","","02","8","2006","7","40.520621","-80.039083","","11","0","0","0","0","0","0","0","0","","0","0","0","","","0","","0","","40 31:14.237","","0","80 02:20.698","0","0","0","0","2474","0","0","0","N","0","0","0","1","02474","0","","2.0","","1","N","N","","0","","0","0","0","","0","","","2","0","0","0","0","0","0","2","0","2","","","","N","","","","","","","","","",""
"2006084675","","1","0","0","0","0","0","0","0","0","2","0","","02","8","2006","6","40.3774","-79.8137","","11","0","0","0","0","0","0","0","0","2","0","0","0","","","0","","0","","40 22:38.640","1","0","79 48:49.320","0","0","0","0","2424","0","0","0","N","0","0","0","1","02424","0","","6.0","","1","N","N","","0","","0","0","1","","0","N","","2","0","1","0","0","0","0","2","0","2","","","","N","","","","","","","","","",""
"2006084678","","2","0","0","0","0","0","0","0","0","1","0","","02","8","2006","7","40.494167","-80.064492","","11","0","0","0","0","0","0","0","0","1","0","0","0","","","2","","0","","40 29:39.000","2","0","80 03:52.171","3","0","0","0","2402","0","0","0","N","0","0","0","9","02402","1","","1.0","","1","N","N","","0","","1","0","1","","0","N","","3","2","0","0","0","0","0","2","0","3","","","","N","","","","","","","","","",""
"2006084680","","1","0","0","0","0","0","0","0","0","1","0","","02","8","2006","6","40.542098","-79.788617","","11","0","0","0","0","0","0","0","1","","0","0","0","","","0","","0","","40 32:31.552","","0","79 47:19.022","9","0","0","0","2462","0","0","0","N","0","0","0","1","02462","0","","6.0","","1","N","N","","1","","0","0","0","","0","","","2","0","0","0","0","0","1","2","0","2","","","","N","","","","","","","","","",""
"2006084681","","3","0","0","0","0","0","0","0","0","6","0","","02","8","2006","3","40.541667","-79.761364","","11","0","0","0","1","0","0","1","0","1","0","0","0","","","1","","3","","40 32:30.000","2","0","79 45:40.909","4","0","0","0","2466","0","0","0","N","0","0","0","3","02466","1","","1.0","","1","N","N","","2","","0","0","0","","0","N","","5","1","3","0","0","0","0","2","0","5","","","","N","","","","","","","","","",""
"2006084690","","1","0","0","0","0","0","0","0","0","7","0","","02","8","2006","1","40.324182","-80.09211","","11","0","0","0","0","1","0","0","0","","0","0","0","","","0","","0","","40 19:27.055","","0","80 05:31.596","0","0","0","0","2123","0","0","0","N","0","0","0","1","02123","0","","2.0","","1","N","N","","0","","0","0","0","","0","","","1","0","0","0","0","0","0","2","0","1","","","","N","","","","","","","","","",""
"2006084701","","3","0","0","0","0","0","0","0","0","1","0","","02","8","2006","1","40.403333","-80.057727","","11","0","0","0","0","0","1","0","0","","0","0","0","","","4","","2","","40 24:12.000","","0","80 03:27.817","8","0","0","0","2117","0","0","0","N","0","0","0","4","02117","0","","1.0","","1","N","N","","0","","0","0","0","","2","","","3","4","0","0","0","4","0","2","0","3","","","","N","","","","","","","","","",""
"2006084703","","1","0","0","0","0","0","0","0","0","4","0","","02","8","2006","4","40.4348","-79.7913","","11","0","0","0","0","1","0","0","0","1","0","0","0","","","1","","0","","40 26:05.280","3","0","79 47:28.680","4","0","0","0","2446","0","0","0","N","0","0","0","3","02446","1","","1.0","","1","N","N","","0","","0","0","1","","0","Y","","2","1","0","0","0","0","0","2","0","2","","","","N","","","","","","","","","",""
"2006084706","","1","0","0","0","0","0","0","0","0","7","0","","02","8","2006","6","40.394805","-80.129765","","11","0","1","0","0","0","0","0","0","2","0","0","0","","","0","","0","","40 23:41.299","4","0","80 07:47.155","0","0","0","0","2102","0","0","0","Y","0","0","0","1","02102","0","","5.0","","98","N","N","","0","","0","0","0","","0","Y","","1","0","0","0","0","0","0","2","0","1","","","","N","","","","","","","","","",""
"2006084754","","2","0","0","0","0","0","0","0","0","4","0","","02","8","2006","2","40.450556","-79.713563","","11","0","1","1","0","0","0","0","0","","0","0","0","","","1","","1","","40 27:02.000","","0","79 42:48.828","4","0","0","0","2466","0","0","0","N","0","0","0","2","02466","1","","1.0","","1","N","N","","0","","0","0","0","","2","","","2","1","0","0","0","0","0","2","0","2","","","","N","","","","","","","","","",""
"2006084755","","0","0","0","0","0","0","0","0","0","1","1","","02","8","2006","6","","","","11","0","0","0","0","0","0","0","0","","0","0","0","","","1","","0","","","","0","","4","0","0","0","2428","0","0","0","N","0","0","0","1","02428","1","","6.0","","1","N","N","","0","","0","0","0","","0","","","2","1","0","0","0","0","0","1","1","2","","","","N","","","","","","","","","",""
"2006084764","","1","0","0","0","0","0","0","0","0","1","0","","02","8","2006","2","40.3339","-80.0689","","11","0","1","0","0","0","0","0","0","2","0","0","0","","","0","","0","","40 20:02.040","2","0","80 04:08.040","0","0","0","0","2123","0","0","0","N","0","0","0","3","02123","0","","1.0","","1","N","N","","0","","0","0","1","","0","N","","2","0","0","0","0","0","0","2","0","2","","","","N","","","","","","","","","",""
"2006084769","","0","0","0","0","0","0","0","0","0","4","0","","02","8","2006","3","40.41","-80.082508","","11","0","0","0","0","0","0","0","0","","0","0","0","","","1","","1","","40 24:36.000","","0","80 04:57.027","4","0","0","0","2415","0","0","0","N","0","0","0","2","02415","1","","1.0","","1","N","N","","2","","0","0","0","","2","","","2","1","0","0","0","0","0","2","0","2","","","","N","","","","","","","","","",""
"2006084772","","1","0","0","0","0","0","1","0","0","4","1","","02","8","2006","3","","","","11","0","0","0","0","0","0","0","1","","0","0","0","","","1","","2","","","","0","","4","0","0","0","2301","0","0","0","N","0","0","0","2","02503","1","","1.0","","1","N","N","","0","","0","0","0","","2","","","2","1","0","0","0","0","0","1","0","2","","","","N","","","","","","","","","",""
"2006084784","","1","0","0","0","0","0","0","0","0","4","0","","02","8","2006","4","40.511192","-79.993856","","11","0","0","0","0","0","0","0","0","1","0","0","0","","","0","","2","","40 30:40.291","5","0","79 59:37.881","0","0","0","0","2116","0","0","0","N","0","0","0","3","02116","0","","1.0","","1","N","N","","1","","0","0","0","","3","N","","2","0","0","0","0","0","0","2","0","2","","","","N","","","","","","","","","",""
"2006084791","","2","0","0","0","0","0","0","0","0","1","0","","02","8","2006","7","40.541","-79.7957","","11","0","0","0","0","0","1","0","0","","0","0","0","","","0","","0","","40 32:27.600","","0","79 47:44.520","0","0","0","0","2418","0","0","0","N","0","0","0","3","02418","0","","1.0","","1","N","N","","0","","0","0","0","","0","","","2","0","0","0","0","0","0","2","0","2","","","","N","","","","","","","","","",""
"2006084794","","1","0","0","0","0","0","0","0","0","1","0","","02","8","2006","2","","","","11","0","0","0","0","0","1","0","0","2","0","0","0","","","2","","0","","","1","0","","4","0","0","0","2111","0","0","0","N","0","0","0","2","02111","2","","1.0","","1","N","N","","0","","0","0","1","","0","N","","2","2","1","0","0","0","0","1","0","2","","","","N","","","","","","","","","",""
"2006084799","","1","0","0","0","0","0","0","0","0","4","1","","02","8","2006","3","","","","11","0","0","0","0","0","0","0","0","1","0","1","0","","","0","","0","","","2","0","","0","0","0","0","2438","0","0","0","N","0","0","0","4","02438","0","","1.0","","1","N","N","","0","","0","0","0","","5","N","","2","0","0","0","0","0","0","1","0","2","","","","N","","","","","","","","","",""
"2006084800","","2","0","0","0","0","0","0","0","0","2","0","","02","8","2006","7","40.541667","-80.035899","","11","0","0","0","0","0","0","0","0","1","0","0","0","","","0","","1","","40 32:30.000","2","0","80 02:09.236","0","0","0","0","2116","0","0","0","N","0","0","0","3","02116","0","","1.0","","1","N","N","","0","","0","0","0","","2","N","","2","0","0","0","0","0","0","2","0","2","","","","N","","","","","","","","","",""
"2006084801","","0","0","0","0","0","0","0","0","0","4","0","","02","8","2006","3","40.4948","-79.7555","","11","0","0","0","0","0","2","0","0","2","0","0","0","","","0","","0","","40 29:41.280","5","0","79 45:19.800","0","0","0","0","2466","0","0","0","N","0","0","0","2","02466","0","","1.0","","1","N","N","","0","","0","0","2","","0","Y","","2","0","1","0","0","0","0","2","0","2","","","","N","","","","","","","","","",""
"2006084804","","1","0","0","0","0","0","0","0","0","4","0","","02","8","2006","2","","","","11","0","0","0","0","0","0","0","0","","0","0","0","","","0","","10","","","","7","","0","0","0","0","2219","0","0","0","N","0","0","0","1","02501","0","","4.0","","1","N","N","","1","","0","0","0","","0","","","2","0","0","0","0","0","0","1","0","2","","","","N","","","","","","","","","",""
"2006084805","","1","0","0","0","0","0","0","0","0","4","0","","02","8","2006","3","","","","11","0","0","0","0","0","0","0","0","","0","0","0","","","1","","1","","","","0","","4","0","0","0","2422","0","0","0","N","0","0","0","2","02422","1","","1.0","","1","N","N","","1","","0","0","0","","3","","","2","1","0","0","0","0","0","1","0","2","","","","N","","","","","","","","","",""
"2006084842","","2","0","0","0","0","0","0","0","0","4","0","","02","8","2006","2","40.336575","-79.979059","","11","0","0","0","0","0","1","0","0","","0","0","0","","","0","","0","","40 20:11.669","","0","79 58:44.613","0","0","0","0","2403","0","0","0","N","0","0","0","2","02403","0","","1.0","","1","N","N","","0","","0","0","0","","0","","","2","0","0","0","0","0","0","2","0","2","","","","N","","","","","","","","","",""
"2006084848","","1","0","0","0","0","0","0","0","0","7","0","","02","8","2006","6","","","","11","0","0","0","0","0","1","0","0","","0","0","0","","","0","","0","","","","0","","0","0","0","0","2301","0","0","0","N","0","0","0","1","02301","0","","2.0","","1","N","N","","0","","0","0","0","","0","","","1","0","0","0","0","0","0","1","0","1","","","","N","","","","","","","","","",""
"2006084883","","3","0","0","0","0","0","0","0","0","1","0","","02","7","2006","1","","","","11","0","0","0","0","0","0","1","0","","0","0","0","","","0","","0","","40 26:11.04","","0","80 00:00.36","0","0","0","0","2301","0","0","0","N","0","0","0","9","68B03","0","","1.0","","1","N","N","","0","","0","0","0","","0","","","3","0","0","0","0","0","0","2","0","3","","","","N","","","","","","","","","",""
"2006084896","","1","0","0","0","0","0","0","0","0","7","0","","02","8","2006","4","","","","11","0","0","0","0","0","0","0","0","","0","0","0","","","1","","0","","","","0","","8","0","0","0","2474","0","0","0","N","0","0","0","1","02474","0","","5.0","","1","N","N","","0","","0","0","0","","0","","","1","1","1","0","0","1","0","1","0","1","","","","N","","","","","","","","","",""
"2006084899","","1","0","0","0","0","0","0","0","0","4","0","","02","8","2006","4","40.628056","-80.023909","","11","0","0","0","0","0","0","1","0","1","0","0","0","","","1","","1","","40 37:41.000","4","0","80 01:26.074","4","0","0","0","2216","0","0","0","N","0","0","0","4","02505","1","","1.0","","1","N","N","","0","","0","0","0","","3","N","","2","1","0","0","0","0","0","1","1","2","","","","N","","","","","","","","","",""
"2006084906","","1","0","0","0","0","0","0","0","0","6","0","","02","8","2006","4","40.6522","-79.9194","","11","1","0","0","0","0","0","0","0","1","0","0","0","","","3","","0","","40 39:07.920","4","0","79 55:09.840","3","0","0","0","2220","0","0","0","N","0","0","0","5","02220","0","","1.0","","1","N","N","","1","","3","0","0","","0","N","","2","3","2","0","0","0","0","1","0","2","","","","N","","","","","","","","","",""
"2006084908","","2","0","0","0","0","0","0","0","0","4","0","","02","8","2006","2","40.541944","-80.0132","","11","0","0","0","0","0","1","0","0","","0","0","0","","","0","","1","","40 32:31.000","","0","80 00:47.521","0","0","0","0","2116","0","0","0","N","0","0","0","2","02116","0","","1.0","","1","N","N","","0","","0","0","0","","2","","","2","0","0","0","0","0","0","2","0","2","","","","N","","","","","","","","","",""
"2006084913","","1","0","0","0","0","0","0","0","0","7","0","","02","8","2006","4","","","","11","0","0","0","0","0","0","1","0","","0","0","0","","","1","","0","","","","0","","2","0","0","0","2219","0","0","0","N","0","0","0","1","02501","0","","5.0","","1","N","N","","0","","0","1","0","","0","","","1","1","1","0","1","0","0","1","0","1","","","","N","","","","","","","","","",""
"2006084918","","0","0","0","0","0","0","0","0","0","1","0","","02","8","2006","3","40.390556","-80.074097","","11","0","0","0","0","0","0","0","0","","0","0","0","","","0","","0","","40 23:26.000","","0","80 04:26.749","0","0","0","0","2117","0","0","0","N","0","0","0","3","02117","0","","1.0","","1","N","N","","0","","0","0","2","","2","","","2","0","1","0","0","0","0","2","0","2","","","","N","","","","","","","","","",""
"2006084924","","1","0","0","0","0","0","0","0","0","7","0","","02","8","2006","4","40.26801","-79.886711","","11","0","0","0","0","0","0","0","0","","0","0","0","","","2","","1","","40 16:04.835","","0","79 53:12.161","8","0","0","0","2428","0","0","0","N","0","0","0","2","02428","0","","5.0","","1","N","N","","2","","0","0","0","","0","","","3","2","0","0","0","2","0","2","0","3","","","","N","","","","","","","","","",""
"2006084949","","2","0","0","0","0","0","0","0","0","1","0","","02","8","2006","4","40.539","-79.8419","","11","0","0","0","0","0","1","0","0","","0","0","0","","","1","","7","","40 32:20.400","","2","79 50:30.840","8","0","0","0","2208","0","0","0","N","0","0","0","3","02208","0","","1.0","","1","N","N","","0","","0","0","0","","2","","","2","1","0","0","0","1","0","2","0","2","","","","N","","","","","","","","","",""
"2006084954","","0","0","0","0","0","0","0","0","0","1","0","","02","8","2006","4","40.426944","-79.723335","","11","0","0","0","0","0","0","0","0","","0","0","0","","","1","","2","","40 25:37.000","","0","79 43:24.005","4","0","0","0","2446","0","0","0","N","0","0","0","2","02446","1","","1.0","","1","N","N","","1","","0","0","1","","2","","","2","1","0","0","0","0","0","2","0","2","","","","N","","","","","","","","","",""
"2006084955","","2","0","0","0","0","0","0","0","0","1","0","","02","8","2006","3","40.626944","-80.030266","","11","0","0","1","0","0","0","0","0","1","0","0","0","","","1","","2","","40 37:37.000","3","0","80 01:48.957","4","0","0","0","2216","0","0","0","N","0","0","0","2","02505","1","","1.0","","1","N","N","","0","","0","0","0","","3","Y","","2","1","0","0","0","0","0","1","0","2","","","","N","","","","","","","","","",""
"2006084966","","2","0","0","0","0","0","0","0","0","1","0","","02","8","2006","1","40.6057","-79.9685","","11","0","0","0","0","0","0","0","0","","0","0","0","","","0","","0","","40 36:20.520","","0","79 58:06.600","0","0","0","0","2207","0","0","0","N","0","0","0","1","02207","0","","5.0","","1","N","N","","0","","0","0","0","","0","","","2","0","0","0","0","0","0","2","0","2","","","","N","","","","","","","","","",""
"2006084972","","1","0","0","0","0","0","0","0","0","1","0","","02","8","2006","1","40.492778","-80.301286","","11","0","0","0","0","0","0","1","0","","0","0","0","","","0","","2","","40 29:34.000","","0","80 18:04.630","0","0","0","0","2203","0","0","0","N","0","0","0","3","02203","0","","1.0","","1","N","N","","0","","0","0","1","","0","","","2","0","0","0","0","0","0","2","0","2","","","","N","","","","","","","","","",""
"2006084977","","3","0","0","0","0","0","0","0","0","4","0","","02","8","2006","2","40.388611","-79.830195","","11","0","0","0","0","1","0","0","0","1","0","0","0","","","0","","2","","40 23:19.000","4","0","79 49:48.701","0","0","0","0","2111","0","0","0","N","0","0","0","3","02111","0","","1.0","","1","N","N","","0","","0","0","0","","2","N","","3","0","0","0","0","0","0","2","0","3","","","","N","","","","","","","","","",""
"2006084984","","2","0","0","0","0","0","0","0","0","4","0","","02","8","2006","5","40.505263","-79.778104","","11","0","0","1","1","0","0","0","0","","0","0","0","","","0","","2","","40 30:18.946","","0","79 46:41.174","0","0","0","0","2466","0","0","0","N","0","0","0","3","02466","0","","1.0","","1","N","N","","0","","0","0","0","","0","","","2","0","0","0","0","0","0","2","0","2","","","","N","","","","","","","","","",""
"2006084991","","3","0","0","0","0","0","0","0","0","4","0","","02","8","2006","4","40.613611","-79.947421","","11","0","0","0","0","0","1","0","0","1","0","0","0","","","0","","1","","40 36:49.000","2","0","79 56:50.715","0","0","0","0","2207","0","0","0","N","0","0","0","5","02207","0","","1.0","","1","N","N","","0","","0","0","0","","2","N","","3","0","0","0","0","0","0","2","0","3","","","","N","","","","","","","","","",""