"CRN","ARRIVAL_TM","AUTOMOBILE_COUNT","BELTED_DEATH_COUNT","BELTED_SUSP_SERIOUS_INJ_COUNT","BICYCLE_COUNT","BICYCLE_DEATH_COUNT","BICYCLE_SUSP_SERIOUS_INJ_COUNT","BUS_COUNT","CHLDPAS_DEATH_COUNT","CHLDPAS_SUSP_SERIOUS_INJ_COUNT","COLLISION_TYPE","COMM_VEH_COUNT","CONS_ZONE_SPD_LIM","COUNTY","CRASH_MONTH","CRASH_YEAR","DAY_OF_WEEK","DEC_LATITUDE","DEC_LONGITUDE","DISPATCH_TM","DISTRICT","DRIVER_COUNT_16YR","DRIVER_COUNT_17YR","DRIVER_COUNT_18YR","DRIVER_COUNT_19YR","DRIVER_COUNT_20YR","DRIVER_COUNT_50_64YR","DRIVER_COUNT_65_74YR","DRIVER_COUNT_75PLUS","EST_HRS_CLOSED","FATAL_COUNT","HEAVY_TRUCK_COUNT","HORSE_BUGGY_COUNT","HOUR_OF_DAY","ILLUMINATION","INJURY_COUNT","INTERSECTION_RELATED","INTERSECT_TYPE","LANE_CLOSED","LATITUDE","LN_CLOSE_DIR","LOCATION_TYPE","LONGITUDE","MAX_SEVERITY_LEVEL","MCYCLE_DEATH_COUNT","MCYCLE_SUSP_SERIOUS_INJ_COUNT","MOTORCYCLE_COUNT","MUNICIPALITY","NONMOTR_COUNT","NONMOTR_DEATH_COUNT","NONMOTR_SUSP_SERIOUS_INJ_COUNT","NTFY_HIWY_MAINT","PED_COUNT","PED_DEATH_COUNT","PED_SUSP_SERIOUS_INJ_COUNT","PERSON_COUNT","POLICE_AGCY","POSSIBLE_INJ_COUNT","RDWY_SURF_TYPE_CD","RELATION_TO_ROAD","ROADWAY_CLEARED","ROAD_CONDITION","SCH_BUS_IND","SCH_ZONE_IND","SECONDARY_CRASH","SMALL_TRUCK_COUNT","SPEC_JURIS_CD","SUSP_MINOR_INJ_COUNT","SUSP_SERIOUS_INJ_COUNT","SUV_COUNT","TCD_FUNC_CD","TCD_TYPE","TFC_DETOUR_IND","TIME_OF_DAY","TOTAL_UNITS","TOT_INJ_COUNT","UNBELTED_OCC_COUNT","UNB_DEATH_COUNT","UNB_SUSP_SERIOUS_INJ_COUNT","UNK_INJ_DEG_COUNT","UNK_INJ_PER_COUNT","URBAN_RURAL","VAN_COUNT","VEHICLE_COUNT","WEATHER1","WEATHER2","WORKERS_PRES","WORK_ZONE_IND","WORK_ZONE_LOC","WORK_ZONE_TYPE","WZ_CLOSE_DETOUR","WZ_FLAGGER","WZ_LAW_OFFCR_IND","WZ_LN_CLOSURE","WZ_MOVING","WZ_OTHER","WZ_SHLDER_MDN","WZ_WORKERS_INJ_KILLED"
"2006085019","","1","0","0","0","0","0","0","0","0","8","0","","02","8","2006","5","","","","11","0","0","0","0","0","0","0","0","1","0","0","0","","","1","","1","","","2","0","","8","0","0","0","2428","1","0","0","N","1","0","0","2","02428","0","","1.0","","1","N","N","","0","","0","0","0","","3","N","","2","1","1","0","0","1","0","1","0","1","","","","N","","","","","","","","","",""
"2006085041","","1","0","0","0","0","0","0","0","0","4","0","","02","8","2006","6","","","","11","0","0","0","0","1","0","0","0","","0","0","0","","","0","","1","","","","0","","0","0","0","0","2421","0","0","0","N","0","0","0","4","02421","0","","1.0","","1","N","N","","1","","0","0","0","","3","","","2","0","0","0","0","0","0","1","0","2","","","","N","","","","","","","","","",""
"2006085042","","0","0","0","0","0","0","0","0","0","7","1","","02","8","2006","4","","","","11","0","0","0","0","0","0","0","0","","0","1","0","","","1","","0","","","","0","","4","0","0","0","2209","0","0","0","N","0","0","0","2","02209","1","","5.0","","1","N","N","","0","","0","0","0","","0","","","1","1","0","0","0","0","0","1","0","1","","","","N","","","","","","","","","",""
"2006085078","","1","0","0","0","0","0","0","0","0","7","0","","02","8","2006","4","","","","11","0","0","0","1","0","0","0","0","","0","0","0","","","0","","0","","","","0","","0","0","0","0","2116","0","0","0","N","0","0","0","1","02116","0","","5.0","","1","N","N","","0","","0","0","0","","0","","","1","0","0","0","0","0","0","1","0","1","","","","N","","","","","","","","","",""
"2006085084","","2","0","0","0","0","0","0","0","0","0","0","","02","8","2006","2","40.467901","-79.907179","","11","0","0","0","0","0","1","0","0","","0","0","0","","","2","","2","","40 28:04.443","","0","79 54:25.844","3","0","0","0","2301","0","0","0","N","0","0","0","3","02301","0","","5.0","","1","N","N","","0","","1","0","0","","3","","","2","2","0","0","0","1","0","2","0","2","","","","N","","","","","","","","","",""
"2006085085","","2","0","0","0","0","0","0","0","0","2","0","","02","8","2006","3","","","","11","0","0","0","0","0","0","0","0","2","0","0","0","","","2","","0","","","6","0","","3","0","0","0","2301","0","0","0","N","0","0","0","2","02301","0","","6.0","","1","N","N","","0","","2","0","0","","0","Y","","2","2","0","0","0","0","0","1","0","2","","","","N","","","","","","","","","",""
"2006085086","","0","0","0","0","0","0","0","0","0","5","0","","02","8","2006","2","","","","11","0","0","0","0","0","0","0","0","","0","0","0","","","0","","0","","","","7","","0","0","0","0","2301","0","0","0","N","0","0","0","2","02301","0","","1.0","","1","N","N","","1","","0","0","0","","0","","","2","0","0","0","0","0","0","1","1","2","","","","N","","","","","","","","","",""
"2006085087","","2","0","0","0","0","0","0","0","0","4","0","","02","8","2006","4","40.439032","-79.998133","","11","0","0","0","0","1","1","0","0","1","0","0","0","","","0","","1","","40 26:20.515","2","0","79 59:53.278","0","0","0","0","2301","0","0","0","N","0","0","0","3","02301","0","","1.0","","1","N","N","","0","","0","0","0","","2","Y","","2","0","1","0","0","0","0","2","0","2","","","","N","","","","","","","","","",""
"2006085088","","3","0","0","0","0","0","0","0","0","2","0","","02","8","2006","6","40.465243","-79.954696","","11","0","0","0","0","0","0","1","0","","0","0","0","","","1","","2","","40 27:54.874","","0","79 57:16.905","8","0","0","0","2301","0","0","0","N","0","0","0","3","02301","0","","1.0","","1","N","N","","0","","0","0","0","","0","","","3","1","0","0","0","1","0","2","0","3","","","","N","","","","","","","","","",""
"2006085089","","1","0","0","0","0","0","0","0","0","7","0","","02","8","2006","4","40.455899","-80.0165","","11","0","0","0","0","0","1","0","0","1","0","0","0","","","1","","2","","40 27:21.236","2","0","80 00:59.400","3","0","0","0","2301","0","0","0","N","0","0","0","1","02301","0","","5.0","","1","N","N","","0","","1","0","0","","2","N","","2","1","0","0","0","0","0","2","0","1","","","","N","","","","","","","","","",""
"2006085090","","2","0","0","0","0","0","0","0","0","1","0","","02","8","2006","4","40.4912","-79.8874","","11","0","0","0","0","0","1","0","1","","0","0","0","","","1","","0","","40 29:28.320","","0","79 53:14.640","4","0","0","0","2301","0","0","0","N","0","0","0","3","02301","1","","1.0","","1","N","N","","0","","0","0","0","","0","","","3","1","0","0","0","0","0","2","1","3","","","","N","","","","","","","","","",""
"2006085091","","2","0","0","0","0","0","0","0","0","4","0","","02","8","2006","2","40.482854","-80.036514","","11","0","0","0","0","0","2","0","0","1","0","0","0","","","0","","1","","40 28:58.274","3","0","80 02:11.450","0","0","0","0","2301","0","0","0","N","0","0","0","3","02301","0","","1.0","","1","N","N","","0","","0","0","0","","3","N","","2","0","0","0","0","0","0","2","0","2","","","","N","","","","","","","","","",""
"2006085092","","2","0","0","0","0","0","0","0","0","4","0","","02","8","2006","3","","","","11","0","0","0","0","0","0","0","0","","0","0","0","","","0","","0","","","","0","","0","0","0","0","2301","0","0","0","N","0","0","0","3","02301","0","","1.0","","1","N","N","","1","","0","0","0","","0","","","3","0","1","0","0","0","0","1","0","3","","","","N","","","","","","","","","",""
"2006085093","","1","0","0","0","0","0","0","0","0","4","1","","02","8","2006","2","40.410833","-79.955526","","11","0","0","0","0","0","0","0","0","","0","1","0","","","0","","1","","40 24:39.000","","0","79 57:19.895","0","0","0","0","2301","0","0","0","N","0","0","0","2","02301","0","","1.0","","1","N","N","","0","","0","0","0","","2","","","2","0","0","0","0","0","0","2","0","2","","","","N","","","","","","","","","",""
"2006085094","","2","0","0","0","0","0","0","0","0","4","0","","02","8","2006","5","40.453489","-80.00059","","11","0","0","0","0","1","0","0","0","","0","0","0","","","0","","2","","40 27:12.560","","0","80 00:02.124","0","0","0","0","2301","0","0","0","N","0","0","0","2","02301","0","","1.0","","1","N","N","","0","","0","0","0","","3","","","2","0","0","0","0","0","0","2","0","2","","","","N","","","","","","","","","",""
"2006085098","","2","0","0","0","0","0","0","0","0","4","0","","02","8","2006","3","40.409167","-80.03198","","11","0","0","0","0","0","0","0","0","","0","0","0","","","0","","2","","40 24:33.000","","0","80 01:55.127","0","0","0","0","2301","0","0","0","N","0","0","0","2","02301","0","","1.0","","1","N","N","","0","","0","0","0","","3","","","2","0","0","0","0","0","0","2","0","2","","","","N","","","","","","","","","",""
"2006085125","","2","0","0","0","0","0","0","0","0","1","0","","02","7","2006","1","","","","11","0","0","0","0","0","0","0","0","","0","0","0","","","1","","0","","40 25:48.36","","0","79 52:50.16","4","0","0","0","2426","0","0","0","N","0","0","0","2","68B03","1","","1.0","","1","N","N","","0","","0","0","0","","0","","","2","1","0","0","0","0","0","2","0","2","","","","N","","","","","","","","","",""
"2006085190","","1","0","0","0","0","0","0","0","0","7","0","","02","6","2006","6","40.510278","-80.135879","","11","0","0","0","0","0","1","0","0","","0","0","0","","","0","","0","","40 30:37.000","","0","80 08:09.164","0","0","0","0","2115","0","0","0","Y","0","0","0","1","68B03","0","","2.0","","1","N","N","","0","","0","0","0","","0","","","1","0","0","0","0","0","0","2","0","1","","","","N","","","","","","","","","",""
"2006085191","","1","0","0","0","0","0","0","0","0","1","0","","02","6","2006","1","","","","11","0","0","0","0","0","0","0","0","2","0","0","0","","","0","","6","","40 27:09.72","1","2","80 10:34.68","0","0","0","0","2214","0","0","0","N","0","0","0","8","68B03","0","","1.0","","1","N","N","","0","","0","0","2","","4","N","","3","0","0","0","0","0","0","2","0","3","","","","N","","","","","","","","","",""
"2006085192","","1","0","0","0","0","0","0","0","0","1","0","","02","7","2006","4","","","","11","0","0","0","0","0","0","0","0","","0","0","0","","","0","","6","","40 25:20.64","","2","80 06:01.08","0","0","0","0","2115","0","0","0","N","0","0","0","3","68B03","0","","1.0","","1","N","N","","0","","0","0","1","","4","","","2","0","0","0","0","0","0","2","0","2","","","","N","","","","","","","","","",""
"2006085193","","0","0","0","0","0","0","0","0","0","7","0","","02","7","2006","3","","","","11","0","0","0","0","0","0","0","0","1","0","0","0","","","0","","0","","40 25:23.88","3","0","80 06:21.96","0","0","0","0","2102","0","0","0","Y","0","0","0","1","68B02","0","","2.0","","9","N","N","","0","","0","0","1","","0","N","","1","0","0","0","0","0","0","2","0","1","","","","N","","","","","","","","","",""
"2006085279","","1","0","0","0","0","0","0","0","0","4","0","","02","6","2006","6","40.352778","-80.147366","","11","0","0","0","0","0","0","1","0","","0","0","0","","","2","","0","","40 21:10.000","","0","80 08:50.519","3","0","0","1","2119","0","0","0","Y","0","0","0","2","02119","0","","1.0","","1","N","N","","0","","2","0","0","","0","","","2","2","0","0","0","0","0","2","0","2","","","","N","","","","","","","","","",""
"2006085280","","2","0","0","0","0","0","0","0","0","4","1","","02","7","2006","2","40.340556","-80.171484","","11","0","0","0","0","0","0","1","0","","0","1","0","","","3","","1","","40 20:26.000","","0","80 10:17.341","4","0","0","0","2119","0","0","0","N","0","0","0","5","02119","1","","1.0","","1","N","N","","0","","0","0","0","","0","","","3","3","0","0","0","2","0","2","0","3","","","","N","","","","","","","","","",""
"2006085281","","2","0","0","0","0","0","0","0","0","6","0","","02","8","2006","5","40.621667","-80.054326","","11","0","0","0","0","0","1","0","0","","0","0","0","","","0","","1","","40 37:18.000","","0","80 03:15.574","0","0","0","0","2216","0","0","0","N","0","0","0","4","02505","0","","1.0","","1","N","N","","0","","0","0","0","","2","","","2","0","0","0","0","0","0","1","0","2","","","","N","","","","","","","","","",""
"2006085316","","1","0","0","0","0","0","0","0","0","5","0","","02","8","2006","3","","","","11","0","0","0","0","0","0","0","0","","0","0","0","","","0","","0","","","","0","","0","0","0","0","2301","0","0","0","N","0","0","0","0","02301","0","","2.0","","1","N","N","","0","","0","0","0","","0","","","2","0","0","0","0","0","0","1","0","2","","","","N","","","","","","","","","",""
"2006085317","","1","0","0","0","0","0","0","0","0","0","1","99","02","8","2006","3","40.382222","-79.995888","","11","0","0","0","0","0","0","0","0","","0","1","0","","","1","","1","","40 22:56.000","","0","79 59:45.195","8","0","0","0","2301","0","0","0","N","0","0","0","3","02301","0","","1.0","","1","N","N","","0","","0","0","0","","2","","","2","1","0","0","0","1","1","2","0","2","","","U","Y","8","8","","","U","","","","",""
"2006085318","","0","0","0","0","0","0","0","0","0","0","0","","02","8","2006","3","40.428843","-79.982641","","11","0","0","0","0","0","1","0","0","","0","0","0","","","1","","0","","40 25:43.836","","0","79 58:57.508","3","0","0","1","2301","0","0","0","N","0","0","0","1","02301","0","","1.0","","1","N","N","","0","","1","0","0","","2","","","1","1","0","0","0","0","0","2","0","1","","","","N","","","","","","","","","",""
"2006085319","","0","0","0","0","0","0","0","0","0","1","0","","02","8","2006","3","40.452816","-80.071374","","11","0","0","0","1","0","0","0","0","2","0","0","0","","","1","","0","","40 27:10.137","5","0","80 04:16.946","2","0","0","0","2301","0","0","0","N","0","0","0","1","02301","0","","2.0","","1","N","N","","0","","0","1","1","","0","Y","","2","1","0","0","0","0","0","2","1","2","","","","N","","","","","","","","","",""
"2006085320","","1","0","0","0","0","0","0","0","0","5","0","","02","8","2006","3","40.4753","-80.0404","","11","0","0","0","0","0","0","0","0","1","0","0","0","","","0","","0","","40 28:31.080","2","0","80 02:25.440","0","0","0","0","2301","0","0","0","N","0","0","0","2","02301","0","","1.0","","1","N","N","","1","","0","0","0","","0","N","","2","0","0","0","0","0","0","2","0","2","","","","N","","","","","","","","","",""
"2006085321","","2","0","0","0","0","0","0","0","0","4","0","","02","8","2006","4","","","","11","0","0","0","0","0","0","0","0","","0","0","0","","","0","","1","","","","0","","0","0","0","0","2301","0","0","0","N","0","0","0","2","02301","0","","1.0","","1","N","N","","0","","0","0","0","","2","","","2","0","0","0","0","0","0","1","0","2","","","","N","","","","","","","","","",""
"2006085322","","1","0","0","0","0","0","0","0","0","1","0","","02","8","2006","5","","","","11","0","0","0","0","0","1","0","0","","0","0","0","","","1","","2","","","","0","","8","0","0","1","2301","0","0","0","N","0","0","0","2","02301","0","","1.0","","1","N","N","","0","","0","0","0","","3","","","2","1","0","0","0","1","0","1","0","2","","","","N","","","","","","","","","",""
"2006085325","","0","0","0","0","0","0","0","0","0","4","0","","02","8","2006","6","40.448612","-79.899529","","11","0","0","0","0","0","0","0","0","","0","0","0","","","1","","2","","40 26:55.002","","0","79 53:58.304","8","0","0","1","2301","0","0","0","N","0","0","0","3","02301","0","","1.0","","1","N","N","","0","","0","0","1","","3","","","2","1","0","0","0","1","0","2","0","2","","","","N","","","","","","","","","",""
"2006085326","","0","0","0","0","0","0","0","0","0","7","0","","02","8","2006","7","40.454012","-79.953338","","11","0","0","0","0","0","0","0","0","","0","0","0","","","0","","2","","40 27:14.443","","0","79 57:12.018","0","0","0","0","2301","0","0","0","Y","0","0","0","1","02301","0","","5.0","","1","N","N","","0","","0","0","1","","0","","","1","0","0","0","0","0","0","2","0","1","","","","N","","","","","","","","","",""
"2006085327","","1","0","0","0","0","0","0","0","0","8","0","","02","8","2006","2","40.458318","-79.918711","","11","0","0","0","0","0","1","0","0","1","0","0","0","","","1","","0","","40 27:29.946","6","0","79 55:07.361","4","0","0","0","2301","1","0","0","N","1","0","0","2","02301","1","","1.0","","1","N","N","","0","","0","0","0","","2","N","","2","1","0","0","0","0","0","2","0","1","","","","N","","","","","","","","","",""
"2006085328","","2","0","0","0","0","0","0","0","0","1","0","","02","8","2006","7","","","","11","0","0","0","0","0","1","0","0","","0","0","0","","","0","","0","","","","0","","0","0","0","0","2301","0","0","0","N","0","0","0","2","02301","0","","1.0","","1","N","N","","0","","0","0","0","","0","","","2","0","0","0","0","0","0","1","0","2","","","","N","","","","","","","","","",""
"2006085329","","2","0","0","0","0","0","0","0","0","4","0","","02","8","2006","4","40.461539","-79.922185","","11","0","0","0","0","0","0","0","1","2","0","0","0","","","0","","1","","40 27:41.539","3","0","79 55:19.866","0","0","0","0","2301","0","0","0","N","0","0","0","2","02301","0","","1.0","","1","N","N","","0","","0","0","0","","2","N","","2","0","0","0","0","0","0","2","0","2","","","","N","","","","","","","","","",""
"2006085330","","0","0","0","0","0","0","0","0","0","5","1","","02","8","2006","2","","","","11","0","0","0","0","0","0","1","0","","0","1","0","","","0","","2","","","","0","","0","0","0","0","2301","0","0","0","N","0","0","0","2","02301","0","","1.0","","9","N","N","","0","","0","0","0","","0","","","2","0","0","0","0","0","0","1","1","2","","","","N","","","","","","","","","",""
"2006085331","","2","0","0","0","0","0","0","0","0","4","0","","02","8","2006","3","40.459957","-79.912411","","11","0","0","0","0","0","0","0","0","","0","0","0","","","0","","2","","40 27:35.845","","0","79 54:44.679","0","0","0","0","2301","0","0","0","N","0","0","0","2","02301","0","","1.0","","1","N","N","","0","","0","0","0","","3","","","2","0","0","0","0","0","0","2","0","2","","","","N","","","","","","","","","",""
"2006085332","","2","0","0","0","0","0","0","0","0","4","0","","02","8","2006","3","40.472304","-79.937435","","11","0","0","0","0","0","0","0","0","","0","0","0","","","2","","2","","40 28:20.294","","0","79 56:14.766","4","0","0","0","2301","0","0","0","N","0","0","0","3","02301","2","","1.0","","1","N","N","","0","","0","0","0","","3","","","2","2","1","0","0","0","0","2","0","2","","","","N","","","","","","","","","",""
"2006085333","","2","0","0","0","0","0","0","0","0","4","0","","02","8","2006","4","40.451499","-79.953396","","11","0","0","0","0","0","0","0","0","","0","0","0","","","0","","1","","40 27:05.396","","0","79 57:12.225","0","0","0","0","2301","0","0","0","N","0","0","0","2","02301","0","","1.0","","1","N","N","","0","","0","0","0","","0","","","2","0","0","0","0","0","0","2","0","2","","","","N","","","","","","","","","",""
"2006085334","","1","0","0","0","0","0","0","0","0","4","0","","02","8","2006","2","40.440863","-79.973978","","11","0","0","0","0","0","1","0","0","","0","0","0","","","0","","1","","40 26:27.106","","0","79 58:26.320","0","0","0","0","2301","0","0","0","N","0","0","0","2","02301","0","","1.0","","1","N","N","","1","","0","0","0","","3","","","2","0","0","0","0","0","0","2","0","2","","","","N","","","","","","","","","",""
"2006085335","","1","0","0","0","0","0","0","0","0","8","0","","02","8","2006","7","","","","11","0","0","1","0","0","0","0","0","1","0","0","0","","","1","","1","","","3","0","","4","0","0","0","2301","1","0","0","N","1","0","0","3","02301","1","","1.0","","1","N","N","","0","","0","0","0","","2","N","","2","1","2","0","0","0","0","1","0","1","","","","N","","","","","","","","","",""
"2006085336","","1","0","0","0","0","0","0","0","0","7","0","","02","6","2006","3","40.465466","-79.946427","","11","0","0","0","0","0","0","0","0","","0","0","0","","","0","","1","","40 27:55.677","","0","79 56:47.137","0","0","0","0","2301","0","0","0","N","0","0","0","1","02301","0","","4.0","","1","N","N","","0","","0","0","0","","2","","","1","0","0","0","0","0","0","2","0","1","","","","N","","","","","","","","","",""
"2006085344","","1","0","0","0","0","0","0","0","0","4","0","","02","8","2006","6","40.586667","-80.022331","","11","0","0","0","0","0","1","0","0","2","0","0","0","","","1","","1","","40 35:12.000","4","0","80 01:20.391","4","0","0","0","2108","0","0","0","N","0","0","0","2","02108","1","","1.0","","1","N","N","","0","","0","0","1","","2","Y","","2","1","0","0","0","0","0","2","0","2","","","","N","","","","","","","","","",""
"2006085345","","2","0","0","0","0","0","0","0","0","4","0","","02","8","2006","2","40.599167","-80.047776","","11","0","0","0","1","0","0","0","0","","0","0","0","","","1","","0","","40 35:57.000","","0","80 02:51.992","4","0","0","0","2108","0","0","0","N","0","0","0","2","02108","1","","1.0","","1","N","N","","0","","0","0","0","","0","","","2","1","0","0","0","0","0","2","0","2","","","","N","","","","","","","","","",""
"2006085355","","1","0","0","0","0","0","0","0","0","7","0","","02","7","2006","5","40.446389","-80.169858","","11","0","0","0","0","0","0","0","0","","0","0","0","","","0","","0","","40 26:47.000","","0","80 10:11.489","0","0","0","0","2115","0","0","0","Y","0","0","0","1","68B03","0","","2.0","","1","N","N","","0","","0","0","0","","0","","","1","0","0","0","0","0","0","2","0","1","","","","N","","","","","","","","","",""
"2006085357","","1","0","0","0","0","0","0","0","0","7","0","","02","7","2006","7","","","","11","0","0","0","0","0","0","1","0","2","0","0","0","","","1","","7","","40 26:04.20","4","8","79 59:21.48","8","0","0","0","2301","0","0","0","Y","0","0","0","2","68B03","0","","7.0","","1","N","N","","0","","0","0","0","","0","N","","1","1","0","0","0","1","0","2","0","1","","","","N","","","","","","","","","",""
"2006085384","","2","0","0","0","0","0","0","0","0","4","0","","02","8","2006","4","40.456944","-79.898815","","11","0","0","0","0","0","1","0","0","","0","0","0","","","0","","1","","40 27:25.000","","0","79 53:55.733","0","0","0","0","2301","0","0","0","N","0","0","0","3","02301","0","","1.0","","1","N","N","","0","","0","0","0","","2","","","2","0","0","0","0","0","0","2","0","2","","","","N","","","","","","","","","",""
"2006085385","","1","0","0","0","0","0","0","0","0","4","0","","02","8","2006","2","40.466407","-79.897746","","11","0","0","0","0","0","0","1","0","","0","0","0","","","2","","3","","40 27:59.065","","0","79 53:51.885","3","0","0","0","2301","0","0","0","N","0","0","0","4","02301","0","","1.0","","1","N","N","","0","","2","0","0","","0","","","2","2","0","0","0","0","0","2","1","2","","","","N","","","","","","","","","",""
"2006085386","","1","0","0","0","0","0","0","0","0","4","0","","02","8","2006","2","40.453889","-79.912355","","11","0","0","0","0","0","2","0","0","","0","0","0","","","1","","1","","40 27:14.000","","0","79 54:44.478","3","0","0","0","2301","0","0","0","N","0","0","0","2","02301","0","","1.0","","1","N","N","","0","","1","0","1","","2","","","2","1","0","0","0","0","0","2","0","2","","","","N","","","","","","","","","",""
"2006085408","","0","0","0","0","0","0","0","0","0","0","0","","02","5","2006","5","","","","11","0","0","0","0","0","0","0","0","2","0","0","0","","","0","","0","","40 28:28.92","1","0","80 00:22.32","0","0","0","0","2301","0","0","0","N","0","0","0","1","68B03","0","","1.0","","1","N","N","","0","","0","0","1","","0","N","","1","0","0","0","0","0","0","2","0","1","","","","N","","","","","","","","","",""
"2006085455","","1","0","0","0","0","0","0","0","0","7","0","","02","8","2006","6","40.425278","-80.214922","","11","1","0","0","0","0","0","0","0","","0","0","0","","","0","","0","","40 25:31.000","","0","80 12:53.720","0","0","0","0","2214","0","0","0","Y","0","0","0","3","02214","0","","4.0","","1","N","N","","0","","0","0","0","","0","","","1","0","0","0","0","0","0","1","0","1","","","","N","","","","","","","","","",""
"2006085474","","0","0","0","0","0","0","0","0","0","4","0","","02","8","2006","5","40.582366","-80.062517","","11","0","0","0","0","0","1","0","0","1","0","0","0","","","2","","2","","40 34:56.516","4","0","80 03:45.062","3","0","0","1","2108","0","0","0","N","0","0","0","3","02108","0","","1.0","","1","N","N","","0","","2","0","0","","3","N","","2","2","0","0","0","0","0","2","1","2","","","","N","","","","","","","","","",""
"2006085475","","2","0","0","0","0","0","0","0","0","6","0","","02","8","2006","5","40.575833","-80.014914","","11","0","0","0","0","0","0","0","0","1","0","0","0","","","0","","0","","40 34:33.000","1","0","80 00:53.690","0","0","0","0","2108","0","0","0","N","0","0","0","4","02108","0","","1.0","","1","N","N","","0","","0","0","0","","0","N","","2","0","0","0","0","0","0","2","0","2","","","","N","","","","","","","","","",""
"2006085476","","1","0","0","0","0","0","0","0","0","1","0","","02","8","2006","2","40.558199","-80.023334","","11","0","0","0","0","0","0","1","0","","0","0","0","","","1","","2","","40 33:29.515","","0","80 01:24.001","4","0","0","0","2108","0","0","0","N","0","0","0","4","02108","1","","1.0","","1","N","N","","1","","0","0","1","","2","","","3","1","1","0","0","0","1","2","0","3","","","","N","","","","","","","","","",""
"2006085477","","2","0","0","0","0","0","0","0","0","2","0","","02","8","2006","2","40.581944","-80.038076","","11","0","0","0","1","0","0","0","0","1","0","0","0","","","0","","1","","40 34:55.000","2","0","80 02:17.074","0","0","0","0","2108","0","0","0","N","0","0","0","2","02108","0","","1.0","","1","N","N","","0","","0","0","0","","2","N","","2","0","0","0","0","0","0","2","0","2","","","","N","","","","","","","","","",""
"2006085531","","1","0","0","0","0","0","0","0","0","1","0","","02","8","2006","2","","","","11","0","0","0","0","0","1","0","0","","0","0","0","","","1","","0","","","","0","","3","0","0","0","2420","0","0","0","N","0","0","0","2","02420","0","","1.0","","1","N","N","","0","","1","0","0","","0","","","2","1","0","0","0","0","0","1","1","2","","","","N","","","","","","","","","",""
"2006085551","","1","0","1","0","0","0","0","0","0","1","0","","02","7","2006","5","40.437222","-80.211071","","11","0","0","0","0","0","0","0","0","1","0","0","0","","","1","","6","","40 26:14.000","3","8","80 12:39.854","2","0","0","0","2214","0","0","0","N","0","0","0","2","68B03","0","","1.0","","1","N","N","","0","","0","1","1","","4","N","","2","1","0","0","0","0","0","2","0","2","","","","N","","","","","","","","","",""
"2006085552","","1","0","0","0","0","0","0","0","0","7","0","","02","7","2006","3","","","","11","0","0","0","0","0","0","0","0","","0","0","0","","","1","","0","","40 28:25.32","","0","80 00:20.16","3","0","0","0","2301","0","0","0","N","0","0","0","1","68B03","0","","2.0","","1","N","N","","0","","1","0","0","","0","","","1","1","0","0","0","0","0","2","0","1","","","","N","","","","","","","","","",""
"2006085553","","2","0","0","0","0","0","0","0","0","1","1","","02","7","2006","7","40.4282","-80.2797","","11","0","0","0","0","0","0","1","0","","0","1","0","","","1","","0","","40 25:41.520","","0","80 16:46.920","4","0","0","0","2214","0","0","0","N","0","0","0","7","68B03","1","","1.0","","1","N","N","","0","","0","0","0","","0","","","3","1","1","0","0","0","0","1","0","3","","","","N","","","","","","","","","",""
"2006085554","","4","0","0","0","0","0","0","0","0","1","1","","02","6","2006","5","","","","11","0","0","0","0","0","1","0","0","1","0","0","0","","","0","","0","","40 25:06.60","1","0","80 05:20.04","0","0","0","0","2117","0","0","0","N","0","0","0","6","68B03","0","","1.0","","1","N","N","","0","","0","0","0","","0","N","","4","0","0","0","0","0","0","2","0","4","","","","N","","","","","","","","","",""
"2006085611","","1","0","0","0","0","0","0","0","0","1","1","","02","7","2006","2","","","","11","0","0","0","0","0","0","1","0","","0","1","0","","","0","","6","","40 31:10.56","","2","80 03:22.32","0","0","0","0","2116","0","0","0","N","0","0","0","2","68B03","0","","1.0","","1","N","N","","0","","0","0","0","","0","","","2","0","0","0","0","0","0","2","0","2","","","","N","","","","","","","","","",""
"2006085613","","3","0","0","0","0","0","0","0","0","1","0","","02","6","2006","5","","","","11","0","0","0","0","0","1","0","0","1","0","0","0","","","0","","0","","40 27:10.08","2","0","79 59:49.92","0","0","0","0","2301","0","0","0","N","0","0","0","3","68B03","0","","1.0","","1","N","N","","0","","0","0","0","","0","N","","3","0","0","0","0","0","0","2","0","3","","","","N","","","","","","","","","",""
"2006085614","","1","0","0","0","0","0","0","0","0","7","0","","02","7","2006","3","40.436111","-79.97226","","11","0","0","0","0","0","0","0","0","1","0","0","0","","","0","","0","","40 26:10.000","3","2","79 58:20.137","0","0","0","0","2301","0","0","0","N","0","0","0","1","68B03","0","","2.0","","9","N","N","","0","","0","0","0","","0","N","","1","0","0","0","0","0","0","2","0","1","","","","N","","","","","","","","","",""
"2006085620","","1","0","0","0","0","0","0","0","0","1","1","15","02","7","2006","4","40.4232","-80.1088","","11","0","0","0","0","0","1","0","0","","0","1","0","","","1","","0","","40 25:23.520","","2","80 06:31.680","4","0","0","0","2102","0","0","0","N","0","0","0","2","68B03","1","","1.0","","1","N","N","","0","","0","0","0","","0","","","2","1","0","0","0","0","0","2","0","2","","","Y","Y","4","1","","","U","","","","Y",""