"CRN","ARRIVAL_TM","AUTOMOBILE_COUNT","BELTED_DEATH_COUNT","BELTED_SUSP_SERIOUS_INJ_COUNT","BICYCLE_COUNT","BICYCLE_DEATH_COUNT","BICYCLE_SUSP_SERIOUS_INJ_COUNT","BUS_COUNT","CHLDPAS_DEATH_COUNT","CHLDPAS_SUSP_SERIOUS_INJ_COUNT","COLLISION_TYPE","COMM_VEH_COUNT","CONS_ZONE_SPD_LIM","COUNTY","CRASH_MONTH","CRASH_YEAR","DAY_OF_WEEK","DEC_LATITUDE","DEC_LONGITUDE","DISPATCH_TM","DISTRICT","DRIVER_COUNT_16YR","DRIVER_COUNT_17YR","DRIVER_COUNT_18YR","DRIVER_COUNT_19YR","DRIVER_COUNT_20YR","DRIVER_COUNT_50_64YR","DRIVER_COUNT_65_74YR","DRIVER_COUNT_75PLUS","EST_HRS_CLOSED","FATAL_COUNT","HEAVY_TRUCK_COUNT","HORSE_BUGGY_COUNT","HOUR_OF_DAY","ILLUMINATION","INJURY_COUNT","INTERSECTION_RELATED","INTERSECT_TYPE","LANE_CLOSED","LATITUDE","LN_CLOSE_DIR","LOCATION_TYPE","LONGITUDE","MAX_SEVERITY_LEVEL","MCYCLE_DEATH_COUNT","MCYCLE_SUSP_SERIOUS_INJ_COUNT","MOTORCYCLE_COUNT","MUNICIPALITY","NONMOTR_COUNT","NONMOTR_DEATH_COUNT","NONMOTR_SUSP_SERIOUS_INJ_COUNT","NTFY_HIWY_MAINT","PED_COUNT","PED_DEATH_COUNT","PED_SUSP_SERIOUS_INJ_COUNT","PERSON_COUNT","POLICE_AGCY","POSSIBLE_INJ_COUNT","RDWY_SURF_TYPE_CD","RELATION_TO_ROAD","ROADWAY_CLEARED","ROAD_CONDITION","SCH_BUS_IND","SCH_ZONE_IND","SECONDARY_CRASH","SMALL_TRUCK_COUNT","SPEC_JURIS_CD","SUSP_MINOR_INJ_COUNT","SUSP_SERIOUS_INJ_COUNT","SUV_COUNT","TCD_FUNC_CD","TCD_TYPE","TFC_DETOUR_IND","TIME_OF_DAY","TOTAL_UNITS","TOT_INJ_COUNT","UNBELTED_OCC_COUNT","UNB_DEATH_COUNT","UNB_SUSP_SERIOUS_INJ_COUNT","UNK_INJ_DEG_COUNT","UNK_INJ_PER_COUNT","URBAN_RURAL","VAN_COUNT","VEHICLE_COUNT","WEATHER1","WEATHER2","WORKERS_PRES","WORK_ZONE_IND","WORK_ZONE_LOC","WORK_ZONE_TYPE","WZ_CLOSE_DETOUR","WZ_FLAGGER","WZ_LAW_OFFCR_IND","WZ_LN_CLOSURE","WZ_MOVING","WZ_OTHER","WZ_SHLDER_MDN","WZ_WORKERS_INJ_KILLED"
"2006086587","","1","0","0","0","0","0","0","0","0","1","0","","02","6","2006","6","","","","11","0","0","0","0","0","0","0","0","","0","0","0","","","0","","0","","40 25:55.56","","0","79 57:33.84","0","0","0","0","2301","0","0","0","N","0","0","0","2","68B03","0","","1.0","","1","N","N","","0","","0","0","1","","0","","","2","0","0","0","0","0","0","2","0","2","","","","N","","","","","","","","","",""
"2006086588","","2","0","0","0","0","0","0","0","0","1","0","","02","7","2006","4","","","","11","0","0","0","0","0","0","0","0","1","0","0","0","","","1","","0","","40 25:06.60","2","3","80 05:20.04","4","0","0","0","2415","0","0","0","N","0","0","0","6","68B03","1","","1.0","","1","N","N","","0","","0","0","0","","0","N","","2","1","3","0","0","0","0","2","0","2","","","","N","","","","","","","","","",""
"2006086589","","1","0","0","0","0","0","0","0","0","7","0","","02","7","2006","5","40.585278","-80.100727","","11","0","0","0","0","0","1","0","0","","0","0","0","","","0","","0","","40 35:07.000","","0","80 06:02.616","0","0","0","0","2481","0","0","0","N","0","0","0","1","68B03","0","","4.0","","1","N","N","","0","","0","0","0","","0","","","1","0","0","0","0","0","0","2","0","1","","","","N","","","","","","","","","",""
"2006086590","","1","0","0","0","0","0","0","0","0","0","0","","02","7","2006","3","","","","11","0","0","0","0","0","0","0","0","","0","0","0","","","1","","0","","40 26:29.04","","0","79 49:42.60","4","0","0","0","2113","0","0","0","N","0","0","0","1","68B03","1","","1.0","","1","N","N","","0","","0","0","0","","0","","","1","1","0","0","0","0","0","2","0","1","","","","N","","","","","","","","","",""
"2006086591","","2","0","0","0","0","0","0","0","0","1","0","","02","7","2006","6","","","","11","0","0","0","0","0","0","1","0","1","0","0","0","","","1","","0","","40 25:44.76","3","0","79 56:38.04","4","0","0","0","2301","0","0","0","N","0","0","0","2","68B03","1","","1.0","","1","N","N","","0","","0","0","0","","0","N","","2","1","0","0","0","0","0","2","0","2","","","","N","","","","","","","","","",""
"2006086592","","0","0","0","0","0","0","0","0","0","1","0","","02","7","2006","7","","","","11","0","0","0","0","0","0","0","0","","0","0","0","","","1","","0","","40 25:35.76","","0","79 54:59.76","4","0","0","0","2426","0","0","0","N","0","0","0","4","68B03","1","","1.0","","1","N","N","","1","","0","0","1","","0","","","2","1","0","0","0","0","0","2","0","2","","","","N","","","","","","","","","",""
"2006086593","","1","0","0","0","0","0","0","0","0","7","0","","02","7","2006","4","","","","11","0","0","0","0","0","0","0","0","","0","0","0","","","0","","0","","40 26:19.68","","0","80 00:41.76","0","0","0","0","2301","0","0","0","N","0","0","0","3","68B03","0","","4.0","","9","N","N","","0","","0","0","0","","0","","","1","0","0","0","0","0","0","2","0","1","","","","N","","","","","","","","","",""
"2006086594","","3","0","0","0","0","0","0","0","0","1","0","","02","7","2006","5","","","","11","0","1","0","0","0","0","0","0","","0","0","0","","","4","","0","","40 25:44.40","","0","79 55:53.76","4","0","0","0","2301","0","0","0","N","0","0","0","9","68B03","4","","1.0","","1","N","N","","1","","0","0","2","","0","","","6","4","0","0","0","0","0","2","0","6","","","","N","","","","","","","","","",""
"2006086595","","2","0","0","0","0","0","0","0","0","1","0","","02","7","2006","3","40.651111","-80.093982","","11","0","0","0","0","0","1","0","0","","0","0","0","","","0","","0","","40 39:04.000","","0","80 05:38.336","0","0","0","0","2481","0","0","0","N","0","0","0","2","68B03","0","","1.0","","1","N","N","","0","","0","0","0","","0","","","2","0","0","0","0","0","0","2","0","2","","","","N","","","","","","","","","",""
"2006086597","","2","0","0","0","0","0","0","0","0","1","0","50","02","6","2006","6","40.373889","-80.103518","","11","0","0","0","0","0","1","0","0","","0","0","0","","","2","","0","","40 22:26.000","","0","80 06:12.665","4","0","0","0","2102","0","0","0","N","0","0","0","2","68B03","2","","1.0","","9","N","N","","0","","0","0","0","","8","","","2","2","0","0","0","0","0","2","0","2","","","Y","Y","4","1","","","Y","Y","","","",""
"2006086598","","2","0","0","0","0","0","0","0","0","7","0","","02","7","2006","6","40.436111","-79.784167","","11","0","0","0","1","0","0","0","0","","0","0","0","","","0","","0","","40 26:10.000","","0","79 47:03.002","0","0","0","0","2446","0","0","0","N","0","0","0","2","68B03","0","","3.0","","1","N","N","","0","","0","0","0","","0","","","2","0","0","0","0","0","0","2","0","2","","","","N","","","","","","","","","",""
"2006086599","","1","0","0","0","0","0","0","0","0","1","0","","02","7","2006","7","40.439444","-80.226968","","11","0","0","1","0","0","0","0","0","","0","0","0","","","1","","0","","40 26:22.000","","0","80 13:37.084","4","0","0","0","2214","0","0","0","N","0","0","0","6","68B03","1","","1.0","","1","N","N","","0","","0","0","2","","0","","","3","1","0","0","0","0","0","2","0","3","","","","N","","","","","","","","","",""
"2006086600","","1","0","0","0","0","0","0","0","0","1","0","","02","6","2006","3","","","","11","0","0","0","0","0","1","0","0","","0","0","0","","","0","","0","","40 25:15.96","","0","80 02:33.00","0","0","0","0","2435","0","0","0","N","0","0","0","3","68B03","0","","1.0","","9","N","N","","0","","0","0","1","","0","","","2","0","0","0","0","0","0","2","0","2","","","","N","","","","","","","","","",""
"2006086601","","0","0","0","0","0","0","0","0","0","7","0","99","02","7","2006","2","40.373889","-80.103854","","11","0","0","1","0","0","0","0","0","","0","0","0","","","0","","0","","40 22:26.000","","0","80 06:13.874","0","0","0","0","2102","0","0","0","N","0","0","0","1","68B03","0","","2.0","","1","N","N","","1","","0","0","0","","0","","","1","0","0","0","0","0","0","2","0","1","","","U","Y","8","8","","","U","","","","",""
"2006086603","","2","0","0","0","0","0","0","0","0","4","0","","02","5","2006","7","","","","11","0","0","0","0","0","0","0","0","","0","0","0","","","0","","1","","40 28:22.44","","2","80 13:20.64","0","0","0","0","2203","0","0","0","N","0","0","0","3","68B03","0","","1.0","","1","N","N","","0","","0","0","0","","2","","","2","0","0","0","0","0","0","2","0","2","","","","N","","","","","","","","","",""
"2006086604","","1","0","0","0","0","0","0","0","0","1","0","","02","7","2006","5","","","","11","0","0","0","0","0","0","0","0","","0","0","0","","","2","","6","","40 25:33.96","","2","79 53:44.88","3","0","0","0","2426","0","0","0","N","0","0","0","3","68B03","0","","1.0","","1","N","N","","1","","2","0","0","","4","","","2","2","0","0","0","0","0","2","0","2","","","","N","","","","","","","","","",""
"2006086605","","0","0","0","0","0","0","0","0","0","7","0","","02","7","2006","7","40.446389","-80.169774","","11","0","0","0","0","1","0","0","0","","0","0","0","","","0","","7","","40 26:47.000","","2","80 10:11.187","0","0","0","0","2115","0","0","0","N","0","0","0","1","68B03","0","","7.0","","1","N","N","","0","","0","0","1","","0","","","1","0","0","0","0","0","0","2","0","1","","","","N","","","","","","","","","",""
"2006086606","","1","0","0","0","0","0","0","0","0","7","0","","02","7","2006","7","","","","11","0","0","1","0","0","0","0","0","1","0","0","0","","","1","","0","","40 32:21.12","1","0","80 16:20.64","4","0","0","0","2203","0","0","0","N","0","0","0","1","68B03","1","","2.0","","9","N","N","","0","","0","0","0","","0","N","","1","1","0","0","0","0","0","1","0","1","","","","N","","","","","","","","","",""
"2006086676","","3","0","0","0","0","0","0","0","0","4","0","","02","8","2006","6","40.3731","-80.0991","","11","0","0","0","0","0","0","0","0","1","0","0","0","","","0","","2","","40 22:23.160","3","2","80 05:56.760","0","0","0","0","2102","0","0","0","N","0","0","0","6","02102","0","","1.0","","1","N","N","","0","","0","0","0","","2","N","","3","0","0","0","0","0","0","2","0","3","","","","N","","","","","","","","","",""
"2006086678","","2","0","0","0","0","0","0","0","0","4","0","","02","8","2006","4","40.372458","-79.957706","","11","0","1","0","0","0","0","0","1","","0","0","0","","","0","","2","","40 22:20.848","","0","79 57:27.741","0","0","0","0","2403","0","0","0","N","0","0","0","3","02403","0","","1.0","","1","N","N","","0","","0","0","0","","3","","","2","0","0","0","0","0","0","2","0","2","","","","N","","","","","","","","","",""
"2006086684","","0","0","0","0","0","0","0","0","0","0","0","","02","8","2006","6","40.507051","-79.989233","","11","0","0","0","0","0","0","0","0","","0","0","0","","","1","","0","","40 30:25.382","","0","79 59:21.237","2","0","1","1","2116","0","0","0","N","0","0","0","1","02116","0","","1.0","","1","N","N","","0","","0","1","0","","0","","","1","1","0","0","0","0","0","2","0","1","","","","N","","","","","","","","","",""
"2006086714","","1","0","0","0","0","0","0","0","0","4","0","","02","7","2006","4","40.356944","-80.120514","","11","0","0","0","0","0","1","0","0","1","0","0","0","","","1","","1","","40 21:25.000","4","0","80 07:13.849","8","0","0","0","2119","0","0","0","N","0","0","0","2","02119","0","","1.0","","1","N","N","","1","","0","0","0","","2","Y","","2","1","0","0","0","1","0","2","0","2","","","","N","","","","","","","","","",""
"2006086715","","2","0","0","0","0","0","0","0","0","1","0","","02","7","2006","5","40.348056","-80.112646","","11","0","0","0","0","0","1","0","1","","0","0","0","","","1","","2","","40 20:53.000","","0","80 06:45.527","8","0","0","0","2119","0","0","0","N","0","0","0","2","02119","0","","1.0","","1","N","N","","0","","0","0","0","","0","","","2","1","0","0","0","1","0","2","0","2","","","","N","","","","","","","","","",""
"2006086716","","1","0","0","0","0","0","0","0","0","2","0","","02","7","2006","5","40.337778","-80.129948","","11","0","0","0","0","0","2","0","0","","0","0","0","","","1","","0","","40 20:16.000","","0","80 07:47.812","8","0","0","0","2119","0","0","0","N","0","0","0","2","02119","0","","1.0","","1","N","N","","0","","0","0","1","","0","","","2","1","0","0","0","1","0","2","0","2","","","","N","","","","","","","","","",""
"2006086717","","0","0","0","0","0","0","0","0","0","7","0","","02","8","2006","2","40.353205","-79.889184","","11","0","0","0","0","0","0","1","0","3","0","0","0","","","0","","0","","40 21:11.537","5","0","79 53:21.064","0","0","0","0","2423","0","0","0","N","0","0","0","1","02304","0","","2.0","","1","N","N","","0","","0","0","0","","0","Y","","1","0","0","0","0","0","0","2","1","1","","","","N","","","","","","","","","",""
"2006086718","","0","0","0","0","0","0","0","0","0","4","0","","02","8","2006","3","","","","11","0","0","0","0","0","0","0","0","1","0","0","0","","","1","","1","","","1","0","","4","0","0","0","2304","0","0","0","N","0","0","0","4","02304","1","","1.0","","1","N","N","","0","","0","0","1","","3","N","","2","1","4","0","0","0","0","1","1","2","","","","N","","","","","","","","","",""
"2006086720","","2","0","0","0","0","0","0","0","0","4","0","","02","8","2006","6","","","","11","0","0","0","0","0","2","0","0","","0","0","0","","","0","","0","","","","0","","0","0","0","0","2301","0","0","0","N","0","0","0","2","02301","0","","1.0","","1","N","N","","0","","0","0","0","","0","","","2","0","0","0","0","0","0","1","0","2","","","","N","","","","","","","","","",""
"2006086722","","1","0","0","0","0","0","0","0","0","1","0","","02","8","2006","7","","","","11","0","0","0","0","0","1","0","0","","0","0","0","","","0","","0","","","","0","","0","0","0","0","2446","0","0","0","","0","0","0","6","02446","0","","1.0","","1","","","","1","","0","0","2","","0","","","4","0","0","0","0","0","0","1","0","4","","","","N","","","","","","","","","",""
"2006086735","","6","0","0","0","0","0","0","0","0","1","0","","02","6","2006","5","40.4175","-79.848745","","11","0","0","0","0","0","3","1","0","","0","0","0","","","1","","1","","40 25:03.000","","0","79 50:55.481","4","0","0","0","2431","0","0","0","N","0","0","0","8","02431","1","","1.0","","1","N","N","","1","","0","0","0","","2","","","7","1","0","0","0","0","0","2","0","7","","","","N","","","","","","","","","",""
"2006086736","","1","0","0","0","0","0","0","0","0","4","0","","02","7","2006","7","40.422222","-79.863911","","11","0","0","0","0","0","0","0","0","1","0","0","0","","","1","","1","","40 25:20.000","4","0","79 51:50.079","4","0","0","0","2431","0","0","0","N","0","0","0","2","02431","1","","1.0","","1","N","N","","0","","0","0","0","","3","N","","2","1","0","0","0","0","0","2","1","2","","","","N","","","","","","","","","",""
"2006086737","","2","0","0","0","0","0","0","0","0","1","0","","02","8","2006","6","","","","11","0","0","0","0","0","0","0","0","","0","0","0","","","1","","1","","","","0","","4","0","0","0","2417","0","0","0","N","0","0","0","1","02431","1","","1.0","","1","N","N","","0","","0","0","0","","3","","","2","1","0","0","0","0","0","1","0","2","","","","N","","","","","","","","","",""
"2006086738","","2","0","0","0","0","0","0","0","0","2","0","","02","7","2006","6","40.515556","-80.268031","","11","0","0","0","0","0","0","0","0","","0","0","0","","","0","","3","","40 30:56.000","","0","80 16:04.912","0","0","0","0","2203","0","0","0","N","0","0","0","2","02501","0","","1.0","","1","N","N","","0","","0","0","0","","3","","","2","0","0","0","0","0","0","2","0","2","","","","N","","","","","","","","","",""
"2006086739","","0","0","0","0","0","0","0","0","0","0","0","","02","8","2006","6","40.421389","-80.201044","","11","0","0","0","0","0","0","0","0","","0","0","0","","","0","","0","","40 25:17.000","","0","80 12:03.757","0","0","0","1","2214","0","0","0","N","0","0","0","1","02214","0","","2.0","","1","N","N","","0","","0","0","0","","0","","","1","0","0","0","0","0","0","1","0","1","","","","N","","","","","","","","","",""
"2006086823","","2","0","0","0","0","0","0","0","0","2","0","","02","8","2006","7","","","","11","0","0","0","0","0","0","0","1","","0","0","0","","","0","","1","","","","0","","0","0","0","0","2304","0","0","0","","0","0","0","3","02304","0","","1.0","","1","N","N","","0","","0","0","0","","2","","","2","0","0","0","0","0","0","1","0","2","","","","N","","","","","","","","","",""
"2006086824","","1","0","0","0","0","0","0","0","0","7","0","","02","6","2006","4","40.329167","-80.112787","","11","0","0","0","0","0","0","0","0","","0","0","0","","","0","","0","","40 19:45.000","","0","80 06:46.033","0","0","0","0","2119","0","0","0","N","0","0","0","1","02119","0","","5.0","","1","N","N","","0","","0","0","0","","0","","","1","0","1","0","0","0","0","2","0","1","","","","N","","","","","","","","","",""
"2006086829","","0","0","0","0","0","0","0","0","0","5","0","","02","8","2006","5","40.481389","-79.875073","","11","0","0","0","0","0","1","0","0","","0","0","0","","","2","","0","","40 28:53.000","","0","79 52:30.263","4","0","0","0","2113","0","0","0","","0","0","0","3","02113","2","","1.0","","1","N","","","0","","0","0","1","","0","","","2","2","1","0","0","0","0","2","1","2","","","","N","","","","","","","","","",""
"2006086835","","2","0","0","0","0","0","0","0","0","6","0","","02","8","2006","6","","","","11","0","0","0","0","0","1","0","0","","0","0","0","","","1","","0","","","","0","","4","0","0","0","2301","0","0","0","N","0","0","0","2","02301","1","","1.0","","1","N","N","","0","","0","0","0","","0","","","2","1","0","0","0","0","0","1","0","2","","","","N","","","","","","","","","",""
"2006086836","","1","0","0","0","0","0","0","0","0","99","0","","02","8","2006","7","","","","11","1","0","0","0","0","0","0","0","","0","0","0","","","0","","0","","","","0","","0","0","0","0","2301","0","0","0","N","0","0","0","1","02301","0","","1.0","","1","N","N","","0","","0","0","0","","0","","","1","0","0","0","0","0","0","1","0","1","","","","N","","","","","","","","","",""
"2006086837","","1","0","0","0","0","0","0","0","0","99","0","","02","6","2006","3","40.404579","-80.039164","","11","0","0","0","0","0","0","0","0","","0","0","0","","","0","","0","","40 24:16.483","","0","80 02:20.991","0","0","0","0","2301","0","0","0","N","0","0","0","0","02301","0","","1.0","","1","N","N","","0","","0","0","0","","0","","","1","0","0","0","0","0","0","2","0","1","","","","N","","","","","","","","","",""
"2006086838","","1","0","0","0","0","0","0","0","0","1","0","","02","8","2006","7","40.401944","-80.000624","","11","0","0","0","0","0","0","0","0","","0","0","0","","","2","","1","","40 24:07.000","","0","80 00:02.245","8","0","0","0","2301","0","0","0","N","0","0","0","4","02301","0","","1.0","","1","N","N","","0","","0","0","0","","2","","","2","2","0","0","0","2","1","2","1","2","","","","N","","","","","","","","","",""
"2006086839","","2","0","0","0","0","0","0","0","0","1","0","","02","8","2006","7","40.416944","-80.014447","","11","0","0","0","0","0","0","0","0","","0","0","0","","","0","","2","","40 25:01.000","","0","80 00:52.009","9","0","0","0","2301","0","0","0","N","0","0","0","2","02301","0","","1.0","","9","N","N","","0","","0","0","0","","2","","","2","0","0","0","0","0","1","2","0","2","","","","N","","","","","","","","","",""
"2006086840","","0","0","0","0","0","0","0","0","0","8","0","","02","8","2006","7","","","","11","0","0","0","0","0","0","0","0","3","0","0","0","","","1","","0","","","6","0","","2","0","0","0","2301","1","0","1","N","1","0","1","3","02301","0","","1.0","","1","N","N","","0","","0","1","1","","0","Y","","3","1","0","0","0","0","2","2","0","2","","","","N","","","","","","","","","",""
"2006086848","","2","0","0","0","0","0","0","0","0","1","0","","02","8","2006","3","","","","11","0","0","0","0","0","1","0","0","","0","0","0","","","0","","1","","","","0","","0","0","0","0","2301","0","0","0","N","0","0","0","1","02301","0","","1.0","","1","N","N","","0","","0","0","1","","2","","","3","0","0","0","0","0","0","1","0","3","","","","N","","","","","","","","","",""
"2006086849","","2","0","0","0","0","0","0","0","0","1","0","","02","8","2006","5","40.428034","-79.934786","","11","0","0","0","0","0","1","0","0","1","0","0","0","","","0","","0","","40 25:40.922","3","0","79 56:05.229","0","0","0","0","2301","0","0","0","N","0","0","0","5","02301","0","","1.0","","1","N","N","","0","","0","0","1","","0","N","","3","0","0","0","0","0","0","2","0","3","","","","N","","","","","","","","","",""
"2006086850","","0","0","0","0","0","0","0","0","0","4","0","","02","8","2006","6","40.432607","-79.927568","","11","0","0","0","0","1","0","0","0","","0","0","0","","","0","","1","","40 25:57.385","","0","79 55:39.244","0","0","0","0","2301","0","0","0","N","0","0","0","4","02301","0","","1.0","","1","N","N","","0","","0","0","2","","1","","","2","0","0","0","0","0","0","2","0","2","","","","N","","","","","","","","","",""
"2006086851","","1","0","0","0","0","0","0","0","0","4","0","","02","8","2006","7","40.438023","-79.913084","","11","0","0","1","0","0","0","0","0","","0","0","0","","","0","","1","","40 26:16.882","","0","79 54:47.102","0","0","0","0","2301","0","0","0","N","0","0","0","2","02301","0","","1.0","","1","N","N","","0","","0","0","1","","2","","","2","0","0","0","0","0","0","2","0","2","","","","N","","","","","","","","","",""
"2006086852","","2","0","0","0","0","0","0","0","0","99","0","","02","8","2006","5","40.461736","-79.965368","","11","0","0","0","0","0","0","1","0","1","0","0","0","","","0","","2","","40 27:42.249","4","0","79 57:55.324","9","0","0","0","2301","0","0","0","N","0","0","0","4","02301","0","","1.0","","1","N","N","","0","","0","0","0","","0","Y","","2","0","0","0","0","0","1","2","0","2","","","","N","","","","","","","","","",""
"2006086853","","2","0","0","0","0","0","0","0","0","2","0","","02","8","2006","6","40.461578","-79.967126","","11","0","0","0","0","0","0","0","0","","0","0","0","","","0","","1","","40 27:41.680","","0","79 58:01.653","0","0","0","0","2301","0","0","0","N","0","0","0","2","02301","0","","1.0","","1","N","N","","0","","0","0","0","","2","","","2","0","0","0","0","0","0","2","0","2","","","","N","","","","","","","","","",""
"2006086854","","2","0","0","0","0","0","0","0","0","4","0","","02","8","2006","1","","","","11","0","0","0","0","0","0","0","0","","0","0","0","","","0","","1","","","","0","","0","0","0","0","2301","0","0","0","N","0","0","0","2","02301","0","","1.0","","1","N","N","","1","","0","0","0","","0","","","3","0","0","0","0","0","0","1","0","3","","","","N","","","","","","","","","",""
"2006086855","","2","0","0","0","0","0","0","0","0","4","0","","02","8","2006","7","","","","11","0","0","0","0","0","0","0","0","1","0","0","0","","","1","","1","","","2","0","","4","0","0","0","2301","0","0","0","N","0","0","0","5","02301","1","","1.0","","1","N","N","","0","","0","0","0","","2","N","","2","1","0","0","0","0","0","1","0","2","","","","N","","","","","","","","","",""
"2006086877","","1","0","0","0","0","0","0","0","0","5","0","","02","7","2006","3","","","","11","0","0","0","0","0","0","0","0","","0","0","0","","","0","","0","","","","0","","0","0","0","0","2453","0","0","0","N","0","0","0","0","02453","0","","6.0","","1","N","N","","0","","0","0","0","","0","","","2","0","0","0","0","0","0","1","1","2","","","","N","","","","","","","","","",""
"2006086882","","1","0","0","0","0","0","0","0","0","1","0","","02","7","2006","3","40.54","-79.841271","","11","0","0","0","0","0","1","0","0","","0","0","0","","","7","","0","","40 32:24.000","","0","79 50:28.574","4","0","0","0","2208","0","0","0","N","0","0","0","8","68D02","7","","1.0","","1","N","N","","0","","0","0","0","","0","","","2","7","0","0","0","0","0","2","1","2","","","","N","","","","","","","","","",""
"2006086895","","3","0","0","0","0","0","0","0","0","1","0","","02","8","2006","7","40.423975","-79.927315","","11","0","0","0","0","0","0","0","0","","0","0","0","","","0","","0","","40 25:26.310","","0","79 55:38.334","0","0","0","0","2301","0","0","0","N","0","0","0","3","02301","0","","1.0","","1","N","N","","0","","0","0","0","","0","","","3","0","0","0","0","0","0","2","0","3","","","","N","","","","","","","","","",""
"2006086896","","1","0","0","0","0","0","0","0","0","5","0","","02","8","2006","4","40.381806","-80.058437","","11","0","0","0","0","0","0","0","0","1","0","0","0","","","1","","0","","40 22:54.501","4","0","80 03:30.373","4","0","0","0","2109","0","0","0","N","0","0","0","3","02109","1","","1.0","","1","N","N","","0","","0","0","0","","0","N","","2","1","0","0","0","0","0","2","1","2","","","","N","","","","","","","","","",""
"2006086925","","0","0","0","0","0","0","0","0","0","0","0","","02","7","2006","2","","","","11","0","0","0","0","0","0","1","0","","0","0","0","","","1","","0","","","","7","","8","0","0","1","2453","0","0","0","N","0","0","0","1","02453","0","","9.0","","98","N","N","","0","","0","0","0","","0","","","1","1","0","0","0","1","0","1","0","1","","","","N","","","","","","","","","",""
"2006086927","","1","0","0","0","0","0","0","0","0","1","0","","02","5","2006","5","","","","11","0","0","0","0","0","0","0","0","","0","0","0","","","0","","1","","","","0","","0","0","0","0","2453","0","0","0","N","0","0","0","1","02453","0","","1.0","","1","N","N","","1","","0","0","0","","3","","","2","0","0","0","0","0","0","1","0","2","","","","N","","","","","","","","","",""
"2006086932","","0","0","0","0","0","0","0","0","0","8","0","35","02","7","2006","5","40.451789","-80.205181","","11","0","0","0","0","0","0","0","0","9","0","0","0","","","1","","2","","40 27:06.440","3","0","80 12:18.651","3","0","0","0","2214","1","0","0","N","1","0","0","2","02214","0","","4.0","","1","N","N","","0","","1","0","1","","7","N","","2","1","0","0","0","0","0","2","0","1","","","Y","Y","4","2","","Y","N","Y","Y","","",""
"2006086933","","2","0","0","0","0","0","0","0","0","1","0","","02","7","2006","2","40.416111","-80.190053","","11","0","0","0","0","0","1","1","0","","0","0","0","","","1","","0","","40 24:58.000","","0","80 11:24.192","8","0","0","0","2214","0","0","0","N","0","0","0","4","02214","0","","1.0","","1","N","N","","0","","0","0","0","","0","","","2","1","0","0","0","1","0","1","0","2","","","","N","","","","","","","","","",""
"2006086934","","2","0","0","0","0","0","0","0","0","4","0","","02","8","2006","5","40.443611","-80.175023","","11","0","0","0","0","0","0","0","0","","0","0","0","","","0","","10","","40 26:37.000","","7","80 10:30.084","0","0","0","0","2214","0","0","0","N","0","0","0","3","02214","0","","2.0","","1","N","N","","0","","0","0","0","","0","","","2","0","0","0","0","0","0","1","0","2","","","","N","","","","","","","","","",""
"2006086945","","2","0","0","0","0","0","0","0","0","4","0","","02","7","2006","5","40.582222","-80.062892","","11","0","0","0","0","0","2","0","0","","0","0","0","","","1","","1","","40 34:56.000","","0","80 03:46.410","4","0","0","0","2108","0","0","0","N","0","0","0","2","02108","1","","1.0","","1","N","N","","0","","0","0","0","","3","","","2","1","0","0","0","0","0","2","0","2","","","","N","","","","","","","","","",""
"2006086960","","1","0","0","0","0","0","0","0","0","7","0","","02","8","2006","7","40.415979","-79.987172","","11","0","0","0","0","0","0","0","0","","0","0","0","","","0","","2","","40 24:57.524","","0","79 59:13.819","0","0","0","0","2447","0","0","0","N","0","0","0","1","02447","0","","5.0","","1","N","N","","0","","0","0","0","","0","","","1","0","0","0","0","0","0","2","0","1","","","","N","","","","","","","","","",""
"2006086980","","1","0","0","0","0","0","0","0","0","1","0","","02","7","2006","2","","","","11","0","0","0","0","0","0","1","0","","0","0","0","","","0","","0","","40 26:10.32","","0","79 58:29.28","0","0","0","0","2301","0","0","0","N","0","0","0","2","68B03","0","","1.0","","1","N","N","","0","","0","0","1","","0","","","2","0","0","0","0","0","0","2","0","2","","","","N","","","","","","","","","",""
"2006086984","","1","0","0","0","0","0","0","0","0","7","0","","02","7","2006","2","40.493611","-79.785907","","11","0","0","0","0","0","0","0","0","1","0","0","0","","","0","","0","","40 29:37.000","6","0","79 47:09.264","0","0","0","0","2113","0","0","0","N","0","0","0","1","02113","0","","5.0","","1","N","N","","0","","0","0","0","","0","N","","1","0","0","0","0","0","0","2","0","1","","","","N","","","","","","","","","",""
"2006086985","","0","0","0","0","0","0","0","0","0","7","0","","02","7","2006","3","40.463634","-79.810359","","11","0","0","0","0","0","0","0","0","","0","0","0","","","0","","2","","40 27:49.082","","0","79 48:37.292","0","0","0","0","2113","0","0","0","N","0","0","0","1","02113","0","","5.0","","1","N","N","","0","","0","0","1","","0","","","1","0","1","0","0","0","0","2","0","1","","","","N","","","","","","","","","",""
"2006086986","","2","0","0","0","0","0","0","0","0","1","0","","02","8","2006","3","40.4675","-79.865654","","11","0","0","0","0","0","0","0","0","","0","0","0","","","1","","0","","40 28:03.000","","0","79 51:56.355","4","0","0","0","2113","0","0","0","N","0","0","0","2","02113","1","","1.0","","1","N","N","","0","","0","0","0","","0","","","2","1","0","0","0","0","0","2","0","2","","","","N","","","","","","","","","",""
"2006086987","","2","0","0","0","0","0","0","0","0","4","0","","02","7","2006","2","40.474167","-79.821928","","11","0","0","0","0","1","0","0","1","","0","0","0","","","1","","2","","40 28:27.000","","0","79 49:18.941","4","0","0","0","2113","0","0","0","N","0","0","0","2","02113","1","","1.0","","1","N","N","","0","","0","0","0","","2","","","2","1","0","0","0","0","0","2","0","2","","","","N","","","","","","","","","",""