"CRN","ARRIVAL_TM","AUTOMOBILE_COUNT","BELTED_DEATH_COUNT","BELTED_SUSP_SERIOUS_INJ_COUNT","BICYCLE_COUNT","BICYCLE_DEATH_COUNT","BICYCLE_SUSP_SERIOUS_INJ_COUNT","BUS_COUNT","CHLDPAS_DEATH_COUNT","CHLDPAS_SUSP_SERIOUS_INJ_COUNT","COLLISION_TYPE","COMM_VEH_COUNT","CONS_ZONE_SPD_LIM","COUNTY","CRASH_MONTH","CRASH_YEAR","DAY_OF_WEEK","DEC_LATITUDE","DEC_LONGITUDE","DISPATCH_TM","DISTRICT","DRIVER_COUNT_16YR","DRIVER_COUNT_17YR","DRIVER_COUNT_18YR","DRIVER_COUNT_19YR","DRIVER_COUNT_20YR","DRIVER_COUNT_50_64YR","DRIVER_COUNT_65_74YR","DRIVER_COUNT_75PLUS","EST_HRS_CLOSED","FATAL_COUNT","HEAVY_TRUCK_COUNT","HORSE_BUGGY_COUNT","HOUR_OF_DAY","ILLUMINATION","INJURY_COUNT","INTERSECTION_RELATED","INTERSECT_TYPE","LANE_CLOSED","LATITUDE","LN_CLOSE_DIR","LOCATION_TYPE","LONGITUDE","MAX_SEVERITY_LEVEL","MCYCLE_DEATH_COUNT","MCYCLE_SUSP_SERIOUS_INJ_COUNT","MOTORCYCLE_COUNT","MUNICIPALITY","NONMOTR_COUNT","NONMOTR_DEATH_COUNT","NONMOTR_SUSP_SERIOUS_INJ_COUNT","NTFY_HIWY_MAINT","PED_COUNT","PED_DEATH_COUNT","PED_SUSP_SERIOUS_INJ_COUNT","PERSON_COUNT","POLICE_AGCY","POSSIBLE_INJ_COUNT","RDWY_SURF_TYPE_CD","RELATION_TO_ROAD","ROADWAY_CLEARED","ROAD_CONDITION","SCH_BUS_IND","SCH_ZONE_IND","SECONDARY_CRASH","SMALL_TRUCK_COUNT","SPEC_JURIS_CD","SUSP_MINOR_INJ_COUNT","SUSP_SERIOUS_INJ_COUNT","SUV_COUNT","TCD_FUNC_CD","TCD_TYPE","TFC_DETOUR_IND","TIME_OF_DAY","TOTAL_UNITS","TOT_INJ_COUNT","UNBELTED_OCC_COUNT","UNB_DEATH_COUNT","UNB_SUSP_SERIOUS_INJ_COUNT","UNK_INJ_DEG_COUNT","UNK_INJ_PER_COUNT","URBAN_RURAL","VAN_COUNT","VEHICLE_COUNT","WEATHER1","WEATHER2","WORKERS_PRES","WORK_ZONE_IND","WORK_ZONE_LOC","WORK_ZONE_TYPE","WZ_CLOSE_DETOUR","WZ_FLAGGER","WZ_LAW_OFFCR_IND","WZ_LN_CLOSURE","WZ_MOVING","WZ_OTHER","WZ_SHLDER_MDN","WZ_WORKERS_INJ_KILLED"
"2006089031","","1","0","0","0","0","0","0","0","0","1","0","35","02","8","2006","2","40.522585","-80.174832","","11","0","0","0","0","0","0","0","0","","0","0","0","","","1","","0","","40 31:21.305","","0","80 10:29.395","3","0","0","1","2213","0","0","0","N","0","0","0","2","02213","0","","1.0","","9","N","N","","0","","1","0","0","","0","","","2","1","0","0","0","0","0","2","0","2","","","N","Y","4","2","N","N","N","Y","N","N","Y",""
"2006089032","","1","0","0","0","0","0","0","0","0","7","0","","02","5","2006","2","40.559","-80.0872","","11","0","0","0","0","0","0","0","0","","0","0","0","","","0","","0","","40 33:32.400","","0","80 05:13.920","0","0","0","0","2481","0","0","0","N","0","0","0","2","02481","0","","4.0","","1","N","N","","0","","0","0","0","","0","","","1","0","0","0","0","0","0","2","0","1","","","","N","","","","","","","","","",""
"2006089033","","1","0","0","0","0","0","0","0","0","7","0","","02","3","2006","6","40.603301","-80.07333","","11","0","0","0","0","0","0","0","1","1","0","0","0","","","0","","0","","40 36:11.884","3","0","80 04:23.987","0","0","0","0","2481","0","0","0","N","0","0","0","1","02481","0","","2.0","","9","N","N","","0","","0","0","0","","0","N","","1","0","0","0","0","0","0","2","0","1","","","","N","","","","","","","","","",""
"2006089034","","2","0","0","0","0","0","0","0","0","4","0","","02","3","2006","5","","","","11","0","0","0","0","0","1","0","0","","0","0","0","","","0","","0","","","","0","","0","0","0","0","2481","0","0","0","N","0","0","0","3","02481","0","","1.0","","1","N","N","","0","","0","0","0","","0","","","2","0","0","0","0","0","0","1","0","2","","","","N","","","","","","","","","",""
"2006089035","","3","0","0","0","0","0","0","0","0","4","0","","02","6","2006","6","","","","11","0","0","0","0","0","0","0","0","","0","0","0","","","0","","1","","","","0","","0","0","0","0","2481","0","0","0","N","0","0","0","4","02481","0","","1.0","","1","N","N","","0","","0","0","0","","2","","","3","0","0","0","0","0","0","1","0","3","","","","N","","","","","","","","","",""
"2006089036","","0","0","0","0","0","0","0","0","0","4","0","","02","6","2006","4","40.598974","-80.077555","","11","0","0","1","0","0","1","0","0","1","0","0","0","","","1","","0","","40 35:56.306","2","0","80 04:39.198","8","0","0","1","2481","0","0","0","N","0","0","0","3","02481","0","","1.0","","9","N","N","","1","","0","0","0","","0","N","","2","1","0","0","0","1","0","2","0","2","","","","N","","","","","","","","","",""
"2006089037","","2","0","0","0","0","0","0","0","0","1","0","","02","7","2006","2","40.560732","-80.067321","","11","0","0","0","0","1","0","0","0","","0","0","0","","","0","","0","","40 33:38.635","","0","80 04:02.355","0","0","0","0","2481","0","0","0","N","0","0","0","1","02481","0","","1.0","","1","N","N","","0","","0","0","0","","0","","","2","0","0","0","0","0","0","2","0","2","","","","N","","","","","","","","","",""
"2006089038","","1","0","0","0","0","0","0","0","0","4","0","","02","8","2006","4","40.585605","-80.069082","","11","0","0","0","0","1","1","0","0","1","0","0","0","","","2","","2","","40 35:08.178","2","0","80 04:08.695","3","0","0","0","2481","0","0","0","N","0","0","0","6","02481","0","","1.0","","1","N","N","","0","","2","0","2","","0","Y","","3","2","1","0","0","0","0","2","0","3","","","","N","","","","","","","","","",""
"2006089040","","1","0","0","0","0","0","0","0","0","7","0","","02","4","2006","7","40.580146","-80.06986","","11","0","1","0","0","0","0","0","0","","0","0","0","","","0","","0","","40 34:48.525","","0","80 04:11.496","0","0","0","0","2481","0","0","0","N","0","0","0","1","02481","0","","2.0","","9","N","N","","0","","0","0","0","","0","","","1","0","0","0","0","0","0","2","0","1","","","","N","","","","","","","","","",""
"2006089042","","1","0","0","0","0","0","0","0","0","4","0","","02","5","2006","7","40.572778","-80.073306","","11","0","0","1","0","0","0","0","0","","0","0","0","","","0","","1","","40 34:22.000","","0","80 04:23.901","0","0","0","0","2481","0","0","0","N","0","0","0","5","02481","0","","1.0","","1","N","N","","0","","0","0","0","","0","","","2","0","0","0","0","0","0","2","1","2","","","","N","","","","","","","","","",""
"2006089043","","0","0","0","0","0","0","0","0","0","99","0","","02","7","2006","1","40.612368","-80.089282","","11","0","0","0","0","0","1","0","0","","0","0","0","","","0","","2","","40 36:44.524","","0","80 05:21.415","0","0","0","0","2481","0","0","0","N","0","0","0","2","02481","0","","1.0","","1","N","N","","0","","0","0","0","","0","","","1","0","0","0","0","0","0","2","1","1","","","","N","","","","","","","","","",""
"2006089044","","0","0","0","0","0","0","0","0","0","4","0","","02","3","2006","4","40.615556","-80.094185","","11","0","0","0","0","0","0","0","0","","0","0","0","","","0","","1","","40 36:56.000","","2","80 05:39.066","0","0","0","0","2481","0","0","0","N","0","0","0","3","02481","0","","1.0","","9","N","N","","0","","0","0","2","","2","","","2","0","0","0","0","0","0","2","0","2","","","","N","","","","","","","","","",""
"2006089045","","0","0","0","0","0","0","0","0","0","7","0","","02","3","2006","1","40.579507","-80.067434","","11","0","1","0","0","0","0","0","0","","0","0","0","","","0","","0","","40 34:46.225","","0","80 04:02.762","0","0","0","0","2481","0","0","0","N","0","0","0","1","02481","0","","5.0","","1","N","N","","0","","0","0","1","","0","","","1","0","0","0","0","0","0","2","0","1","","","","N","","","","","","","","","",""
"2006089046","","1","0","0","0","0","0","0","0","0","4","0","","02","3","2006","5","40.613841","-80.099981","","11","0","0","0","0","0","1","0","0","","0","0","0","","","0","","1","","40 36:49.826","","0","80 05:59.932","0","0","0","0","2481","0","0","0","N","0","0","0","3","02481","0","","1.0","","1","N","N","","0","","0","0","1","","2","","","2","0","0","0","0","0","0","2","0","2","","","","N","","","","","","","","","",""
"2006089047","","0","0","0","0","0","0","0","0","0","7","0","","02","6","2006","7","40.576389","-80.093048","","11","0","0","1","0","0","0","0","0","2","0","0","0","","","1","","0","","40 34:35.000","1","0","80 05:34.973","8","0","0","0","2481","0","0","0","N","0","0","0","1","02481","0","","5.0","","1","N","N","","0","","0","0","1","","0","N","","1","1","0","0","0","1","0","2","0","1","","","","N","","","","","","","","","",""
"2006089048","","1","0","0","0","0","0","0","0","0","1","0","","02","8","2006","2","40.596268","-80.077898","","11","0","0","0","1","0","0","0","0","","0","0","0","","","0","","1","","40 35:46.564","","0","80 04:40.432","0","0","0","0","2481","0","0","0","N","0","0","0","3","02481","0","","1.0","","1","N","N","","0","","0","0","1","","0","","","2","0","0","0","0","0","0","2","0","2","","","","N","","","","","","","","","",""
"2006089050","","2","0","0","0","0","0","0","0","0","1","0","","02","4","2006","3","40.607336","-80.088388","","11","0","0","1","0","0","0","0","0","2","0","0","0","","","0","","0","","40 36:26.409","1","0","80 05:18.196","0","0","0","0","2481","0","0","0","N","0","0","0","2","02481","0","","1.0","","1","N","N","","0","","0","0","0","","0","N","","2","0","0","0","0","0","0","2","0","2","","","","N","","","","","","","","","",""
"2006089051","","1","0","0","0","0","0","0","0","0","1","0","","02","4","2006","3","40.545377","-80.066605","","11","0","0","0","0","0","0","0","0","","0","0","0","","","0","","0","","40 32:43.357","","0","80 03:59.778","0","0","0","0","2481","0","0","0","N","0","0","0","1","02481","0","","1.0","","1","N","N","","0","","0","0","1","","0","","","2","0","0","0","0","0","0","2","0","2","","","","N","","","","","","","","","",""
"2006089052","","1","0","0","0","0","0","0","0","0","7","0","","02","8","2006","2","40.581389","-80.082661","","11","0","0","1","0","0","0","0","0","","0","0","0","","","0","","0","","40 34:53.000","","0","80 04:57.579","0","0","0","0","2481","0","0","0","N","0","0","0","4","02481","0","","2.0","","9","N","N","","0","","0","0","0","","0","","","1","0","0","0","0","0","0","2","0","1","","","","N","","","","","","","","","",""
"2006089053","","1","0","0","0","0","0","0","0","0","7","0","","02","3","2006","7","40.591944","-80.074994","","11","0","0","0","0","0","0","0","0","","0","0","0","","","0","","2","","40 35:31.000","","0","80 04:29.977","0","0","0","0","2481","0","0","0","N","0","0","0","1","02481","0","","2.0","","1","N","N","","0","","0","0","0","","3","","","1","0","0","0","0","0","0","2","0","1","","","","N","","","","","","","","","",""
"2006089054","","2","0","0","0","0","0","0","0","0","1","0","","02","7","2006","7","40.6125","-80.101987","","11","0","0","0","0","0","0","0","0","1","0","0","0","","","0","","0","","40 36:45.000","4","0","80 06:07.154","0","0","0","0","2481","0","0","0","N","0","0","0","2","02481","0","","1.0","","1","N","","","0","","0","0","0","","0","N","","2","0","0","0","0","0","0","2","0","2","","","","N","","","","","","","","","",""
"2006089055","","1","0","0","0","0","0","0","0","0","7","0","","02","8","2006","5","40.6141","-80.1442","","11","0","0","0","0","0","0","0","0","","0","0","0","","","0","","2","","40 36:50.760","","0","80 08:39.120","0","0","0","0","2481","0","0","0","N","0","0","0","1","02481","0","","2.0","","1","N","N","","0","","0","0","0","","3","","","1","0","0","0","0","0","0","1","0","1","","","","N","","","","","","","","","",""
"2006089056","","1","0","0","0","0","0","0","0","0","1","0","","02","5","2006","4","40.606924","-80.087973","","11","0","0","0","0","0","0","0","0","1","0","0","0","","","0","","0","","40 36:24.926","1","0","80 05:16.702","0","0","0","0","2481","0","0","0","N","0","0","0","2","02481","0","","1.0","","1","N","N","","0","","0","0","1","","0","Y","","2","0","0","0","0","0","0","2","0","2","","","","N","","","","","","","","","",""
"2006089057","","2","0","0","0","0","0","0","0","0","1","0","","02","6","2006","7","40.615556","-80.094185","","11","0","0","0","0","0","1","0","0","","0","0","0","","","2","","3","","40 36:56.000","","2","80 05:39.066","4","0","0","0","2481","0","0","0","N","0","0","0","3","02481","1","","1.0","","1","N","N","","0","","0","0","0","","4","","","2","2","0","0","0","1","0","2","0","2","","","","N","","","","","","","","","",""
"2006089058","","1","0","0","0","0","0","0","0","0","7","0","","02","7","2006","1","40.579167","-80.071672","","11","1","0","0","0","0","0","0","0","1","0","0","0","","","1","","0","","40 34:45.001","2","0","80 04:18.019","8","0","0","0","2481","0","0","0","N","0","0","0","1","02481","0","","2.0","","1","N","N","","0","","0","0","0","","0","Y","","1","1","0","0","0","1","0","2","0","1","","","","N","","","","","","","","","",""
"2006089100","","3","0","0","0","0","0","0","0","0","1","0","","02","8","2006","6","40.4585","-79.9994","","11","0","0","0","0","1","0","0","0","","0","0","0","","","1","","6","","40 27:30.600","","2","79 59:57.840","4","0","0","0","2301","0","0","0","N","0","0","0","7","02301","1","","1.0","","1","N","N","","0","","0","0","0","","3","","","3","1","2","0","0","0","0","2","0","3","","","","N","","","","","","","","","",""
"2006089167","","2","0","0","0","0","0","0","0","0","2","0","","02","8","2006","4","40.446389","-79.893602","","11","0","0","0","0","0","1","0","0","","0","0","0","","","0","","2","","40 26:47.000","","0","79 53:36.968","0","0","0","0","2301","0","0","0","N","0","0","0","2","02301","0","","1.0","","1","N","N","","0","","0","0","0","","2","","","2","0","0","0","0","0","0","2","0","2","","","","N","","","","","","","","","",""
"2006089169","","0","0","0","0","0","0","0","0","0","99","0","","02","7","2006","7","40.6037","-79.8692","","11","0","0","0","0","0","0","0","0","2","0","0","0","","","1","","0","","40 36:13.320","5","0","79 52:09.120","2","0","1","1","2220","0","0","0","N","0","0","0","1","02220","0","","1.0","","1","N","N","","0","","0","1","0","","0","Y","","1","1","0","0","0","0","0","2","0","1","","","","N","","","","","","","","","",""
"2006089205","","0","0","0","0","0","0","0","0","0","1","0","","02","7","2006","7","","","","11","0","0","1","0","0","0","0","0","","0","0","0","","","0","","0","","40 25:54.48","","0","80 01:28.20","0","0","0","0","2301","0","0","0","N","0","0","0","4","68B03","0","","1.0","","1","N","N","","1","","0","0","1","","0","","","2","0","0","0","0","0","0","2","0","2","","","","N","","","","","","","","","",""
"2006089225","","1","0","0","0","0","0","0","0","0","1","0","","02","8","2006","4","","","","11","0","0","0","0","0","2","0","0","9","0","0","0","","","0","","10","","","2","0","","0","0","0","0","2203","0","0","0","N","0","0","0","2","02501","0","","1.0","","1","N","N","","0","","0","0","1","","0","N","","2","0","0","0","0","0","0","1","0","2","","","","N","","","","","","","","","",""
"2006089228","","0","0","0","0","0","0","0","0","0","4","0","","02","8","2006","3","","","","11","0","0","0","0","0","0","0","1","1","0","0","0","","","1","","1","","40 30:43.56","3","0","80 16:15.96","4","0","0","0","2203","0","0","0","N","0","0","0","2","02203","1","","1.0","","1","N","N","","1","","0","0","1","","3","N","","2","1","0","0","0","0","0","2","0","2","","","","N","","","","","","","","","",""
"2006089237","","2","0","0","0","0","0","0","0","0","4","0","","02","8","2006","1","40.667154","-80.102148","","11","0","0","0","0","0","1","1","0","2","0","0","0","","","0","","1","","40 40:01.754","2","0","80 06:07.732","0","0","0","0","2212","0","0","0","N","0","0","0","4","02505","0","","1.0","","9","N","N","","0","","0","0","0","","1","N","","2","0","0","0","0","0","0","2","0","2","","","","N","","","","","","","","","",""
"2006089254","","1","0","0","0","0","0","0","0","0","2","0","","02","8","2006","3","","","","11","0","0","0","0","0","1","0","0","1","0","0","0","","","1","","0","","","4","0","","3","0","0","0","2102","0","0","0","N","0","0","0","2","02102","0","","1.0","","1","N","N","","0","","1","0","0","","0","N","","2","1","0","0","0","0","0","1","1","2","","","","N","","","","","","","","","",""
"2006089255","","1","0","0","0","0","0","0","0","0","7","0","","02","8","2006","4","40.5482","-79.9601","","11","0","0","0","0","0","0","0","0","1","0","0","0","","","0","","0","","40 32:53.520","1","0","79 57:36.360","9","0","0","0","2118","0","0","0","N","0","0","0","1","02118","0","","5.0","","1","N","N","","0","","0","0","0","","0","N","","1","0","0","0","0","0","1","2","0","1","","","","N","","","","","","","","","",""
"2006089261","","0","0","0","0","0","0","0","0","0","7","0","","02","8","2006","7","40.4666","-80.1964","","11","0","0","0","0","0","0","0","0","","0","0","0","","","0","","0","","40 27:59.760","","0","80 11:47.040","0","0","0","0","2213","0","0","0","N","0","0","0","1","02213","0","","5.0","","1","N","N","","1","","0","0","0","","0","","","1","0","0","0","0","0","0","2","0","1","","","","N","","","","","","","","","",""
"2006089262","","2","0","0","0","0","0","0","0","0","1","0","","02","8","2006","4","40.340544","-80.052399","","11","0","0","0","0","0","1","0","0","","0","0","0","","","0","","2","","40 20:25.958","","0","80 03:08.636","0","0","0","0","2407","0","0","0","N","0","0","0","3","02407","0","","1.0","","1","N","N","","0","","0","0","0","","2","","","2","0","0","0","0","0","0","2","0","2","","","","N","","","","","","","","","",""
"2006089263","","1","0","0","0","0","0","0","0","0","1","0","","02","8","2006","6","40.36672","-80.014368","","11","0","0","0","0","0","0","0","0","","0","0","0","","","1","","0","","40 22:00.192","","0","80 00:51.723","8","0","0","0","2407","0","0","0","N","0","0","0","2","02407","0","","1.0","","1","N","N","","0","","0","0","0","","0","","","2","1","0","0","0","1","0","2","1","2","","","","N","","","","","","","","","",""
"2006089264","","2","0","0","0","0","0","0","0","0","2","0","","02","8","2006","3","40.395556","-80.033071","","11","0","0","0","0","0","0","0","0","","0","0","0","","","0","","2","","40 23:44.000","","0","80 01:59.054","0","0","0","0","2422","0","0","0","N","0","0","0","3","02422","0","","1.0","","9","N","N","","0","","0","0","0","","2","","","2","0","0","0","0","0","0","2","0","2","","","","N","","","","","","","","","",""
"2006089314","","0","0","0","0","0","0","0","0","0","7","0","","02","8","2006","5","40.325272","-80.016174","","11","0","0","0","0","0","0","0","0","","0","0","0","","","1","","1","","40 19:30.979","","0","80 00:58.226","8","0","0","0","2407","0","0","0","N","0","0","0","2","02501","0","","5.0","","1","N","N","","0","","0","0","1","","3","","","1","1","1","0","0","1","0","2","0","1","","","","N","","","","","","","","","",""
"2006089316","","1","0","0","0","0","0","0","0","0","1","0","","02","8","2006","6","","","","11","0","0","0","0","0","0","0","0","1","0","0","0","","","1","","0","","","4","3","","8","0","0","0","2456","0","0","0","N","0","0","0","3","02456","0","","1.0","","1","N","N","","1","","0","0","0","","0","N","","2","1","0","0","0","1","2","1","0","2","","","","N","","","","","","","","","",""
"2006089318","","3","0","0","0","0","0","0","0","0","5","0","","02","8","2006","7","","","","11","0","0","0","0","0","1","0","0","","0","0","0","","","0","","0","","","","0","","0","0","0","0","2301","0","0","0","N","0","0","0","3","02301","0","","6.0","","1","N","N","","0","","0","0","0","","0","","","3","0","0","0","0","0","0","1","0","3","","","","N","","","","","","","","","",""
"2006089319","","1","0","0","0","0","0","0","0","0","7","0","","02","8","2006","6","40.429167","-79.99928","","11","0","0","0","0","0","0","0","0","","0","0","0","","","0","","1","","40 25:45.000","","0","79 59:57.407","0","0","0","0","2301","0","0","0","N","0","0","0","1","02301","0","","4.0","","1","N","N","","0","","0","0","0","","2","","","1","0","1","0","0","0","0","2","0","1","","","","N","","","","","","","","","",""
"2006089320","","1","0","0","0","0","0","0","0","0","4","0","","02","8","2006","7","40.475418","-79.924562","","11","0","0","0","0","0","0","0","0","","0","0","0","","","0","","1","","40 28:31.504","","0","79 55:28.423","0","0","0","0","2301","0","0","0","","0","0","0","3","02301","0","","1.0","","9","N","N","","0","","0","0","2","","3","","","3","0","0","0","0","0","0","2","0","3","","","","N","","","","","","","","","",""
"2006089321","","2","0","0","0","0","0","0","0","0","5","0","","02","8","2006","7","40.458333","-79.957099","","11","0","0","0","0","0","0","0","0","","0","0","0","","","0","","3","","40 27:30.000","","8","79 57:25.557","0","0","0","0","2301","0","0","0","N","0","0","0","2","02301","0","","7.0","","1","N","N","","0","","0","0","0","","0","","","2","0","0","0","0","0","0","2","0","2","","","","N","","","","","","","","","",""
"2006089322","","1","0","0","0","0","0","0","0","0","4","0","","02","8","2006","6","40.456659","-80.000113","","11","0","0","0","0","0","1","0","0","","0","0","0","","","1","","1","","40 27:23.972","","0","80 00:00.406","8","0","0","0","2301","0","0","0","N","0","0","0","2","02301","0","","1.0","","1","N","N","","0","","0","0","1","","3","","","2","1","0","0","0","1","0","2","0","2","","","","N","","","","","","","","","",""
"2006089323","","1","0","0","0","0","0","0","0","0","7","0","","02","8","2006","7","40.4402","-80.0086","","11","0","0","0","0","0","0","0","0","","0","0","0","","","0","","0","","40 26:24.720","","2","80 00:30.960","0","0","0","0","2301","0","0","0","N","0","0","0","1","02301","0","","4.0","","1","N","N","","0","","0","0","0","","0","","","1","0","0","0","0","0","0","2","0","1","","","","N","","","","","","","","","",""
"2006089324","","2","0","0","0","0","0","0","0","0","1","0","","02","8","2006","1","40.481965","-80.04165","","11","0","0","0","0","0","0","0","0","1","0","0","0","","","1","","1","","40 28:55.074","3","0","80 02:29.940","8","0","0","0","2301","0","0","0","N","0","0","0","3","02301","0","","1.0","","1","N","N","","0","","0","0","0","","2","N","","2","1","0","0","0","1","0","2","0","2","","","","N","","","","","","","","","",""
"2006089325","","1","0","0","0","0","0","0","0","0","7","0","","02","8","2006","6","40.396359","-79.998224","","11","0","0","0","0","0","0","0","0","3","0","0","0","","","1","","0","","40 23:46.893","6","0","79 59:53.608","8","0","0","0","2301","0","0","0","N","0","0","0","1","02301","0","","5.0","","1","N","N","","0","","0","0","0","","0","Y","","1","1","0","0","0","1","0","2","0","1","","","","N","","","","","","","","","",""
"2006089326","","1","0","0","0","0","0","0","0","0","4","0","","02","8","2006","7","","","","11","0","0","0","0","0","0","0","0","","0","0","0","","","0","","2","","","","0","","0","0","0","0","2301","0","0","0","N","0","0","0","2","02301","0","","1.0","","1","N","N","","0","","0","0","1","","3","","","2","0","0","0","0","0","0","1","0","2","","","","N","","","","","","","","","",""
"2006089327","","2","0","0","0","0","0","0","0","0","1","0","","02","8","2006","7","40.401944","-80.000624","","11","0","0","0","0","0","1","0","0","","0","0","0","","","0","","1","","40 24:07.000","","0","80 00:02.245","0","0","0","0","2301","0","0","0","N","0","0","0","3","02301","0","","1.0","","1","N","N","","0","","0","0","0","","2","","","3","0","0","0","0","0","0","2","1","3","","","","N","","","","","","","","","",""
"2006089328","","1","0","0","0","0","0","0","0","0","4","0","","02","8","2006","7","40.378333","-79.98974","","11","0","0","0","0","0","2","0","1","1","0","0","0","","","0","","2","","40 22:42.000","1","0","79 59:23.064","0","0","0","0","2301","0","0","0","N","0","0","0","5","02301","0","","1.0","","1","N","N","","0","","0","0","3","","3","N","","4","0","0","0","0","0","0","2","0","4","","","","N","","","","","","","","","",""
"2006089329","","0","0","0","0","0","0","0","0","0","7","0","","02","8","2006","1","","","","11","0","0","0","0","1","0","0","0","2","0","0","0","","","2","","0","","","7","0","","8","0","0","0","2301","0","0","0","Y","0","0","0","2","02301","0","","2.0","","9","N","N","","1","","0","0","0","","0","N","","1","2","2","0","0","2","0","1","0","1","","","","N","","","","","","","","","",""
"2006089330","","1","0","0","0","0","0","0","0","0","7","0","","02","8","2006","1","40.3463","-79.9734","","11","0","0","0","0","0","0","0","0","","0","0","0","","","2","","0","","40 20:46.680","","0","79 58:24.240","4","0","0","0","2301","0","0","0","N","0","0","0","2","02301","1","","4.0","","1","N","N","","0","","0","0","0","","0","","","1","2","0","0","0","1","0","2","0","1","","","","N","","","","","","","","","",""
"2006089331","","2","0","0","0","0","0","0","0","0","8","0","","02","8","2006","2","","","","11","0","0","0","0","0","0","0","0","","0","0","0","","","1","","0","","","","0","","8","0","0","0","2301","1","0","0","N","1","0","0","1","02301","0","","6.0","","1","N","N","","0","","0","0","0","","0","","","3","1","0","0","0","1","0","1","0","2","","","","N","","","","","","","","","",""
"2006089332","","3","0","0","0","0","0","0","0","0","1","0","","02","8","2006","6","","","","11","0","0","0","0","0","0","1","0","","0","0","0","","","1","","0","","","","0","","4","0","0","0","2301","0","0","0","N","0","0","0","5","02301","1","","1.0","","1","N","N","","0","","0","0","0","","0","","","3","1","0","0","0","0","0","1","0","3","","","","N","","","","","","","","","",""
"2006089333","","2","0","0","0","0","0","0","0","0","5","0","","02","8","2006","5","40.459781","-79.971364","","11","0","0","0","0","0","1","0","0","","0","0","0","","","0","","1","","40 27:35.212","","0","79 58:16.911","0","0","0","0","2301","0","0","0","N","0","0","0","3","02301","0","","1.0","","1","N","N","","0","","0","0","0","","2","","","3","0","0","0","0","0","0","2","1","3","","","","N","","","","","","","","","",""
"2006089334","","1","0","0","0","0","0","0","0","0","7","0","","02","8","2006","7","40.4316","-79.9588","","11","0","0","1","0","0","0","0","0","","0","0","0","","","0","","0","","40 25:53.760","","0","79 57:31.680","0","0","0","0","2301","0","0","0","N","0","0","0","1","02301","0","","4.0","","1","N","N","","0","","0","0","0","","0","","","1","0","0","0","0","0","0","2","0","1","","","","N","","","","","","","","","",""
"2006089335","","2","0","0","0","0","0","0","0","0","1","0","","02","8","2006","1","","","","11","0","0","0","0","0","0","0","0","","0","0","0","","","0","","6","","40 25:44.40","","2","79 55:57.72","0","0","0","0","2302","0","0","0","N","0","0","0","3","02301","0","","1.0","","1","N","N","","0","","0","0","0","","3","","","2","0","0","0","0","0","0","2","0","2","","","","N","","","","","","","","","",""
"2006089336","","2","0","0","0","0","0","0","0","0","2","0","","02","8","2006","7","40.4373","-79.9728","","11","0","0","1","0","0","0","0","0","","0","0","0","","","0","","0","","40 26:14.280","","3","79 58:22.080","0","0","0","0","2301","0","0","0","N","0","0","0","3","02301","0","","1.0","","9","N","N","","0","","0","0","0","","0","","","2","0","0","0","0","0","0","2","0","2","","05","","N","","","","","","","","","",""
"2006089342","","3","0","0","0","0","0","0","0","0","1","0","","02","8","2006","6","40.444722","-79.713694","","11","0","0","0","0","0","0","0","0","","0","0","0","","","1","","0","","40 26:41.000","","0","79 42:49.298","4","0","0","0","2446","0","0","0","N","0","0","0","3","02444","1","","1.0","","1","N","N","","0","","0","0","0","","0","","","3","1","0","0","0","0","0","2","0","3","","","","N","","","","","","","","","",""
"2006089343","","1","0","0","0","0","0","0","0","0","1","1","","02","8","2006","5","","","","11","0","0","1","0","0","0","0","0","9","0","1","0","","","0","","1","","","1","0","","9","0","0","0","2301","0","0","0","N","0","0","0","2","02301","0","","1.0","","1","N","N","","0","","0","0","0","","2","N","","2","0","0","0","0","0","1","1","0","2","","","","N","","","","","","","","","",""
"2006089347","","1","0","0","0","0","0","0","0","0","7","0","","02","8","2006","6","40.460833","-79.780108","","11","0","0","0","1","0","0","0","0","","0","0","0","","","0","","0","","40 27:39.000","","0","79 46:48.390","0","0","0","0","2113","0","0","0","N","0","0","0","1","02113","0","","5.0","","1","N","N","","0","","0","0","0","","0","","","1","0","0","0","0","0","0","2","0","1","","","","N","","","","","","","","","",""
"2006089360","","3","0","0","0","0","0","0","0","0","1","0","","02","7","2006","5","40.501137","-79.863018","","11","0","0","1","0","0","1","0","0","2","0","0","0","","","2","","0","","40 30:04.092","3","0","79 51:46.864","4","0","0","0","2112","0","0","0","N","0","0","0","3","02112","2","","1.0","","1","N","N","","0","","0","0","0","","0","N","","3","2","0","0","0","0","0","2","0","3","","","","N","","","","","","","","","",""
"2006089386","","1","0","0","0","0","0","0","0","0","1","0","","02","8","2006","4","40.433611","-79.742866","","11","0","0","0","0","0","0","0","0","","0","0","0","","","0","","2","","40 26:01.000","","0","79 44:34.319","0","0","0","0","2446","0","0","0","N","0","0","0","2","02446","0","","1.0","","1","N","N","","1","","0","0","0","","0","","","2","0","2","0","0","0","0","2","0","2","","","","N","","","","","","","","","",""