"CRN","ARRIVAL_TM","AUTOMOBILE_COUNT","BELTED_DEATH_COUNT","BELTED_SUSP_SERIOUS_INJ_COUNT","BICYCLE_COUNT","BICYCLE_DEATH_COUNT","BICYCLE_SUSP_SERIOUS_INJ_COUNT","BUS_COUNT","CHLDPAS_DEATH_COUNT","CHLDPAS_SUSP_SERIOUS_INJ_COUNT","COLLISION_TYPE","COMM_VEH_COUNT","CONS_ZONE_SPD_LIM","COUNTY","CRASH_MONTH","CRASH_YEAR","DAY_OF_WEEK","DEC_LATITUDE","DEC_LONGITUDE","DISPATCH_TM","DISTRICT","DRIVER_COUNT_16YR","DRIVER_COUNT_17YR","DRIVER_COUNT_18YR","DRIVER_COUNT_19YR","DRIVER_COUNT_20YR","DRIVER_COUNT_50_64YR","DRIVER_COUNT_65_74YR","DRIVER_COUNT_75PLUS","EST_HRS_CLOSED","FATAL_COUNT","HEAVY_TRUCK_COUNT","HORSE_BUGGY_COUNT","HOUR_OF_DAY","ILLUMINATION","INJURY_COUNT","INTERSECTION_RELATED","INTERSECT_TYPE","LANE_CLOSED","LATITUDE","LN_CLOSE_DIR","LOCATION_TYPE","LONGITUDE","MAX_SEVERITY_LEVEL","MCYCLE_DEATH_COUNT","MCYCLE_SUSP_SERIOUS_INJ_COUNT","MOTORCYCLE_COUNT","MUNICIPALITY","NONMOTR_COUNT","NONMOTR_DEATH_COUNT","NONMOTR_SUSP_SERIOUS_INJ_COUNT","NTFY_HIWY_MAINT","PED_COUNT","PED_DEATH_COUNT","PED_SUSP_SERIOUS_INJ_COUNT","PERSON_COUNT","POLICE_AGCY","POSSIBLE_INJ_COUNT","RDWY_SURF_TYPE_CD","RELATION_TO_ROAD","ROADWAY_CLEARED","ROAD_CONDITION","SCH_BUS_IND","SCH_ZONE_IND","SECONDARY_CRASH","SMALL_TRUCK_COUNT","SPEC_JURIS_CD","SUSP_MINOR_INJ_COUNT","SUSP_SERIOUS_INJ_COUNT","SUV_COUNT","TCD_FUNC_CD","TCD_TYPE","TFC_DETOUR_IND","TIME_OF_DAY","TOTAL_UNITS","TOT_INJ_COUNT","UNBELTED_OCC_COUNT","UNB_DEATH_COUNT","UNB_SUSP_SERIOUS_INJ_COUNT","UNK_INJ_DEG_COUNT","UNK_INJ_PER_COUNT","URBAN_RURAL","VAN_COUNT","VEHICLE_COUNT","WEATHER1","WEATHER2","WORKERS_PRES","WORK_ZONE_IND","WORK_ZONE_LOC","WORK_ZONE_TYPE","WZ_CLOSE_DETOUR","WZ_FLAGGER","WZ_LAW_OFFCR_IND","WZ_LN_CLOSURE","WZ_MOVING","WZ_OTHER","WZ_SHLDER_MDN","WZ_WORKERS_INJ_KILLED"
"2006089387","","2","0","0","0","0","0","0","0","0","1","0","","02","8","2006","6","40.445446","-79.765266","","11","0","0","0","0","0","0","0","0","1","0","0","0","","","1","","2","","40 26:43.605","2","0","79 45:54.957","8","0","0","0","2446","0","0","0","N","0","0","0","2","02446","0","","1.0","","1","N","N","","0","","0","0","0","","3","N","","2","1","0","0","0","1","0","2","0","2","","","","N","","","","","","","","","",""
"2006089388","","2","0","0","0","0","0","0","0","0","1","0","","02","8","2006","4","40.481944","-79.820804","","11","0","0","0","0","0","0","0","0","2","0","0","0","","","1","","2","","40 28:55.000","4","0","79 49:14.896","4","0","0","0","2113","0","0","0","N","0","0","0","3","02113","1","","1.0","","1","N","N","","0","","0","0","0","","3","N","","2","1","1","0","0","0","0","2","0","2","","","","N","","","","","","","","","",""
"2006089391","","0","0","0","0","0","0","0","0","0","6","1","","02","8","2006","6","40.524671","-80.070527","","11","0","0","0","0","0","0","1","0","4","0","1","0","","","0","","0","","40 31:28.814","5","0","80 04:13.896","9","0","0","0","2211","0","0","0","N","0","0","0","2","02211","0","","1.0","","1","N","N","","1","","0","0","0","","0","Y","","2","0","0","0","0","0","1","2","0","2","","","","N","","","","","","","","","",""
"2006089398","","1","0","0","0","0","0","0","0","0","7","0","","02","8","2006","4","","","","11","0","0","0","0","0","0","0","0","","0","0","0","","","0","","7","","40 26:58.20","","2","80 00:05.40","9","0","0","0","2301","0","0","0","N","0","0","0","2","02301","0","","7.0","","1","N","N","","0","","0","0","0","","2","","","1","0","0","0","0","0","1","2","0","1","","","","N","","","","","","","","","",""
"2006089399","","1","0","0","0","0","0","0","0","0","5","1","","02","8","2006","6","","","","11","0","0","0","0","0","0","0","0","","0","1","0","","","0","","0","","","","0","","0","0","0","0","2301","0","0","0","N","0","0","0","2","02301","0","","1.0","","1","N","N","","0","","0","0","0","","0","","","2","0","0","0","0","0","0","1","0","2","","","","N","","","","","","","","","",""
"2006089400","","2","0","0","0","0","0","0","0","0","4","0","","02","8","2006","6","40.453297","-79.924801","","11","0","0","0","0","0","1","0","0","","0","0","0","","","0","","1","","40 27:11.869","","0","79 55:29.283","0","0","0","0","2301","0","0","0","N","0","0","0","2","02301","0","","1.0","","1","N","N","","0","","0","0","0","","3","","","2","0","0","0","0","0","0","2","0","2","","","","N","","","","","","","","","",""
"2006089401","","1","0","0","0","0","0","0","0","0","8","0","","02","8","2006","7","","","","11","0","0","0","0","0","0","1","0","1","0","0","0","","","1","","0","","","2","0","","3","0","0","0","2301","1","0","0","N","1","0","0","2","02301","0","","1.0","","9","N","N","","0","","1","0","0","","0","Y","","2","1","1","0","0","0","0","1","0","1","","","","N","","","","","","","","","",""
"2006089402","","1","0","0","0","0","0","0","0","0","8","0","","02","8","2006","6","","","","11","0","0","0","0","0","0","0","0","","0","0","0","","","1","","3","","","","0","","4","0","0","0","2301","1","0","0","N","1","0","0","2","02301","1","","1.0","","1","N","N","","0","","0","0","0","","0","","","2","1","1","0","0","0","0","1","0","1","","","","N","","","","","","","","","",""
"2006089403","","2","0","0","0","0","0","0","0","0","4","0","","02","8","2006","6","","","","11","0","0","1","0","0","0","0","0","","0","0","0","","","0","","1","","","","0","","0","0","0","0","2301","0","0","0","N","0","0","0","3","02301","0","","1.0","","1","N","N","","1","","0","0","0","","1","","","3","0","0","0","0","0","0","1","0","3","","","","N","","","","","","","","","",""
"2006089411","","1","0","0","0","0","0","0","0","0","4","0","","02","7","2006","3","40.514362","-79.858922","","11","0","0","1","0","0","1","0","0","1","0","0","0","","","2","","2","","40 30:51.702","7","0","79 51:32.118","4","0","0","0","2112","0","0","0","N","0","0","0","2","02112","2","","1.0","","1","N","N","","0","","0","0","1","","3","Y","","2","2","0","0","0","0","0","2","0","2","","","","N","","","","","","","","","",""
"2006089422","","2","0","0","0","0","0","0","0","0","1","0","","02","8","2006","5","40.358","-80.0567","","11","0","0","0","0","0","0","0","0","","0","0","0","","","0","","0","","40 21:28.800","","0","80 03:24.120","0","0","0","0","2109","0","0","0","N","0","0","0","2","02109","0","","1.0","","1","N","N","","0","","0","0","0","","0","","","2","0","2","0","0","0","0","2","0","2","","","","N","","","","","","","","","",""
"2006089423","","1","0","0","0","0","0","0","0","0","7","0","","02","8","2006","1","40.379329","-80.063509","","11","0","0","0","0","0","0","0","0","2","0","0","0","","","1","","0","","40 22:45.584","4","0","80 03:48.632","4","0","0","0","2109","0","0","0","N","0","0","0","1","02109","1","","4.0","","1","N","N","","0","","0","0","0","","0","N","","1","1","0","0","0","0","0","2","0","1","","","","N","","","","","","","","","",""
"2006089471","","1","0","0","0","0","0","0","0","0","7","0","","02","8","2006","5","40.373737","-79.986912","","11","0","0","0","0","0","0","0","0","","0","0","0","","","0","","0","","40 22:25.453","","0","79 59:12.883","0","0","0","0","2476","0","0","0","N","0","0","0","1","02476","0","","5.0","","1","N","N","","0","","0","0","0","","0","","","1","0","0","0","0","0","0","2","0","1","","","","N","","","","","","","","","",""
"2006089511","","2","0","0","0","0","0","0","0","0","4","0","","02","8","2006","5","40.331111","-79.986773","","11","0","0","0","0","1","0","0","0","","0","0","0","","","0","","2","","40 19:52.000","","0","79 59:12.383","0","0","0","0","2219","0","0","0","N","0","0","0","2","02219","0","","1.0","","1","N","N","","0","","0","0","0","","2","","","2","0","0","0","0","0","0","2","0","2","","","","N","","","","","","","","","",""
"2006089534","","2","0","0","0","0","0","0","0","0","1","0","","02","8","2006","5","40.486667","-79.804514","","11","0","0","0","0","0","0","1","0","2","0","0","0","","","1","","0","","40 29:12.000","5","0","79 48:16.252","3","0","0","0","2113","0","0","0","","0","0","0","2","02113","0","","1.0","","1","","","","0","","1","0","0","","0","N","","2","1","0","0","0","0","0","2","0","2","","","","N","","","","","","","","","",""
"2006089535","","1","0","0","0","0","0","0","0","0","4","0","","02","8","2006","1","40.46","-79.842653","","11","0","0","0","0","0","1","1","0","2","0","0","0","","","2","","5","","40 27:36.000","4","0","79 50:33.549","3","0","0","0","2113","0","0","0","N","0","0","0","3","02113","1","","1.0","","1","N","N","","0","","1","0","1","","2","N","","2","2","0","0","0","0","0","2","0","2","","","","N","","","","","","","","","",""
"2006089536","","3","0","0","0","0","0","0","0","0","1","0","","02","8","2006","7","40.452778","-79.826006","","11","0","0","0","0","0","0","0","0","1","0","0","0","","","1","","2","","40 27:10.000","1","0","79 49:33.623","4","0","0","0","2113","0","0","0","N","0","0","0","4","02113","1","","1.0","","1","N","N","","0","","0","0","0","","3","N","","3","1","0","0","0","0","0","2","0","3","","","","N","","","","","","","","","",""
"2006089537","","2","0","0","0","0","0","0","0","0","1","0","","02","7","2006","2","40.4675","-79.825253","","11","0","0","0","0","0","1","0","0","","0","0","0","","","1","","0","","40 28:03.000","","0","79 49:30.911","4","0","0","0","2113","0","0","0","N","0","0","0","2","02113","1","","1.0","","1","N","N","","0","","0","0","0","","0","","","2","1","0","0","0","0","0","2","0","2","","","","N","","","","","","","","","",""
"2006089538","","1","0","0","0","0","0","0","0","0","7","0","","02","8","2006","4","","","","11","0","1","0","0","0","0","0","0","","0","0","0","","","0","","3","","","","0","","0","0","0","0","2113","0","0","0","N","0","0","0","4","02113","0","","5.0","","1","N","N","","0","","0","0","0","","0","","","1","0","0","0","0","0","0","1","0","1","","","","N","","","","","","","","","",""
"2006089539","","1","0","0","0","0","0","0","0","0","4","0","","02","8","2006","5","40.457757","-79.819207","","11","0","0","0","0","0","0","0","1","","0","0","0","","","0","","1","","40 27:27.925","","0","79 49:09.145","0","0","0","0","2113","0","0","0","N","0","0","0","3","02113","0","","1.0","","1","N","N","","1","","0","0","0","","3","","","2","0","0","0","0","0","0","2","0","2","","","","N","","","","","","","","","",""
"2006089541","","2","0","0","0","0","0","0","0","0","4","0","","02","8","2006","4","40.459373","-79.850669","","11","0","0","0","0","0","0","0","1","","0","0","0","","","1","","2","","40 27:33.742","","0","79 51:02.408","8","0","0","0","2113","0","0","0","N","0","0","0","3","02113","0","","1.0","","1","N","N","","0","","0","0","0","","3","","","2","1","0","0","0","1","0","2","0","2","","","","N","","","","","","","","","",""
"2006089543","","2","0","0","0","0","0","0","0","0","1","0","","02","7","2006","1","","","","11","0","0","0","0","0","1","0","0","1","0","0","0","","","2","","1","","","1","0","","8","0","0","0","2446","0","0","0","N","0","0","0","3","02446","0","","1.0","","1","N","N","","0","","0","0","0","","2","N","","2","2","0","0","0","2","1","1","0","2","","","","N","","","","","","","","","",""
"2006089544","","1","0","0","0","0","0","0","0","0","4","0","","02","8","2006","6","40.4376","-79.7777","","11","0","0","0","0","0","1","0","0","","0","0","0","","","1","","2","","40 26:15.360","","0","79 46:39.720","8","0","0","0","2446","0","0","0","N","0","0","0","2","02446","0","","1.0","","1","N","N","","0","","0","0","1","","2","","","2","1","0","0","0","1","0","2","0","2","","","","N","","","","","","","","","",""
"2006089562","","2","0","0","0","0","0","0","0","0","0","0","","02","8","2006","4","40.349679","-79.885589","","11","0","0","0","0","0","0","0","1","","0","0","0","","","2","","0","","40 20:58.843","","0","79 53:08.120","8","0","0","0","2448","0","0","0","N","0","0","0","3","02448","0","","1.0","","1","N","N","","0","","0","0","0","","0","","","2","2","0","0","0","2","0","2","0","2","","","","N","","","","","","","","","",""
"2006089592","","2","0","0","0","0","0","0","0","0","4","0","","02","8","2006","6","40.522068","-80.217554","","11","0","0","0","1","0","0","0","0","","0","0","0","","","0","","2","","40 31:19.444","","0","80 13:03.194","0","0","0","0","2213","0","0","0","N","0","0","0","2","02213","0","","1.0","","1","N","N","","0","","0","0","0","","3","","","2","0","2","0","0","0","0","2","0","2","","","","N","","","","","","","","","",""
"2006089593","","2","0","0","0","0","0","0","0","0","1","0","","02","8","2006","2","40.511944","-80.214728","","11","0","0","1","0","0","1","0","0","","0","0","0","","","2","","0","","40 30:43.000","","0","80 12:53.021","4","0","0","0","2213","0","0","0","N","0","0","0","3","02213","2","","1.0","","1","N","N","","1","","0","0","0","","0","","","3","2","1","0","0","0","0","2","0","3","","","","N","","","","","","","","","",""
"2006089594","","1","0","0","0","0","0","0","0","0","1","0","","02","8","2006","5","40.523056","-80.177531","","11","0","0","0","0","0","0","0","0","","0","0","0","","","1","","2","","40 31:23.000","","1","80 10:39.111","4","0","0","0","2213","0","0","0","N","0","0","0","2","02213","1","","1.0","","1","N","N","","0","","0","0","1","","3","","","2","1","0","0","0","0","0","2","0","2","","","","N","","","","","","","","","",""
"2006089595","","2","0","0","0","0","0","0","0","0","4","0","","02","8","2006","6","40.330588","-80.030568","","11","0","0","0","0","0","1","0","0","1","0","0","0","","","1","","0","","40 19:50.116","1","0","80 01:50.044","4","0","0","0","2407","0","0","0","N","0","0","0","1","02407","1","","4.0","","1","N","N","","0","","0","0","1","","0","N","","3","1","0","0","0","0","0","2","0","3","","","","N","","","","","","","","","",""
"2006089613","","1","0","0","0","0","0","0","0","0","4","0","","02","8","2006","6","40.480092","-80.041076","","11","0","0","0","0","0","0","0","1","1","0","0","0","","","1","","1","","40 28:48.331","7","0","80 02:27.873","4","0","0","0","2301","0","0","0","N","0","0","0","2","02301","1","","1.0","","1","N","N","","0","","0","0","0","","2","N","","2","1","0","0","0","0","0","2","1","2","","","","N","","","","","","","","","",""
"2006089614","","1","0","0","0","0","0","0","0","0","4","0","","02","8","2006","6","","","","11","0","0","0","0","0","0","0","1","","0","0","0","","","0","","1","","","","0","","9","0","0","0","2301","0","0","0","N","0","0","0","2","02301","0","","1.0","","1","N","N","","0","","0","0","0","","0","","","2","0","0","0","0","0","1","1","0","2","","","","N","","","","","","","","","",""
"2006089619","","0","0","0","0","0","0","0","0","0","0","0","","02","8","2006","4","40.453889","-79.912355","","11","0","0","0","0","0","0","0","0","","0","0","0","","","1","","1","","40 27:14.000","","0","79 54:44.478","4","0","0","1","2301","0","0","0","N","0","0","0","1","02301","1","","1.0","","1","N","N","","0","","0","0","0","","2","","","2","1","0","0","0","0","0","2","0","1","","","","N","","","","","","","","","",""
"2006089625","","0","0","0","0","0","0","0","0","0","0","0","","02","8","2006","3","40.466111","-79.826009","","11","0","0","0","0","0","0","0","0","","0","0","0","","","1","","2","","40 27:58.000","","0","79 49:33.632","2","0","1","1","2113","0","0","0","N","0","0","0","1","02113","0","","1.0","","1","N","N","","0","","0","1","0","","2","","","1","1","0","0","0","0","0","2","0","1","","","","N","","","","","","","","","",""
"2006089630","","1","0","0","0","0","0","0","0","0","4","0","","02","9","2006","6","40.477978","-79.750229","","11","0","0","0","0","0","1","0","0","","0","0","0","","","1","","2","","40 28:40.719","","0","79 45:00.826","4","0","0","0","2466","0","0","0","N","0","0","0","4","02466","1","","1.0","","9","N","N","","0","","0","0","1","","0","","","2","1","0","0","0","0","0","2","0","2","","","","N","","","","","","","","","",""
"2006089637","","1","0","0","0","0","0","0","0","0","0","0","","02","9","2006","6","40.6554","-79.9353","","11","0","0","0","0","0","1","0","0","1","0","0","0","","","0","","0","","40 39:19.440","1","0","79 56:07.080","0","0","0","0","2217","0","0","0","N","0","0","0","2","02505","0","","4.0","","1","N","N","","0","","0","0","1","","0","Y","","2","0","0","0","0","0","0","2","0","2","","","","N","","","","","","","","","",""
"2006089638","","0","0","0","0","0","0","0","0","0","1","0","","02","8","2006","4","40.3984","-80.0831","","11","0","0","0","0","0","0","0","0","1","0","0","0","","","1","","0","","40 23:54.240","2","0","80 04:59.160","8","0","0","0","2117","0","0","0","N","0","0","0","2","02117","0","","1.0","","1","N","N","","1","","0","0","1","","0","N","","2","1","0","0","0","1","0","2","0","2","","","","N","","","","","","","","","",""
"2006089639","","0","0","0","0","0","0","0","0","0","7","0","","02","9","2006","6","","","","11","0","1","0","0","0","0","0","0","2","0","0","0","","","1","","0","","","3","0","","8","0","0","0","2419","0","0","0","N","0","0","0","2","02419","0","","5.0","","9","N","N","","0","","0","0","1","","0","N","","1","1","0","0","0","1","0","1","0","1","","","","N","","","","","","","","","",""
"2006089643","","0","0","0","0","0","0","0","0","0","2","0","","02","8","2006","1","40.319167","-80.117595","","11","0","1","0","0","0","1","0","0","","0","0","0","","","0","","1","","40 19:09.000","","0","80 07:03.342","0","0","0","0","2119","0","0","0","","0","0","0","5","02119","0","","1.0","","1","","","","0","","0","0","2","","2","","","2","0","0","0","0","0","0","2","0","2","","","","N","","","","","","","","","",""
"2006089644","","0","0","0","0","0","0","0","0","0","4","0","","02","8","2006","2","40.3454","-80.1547","","11","0","1","0","0","0","0","0","0","","0","0","0","","","1","","1","","40 20:43.440","","0","80 09:16.920","8","0","0","0","2119","0","0","0","N","0","0","0","2","02119","0","","1.0","","1","N","N","","1","","0","0","1","","0","","","2","1","0","0","0","1","0","2","0","2","","","","N","","","","","","","","","",""
"2006089645","","1","0","0","0","0","0","0","0","0","4","0","","02","8","2006","2","40.391249","-79.989263","","11","0","0","1","0","0","0","0","0","","0","0","0","","","1","","0","","40 23:28.496","","0","79 59:21.346","8","0","0","1","2301","0","0","0","N","0","0","0","2","02301","0","","1.0","","1","N","N","","0","","0","0","0","","0","","","2","1","0","0","0","1","0","2","0","2","","","","N","","","","","","","","","",""
"2006089699","","2","0","0","0","0","0","0","0","0","1","0","","02","8","2006","3","40.434167","-79.747711","","11","0","0","0","1","0","0","0","0","1","0","0","0","","","2","","0","","40 26:03.000","4","0","79 44:51.761","4","0","0","0","2446","0","0","0","N","0","0","0","2","02446","2","","1.0","","1","N","N","","0","","0","0","0","","0","N","","2","2","0","0","0","0","0","2","0","2","","","","N","","","","","","","","","",""
"2006089702","","1","0","0","0","0","0","0","0","0","5","1","","02","9","2006","6","40.270278","-79.884774","","11","0","0","0","1","0","0","0","0","","0","1","0","","","0","","0","","40 16:13.000","","0","79 53:05.185","0","0","0","0","2428","0","0","0","N","0","0","0","2","02428","0","","1.0","","9","N","N","","0","","0","0","0","","0","","","2","0","0","0","0","0","0","1","0","2","","","","N","","","","","","","","","",""
"2006089707","","3","0","0","0","0","0","0","0","0","1","0","","02","8","2006","6","40.475","-80.040101","","11","0","0","0","0","0","0","0","0","1","0","0","0","","","2","","0","","40 28:30.000","1","0","80 02:24.363","8","0","0","0","2301","0","0","0","N","0","0","0","8","02301","0","","1.0","","1","N","N","","0","","0","0","1","","0","N","","4","2","3","0","0","2","0","2","0","4","","","","N","","","","","","","","","",""
"2006089721","","0","0","0","0","0","0","0","0","0","8","0","","02","8","2006","5","40.4607","-79.9228","","11","0","0","0","0","0","0","0","0","","0","0","0","","","1","","3","","40 27:38.520","","0","79 55:22.080","8","0","0","0","2301","1","0","0","N","1","0","0","2","02301","0","","1.0","","1","N","N","","1","","0","0","0","","2","","","2","1","0","0","0","1","0","2","0","1","","","","N","","","","","","","","","",""
"2006089729","","0","0","0","0","0","0","0","0","0","1","0","","02","8","2006","6","40.5579","-80.2047","","11","0","0","0","0","0","0","0","0","","0","0","0","","","1","","0","","40 33:28.440","","0","80 12:16.920","8","0","0","0","2441","0","0","0","N","0","0","0","3","02441","0","","1.0","","1","N","N","","1","","0","0","1","","0","","","2","1","0","0","0","1","0","2","0","2","","","","N","","","","","","","","","",""
"2006089733","","1","0","0","0","0","0","0","0","0","7","0","","02","8","2006","1","","","","11","0","0","1","0","0","0","0","0","","0","0","0","","","3","","0","","","","0","","8","0","0","0","2214","0","0","0","N","0","0","0","5","02214","0","","4.0","","1","N","N","","0","","0","0","0","","2","","","1","3","0","0","0","3","0","1","0","1","","","","N","","","","","","","","","",""
"2006089755","","1","0","0","0","0","0","0","0","0","7","0","","02","8","2006","6","40.442846","-79.787906","","11","0","0","0","0","0","0","0","0","","0","0","0","","","1","","0","","40 26:34.246","","0","79 47:16.461","8","0","0","0","2446","0","0","0","N","0","0","0","1","02446","0","","2.0","","1","N","N","","0","","0","0","0","","0","","","1","1","0","0","0","1","0","2","0","1","","","","N","","","","","","","","","",""
"2006089756","","1","0","0","0","0","0","0","0","0","7","0","","02","8","2006","7","","","","11","0","0","0","0","0","1","0","0","","0","0","0","","","1","","0","","","","0","","4","0","0","0","2446","0","0","0","N","0","0","0","1","02446","1","","5.0","","1","N","N","","0","","0","0","0","","0","","","1","1","0","0","0","0","0","1","0","1","","","","N","","","","","","","","","",""
"2006089759","","1","0","0","0","0","0","0","0","0","4","0","","02","8","2006","5","","","","11","0","0","0","0","0","0","0","0","","0","0","0","","","2","","2","","","","0","","8","0","0","0","2446","0","0","0","N","0","0","0","3","02446","0","","1.0","","1","N","N","","0","","0","0","0","","3","","","2","2","0","0","0","2","0","1","1","2","","","","N","","","","","","","","","",""
"2006089764","","2","0","0","0","0","0","0","0","0","6","0","","02","9","2006","6","40.52874","-79.854255","","11","0","0","0","0","0","0","0","0","","0","0","0","","","0","","0","","40 31:43.464","","0","79 51:15.318","0","0","0","0","2208","0","0","0","N","0","0","0","1","02208","0","","1.0","","9","N","N","","0","","0","0","0","","0","","","2","0","0","0","0","0","0","2","0","2","","","","N","","","","","","","","","",""
"2006089765","","1","0","0","0","0","0","0","0","0","7","0","","02","9","2006","6","40.522745","-79.784563","","11","1","0","0","0","0","0","0","0","","0","0","0","","","0","","2","","40 31:21.882","","0","79 47:04.426","0","0","0","0","2466","0","0","0","N","0","0","0","1","02466","0","","5.0","","9","N","N","","0","","0","0","0","","3","","","1","0","0","0","0","0","0","2","0","1","","","","N","","","","","","","","","",""
"2006089770","","1","0","0","0","0","0","0","0","0","7","0","","02","8","2006","2","40.3866","-80.0924","","11","0","0","0","0","0","0","0","0","","0","0","0","","","0","","0","","40 23:11.760","","0","80 05:32.640","0","0","0","0","2117","0","0","0","N","0","0","0","1","02117","0","","2.0","","9","N","N","","0","","0","0","0","","0","","","1","0","0","0","0","0","0","2","0","1","","","","N","","","","","","","","","",""
"2006089779","","2","0","0","0","0","0","0","0","0","1","0","","02","8","2006","1","40.5422","-80.0131","","11","0","0","0","0","0","0","0","0","","0","0","0","","","1","","0","","40 32:31.920","","0","80 00:47.160","4","0","0","0","2116","0","0","0","N","0","0","0","2","02116","1","","1.0","","1","N","N","","0","","0","0","0","","0","","","2","1","0","0","0","0","0","2","0","2","","","","N","","","","","","","","","",""
"2006089782","","1","0","0","0","0","0","0","0","0","4","0","90","02","8","2006","3","40.427222","-80.041533","","11","0","0","0","0","0","0","0","0","1","0","0","0","","","0","","0","","40 25:38.000","2","0","80 02:29.519","0","0","0","0","2435","0","0","0","N","0","0","0","3","02435","0","","1.0","","1","N","N","","1","","0","0","0","","7","N","","2","0","1","0","0","0","0","2","0","2","","","Y","Y","2","8","","Y","Y","Y","Y","","",""
"2006089788","","1","0","0","0","0","0","0","0","0","4","0","","02","9","2006","7","40.593889","-79.976521","","11","0","0","1","0","0","1","0","0","1","0","0","0","","","0","","0","","40 35:38.000","3","0","79 58:35.476","0","0","0","0","2207","0","0","0","N","0","0","0","3","02207","0","","1.0","","9","N","N","","1","","0","0","0","","0","Y","","2","0","0","0","0","0","0","1","0","2","","","","N","","","","","","","","","",""
"2006089791","","1","0","0","0","0","0","0","0","0","7","0","","02","9","2006","7","40.331387","-79.95237","","11","0","0","1","0","0","0","0","0","2","0","0","0","","","1","","0","","40 19:52.993","5","0","79 57:08.532","4","0","0","0","2454","0","0","0","N","0","0","0","1","02454","1","","5.0","","1","N","N","","0","","0","0","0","","0","Y","","1","1","0","0","0","0","0","2","0","1","","","","N","","","","","","","","","",""
"2006089800","","2","0","0","0","0","0","0","0","0","5","0","","02","9","2006","7","40.4927","-80.0622","","11","0","0","0","0","1","0","0","0","1","0","0","0","","","0","","0","","40 29:33.720","1","0","80 03:43.920","0","0","0","0","2404","0","0","0","N","0","0","0","2","02404","0","","1.0","","1","N","N","","0","","0","0","0","","0","N","","2","0","0","0","0","0","0","2","0","2","","","","N","","","","","","","","","",""
"2006089822","","2","0","0","0","0","0","0","0","0","4","0","","02","9","2006","6","40.663889","-79.93431","","11","0","0","0","0","0","1","0","1","","0","0","0","","","0","","1","","40 39:50.000","","0","79 56:03.516","0","0","0","0","2217","0","0","0","N","0","0","0","2","02505","0","","1.0","","1","N","N","","0","","0","0","0","","2","","","2","0","0","0","0","0","0","1","0","2","","","","N","","","","","","","","","",""
"2006089824","","3","0","0","0","0","0","0","0","0","1","0","","02","8","2006","6","40.576796","-79.778288","","11","0","1","1","0","0","0","0","0","","0","0","0","","","0","","10","","40 34:36.467","","0","79 46:41.836","0","0","0","0","2104","0","0","0","N","0","0","0","4","02104","0","","1.0","","1","N","N","","0","","0","0","0","","2","","","3","0","2","0","0","0","0","2","0","3","","","","N","","","","","","","","","",""
"2006089833","","1","0","0","0","0","0","0","0","0","4","0","","02","9","2006","7","40.362222","-79.826135","","11","1","0","0","0","0","0","0","0","1","0","0","0","","","1","","1","","40 21:44.000","1","0","79 49:34.085","4","0","0","0","2111","0","0","0","N","0","0","0","4","02111","1","","1.0","","9","N","N","","1","","0","0","0","","2","N","","2","1","0","0","0","0","0","2","0","2","","","","N","","","","","","","","","",""
"2006089845","","2","0","0","0","0","0","0","0","0","4","0","","02","9","2006","6","40.3865","-80.0923","","11","0","0","0","0","0","0","1","1","2","0","0","0","","","1","","0","","40 23:11.400","2","7","80 05:32.280","8","0","0","0","2102","0","0","0","N","0","0","0","3","02102","0","","1.0","","1","N","N","","1","","0","0","0","","2","N","","3","1","0","0","0","1","0","2","0","3","","","","N","","","","","","","","","",""
"2006089847","","2","0","0","0","0","0","0","0","0","1","0","","02","9","2006","7","40.3405","-79.9672","","11","0","0","0","0","0","0","0","0","2","0","0","0","","","0","","0","","40 20:25.800","4","0","79 58:01.920","0","0","0","0","2454","0","0","0","N","0","0","0","2","02454","0","","1.0","","9","N","N","","0","","0","0","0","","0","N","","2","0","0","0","0","0","0","2","0","2","","","","N","","","","","","","","","",""
"2006089851","","1","0","0","0","0","0","0","0","0","7","0","","02","9","2006","1","40.521527","-79.958712","","11","0","0","0","0","0","0","0","1","","0","0","0","","","1","","2","","40 31:17.497","","0","79 57:31.363","4","0","0","0","2118","0","0","0","N","0","0","0","1","02118","1","","5.0","","1","N","N","","0","","0","0","0","","0","","","1","1","1","0","0","0","0","2","0","1","","","","N","","","","","","","","","",""
"2006089856","","1","0","0","0","0","0","0","0","0","5","1","","02","9","2006","6","40.498333","-79.979063","","11","0","0","0","0","0","1","0","0","1","0","1","0","","","0","","0","","40 29:54.000","1","0","79 58:44.627","0","0","0","0","2116","0","0","0","N","0","0","0","2","02116","0","","1.0","","9","N","N","","0","","0","0","0","","0","N","","2","0","0","0","0","0","0","2","0","2","","","","N","","","","","","","","","",""
"2006089861","","2","0","0","0","0","0","0","0","0","2","0","","02","9","2006","7","40.660556","-79.983659","","11","0","0","0","0","0","1","0","0","1","0","0","0","","","1","","2","","40 39:38.000","4","0","79 59:01.171","4","0","0","0","2217","0","0","0","N","0","0","0","2","02505","1","","1.0","","9","N","N","","0","","0","0","0","","0","N","","2","1","0","0","0","0","0","1","0","2","","","","N","","","","","","","","","",""
"2006089871","","2","0","0","0","0","0","0","0","0","5","0","","02","9","2006","1","40.3698","-79.7843","","11","0","0","0","0","0","1","0","0","","0","0","0","","","0","","0","","40 22:11.280","","0","79 47:03.480","0","0","0","0","2111","0","0","0","N","0","0","0","3","02111","0","","4.0","","1","N","N","","0","","0","0","0","","0","","","2","0","3","0","0","0","0","2","0","2","","","","N","","","","","","","","","",""