"CRN","ARRIVAL_TM","AUTOMOBILE_COUNT","BELTED_DEATH_COUNT","BELTED_SUSP_SERIOUS_INJ_COUNT","BICYCLE_COUNT","BICYCLE_DEATH_COUNT","BICYCLE_SUSP_SERIOUS_INJ_COUNT","BUS_COUNT","CHLDPAS_DEATH_COUNT","CHLDPAS_SUSP_SERIOUS_INJ_COUNT","COLLISION_TYPE","COMM_VEH_COUNT","CONS_ZONE_SPD_LIM","COUNTY","CRASH_MONTH","CRASH_YEAR","DAY_OF_WEEK","DEC_LATITUDE","DEC_LONGITUDE","DISPATCH_TM","DISTRICT","DRIVER_COUNT_16YR","DRIVER_COUNT_17YR","DRIVER_COUNT_18YR","DRIVER_COUNT_19YR","DRIVER_COUNT_20YR","DRIVER_COUNT_50_64YR","DRIVER_COUNT_65_74YR","DRIVER_COUNT_75PLUS","EST_HRS_CLOSED","FATAL_COUNT","HEAVY_TRUCK_COUNT","HORSE_BUGGY_COUNT","HOUR_OF_DAY","ILLUMINATION","INJURY_COUNT","INTERSECTION_RELATED","INTERSECT_TYPE","LANE_CLOSED","LATITUDE","LN_CLOSE_DIR","LOCATION_TYPE","LONGITUDE","MAX_SEVERITY_LEVEL","MCYCLE_DEATH_COUNT","MCYCLE_SUSP_SERIOUS_INJ_COUNT","MOTORCYCLE_COUNT","MUNICIPALITY","NONMOTR_COUNT","NONMOTR_DEATH_COUNT","NONMOTR_SUSP_SERIOUS_INJ_COUNT","NTFY_HIWY_MAINT","PED_COUNT","PED_DEATH_COUNT","PED_SUSP_SERIOUS_INJ_COUNT","PERSON_COUNT","POLICE_AGCY","POSSIBLE_INJ_COUNT","RDWY_SURF_TYPE_CD","RELATION_TO_ROAD","ROADWAY_CLEARED","ROAD_CONDITION","SCH_BUS_IND","SCH_ZONE_IND","SECONDARY_CRASH","SMALL_TRUCK_COUNT","SPEC_JURIS_CD","SUSP_MINOR_INJ_COUNT","SUSP_SERIOUS_INJ_COUNT","SUV_COUNT","TCD_FUNC_CD","TCD_TYPE","TFC_DETOUR_IND","TIME_OF_DAY","TOTAL_UNITS","TOT_INJ_COUNT","UNBELTED_OCC_COUNT","UNB_DEATH_COUNT","UNB_SUSP_SERIOUS_INJ_COUNT","UNK_INJ_DEG_COUNT","UNK_INJ_PER_COUNT","URBAN_RURAL","VAN_COUNT","VEHICLE_COUNT","WEATHER1","WEATHER2","WORKERS_PRES","WORK_ZONE_IND","WORK_ZONE_LOC","WORK_ZONE_TYPE","WZ_CLOSE_DETOUR","WZ_FLAGGER","WZ_LAW_OFFCR_IND","WZ_LN_CLOSURE","WZ_MOVING","WZ_OTHER","WZ_SHLDER_MDN","WZ_WORKERS_INJ_KILLED"
"2006090459","","2","0","0","0","0","0","0","0","0","1","0","","02","8","2006","4","40.5379","-80.2","","11","0","0","0","0","0","1","0","0","2","0","0","0","","","0","","2","","40 32:16.440","1","0","80 12:00.000","9","0","0","0","2213","0","0","0","N","0","0","0","3","02213","0","","1.0","","1","N","N","","0","","0","0","1","","2","N","","3","0","0","0","0","0","1","2","0","3","","","","N","","","","","","","","","",""
"2006090460","","1","0","0","0","0","0","0","0","0","4","0","","02","8","2006","4","40.347444","-80.056192","","11","0","0","0","0","0","0","0","0","1","0","0","0","","","2","","0","","40 20:50.798","4","0","80 03:22.291","4","0","0","0","2407","0","0","0","N","0","0","0","2","02407","2","","1.0","","1","N","N","","0","","0","0","1","","8","N","","2","2","0","0","0","0","0","2","0","2","","","","N","","","","","","","","","",""
"2006090461","","2","0","0","0","0","0","0","0","0","4","0","","02","9","2006","6","","","","11","0","0","0","0","0","0","0","0","","0","0","0","","","0","","0","","","","0","","9","0","0","0","2426","0","0","0","N","0","0","0","3","02426","0","","6.0","","9","N","N","","0","","0","0","0","","0","","","2","0","1","0","0","0","1","1","0","2","","","","N","","","","","","","","","",""
"2006090506","","1","0","0","0","0","0","0","0","0","4","0","","02","8","2006","3","40.413405","-80.009829","","11","0","0","0","0","0","0","0","0","","0","0","0","","","1","","1","","40 24:48.257","","0","80 00:35.385","4","0","0","1","2301","0","0","0","N","0","0","0","2","02301","1","","1.0","","1","N","N","","0","","0","0","0","","2","","","2","1","0","0","0","0","1","2","0","2","","","","N","","","","","","","","","",""
"2006090528","","1","0","0","0","0","0","0","0","0","0","0","","02","8","2006","2","40.445214","-79.930286","","11","0","0","0","0","0","0","0","0","","0","0","0","","","0","","1","","40 26:42.770","","0","79 55:49.031","0","0","0","0","2301","0","0","0","N","0","0","0","1","02301","0","","1.0","","1","N","N","","0","","0","0","0","","0","","","1","0","0","0","0","0","0","2","0","1","","","","N","","","","","","","","","",""
"2006090529","","0","0","0","0","0","0","0","0","0","7","0","","02","8","2006","2","40.45","-79.903709","","11","0","0","0","0","0","0","0","0","","0","0","0","","","0","","1","","40 27:00.000","","0","79 54:13.353","0","0","0","0","2301","0","0","0","N","0","0","0","1","02301","0","","4.0","","1","N","N","","0","","0","0","0","","2","","","1","0","0","0","0","0","0","2","1","1","","","","N","","","","","","","","","",""
"2006090536","","2","0","0","0","0","0","0","0","0","4","0","","02","8","2006","4","40.484722","-79.817893","","11","0","0","0","0","1","0","0","0","2","0","0","0","","","4","","1","","40 29:05.000","1","0","79 49:04.415","8","0","0","0","2113","0","0","0","N","0","0","0","6","02113","0","","1.0","","9","N","N","","0","","0","0","0","","2","Y","","2","4","3","0","0","4","0","2","0","2","","","","N","","","","","","","","","",""
"2006090538","","2","0","0","0","0","0","0","0","0","4","0","","02","8","2006","6","40.438611","-79.765312","","11","0","0","0","1","0","0","0","0","","0","0","0","","","1","","0","","40 26:19.000","","0","79 45:55.124","8","0","0","0","2446","0","0","0","N","0","0","0","4","02446","0","","1.0","","1","N","N","","0","","0","0","0","","0","","","2","1","1","0","0","1","0","2","0","2","","","","N","","","","","","","","","",""
"2006090539","","0","0","0","0","0","0","0","0","0","7","0","","02","8","2006","5","40.430278","-79.712256","","11","0","0","0","0","0","1","0","0","","0","0","0","","","1","","0","","40 25:49.000","","0","79 42:44.122","4","0","0","1","2446","0","0","0","N","0","0","0","1","02446","1","","3.0","","1","N","N","","0","","0","0","0","","0","","","1","1","0","0","0","0","0","2","0","1","","","","N","","","","","","","","","",""
"2006090545","","0","0","0","0","0","0","0","0","0","7","0","","02","9","2006","6","40.494722","-80.317006","","11","0","0","0","0","0","0","0","0","","0","0","0","","","0","","0","","40 29:41.000","","0","80 19:01.222","0","0","0","0","2203","0","0","0","Y","0","0","0","1","02203","0","","5.0","","9","N","N","","1","","0","0","0","","0","","","1","0","0","0","0","0","0","1","0","1","","","","N","","","","","","","","","",""
"2006090546","","1","0","0","0","0","0","0","0","0","7","0","","02","9","2006","1","","","","11","0","0","0","0","0","0","0","0","1","0","0","0","","","0","","0","","","6","0","","0","0","0","0","2212","0","0","0","N","0","0","0","1","02505","0","","2.0","","9","N","N","","0","","0","0","0","","0","N","","1","0","0","0","0","0","0","1","0","1","","","","N","","","","","","","","","",""
"2006090550","","1","0","0","0","0","0","0","0","0","4","0","","02","8","2006","4","40.437629","-79.984229","","11","0","0","0","0","0","0","0","0","","0","0","0","","","2","","1","","40 26:15.464","","0","79 59:03.224","4","0","0","0","2301","0","0","0","N","0","0","0","3","02301","1","","1.0","","1","N","N","","1","","0","0","0","","2","","","2","2","0","0","0","1","0","2","0","2","","","","N","","","","","","","","","",""
"2006090551","","1","0","0","0","0","0","0","0","0","0","0","","02","8","2006","5","40.438076","-79.985056","","11","0","0","0","0","1","0","0","0","","0","0","0","","","1","","0","","40 26:17.073","","0","79 59:06.201","4","0","0","0","2301","0","0","0","N","0","0","0","3","02301","1","","5.0","","1","N","N","","0","","0","0","0","","0","","","1","1","3","0","0","0","0","2","0","1","","","","N","","","","","","","","","",""
"2006090552","","1","0","0","0","0","0","0","0","0","1","0","","02","8","2006","2","40.425833","-80.019893","","11","0","0","0","0","0","1","0","0","","0","0","0","","","1","","1","","40 25:33.000","","0","80 01:11.613","4","0","0","0","2301","0","0","0","N","0","0","0","2","02301","1","","1.0","","9","N","N","","1","","0","0","0","","2","","","2","1","0","0","0","0","0","2","0","2","","","","N","","","","","","","","","",""
"2006090553","","0","0","0","0","0","0","0","0","0","1","0","","02","8","2006","7","40.457157","-79.888006","","11","0","0","0","0","0","0","0","0","2","0","0","0","","","0","","0","","40 27:25.765","5","0","79 53:16.821","0","0","0","0","2301","0","0","0","N","0","0","0","3","02301","0","","1.0","","1","N","N","","0","","0","0","2","","0","Y","","2","0","0","0","0","0","0","2","0","2","","","","N","","","","","","","","","",""
"2006090554","","2","0","0","0","0","0","0","0","0","5","0","","02","8","2006","6","40.476536","-80.008949","","11","0","0","0","0","0","0","0","0","","0","0","0","","","0","","0","","40 28:35.529","","0","80 00:32.216","0","0","0","0","2301","0","0","0","N","0","0","0","4","02301","0","","1.0","","1","N","N","","0","","0","0","0","","0","","","2","0","0","0","0","0","0","2","0","2","","","","N","","","","","","","","","",""
"2006090555","","0","0","0","0","0","0","0","0","0","1","0","","02","8","2006","4","40.3936","-79.9974","","11","0","0","1","0","0","0","0","0","","0","0","0","","","0","","0","","40 23:36.960","","0","79 59:50.640","9","0","0","0","2301","0","0","0","N","0","0","0","3","02301","0","","1.0","","1","N","N","","0","","0","0","1","","0","","","2","0","1","0","0","0","1","2","0","2","","","","N","","","","","","","","","",""
"2006090556","","1","0","0","0","0","0","0","0","0","2","0","","02","8","2006","6","40.478813","-79.928926","","11","0","0","0","0","0","0","0","0","","0","0","0","","","1","","0","","40 28:43.726","","0","79 55:44.133","3","0","0","1","2301","0","0","0","N","0","0","0","1","02301","0","","6.0","","1","N","N","","0","","1","0","0","","0","","","2","1","0","0","0","0","0","2","0","2","","","","N","","","","","","","","","",""
"2006090557","","2","0","0","0","0","0","0","0","0","1","0","","02","8","2006","5","40.4191","-79.9572","","11","0","0","1","0","0","0","0","0","","0","0","0","","","2","","0","","40 25:08.760","","0","79 57:25.920","4","0","0","0","2301","0","0","0","N","0","0","0","9","02301","2","","1.0","","1","N","N","","0","","0","0","0","","0","","","2","2","0","0","0","0","0","2","0","2","","","","N","","","","","","","","","",""
"2006090558","","0","0","0","0","0","0","0","0","0","8","0","","02","8","2006","6","40.428056","-79.970864","","11","0","0","0","0","0","0","0","0","1","0","0","0","","","1","","1","","40 25:41.000","2","0","79 58:15.110","8","0","0","0","2301","1","0","0","N","1","0","0","2","02301","0","","1.0","","1","N","N","","0","","0","0","1","","1","Y","","2","1","0","0","0","1","0","2","0","1","","","","N","","","","","","","","","",""
"2006090559","","3","0","0","0","0","0","0","0","0","1","0","","02","8","2006","6","40.454968","-80.049925","","11","0","0","0","0","0","0","0","0","","0","0","0","","","1","","2","","40 27:17.884","","0","80 02:59.730","8","0","0","0","2301","0","0","0","N","0","0","0","1","02301","0","","1.0","","1","N","N","","0","","0","0","0","","0","","","3","1","1","0","0","1","0","2","0","3","","","","N","","","","","","","","","",""
"2006090560","","2","0","0","0","0","0","0","0","0","4","0","","02","8","2006","4","40.429167","-79.999132","","11","0","0","0","0","0","0","0","0","","0","0","0","","","0","","1","","40 25:45.000","","0","79 59:56.876","0","0","0","0","2301","0","0","0","N","0","0","0","3","02301","0","","1.0","","1","N","N","","0","","0","0","0","","0","","","2","0","0","0","0","0","0","2","0","2","","","","N","","","","","","","","","",""
"2006090561","","0","0","0","0","0","0","0","0","0","4","0","","02","8","2006","7","40.428611","-79.988396","","11","0","0","0","0","0","1","0","0","1","0","0","0","","","0","","1","","40 25:43.000","1","0","79 59:18.225","0","0","0","0","2301","0","0","0","N","0","0","0","7","02301","0","","1.0","","1","N","N","","0","","0","0","1","","2","N","","2","0","0","0","0","0","0","2","1","2","","","","N","","","","","","","","","",""
"2006090562","","1","0","0","0","0","0","0","0","0","4","0","","02","8","2006","2","40.449756","-79.98446","","11","0","0","0","0","0","0","1","0","","0","0","0","","","1","","0","","40 26:59.121","","0","79 59:04.056","4","0","0","1","2301","0","0","0","N","0","0","0","4","02301","1","","1.0","","1","N","N","","0","","0","0","0","","0","","","2","1","0","0","0","0","0","2","0","2","","","","N","","","","","","","","","",""
"2006090563","","2","0","0","0","0","0","0","0","0","4","0","","02","8","2006","5","","","","11","0","0","0","0","0","0","0","0","","0","0","0","","","0","","0","","","","0","","0","0","0","0","2301","0","0","0","N","0","0","0","2","02301","0","","1.0","","1","N","N","","0","","0","0","0","","0","","","2","0","0","0","0","0","0","1","0","2","","","","N","","","","","","","","","",""
"2006090564","","2","0","0","0","0","0","0","0","0","1","0","","02","8","2006","6","40.429167","-79.99928","","11","0","0","1","0","0","0","0","0","","0","0","0","","","0","","2","","40 25:45.000","","0","79 59:57.407","0","0","0","0","2301","0","0","0","N","0","0","0","5","02301","0","","1.0","","1","N","N","","0","","0","0","0","","2","","","2","0","1","0","0","0","0","2","0","2","","","","N","","","","","","","","","",""
"2006090567","","1","0","0","0","0","0","0","0","0","7","0","","02","8","2006","7","40.441883","-79.994348","","11","0","0","0","0","0","0","0","0","1","0","0","0","","","0","","1","","40 26:30.780","1","1","79 59:39.652","0","0","0","0","2301","0","0","0","N","0","0","0","4","02301","0","","5.0","","1","N","N","","0","","0","0","0","","3","N","","1","0","0","0","0","0","0","2","0","1","","","","N","","","","","","","","","",""
"2006090568","","1","0","0","0","0","0","0","0","0","7","0","","02","8","2006","3","40.414228","-79.995858","","11","0","0","0","0","0","0","0","0","","0","0","0","","","0","","0","","40 24:51.220","","0","79 59:45.088","9","0","0","0","2301","0","0","0","N","0","0","0","1","02301","0","","9.0","","9","N","N","","0","","0","0","0","","0","","","1","0","0","0","0","0","1","2","0","1","","","","N","","","","","","","","","",""
"2006090608","","1","0","0","0","0","0","0","0","0","7","0","","02","9","2006","4","40.369444","-79.77829","","11","0","0","0","0","0","0","0","0","1","0","0","0","","","1","","2","","40 22:10.000","1","0","79 46:41.845","4","0","0","0","2111","0","0","0","N","0","0","0","1","02111","1","","5.0","","1","N","N","","0","","0","0","0","","9","N","","1","1","0","0","0","0","0","2","0","1","","","","N","","","","","","","","","",""
"2006090644","","1","0","0","0","0","0","0","0","0","4","0","","02","8","2006","7","","","","11","0","0","0","0","0","1","0","0","","0","0","0","","","0","","1","","","","0","","0","0","0","0","2301","0","0","0","N","0","0","0","3","02301","0","","1.0","","1","N","N","","0","","0","0","0","","2","","","2","0","0","0","0","0","0","1","1","2","","","","N","","","","","","","","","",""
"2006090645","","1","0","0","0","0","0","0","0","0","4","0","","02","8","2006","2","","","","11","0","0","0","0","0","0","0","0","2","0","0","0","","","2","","2","","","2","0","","4","0","0","0","2302","0","0","0","N","0","0","0","2","02302","1","","1.0","","9","N","N","","0","","0","0","1","","2","N","","2","2","0","0","0","1","0","1","0","2","","","","N","","","","","","","","","",""
"2006090646","","1","0","0","0","0","0","0","0","0","6","0","","02","8","2006","2","40.427197","-79.962553","","11","0","0","0","0","0","1","0","0","","0","0","0","","","0","","1","","40 25:37.909","","0","79 57:45.190","0","0","0","0","2301","0","0","0","N","0","0","0","2","02301","0","","1.0","","1","N","N","","0","","0","0","1","","2","","","2","0","0","0","0","0","0","2","0","2","","","","N","","","","","","","","","",""
"2006090647","","2","0","0","0","0","0","0","0","0","4","0","","02","8","2006","1","40.449444","-80.025079","","11","0","0","0","0","0","1","0","0","","0","0","0","","","0","","1","","40 26:58.000","","2","80 01:30.284","0","0","0","0","2301","0","0","0","N","0","0","0","3","02301","0","","7.0","","1","N","N","","0","","0","0","0","","2","","","2","0","0","0","0","0","0","2","0","2","","","","N","","","","","","","","","",""
"2006090648","","1","0","0","0","0","0","0","0","0","5","0","","02","8","2006","2","","","","11","0","0","0","0","1","0","0","0","","0","0","0","","","0","","5","","","","0","","0","0","0","0","2301","0","0","0","N","0","0","0","6","02301","0","","1.0","","1","N","N","","1","","0","0","0","","2","","","2","0","0","0","0","0","0","1","0","2","","","","N","","","","","","","","","",""
"2006090649","","1","0","0","0","0","0","0","0","0","8","0","","02","8","2006","1","40.454182","-79.868568","","11","0","0","0","0","0","0","0","0","","0","0","0","","","1","","0","","40 27:15.055","","0","79 52:06.844","2","0","0","0","2301","1","0","1","N","1","0","1","2","02301","0","","1.0","","1","N","N","","0","","0","1","0","","0","","","2","1","0","0","0","0","0","2","0","1","","","","N","","","","","","","","","",""
"2006090650","","1","0","0","0","0","0","0","0","0","7","0","","02","8","2006","3","40.464723","-79.936307","","11","0","0","0","0","0","0","0","0","","0","0","0","","","0","","0","","40 27:53.002","","0","79 56:10.705","9","0","0","0","2301","0","0","0","N","0","0","0","1","02301","0","","5.0","","9","N","N","","0","","0","0","0","","0","","","1","0","0","0","0","0","1","2","0","1","","","","N","","","","","","","","","",""
"2006090651","","1","0","0","0","0","0","0","0","0","7","0","","02","8","2006","1","40.476825","-79.938049","","11","0","0","0","0","0","0","0","0","","0","0","0","","","0","","0","","40 28:36.570","","0","79 56:16.976","0","0","0","0","2301","0","0","0","N","0","0","0","1","02301","0","","5.0","","1","N","N","","0","","0","0","0","","0","","","1","0","0","0","0","0","0","2","0","1","","","","N","","","","","","","","","",""
"2006090652","","1","0","0","0","0","0","0","0","0","8","0","","02","8","2006","1","40.466833","-79.905329","","11","0","0","0","0","0","0","0","0","","0","0","0","","","1","","0","","40 28:00.598","","0","79 54:19.184","4","0","0","0","2301","1","0","0","N","1","0","0","3","02301","1","","1.0","","9","N","N","","0","","0","0","0","","0","","","2","1","0","0","0","0","0","2","0","1","","","","N","","","","","","","","","",""
"2006090653","","2","0","0","0","0","0","0","0","0","4","0","","02","8","2006","2","40.454656","-79.897525","","11","0","0","0","0","0","2","0","0","","0","0","0","","","1","","1","","40 27:16.761","","0","79 53:51.090","4","0","0","0","2301","0","0","0","N","0","0","0","3","02301","1","","1.0","","1","N","N","","0","","0","0","0","","2","","","2","1","0","0","0","0","0","2","0","2","","","","N","","","","","","","","","",""
"2006090654","","2","0","0","0","0","0","0","0","0","4","0","","02","8","2006","2","40.471453","-79.898237","","11","0","0","0","0","0","0","0","0","","0","0","0","","","0","","2","","40 28:17.230","","0","79 53:53.653","9","0","0","0","2301","0","0","0","N","0","0","0","3","02301","0","","1.0","","9","N","","","0","","0","0","0","","3","","","2","0","2","0","0","0","1","2","0","2","","","","N","","","","","","","","","",""
"2006090655","","0","0","0","0","0","0","0","0","0","0","0","","02","8","2006","1","40.448908","-79.969878","","11","0","0","0","0","0","0","0","0","","0","0","0","","","1","","0","","40 26:56.068","","0","79 58:11.560","3","0","0","1","2301","0","0","0","N","0","0","0","1","02301","0","","2.0","","1","N","N","","0","","1","0","0","","0","","","1","1","0","0","0","0","0","2","0","1","","","","N","","","","","","","","","",""
"2006090656","","1","0","0","0","0","0","0","0","0","1","0","","02","8","2006","4","40.461578","-79.967126","","11","0","0","0","0","0","0","0","0","","0","0","0","","","0","","1","","40 27:41.680","","0","79 58:01.653","0","0","0","0","2301","0","0","0","N","0","0","0","4","02301","0","","1.0","","1","N","N","","0","","0","0","1","","2","","","2","0","0","0","0","0","0","2","0","2","","","","N","","","","","","","","","",""
"2006090657","","1","0","0","0","0","0","0","0","0","4","0","","02","8","2006","5","40.475422","-79.958291","","11","0","0","0","0","0","0","0","0","","0","0","0","","","1","","2","","40 28:31.519","","0","79 57:29.847","4","0","0","0","2301","0","0","0","N","0","0","0","2","02301","1","","1.0","","1","N","N","","0","","0","0","0","","0","","","2","1","0","0","0","0","1","2","0","2","","","","N","","","","","","","","","",""
"2006090658","","2","0","0","0","0","0","0","0","0","4","0","","02","8","2006","6","40.440494","-79.98864","","11","0","0","0","0","0","0","0","0","2","0","0","0","","","0","","0","","40 26:25.778","4","0","79 59:19.104","0","0","0","0","2301","0","0","0","N","0","0","0","2","02301","0","","1.0","","1","N","N","","0","","0","0","0","","0","N","","2","0","0","0","0","0","0","2","0","2","","","","N","","","","","","","","","",""
"2006090659","","1","0","0","0","0","0","0","0","0","5","0","","02","8","2006","6","40.459781","-79.971364","","11","0","0","0","0","0","2","0","0","","0","0","0","","","1","","1","","40 27:35.212","","0","79 58:16.911","4","0","0","0","2301","0","0","0","N","0","0","0","8","02301","1","","1.0","","1","N","N","","0","","0","0","1","","2","","","2","1","0","0","0","0","0","2","0","2","","","","N","","","","","","","","","",""
"2006090660","","1","0","0","0","0","0","0","0","0","7","0","","02","8","2006","7","40.456363","-79.964224","","11","0","0","0","0","0","0","0","0","9","0","0","0","","","1","","0","","40 27:22.907","3","0","79 57:51.206","8","0","0","0","2301","0","0","0","N","0","0","0","1","02301","0","","5.0","","1","N","N","","0","","0","0","0","","0","N","","1","1","0","0","0","1","0","2","0","1","","","","N","","","","","","","","","",""
"2006090661","","1","0","0","0","0","0","0","0","0","5","1","","02","8","2006","1","","","","11","0","0","0","0","0","0","0","0","","0","1","0","","","0","","3","","","","0","","0","0","0","0","2301","0","0","0","N","0","0","0","3","02301","0","","1.0","","1","N","N","","0","","0","0","0","","2","","","2","0","0","0","0","0","0","1","0","2","","","","N","","","","","","","","","",""
"2006090662","","1","0","0","0","0","0","0","0","0","4","0","","02","8","2006","1","40.440466","-79.991536","","11","0","0","0","0","0","1","0","0","","0","0","0","","","1","","5","","40 26:25.678","","0","79 59:29.530","4","0","0","0","2301","0","0","0","N","0","0","0","6","02301","1","","1.0","","9","N","N","","0","","0","0","1","","2","","","2","1","0","0","0","0","0","2","0","2","","","","N","","","","","","","","","",""
"2006090674","","0","0","0","0","0","0","0","0","0","7","0","","02","8","2006","2","40.59702","-80.14705","","11","0","0","0","0","0","1","0","0","3","0","0","0","","","1","","0","","40 35:49.272","5","1","80 08:49.380","8","0","0","0","2480","0","0","0","N","0","0","0","1","02480","0","","5.0","","9","N","Y","","0","","0","0","1","","0","Y","","1","1","0","0","0","1","0","1","0","1","","","","N","","","","","","","","","",""
"2006090686","","2","0","0","0","0","0","0","0","0","4","0","","02","8","2006","5","40.440089","-79.95992","","11","0","0","0","0","0","1","0","0","","0","0","0","","","0","","1","","40 26:24.320","","0","79 57:35.712","0","0","0","0","2301","0","0","0","N","0","0","0","2","02301","0","","1.0","","1","N","","","0","","0","0","0","","0","","","2","0","0","0","0","0","0","2","0","2","","","","N","","","","","","","","","",""
"2006090687","","1","0","0","0","0","0","0","0","0","7","0","","02","8","2006","1","40.463887","-79.902093","","11","0","0","0","0","0","1","0","0","","0","0","0","","","0","","1","","40 27:49.993","","0","79 54:07.534","0","0","0","0","2301","0","0","0","N","0","0","0","1","02301","0","","5.0","","9","N","N","","0","","0","0","0","","3","","","1","0","0","0","0","0","0","2","0","1","","","","N","","","","","","","","","",""
"2006090688","","2","0","0","0","0","0","0","0","0","1","0","","02","8","2006","3","40.373611","-80.035017","","11","0","0","1","0","0","1","1","0","","0","0","0","","","1","","0","","40 22:25.000","","0","80 02:06.060","8","0","0","0","2109","0","0","0","N","0","0","0","5","02109","0","","1.0","","1","N","N","","1","","0","0","0","","0","","","3","1","0","0","0","1","0","2","0","3","","","","N","","","","","","","","","",""
"2006090689","","4","0","0","0","0","0","0","0","0","1","0","","02","8","2006","3","40.363333","-80.046297","","11","0","0","0","0","1","1","0","1","2","0","0","0","","","1","","0","","40 21:48.000","4","0","80 02:46.669","4","0","0","0","2109","0","0","0","N","0","0","0","6","02109","1","","1.0","","1","N","N","","0","","0","0","0","","0","N","","4","1","1","0","0","0","0","2","0","4","","","","N","","","","","","","","","",""
"2006090690","","3","0","0","0","0","0","0","0","0","1","0","","02","8","2006","5","40.387776","-80.052279","","11","0","0","0","0","0","0","0","0","","0","0","0","","","1","","0","","40 23:15.993","","0","80 03:08.204","8","0","0","0","2109","0","0","0","N","0","0","0","3","02109","0","","1.0","","1","N","N","","0","","0","0","0","","0","","","3","1","3","0","0","1","0","2","0","3","","","","N","","","","","","","","","",""
"2006090691","","1","0","0","0","0","0","0","0","0","99","0","","02","8","2006","5","40.368889","-80.074936","","11","0","0","0","0","0","0","0","0","1","0","0","0","","","0","","2","","40 22:08.000","2","0","80 04:29.770","0","0","0","0","2109","0","0","0","N","0","0","0","1","02109","0","","1.0","","1","N","N","","0","","0","0","0","","0","N","","1","0","0","0","0","0","0","2","0","1","","","","N","","","","","","","","","",""
"2006090692","","1","0","0","0","0","0","0","0","0","4","0","","02","8","2006","2","40.387795","-80.052179","","11","0","0","0","0","0","0","1","0","2","0","0","0","","","1","","1","","40 23:16.062","2","0","80 03:07.844","8","0","0","1","2109","0","0","0","N","0","0","0","2","02109","0","","1.0","","1","N","N","","0","","0","0","0","","0","N","","2","1","0","0","0","1","0","2","0","2","","","","N","","","","","","","","","",""
"2006090693","","1","0","0","0","0","0","0","0","0","8","0","","02","8","2006","3","40.381389","-80.044311","","11","0","0","0","0","0","1","0","0","1","0","0","0","","","1","","1","","40 22:53.000","2","0","80 02:39.519","4","0","0","0","2109","1","0","0","N","1","0","0","2","02109","1","","1.0","","1","N","N","","0","","0","0","0","","2","N","","2","1","0","0","0","0","0","2","0","1","","","","N","","","","","","","","","",""
"2006090694","","1","0","0","0","0","0","0","0","0","7","0","","02","8","2006","1","40.435556","-79.962565","","11","0","0","0","0","0","0","0","0","","0","0","0","","","0","","1","","40 26:08.000","","0","79 57:45.234","0","0","0","0","2301","0","0","0","N","0","0","0","1","02301","0","","4.0","","1","N","N","","0","","0","0","0","","0","","","1","0","0","0","0","0","0","2","0","1","","","","N","","","","","","","","","",""
"2006090695","","2","0","0","0","0","0","0","0","0","4","0","","02","8","2006","4","40.435824","-79.966603","","11","0","0","0","0","1","0","0","0","","0","0","0","","","0","","0","","40 26:08.967","","0","79 57:59.770","0","0","0","0","2301","0","0","0","N","0","0","0","2","03201","0","","1.0","","1","N","N","","0","","0","0","0","","0","","","2","0","0","0","0","0","0","2","0","2","","","","N","","","","","","","","","",""
"2006090696","","1","0","0","0","0","0","0","0","0","1","0","","02","8","2006","5","40.442239","-79.897091","","11","0","0","0","0","0","1","0","0","","0","0","0","","","1","","0","","40 26:32.060","","0","79 53:49.528","4","0","0","0","2301","0","0","0","N","0","0","0","1","02301","1","","5.0","","1","N","N","","0","","0","0","0","","0","","","2","1","0","0","0","0","0","2","1","2","","","","N","","","","","","","","","",""
"2006090722","","1","0","0","0","0","0","0","0","0","7","0","","02","8","2006","4","40.416388","-79.987004","","11","0","0","0","0","0","0","0","0","","0","0","0","","","0","","2","","40 24:58.996","","0","79 59:13.214","0","0","0","0","2447","0","0","0","N","0","0","0","1","02447","0","","2.0","","1","N","N","","0","","0","0","0","","0","","","1","0","0","0","0","0","0","2","0","1","","","","N","","","","","","","","","",""
"2006090747","","1","0","0","0","0","0","0","0","0","7","0","","02","9","2006","3","40.493098","-80.046237","","11","0","0","0","0","0","0","0","0","2","0","0","0","","","0","","0","","40 29:35.152","6","0","80 02:46.453","0","0","0","0","2404","0","0","0","N","0","0","0","1","02404","0","","5.0","","9","N","N","","0","","0","0","0","","0","N","","1","0","0","0","0","0","0","2","0","1","","","","N","","","","","","","","","",""
"2006090752","","1","0","0","0","0","0","0","0","0","7","0","","02","9","2006","5","40.339733","-80.101196","","11","0","0","0","0","1","0","0","0","","0","0","0","","","0","","0","","40 20:23.038","","0","80 06:04.305","9","0","0","0","2123","0","0","0","N","0","0","0","1","02123","0","","5.0","","1","N","N","","0","","0","0","0","","0","","","1","0","0","0","0","0","1","2","0","1","","","","N","","","","","","","","","",""
"2006090753","","2","0","0","0","0","0","0","0","0","1","0","","02","9","2006","7","40.366111","-80.106953","","11","0","0","0","0","1","1","0","0","1","0","0","0","","","3","","2","","40 21:58.000","4","0","80 06:25.030","8","0","0","0","2102","0","0","0","N","0","0","0","3","02102","0","","1.0","","1","N","N","","0","","0","0","1","","2","N","","3","3","0","0","0","3","0","2","0","3","","","","N","","","","","","","","","",""