"CRN","ARRIVAL_TM","AUTOMOBILE_COUNT","BELTED_DEATH_COUNT","BELTED_SUSP_SERIOUS_INJ_COUNT","BICYCLE_COUNT","BICYCLE_DEATH_COUNT","BICYCLE_SUSP_SERIOUS_INJ_COUNT","BUS_COUNT","CHLDPAS_DEATH_COUNT","CHLDPAS_SUSP_SERIOUS_INJ_COUNT","COLLISION_TYPE","COMM_VEH_COUNT","CONS_ZONE_SPD_LIM","COUNTY","CRASH_MONTH","CRASH_YEAR","DAY_OF_WEEK","DEC_LATITUDE","DEC_LONGITUDE","DISPATCH_TM","DISTRICT","DRIVER_COUNT_16YR","DRIVER_COUNT_17YR","DRIVER_COUNT_18YR","DRIVER_COUNT_19YR","DRIVER_COUNT_20YR","DRIVER_COUNT_50_64YR","DRIVER_COUNT_65_74YR","DRIVER_COUNT_75PLUS","EST_HRS_CLOSED","FATAL_COUNT","HEAVY_TRUCK_COUNT","HORSE_BUGGY_COUNT","HOUR_OF_DAY","ILLUMINATION","INJURY_COUNT","INTERSECTION_RELATED","INTERSECT_TYPE","LANE_CLOSED","LATITUDE","LN_CLOSE_DIR","LOCATION_TYPE","LONGITUDE","MAX_SEVERITY_LEVEL","MCYCLE_DEATH_COUNT","MCYCLE_SUSP_SERIOUS_INJ_COUNT","MOTORCYCLE_COUNT","MUNICIPALITY","NONMOTR_COUNT","NONMOTR_DEATH_COUNT","NONMOTR_SUSP_SERIOUS_INJ_COUNT","NTFY_HIWY_MAINT","PED_COUNT","PED_DEATH_COUNT","PED_SUSP_SERIOUS_INJ_COUNT","PERSON_COUNT","POLICE_AGCY","POSSIBLE_INJ_COUNT","RDWY_SURF_TYPE_CD","RELATION_TO_ROAD","ROADWAY_CLEARED","ROAD_CONDITION","SCH_BUS_IND","SCH_ZONE_IND","SECONDARY_CRASH","SMALL_TRUCK_COUNT","SPEC_JURIS_CD","SUSP_MINOR_INJ_COUNT","SUSP_SERIOUS_INJ_COUNT","SUV_COUNT","TCD_FUNC_CD","TCD_TYPE","TFC_DETOUR_IND","TIME_OF_DAY","TOTAL_UNITS","TOT_INJ_COUNT","UNBELTED_OCC_COUNT","UNB_DEATH_COUNT","UNB_SUSP_SERIOUS_INJ_COUNT","UNK_INJ_DEG_COUNT","UNK_INJ_PER_COUNT","URBAN_RURAL","VAN_COUNT","VEHICLE_COUNT","WEATHER1","WEATHER2","WORKERS_PRES","WORK_ZONE_IND","WORK_ZONE_LOC","WORK_ZONE_TYPE","WZ_CLOSE_DETOUR","WZ_FLAGGER","WZ_LAW_OFFCR_IND","WZ_LN_CLOSURE","WZ_MOVING","WZ_OTHER","WZ_SHLDER_MDN","WZ_WORKERS_INJ_KILLED"
"2006092017","","0","0","0","0","0","0","0","0","0","7","0","","02","8","2006","2","40.4947","-80.0122","","11","0","0","0","0","1","0","0","0","2","0","0","0","","","1","","0","","40 29:40.920","2","8","80 00:43.920","4","0","0","0","2301","0","0","0","N","0","0","0","1","68R03","1","","2.0","","9","N","N","","0","","0","0","1","","0","N","","1","1","0","0","0","0","0","2","0","1","","","","N","","","","","","","","","",""
"2006092018","","1","0","0","0","0","0","0","0","0","7","0","","02","7","2006","6","","","","11","0","0","0","0","0","0","0","0","1","0","0","0","","","1","","0","","40 26:10.32","4","0","79 58:29.28","4","0","0","0","2301","0","0","0","N","0","0","0","1","68B03","1","","4.0","","1","N","N","","0","","0","0","0","","0","N","","1","1","1","0","0","0","0","2","0","1","","","","N","","","","","","","","","",""
"2006092019","","3","0","0","0","0","0","0","0","0","1","0","","02","7","2006","3","","","","11","0","0","0","1","0","1","1","0","","0","0","0","","","0","","6","","40 26:30.84","","2","79 45:43.20","0","0","0","0","2446","0","0","0","N","0","0","0","3","68B03","0","","1.0","","9","N","N","","0","","0","0","0","","4","","","3","0","0","0","0","0","0","2","0","3","","","","N","","","","","","","","","",""
"2006092020","","1","0","0","0","0","0","0","0","0","1","0","","02","7","2006","7","40.445556","-80.173984","","11","0","0","0","1","0","0","0","0","","0","0","0","","","4","","0","","40 26:44.000","","0","80 10:26.344","4","0","0","0","2214","0","0","0","N","0","0","0","8","68B03","4","","1.0","","1","N","N","","0","","0","0","0","","0","","","2","4","0","0","0","0","0","2","1","2","","","","N","","","","","","","","","",""
"2006092021","","1","0","0","0","0","0","0","0","0","7","0","","02","7","2006","1","40.446944","-80.167612","","11","0","0","0","0","0","0","0","0","","0","0","0","","","0","","0","","40 26:49.000","","0","80 10:03.403","0","0","0","0","2115","0","0","0","Y","0","0","0","1","68B03","0","","2.0","","1","N","N","","0","","0","0","0","","0","","","1","0","0","0","0","0","0","2","0","1","","","","N","","","","","","","","","",""
"2006092029","","2","0","0","0","0","0","0","0","0","1","0","","02","7","2006","7","","","","11","0","0","0","0","0","0","0","0","1","0","0","0","","","3","","0","","40 26:09.24","3","0","79 58:21.00","3","0","0","0","2301","0","0","0","N","0","0","0","3","68B03","2","","1.0","","1","N","N","","0","","1","0","0","","0","Y","","2","3","0","0","0","0","0","2","0","2","","","","N","","","","","","","","","",""
"2006092030","","1","0","0","0","0","0","0","0","0","5","1","","02","6","2006","6","","","","11","0","0","0","0","0","0","0","0","1","0","1","0","","","0","","7","","40 27:32.04","2","2","79 59:57.48","0","0","0","0","2301","0","0","0","N","0","0","0","2","68B03","0","","1.0","","9","N","N","","0","","0","0","0","","0","N","","2","0","0","0","0","0","0","2","0","2","","","","N","","","","","","","","","",""
"2006092048","","1","0","0","0","0","0","0","0","0","7","0","","02","7","2006","6","40.494722","-79.906233","","11","0","0","0","1","0","0","0","0","","0","0","0","","","0","","0","","40 29:41.000","","0","79 54:22.440","0","0","0","0","2112","0","0","0","N","0","0","0","1","68D02","0","","4.0","","9","N","N","","0","","0","0","0","","0","","","1","0","0","0","0","0","0","2","0","1","","","","N","","","","","","","","","",""
"2006092104","","0","0","0","0","0","0","0","0","0","7","0","","02","7","2006","2","40.491","-79.8841","","11","0","0","0","0","0","1","0","0","","0","0","0","","","1","","0","","40 29:27.600","","2","79 53:02.760","4","0","0","0","2112","0","0","0","N","0","0","0","1","68D02","1","","2.0","","1","N","N","","0","","0","0","1","","0","","","1","1","0","0","0","0","0","2","0","1","","","","N","","","","","","","","","",""
"2006092124","","1","0","0","0","0","0","0","0","0","7","0","","02","9","2006","1","40.372946","-79.967471","","11","0","0","0","0","0","0","0","1","1","0","0","0","","","1","","0","","40 22:22.605","5","0","79 58:02.895","4","0","0","0","2413","0","0","0","N","0","0","0","2","02413","1","","5.0","","1","N","N","","0","","0","0","0","","0","N","","1","1","0","0","0","0","0","2","0","1","","","","N","","","","","","","","","",""
"2006092126","","1","0","0","0","0","0","0","0","0","2","0","","02","9","2006","2","40.511389","-79.791988","","11","0","0","0","0","0","2","0","0","","0","0","0","","","1","","2","","40 30:41.000","","0","79 47:31.158","4","0","0","0","2466","0","0","0","N","0","0","0","2","02466","1","","1.0","","1","N","N","","0","","0","0","1","","0","","","2","1","0","0","0","0","0","2","0","2","","","","N","","","","","","","","","",""
"2006092144","","1","0","0","0","0","0","0","0","0","4","0","","02","9","2006","3","40.593889","-79.97034","","11","0","0","0","0","0","1","0","0","1","0","0","0","","","1","","1","","40 35:38.000","4","0","79 58:13.224","4","0","0","0","2207","0","0","0","N","0","0","0","2","02207","1","","1.0","","9","N","N","","0","","0","0","1","","2","N","","2","1","0","0","0","0","0","2","0","2","","","","N","","","","","","","","","",""
"2006092150","","1","0","0","0","0","0","0","0","0","7","0","","02","9","2006","3","","","","11","0","0","0","0","0","1","1","0","","0","0","0","","","0","","0","","","","0","","0","0","0","0","2126","0","0","0","N","0","0","0","2","02126","0","","5.0","","9","N","N","","0","","0","0","1","","0","","","2","0","0","0","0","0","0","1","0","2","","","","N","","","","","","","","","",""
"2006092156","","2","0","0","0","0","0","0","0","0","1","0","","02","9","2006","7","40.513056","-79.998916","","11","0","0","1","0","0","0","0","0","","0","0","0","","","0","","0","","40 30:47.000","","0","79 59:56.096","0","0","0","0","2116","0","0","0","N","0","0","0","4","02116","0","","1.0","","1","N","N","","0","","0","0","0","","0","","","2","0","0","0","0","0","0","2","0","2","","","","N","","","","","","","","","",""
"2006092171","","0","0","0","0","0","0","0","0","0","7","0","25","02","9","2006","3","40.309318","-80.001668","","11","0","0","0","0","0","0","0","0","6","0","0","0","","","0","","0","","40 18:33.546","1","6","80 00:06.003","0","0","0","0","2219","0","0","0","Y","0","0","0","1","02501","0","","4.0","","9","N","N","","0","","0","0","1","","8","N","","1","0","0","0","0","0","0","2","0","1","","","N","Y","3","1","","","N","Y","","","",""
"2006092173","","2","0","0","0","0","0","0","0","0","7","0","","02","9","2006","2","40.4655","-80.1954","","11","0","0","0","1","0","1","0","0","2","0","0","0","","","1","","0","","40 27:55.800","1","0","80 11:43.440","4","0","0","0","2213","0","0","0","N","0","0","0","3","02213","1","","4.0","","1","N","N","","0","","0","0","0","","0","Y","","2","1","0","0","0","0","0","2","0","2","","","","N","","","","","","","","","",""
"2006092206","","1","0","0","0","0","0","0","0","0","7","0","","02","8","2006","1","","","","11","0","0","0","0","0","0","0","0","","0","0","0","","","0","","0","","","","0","","0","0","0","0","2203","0","0","0","N","0","0","0","1","68E04","0","","4.0","","1","N","N","","0","","0","0","0","","0","","","1","0","1","0","0","0","0","1","0","1","","","","N","","","","","","","","","",""
"2006092270","","1","0","1","0","0","0","0","0","0","4","0","","02","9","2006","3","40.313308","-79.940529","","11","0","0","0","0","0","0","1","0","2","0","0","0","","","1","","2","","40 18:47.908","4","0","79 56:25.904","2","0","0","0","2440","0","0","0","N","0","0","0","4","02440","0","","1.0","","9","N","N","","0","","0","1","1","","0","N","","2","1","0","0","0","0","0","2","0","2","","","","N","","","","","","","","","",""
"2006092284","","2","0","0","0","0","0","0","0","0","4","0","","02","9","2006","3","40.475","-79.767981","","11","0","0","1","0","0","0","0","1","2","0","0","0","","","1","","2","","40 28:30.000","4","0","79 46:04.732","4","0","0","0","2466","0","0","0","N","0","0","0","3","02466","1","","1.0","","9","N","N","","0","","0","0","0","","3","N","","2","1","0","0","0","0","1","2","0","2","","","","N","","","","","","","","","",""
"2006092285","","2","0","0","0","0","0","0","0","0","1","0","","02","9","2006","3","40.3272","-79.9446","","11","0","0","0","0","1","0","1","0","1","0","0","0","","","2","","0","","40 19:37.920","2","0","79 56:40.560","4","0","0","0","2454","0","0","0","N","0","0","0","3","02454","2","","1.0","","9","N","N","","0","","0","0","0","","0","N","","2","2","2","0","0","0","0","2","0","2","","","","N","","","","","","","","","",""
"2006092288","","1","0","0","0","0","0","0","0","0","7","0","","02","9","2006","3","","","","11","1","0","0","0","0","0","0","0","2","0","0","0","","","0","","0","","","3","0","","0","0","0","0","2216","0","0","0","N","0","0","0","3","02505","0","","5.0","","9","N","N","","0","","0","0","0","","0","N","","1","0","0","0","0","0","0","1","0","1","","05","","N","","","","","","","","","",""
"2006092314","","4","0","0","0","0","0","0","0","0","1","0","","02","9","2006","4","40.4969","-79.9376","","11","0","0","0","0","0","1","0","0","2","0","0","0","","","2","","7","","40 29:48.840","2","2","79 56:15.360","3","0","0","0","2430","0","0","0","N","0","0","0","5","02430","1","","1.0","","1","N","N","","0","","1","0","0","","0","Y","","4","2","0","0","0","0","0","2","0","4","","","","N","","","","","","","","","",""
"2006092334","","0","0","0","0","0","0","0","0","0","7","0","","02","9","2006","3","40.40164","-80.063596","","11","0","0","0","0","0","0","0","0","1","0","0","0","","","1","","0","","40 24:05.904","2","0","80 03:48.947","8","0","0","0","2117","0","0","0","N","0","0","0","1","02117","0","","2.0","","9","N","N","","0","","0","0","0","","0","N","","1","1","1","0","0","1","0","2","1","1","","","","N","","","","","","","","","",""
"2006092336","","1","0","0","0","0","0","0","0","0","7","0","","02","8","2006","3","","","","11","0","0","0","0","0","0","0","0","","0","0","0","","","0","","0","","","","0","","0","0","0","0","2407","0","0","0","N","0","0","0","1","02407","0","","4.0","","9","N","N","","0","","0","0","0","","0","","","1","0","0","0","0","0","0","1","0","1","","","","N","","","","","","","","","",""
"2006092356","","1","0","0","0","0","0","0","0","0","1","0","40","02","9","2006","4","40.238333","-79.864656","","11","0","0","0","0","0","2","0","0","","0","0","0","","","1","","0","","40 14:18.000","","0","79 51:52.762","4","0","0","0","2204","0","0","0","N","0","0","0","3","02204","1","","1.0","","9","N","N","","1","","0","0","1","","0","","","3","1","0","0","0","0","0","1","0","3","","","N","Y","4","1","","","N","Y","","","",""
"2006092359","","1","0","0","0","0","0","0","0","0","7","0","","02","9","2006","3","40.41","-80.082644","","11","0","0","0","0","0","0","0","0","1","0","0","0","","","0","","0","","40 24:36.000","4","0","80 04:57.518","0","0","0","0","2415","0","0","0","N","0","0","0","1","02415","0","","5.0","","9","N","N","","0","","0","0","0","","0","N","","1","0","1","0","0","0","0","2","0","1","","","","N","","","","","","","","","",""
"2006092364","","1","0","0","0","0","0","0","0","0","0","0","","02","9","2006","6","40.426237","-80.007808","","11","0","0","0","0","0","0","0","0","","0","0","0","","","0","","0","","40 25:34.453","","0","80 00:28.108","0","0","0","0","2301","0","0","0","N","0","0","0","1","02301","0","","5.0","","9","N","N","","0","","0","0","0","","0","","","1","0","0","0","0","0","0","2","0","1","","","","N","","","","","","","","","",""
"2006092404","","1","0","0","0","0","0","0","0","0","7","0","","02","9","2006","4","","","","11","0","0","1","0","0","0","0","0","1","0","0","0","","","0","","0","","","5","0","","0","0","0","0","2111","0","0","0","N","0","0","0","1","02111","0","","4.0","","9","N","N","","0","","0","0","0","","0","N","","1","0","1","0","0","0","0","1","0","1","","","","N","","","","","","","","","",""
"2006092436","","1","0","0","0","0","0","0","0","0","7","0","","02","9","2006","7","40.437","-79.9945","","11","0","0","0","0","0","0","0","0","","0","0","0","","","0","","0","","40 26:13.200","","2","79 59:40.200","0","0","0","0","2301","0","0","0","N","0","0","0","1","02301","0","","4.0","","9","N","N","","0","","0","0","0","","0","","","1","0","0","0","0","0","0","2","0","1","","","","N","","","","","","","","","",""
"2006092443","","1","0","0","0","0","0","0","0","0","8","0","","02","9","2006","6","40.420634","-79.929425","","11","0","0","0","0","0","1","0","0","","0","0","0","","","1","","0","","40 25:14.282","","0","79 55:45.930","4","0","0","0","2301","1","0","0","N","1","0","0","2","02301","1","","1.0","","1","N","N","","0","","0","0","0","","0","","","2","1","0","0","0","0","0","2","0","1","","","","N","","","","","","","","","",""
"2006092505","","0","0","0","0","0","0","0","0","0","7","0","","02","9","2006","2","40.525642","-79.822963","","11","0","0","0","0","0","0","0","0","1","0","0","0","","","1","","2","","40 31:32.310","6","0","79 49:22.665","8","0","0","0","2466","0","0","0","N","0","0","0","1","02466","0","","2.0","","1","N","N","","1","","0","0","0","","3","N","","1","1","0","0","0","1","0","2","0","1","","","","N","","","","","","","","","",""
"2006092506","","1","0","0","0","0","0","0","0","0","4","0","","02","9","2006","5","","","","11","0","0","0","0","0","0","0","0","","0","0","0","","","1","","10","","","","0","","8","0","0","0","2421","0","0","0","N","0","0","0","3","02421","0","","1.0","","1","N","N","","1","","0","0","0","","0","","","2","1","1","0","0","1","2","1","0","2","","","","N","","","","","","","","","",""
"2006092508","","1","0","0","0","0","0","0","0","0","4","0","","02","9","2006","4","40.340833","-80.063605","","11","0","0","0","0","0","0","0","1","1","0","0","0","","","1","","2","","40 20:27.000","1","0","80 03:48.979","8","0","0","0","2123","0","0","0","N","0","0","0","3","02123","0","","1.0","","9","N","N","","0","","0","0","1","","3","N","","2","1","0","0","0","1","0","2","0","2","","","","N","","","","","","","","","",""
"2006092533","","3","0","0","0","0","0","0","0","0","4","0","","02","9","2006","7","40.498056","-80.020173","","11","0","0","0","0","0","0","1","1","1","0","0","0","","","2","","2","","40 29:53.000","6","0","80 01:12.622","3","0","0","0","2116","0","0","0","N","0","0","0","3","02116","0","","1.0","","1","N","N","","0","","1","0","0","","2","Y","","3","2","0","0","0","1","0","2","0","3","","","","N","","","","","","","","","",""
"2006092537","","1","0","0","0","0","0","0","0","0","4","0","","02","9","2006","5","40.507778","-79.851827","","11","0","0","0","0","0","1","0","0","","1","0","0","","","1","","0","","40 30:28.000","","0","79 51:06.578","1","0","0","0","2112","0","0","0","Y","0","0","0","2","02501","0","2","1.0","","9","N","N","","0","0","0","1","1","","0","","","2","1","1","1","0","0","0","2","0","2","","","","N","","","","","","","","","",""
"2006092539","","1","0","0","0","0","0","0","0","0","1","0","","02","9","2006","5","40.487778","-80.056456","","11","0","0","0","0","0","1","0","0","","0","0","0","","","1","","2","","40 29:16.000","","0","80 03:23.241","4","0","0","0","2404","0","0","0","N","0","0","0","4","02404","1","","1.0","","1","N","N","","1","","0","0","1","","0","","","3","1","1","0","0","0","0","2","0","3","","","","N","","","","","","","","","",""
"2006092540","","2","0","0","0","0","0","0","0","0","4","0","","02","9","2006","5","40.570556","-79.787512","","11","0","0","0","0","0","0","1","1","2","1","0","0","","","1","","1","","40 34:14.000","7","0","79 47:15.042","1","0","0","0","2206","0","0","0","Y","0","0","0","2","02501","0","2","1.0","","1","N","N","","0","0","0","0","0","","3","Y","","2","1","1","1","0","1","0","2","0","2","","","","N","","","","","","","","","",""
"2006092546","","0","0","0","0","0","0","0","0","0","0","0","","02","9","2006","5","","","","11","0","0","1","0","0","0","0","0","","0","0","0","","","1","","0","","","","0","","8","0","0","0","2432","0","0","0","N","0","0","0","1","02432","0","","2.0","","1","N","N","","0","","0","0","1","","0","","","1","1","0","0","0","1","0","1","0","1","","","","N","","","","","","","","","",""
"2006092550","","2","0","0","0","0","0","0","0","0","1","0","","02","9","2006","3","40.335282","-80.051276","","11","0","0","0","0","0","1","0","0","","0","0","0","","","2","","2","","40 20:07.015","","0","80 03:04.593","4","0","0","0","2407","0","0","0","N","0","0","0","4","02407","2","","1.0","","9","N","N","","0","","0","0","0","","2","","","2","2","0","0","0","0","0","2","0","2","","","","N","","","","","","","","","",""
"2006092551","","2","0","0","0","0","0","0","0","0","4","0","","02","9","2006","3","40.348333","-80.052207","","11","0","0","0","0","0","0","1","0","","0","0","0","","","0","","1","","40 20:54.000","","0","80 03:07.945","0","0","0","0","2407","0","0","0","N","0","0","0","3","02407","0","","1.0","","9","N","N","","0","","0","0","1","","2","","","3","0","0","0","0","0","0","2","0","3","","","","N","","","","","","","","","",""
"2006092552","","1","0","0","0","0","0","0","0","0","4","0","","02","9","2006","4","40.343056","-80.026618","","11","0","0","0","0","0","1","0","0","","0","0","0","","","1","","0","","40 20:35.000","","0","80 01:35.823","4","0","0","1","2407","0","0","0","N","0","0","0","2","02407","1","","1.0","","1","N","N","","0","","0","0","0","","0","","","2","1","0","0","0","0","0","2","0","2","","","","N","","","","","","","","","",""
"2006092593","","0","0","0","0","0","0","0","0","0","7","0","","02","8","2006","4","","","","11","0","0","0","0","0","0","0","0","3","1","0","0","","","0","","0","","40 26:17.88","4","0","79 51:46.44","1","0","0","0","2478","0","0","0","Y","0","0","0","1","68B03","0","1","3.0","","1","N","N","","0","0","0","0","1","","0","N","","1","0","1","1","0","0","0","2","0","1","","","","N","","","","","","","","","",""
"2006092612","","2","0","0","0","0","0","0","0","0","4","0","","02","9","2006","5","","","","11","0","0","0","0","0","0","1","0","1","0","0","0","","","2","","2","","","2","0","","4","0","0","0","2126","0","0","0","N","0","0","0","2","02126","2","","1.0","","1","N","N","","0","","0","0","0","","0","N","","2","2","2","0","0","0","0","1","0","2","","","","N","","","","","","","","","",""
"2006092613","","0","0","0","0","0","0","0","0","0","4","0","","02","9","2006","4","40.540556","-79.815598","","11","0","0","0","0","0","0","0","0","","0","0","0","","","0","","0","","40 32:26.000","","0","79 48:56.152","0","0","0","0","2208","0","0","0","N","0","0","0","4","02208","0","","1.0","","9","N","N","","1","","0","0","0","","0","","","2","0","0","0","0","0","0","2","1","2","","","","N","","","","","","","","","",""
"2006092629","","2","0","0","0","0","0","0","0","0","1","0","","02","8","2006","2","40.352222","-79.853222","","11","0","0","0","0","0","1","0","0","","0","0","0","","","2","","1","","40 21:08.000","","0","79 51:11.598","4","0","0","0","2304","0","0","0","N","0","0","0","2","02304","2","","1.0","","1","N","N","","0","","0","0","0","","2","","","2","2","0","0","0","0","0","2","0","2","","","","N","","","","","","","","","",""
"2006092630","","1","0","0","0","0","0","0","0","0","4","0","","02","8","2006","1","40.3496","-79.8858","","11","0","0","0","0","0","2","0","0","1","0","0","0","","","1","","2","","40 20:58.560","1","0","79 53:08.880","3","0","0","1","2304","0","0","0","N","0","0","0","6","02304","0","","1.0","","1","N","N","","0","","1","0","1","","3","N","","3","1","0","0","0","0","0","2","0","3","","","","N","","","","","","","","","",""
"2006092631","","1","0","0","0","0","0","0","0","0","4","0","","02","8","2006","4","40.350833","-79.864943","","11","0","0","0","0","0","1","0","0","","0","0","0","","","1","","1","","40 21:03.000","","0","79 51:53.796","4","0","0","0","2304","0","0","0","N","0","0","0","2","02304","1","","1.0","","1","N","N","","0","","0","0","0","","2","","","2","1","0","0","0","0","0","2","1","2","","","","N","","","","","","","","","",""
"2006092632","","1","0","0","0","0","0","0","0","0","4","0","","02","8","2006","5","40.352222","-79.850993","","11","0","0","0","0","0","1","0","0","1","0","0","0","","","1","","2","","40 21:08.000","4","0","79 51:03.574","4","0","0","0","2304","0","0","0","N","0","0","0","2","02304","1","","1.0","","1","N","N","","0","","0","0","0","","2","N","","2","1","0","0","0","0","0","2","1","2","","","","N","","","","","","","","","",""
"2006092633","","1","0","0","0","0","0","0","0","0","4","0","","02","8","2006","6","40.332166","-79.843228","","11","0","0","0","0","0","0","0","0","","0","0","0","","","2","","1","","40 19:55.797","","0","79 50:35.620","3","0","0","1","2304","0","0","0","N","0","0","0","2","02304","1","","1.0","","1","N","N","","0","","1","0","0","","0","","","2","2","0","0","0","0","0","2","0","2","","","","N","","","","","","","","","",""
"2006092634","","1","0","0","0","0","0","0","0","0","8","0","","02","8","2006","2","40.352282","-79.856711","","11","0","0","0","0","0","0","0","1","","0","0","0","","","1","","1","","40 21:08.214","","0","79 51:24.160","8","0","0","0","2304","1","0","0","N","1","0","0","2","02304","0","","1.0","","1","N","N","","0","","0","0","0","","2","","","2","1","1","0","0","1","0","2","0","1","","","","N","","","","","","","","","",""
"2006092635","","2","0","0","0","0","0","0","0","0","4","0","","02","8","2006","6","","","","11","0","0","0","0","0","0","0","1","1","0","0","0","","","1","","2","","","4","0","","4","0","0","0","2304","0","0","0","N","0","0","0","3","02304","1","","1.0","","1","N","N","","0","","0","0","0","","2","N","","2","1","0","0","0","0","1","1","0","2","","","","N","","","","","","","","","",""
"2006092636","","4","0","0","0","0","0","0","0","0","1","0","","02","8","2006","7","","","","11","0","0","0","0","0","2","1","0","1","0","0","0","","","0","","0","","","4","0","","9","0","0","0","2304","0","0","0","N","0","0","0","4","02304","0","","1.0","","1","N","N","","0","","0","0","0","","2","N","","4","0","0","0","0","0","1","1","0","4","","","","N","","","","","","","","","",""
"2006092637","","1","0","0","0","0","0","0","0","0","1","0","","02","8","2006","7","","","","11","0","0","0","0","0","2","0","0","2","0","0","0","","","0","","0","","","4","0","","0","0","0","0","2304","0","0","0","N","0","0","0","2","02304","0","","1.0","","1","N","N","","1","","0","0","0","","0","N","","2","0","0","0","0","0","0","1","0","2","","","","N","","","","","","","","","",""
"2006092638","","2","0","0","0","0","0","0","0","0","2","0","","02","9","2006","3","","","","11","0","0","0","0","0","0","0","0","2","0","0","0","","","1","","0","","","3","0","","4","0","0","0","2301","0","0","0","N","0","0","0","2","02301","1","","1.0","","9","N","N","","0","","0","0","0","","0","N","","2","1","0","0","0","0","0","1","0","2","","","","N","","","","","","","","","",""
"2006092639","","0","0","0","0","0","0","0","0","0","7","0","","02","8","2006","1","40.450348","-79.986738","","11","0","0","0","0","0","0","0","0","","0","0","0","","","1","","0","","40 27:01.252","","0","79 59:12.256","8","0","0","1","2301","0","0","0","N","0","0","0","1","02301","0","","5.0","","1","N","N","","0","","0","0","0","","0","","","1","1","0","0","0","1","0","2","0","1","","","","N","","","","","","","","","",""
"2006092640","","1","0","0","0","0","0","0","0","0","7","0","","02","8","2006","5","40.441944","-80.083691","","11","0","0","0","0","0","0","0","0","","0","0","0","","","0","","2","","40 26:31.000","","0","80 05:01.288","9","0","0","0","2301","0","0","0","N","0","0","0","1","02301","0","","2.0","","1","N","N","","0","","0","0","0","","0","","","1","0","0","0","0","0","1","2","0","1","","","","N","","","","","","","","","",""
"2006092641","","1","0","0","0","0","0","0","0","0","1","0","","02","8","2006","4","40.458333","-79.957099","","11","0","0","0","0","0","1","0","0","","0","0","0","","","0","","1","","40 27:30.000","","0","79 57:25.557","0","0","0","0","2301","0","0","0","N","0","0","0","3","02301","0","","1.0","","1","N","N","","1","","0","0","0","","4","","","2","0","0","0","0","0","0","2","0","2","","","","N","","","","","","","","","",""
"2006092642","","1","0","0","0","0","0","0","0","0","4","1","","02","8","2006","5","","","","11","0","0","0","0","0","0","1","0","2","0","1","0","","","1","","2","","","6","0","","4","0","0","0","2301","0","0","0","N","0","0","0","3","02301","1","","1.0","","1","N","N","","0","","0","0","0","","3","Y","","3","1","0","0","0","0","0","1","1","3","","","","N","","","","","","","","","",""
"2006092643","","1","0","0","0","0","0","0","0","0","1","0","","02","9","2006","3","40.402098","-79.9894","","11","0","0","0","0","0","0","0","0","","0","0","0","","","0","","0","","40 24:07.552","","0","79 59:21.840","0","0","0","0","2301","0","0","0","N","0","0","0","2","02301","0","","1.0","","9","N","N","","1","","0","0","0","","0","","","2","0","0","0","0","0","0","2","0","2","","","","N","","","","","","","","","",""
"2006092644","","1","0","0","0","0","0","0","0","0","4","1","25","02","8","2006","4","","","","11","0","0","0","0","0","1","0","0","","0","1","0","","","1","","1","","","","0","","4","0","0","0","2301","0","0","0","N","0","0","0","2","02301","1","","1.0","","1","N","N","","0","","0","0","0","","0","","","2","1","0","0","0","0","0","1","0","2","","","N","Y","4","1","","","N","","","Y","",""
"2006092645","","0","0","0","0","0","0","0","0","0","4","0","","02","8","2006","4","40.457298","-80.007278","","11","0","1","0","0","0","0","0","0","","0","0","0","","","0","","0","","40 27:26.272","","0","80 00:26.200","0","0","0","0","2301","0","0","0","N","0","0","0","6","02301","0","","1.0","","9","N","N","","0","","0","0","1","","3","","","2","0","1","0","0","0","0","2","1","2","","","","N","","","","","","","","","",""
"2006092646","","2","0","0","0","0","0","0","0","0","1","0","","02","8","2006","3","","","","11","0","0","1","0","0","0","0","0","","0","0","0","","","0","","0","","","","3","","0","0","0","0","2301","0","0","0","N","0","0","0","4","02301","0","","1.0","","1","N","N","","0","","0","0","1","","2","","","3","0","0","0","0","0","0","1","0","3","","","","N","","","","","","","","","",""
"2006092647","","2","0","0","0","0","0","0","0","0","4","0","","02","8","2006","5","40.441323","-79.963534","","11","0","0","1","0","0","0","0","0","","0","0","0","","","1","","0","","40 26:28.762","","7","79 57:48.721","4","0","0","0","2301","0","0","0","N","0","0","0","2","02301","1","","1.0","","1","N","N","","0","","0","0","0","","0","","","2","1","0","0","0","0","0","2","0","2","","","","N","","","","","","","","","",""
"2006092648","","1","0","0","0","0","0","0","0","0","4","0","","02","9","2006","2","40.438333","-79.961236","","11","0","0","1","0","0","0","0","0","","0","0","0","","","0","","1","","40 26:18.000","","0","79 57:40.450","0","0","0","0","2301","0","0","0","N","0","0","0","4","02301","0","","1.0","","9","N","N","","0","","0","0","1","","2","","","2","0","0","0","0","0","0","2","0","2","","","","N","","","","","","","","","",""
"2006092649","","1","0","0","1","0","0","0","0","0","8","0","","02","9","2006","3","","","","11","0","0","0","0","0","0","0","0","","0","0","0","","","1","","0","","","","0","","4","0","0","0","2301","1","0","0","N","0","0","0","2","02301","1","","1.0","","1","N","N","","0","","0","0","0","","0","","","2","1","0","0","0","0","0","1","0","1","","","","N","","","","","","","","","",""