"CRN","ARRIVAL_TM","AUTOMOBILE_COUNT","BELTED_DEATH_COUNT","BELTED_SUSP_SERIOUS_INJ_COUNT","BICYCLE_COUNT","BICYCLE_DEATH_COUNT","BICYCLE_SUSP_SERIOUS_INJ_COUNT","BUS_COUNT","CHLDPAS_DEATH_COUNT","CHLDPAS_SUSP_SERIOUS_INJ_COUNT","COLLISION_TYPE","COMM_VEH_COUNT","CONS_ZONE_SPD_LIM","COUNTY","CRASH_MONTH","CRASH_YEAR","DAY_OF_WEEK","DEC_LATITUDE","DEC_LONGITUDE","DISPATCH_TM","DISTRICT","DRIVER_COUNT_16YR","DRIVER_COUNT_17YR","DRIVER_COUNT_18YR","DRIVER_COUNT_19YR","DRIVER_COUNT_20YR","DRIVER_COUNT_50_64YR","DRIVER_COUNT_65_74YR","DRIVER_COUNT_75PLUS","EST_HRS_CLOSED","FATAL_COUNT","HEAVY_TRUCK_COUNT","HORSE_BUGGY_COUNT","HOUR_OF_DAY","ILLUMINATION","INJURY_COUNT","INTERSECTION_RELATED","INTERSECT_TYPE","LANE_CLOSED","LATITUDE","LN_CLOSE_DIR","LOCATION_TYPE","LONGITUDE","MAX_SEVERITY_LEVEL","MCYCLE_DEATH_COUNT","MCYCLE_SUSP_SERIOUS_INJ_COUNT","MOTORCYCLE_COUNT","MUNICIPALITY","NONMOTR_COUNT","NONMOTR_DEATH_COUNT","NONMOTR_SUSP_SERIOUS_INJ_COUNT","NTFY_HIWY_MAINT","PED_COUNT","PED_DEATH_COUNT","PED_SUSP_SERIOUS_INJ_COUNT","PERSON_COUNT","POLICE_AGCY","POSSIBLE_INJ_COUNT","RDWY_SURF_TYPE_CD","RELATION_TO_ROAD","ROADWAY_CLEARED","ROAD_CONDITION","SCH_BUS_IND","SCH_ZONE_IND","SECONDARY_CRASH","SMALL_TRUCK_COUNT","SPEC_JURIS_CD","SUSP_MINOR_INJ_COUNT","SUSP_SERIOUS_INJ_COUNT","SUV_COUNT","TCD_FUNC_CD","TCD_TYPE","TFC_DETOUR_IND","TIME_OF_DAY","TOTAL_UNITS","TOT_INJ_COUNT","UNBELTED_OCC_COUNT","UNB_DEATH_COUNT","UNB_SUSP_SERIOUS_INJ_COUNT","UNK_INJ_DEG_COUNT","UNK_INJ_PER_COUNT","URBAN_RURAL","VAN_COUNT","VEHICLE_COUNT","WEATHER1","WEATHER2","WORKERS_PRES","WORK_ZONE_IND","WORK_ZONE_LOC","WORK_ZONE_TYPE","WZ_CLOSE_DETOUR","WZ_FLAGGER","WZ_LAW_OFFCR_IND","WZ_LN_CLOSURE","WZ_MOVING","WZ_OTHER","WZ_SHLDER_MDN","WZ_WORKERS_INJ_KILLED"
"2006099477","","2","0","0","0","0","0","0","0","0","4","0","","02","10","2006","2","40.663889","-79.93431","","11","1","0","0","0","0","1","0","0","2","0","0","0","","","2","","1","","40 39:50.000","7","0","79 56:03.516","8","0","0","0","2217","0","0","0","N","0","0","0","3","02505","0","","1.0","","1","N","N","","0","","0","0","0","","2","N","","2","2","0","0","0","2","0","1","0","2","","","","N","","","","","","","","","",""
"2006099478","","1","0","0","0","0","0","0","0","0","6","0","","02","10","2006","3","40.412571","-79.856331","","11","0","0","0","0","1","1","0","0","","0","0","0","","","1","","1","","40 24:45.254","","0","79 51:22.791","4","0","0","0","2411","0","0","0","N","0","0","0","2","02411","1","","1.0","","1","N","N","","1","","0","0","0","","3","","","2","1","0","0","0","0","0","2","0","2","","","","N","","","","","","","","","",""
"2006099491","","0","0","0","0","0","0","0","0","0","4","0","","02","10","2006","2","","","","11","0","1","0","0","0","0","0","0","","0","0","0","","","0","","0","","","","0","","0","0","0","0","2440","0","0","0","N","0","0","0","3","02440","0","","1.0","","1","N","N","","1","","0","0","0","","0","","","2","0","0","0","0","0","0","1","1","2","","","","N","","","","","","","","","",""
"2006099500","","1","0","0","0","0","0","0","0","0","1","1","","02","10","2006","2","40.2171","-79.8426","","11","0","0","0","0","0","0","0","0","1","0","1","0","","","0","","1","","40 13:01.560","1","8","79 50:33.360","0","0","0","0","2204","0","0","0","N","0","0","0","2","02204","0","","1.0","","1","N","N","","0","","0","0","0","","0","Y","","2","0","0","0","0","0","0","2","0","2","","","","N","","","","","","","","","",""
"2006099508","","1","0","0","0","0","0","0","0","0","7","0","","02","9","2006","6","40.2758","-79.8924","","11","0","0","0","1","0","0","0","0","3","0","0","0","","","0","","0","","40 16:32.880","1","0","79 53:32.640","0","0","0","0","2440","0","0","0","N","0","0","0","1","02440","0","","2.0","","1","N","N","","0","","0","0","0","","0","N","","1","0","0","0","0","0","0","2","0","1","","","","N","","","","","","","","","",""
"2006099510","","1","0","0","0","0","0","0","0","0","2","0","","02","9","2006","4","","","","11","0","0","0","0","0","1","0","0","","0","0","0","","","1","","0","","","","0","","4","0","0","0","2411","0","0","0","Y","0","0","0","1","02411","1","","6.0","","9","N","N","","1","","0","0","0","","0","","","2","1","0","0","0","0","0","1","0","2","","","","N","","","","","","","","","",""
"2006099531","","2","0","1","0","0","0","0","0","0","7","0","","02","10","2006","2","40.523333","-80.177076","","11","0","0","0","0","0","0","0","1","","0","0","0","","","1","","1","","40 31:24.000","","0","80 10:37.475","2","0","0","0","2213","0","0","0","N","0","0","0","2","02213","0","","5.0","","1","N","N","","0","","0","1","1","","2","","","3","1","0","0","0","0","0","2","0","3","","","","N","","","","","","","","","",""
"2006099532","","1","0","0","0","0","0","0","0","0","1","0","","02","9","2006","7","","","","11","0","0","0","0","0","1","0","0","","0","0","0","","","0","","2","","","","0","","0","0","0","0","2213","0","0","0","N","0","0","0","3","02213","0","","1.0","","9","N","N","","0","","0","0","1","","2","","","2","0","0","0","0","0","0","1","0","2","","","","N","","","","","","","","","",""
"2006099561","","2","0","0","0","0","0","0","0","0","1","0","","02","10","2006","3","40.34","-79.9673","","11","0","0","0","1","0","0","0","1","1","0","0","0","","","1","","2","","40 20:24.000","3","0","79 58:02.281","3","0","0","0","2454","0","0","0","N","0","0","0","3","02454","0","","1.0","","1","N","N","","0","","1","0","0","","2","N","","2","1","0","0","0","0","0","2","0","2","","","","N","","","","","","","","","",""
"2006099562","","1","0","0","0","0","0","0","0","0","4","0","","02","10","2006","4","40.325","-79.943973","","11","0","0","0","0","0","0","0","0","1","0","0","0","","","0","","0","","40 19:30.000","2","0","79 56:38.301","0","0","0","0","2454","0","0","0","N","0","0","0","4","02454","0","","1.0","","1","N","N","","1","","0","0","0","","0","N","","2","0","1","0","0","0","0","2","0","2","","","","N","","","","","","","","","",""
"2006099564","","0","0","0","0","0","0","0","0","0","0","0","","02","9","2006","2","40.483026","-79.941443","","11","0","0","0","0","0","0","0","0","2","0","0","0","","","1","","0","","40 28:58.892","1","0","79 56:29.196","3","0","0","0","2301","0","0","0","N","0","0","0","1","02301","0","","1.0","","1","N","N","","1","","1","0","0","","0","N","","1","1","0","0","0","0","0","2","0","1","","","","N","","","","","","","","","",""
"2006099582","","1","0","0","0","0","0","0","0","0","7","0","","02","9","2006","1","","","","11","0","0","0","0","0","0","0","0","","0","0","0","","","0","","0","","","","0","","9","0","0","0","2301","0","0","0","N","0","0","0","1","02301","0","","5.0","","1","N","N","","0","","0","0","0","","0","","","1","0","0","0","0","0","1","1","0","1","","","","N","","","","","","","","","",""
"2006099585","","2","0","0","0","0","0","0","0","0","4","0","","02","9","2006","1","40.448238","-80.00054","","11","0","0","0","0","1","0","0","0","","0","0","0","","","1","","2","","40 26:53.656","","0","80 00:01.944","4","0","0","0","2301","0","0","0","N","0","0","0","2","02301","1","","1.0","","1","N","N","","0","","0","0","0","","1","","","2","1","0","0","0","0","0","2","0","2","","","","N","","","","","","","","","",""
"2006099586","","2","0","0","0","0","0","0","0","0","6","0","","02","9","2006","6","40.485278","-80.009426","","11","0","0","0","0","0","1","0","0","","0","0","0","","","2","","5","","40 29:07.000","","0","80 00:33.935","4","0","0","0","2301","0","0","0","N","0","0","0","4","02301","2","","1.0","","1","N","N","","0","","0","0","0","","2","","","2","2","0","0","0","0","0","2","0","2","","","","N","","","","","","","","","",""
"2006099587","","2","0","0","0","0","0","0","0","0","4","0","","02","9","2006","6","","","","11","0","0","0","1","0","0","0","0","","0","0","0","","","0","","1","","","","0","","0","0","0","0","2301","0","0","0","N","0","0","0","2","02301","0","","1.0","","1","N","N","","0","","0","0","0","","2","","","2","0","0","0","0","0","0","1","0","2","","","","N","","","","","","","","","",""
"2006099589","","1","0","0","0","0","0","0","0","0","7","0","","02","9","2006","6","40.478781","-80.030995","","11","0","0","0","0","0","0","0","0","1","0","0","0","","","1","","0","","40 28:43.611","7","0","80 01:51.582","4","0","0","0","2301","0","0","0","N","0","0","0","1","02301","1","","5.0","","9","N","N","","0","","0","0","0","","0","Y","","1","1","0","0","0","0","0","2","0","1","","","","N","","","","","","","","","",""
"2006099590","","0","0","0","0","0","0","0","0","0","0","0","","02","9","2006","2","40.444447","-80.028901","","11","0","0","0","0","0","0","0","0","","0","0","0","","","1","","10","","40 26:40.010","","0","80 01:44.045","4","0","0","1","2301","0","0","0","N","0","0","0","1","02301","1","","1.0","","1","N","N","","0","","0","0","0","","3","","","2","1","0","0","0","0","0","2","0","1","","","","N","","","","","","","","","",""
"2006099619","","2","0","0","0","0","0","0","0","0","1","0","","02","9","2006","7","40.354722","-80.036409","","11","0","0","0","0","0","1","0","0","2","0","0","0","","","0","","1","","40 21:17.000","4","0","80 02:11.074","0","0","0","0","2109","0","0","0","N","0","0","0","2","02109","0","","1.0","","1","N","N","","0","","0","0","0","","2","N","","2","0","0","0","0","0","0","2","0","2","","","","N","","","","","","","","","",""
"2006099683","","1","0","0","0","0","0","0","0","0","2","0","","02","9","2006","4","40.315556","-79.831515","","11","0","0","0","0","0","1","0","1","","0","0","0","","","1","","1","","40 18:56.000","","0","79 49:53.455","4","0","0","0","2469","0","0","0","N","0","0","0","2","02469","1","","1.0","","1","N","N","","0","","0","0","1","","2","","","2","1","0","0","0","0","0","2","0","2","","","","N","","","","","","","","","",""
"2006099715","","2","0","0","0","0","0","0","0","0","4","0","","02","9","2006","5","","","","11","0","0","0","0","0","1","1","0","","0","0","0","","","0","","5","","","","0","","0","0","0","0","2301","0","0","0","N","0","0","0","3","02301","0","","1.0","","1","N","N","","0","","0","0","0","","2","","","2","0","0","0","0","0","0","1","0","2","","","","N","","","","","","","","","",""
"2006099716","","0","0","0","0","0","0","0","0","0","7","0","","02","9","2006","1","40.4112","-80.0809","","11","0","0","0","0","0","0","0","0","","0","0","0","","","0","","0","","40 24:40.320","","0","80 04:51.240","0","0","0","0","2301","0","0","0","N","0","0","0","2","02301","0","","5.0","","1","N","N","","1","","0","0","0","","0","","","1","0","0","0","0","0","0","2","0","1","","","","N","","","","","","","","","",""
"2006099717","","1","0","0","0","0","0","0","0","0","4","0","","02","9","2006","7","","","","11","0","0","0","0","0","0","0","0","","0","0","0","","","0","","1","","","","0","","0","0","0","0","2301","0","0","0","N","0","0","0","6","02301","0","","1.0","","9","N","N","","1","","0","0","0","","0","","","2","0","0","0","0","0","0","1","0","2","","","","N","","","","","","","","","",""
"2006099718","","2","0","0","0","0","0","0","0","0","4","0","","02","9","2006","1","40.437778","-80.04949","","11","0","0","0","0","0","0","0","0","","0","0","0","","","2","","2","","40 26:16.000","","0","80 02:58.165","4","0","0","0","2301","0","0","0","N","0","0","0","2","02301","1","","1.0","","1","N","N","","0","","0","0","0","","0","","","2","2","0","0","0","1","0","2","0","2","","","","N","","","","","","","","","",""
"2006099719","","2","0","0","0","0","0","0","0","0","1","0","","02","9","2006","2","40.397064","-79.998809","","11","0","0","0","0","0","0","0","0","2","0","0","0","","","0","","0","","40 23:49.431","4","0","79 59:55.711","9","0","0","0","2301","0","0","0","N","0","0","0","3","02301","0","","1.0","","1","N","N","","0","","0","0","1","","0","N","","3","0","0","0","0","0","1","2","0","3","","","","N","","","","","","","","","",""
"2006099720","","1","0","0","0","0","0","0","0","0","7","0","","02","9","2006","2","40.427065","-80.013148","","11","0","0","0","0","0","0","0","0","1","0","0","0","","","0","","1","","40 25:37.434","2","0","80 00:47.332","9","0","0","0","2301","0","0","0","","0","0","0","2","02301","0","","2.0","","9","","N","","0","","0","0","0","","3","N","","1","0","0","0","0","0","2","2","0","1","","","","N","","","","","","","","","",""
"2006099723","","2","0","0","0","0","0","0","0","0","1","0","","02","9","2006","2","40.4486","-80.0131","","11","0","0","0","0","0","0","0","1","1","0","0","0","","","1","","0","","40 26:54.960","2","0","80 00:47.160","8","0","0","0","2301","0","0","0","N","0","0","0","2","02301","0","","1.0","","1","N","N","","0","","0","0","0","","0","N","","2","1","0","0","0","1","0","2","0","2","","","","N","","","","","","","","","",""
"2006099724","","2","0","0","0","0","0","0","0","0","4","0","","02","9","2006","7","40.476057","-80.036477","","11","0","0","0","0","0","0","0","0","","0","0","0","","","0","","0","","40 28:33.805","","0","80 02:11.317","0","0","0","0","2301","0","0","0","N","0","0","0","1","02301","0","","2.0","","1","N","N","","0","","0","0","1","","0","","","3","0","0","0","0","0","0","2","0","3","","","","N","","","","","","","","","",""
"2006099725","","2","0","0","0","0","0","0","0","0","2","0","","02","9","2006","1","40.448652","-80.002304","","11","0","0","0","0","0","0","1","0","","0","0","0","","","0","","1","","40 26:55.147","","0","80 00:08.294","0","0","0","0","2301","0","0","0","N","0","0","0","3","02301","0","","1.0","","1","N","N","","0","","0","0","0","","2","","","2","0","0","0","0","0","0","2","0","2","","","","N","","","","","","","","","",""
"2006099726","","1","0","0","0","0","0","0","0","0","7","0","","02","9","2006","1","40.478889","-80.043019","","11","0","0","0","0","0","1","0","0","","0","0","0","","","0","","1","","40 28:44.000","","0","80 02:34.869","0","0","0","0","2301","0","0","0","N","0","0","0","1","02301","0","","4.0","","1","N","N","","0","","0","0","0","","2","","","1","0","0","0","0","0","0","2","0","1","","","","N","","","","","","","","","",""
"2006099727","","2","0","0","0","0","0","0","0","0","5","0","","02","9","2006","2","40.439204","-79.919488","","11","0","0","0","0","0","1","0","0","","0","0","0","","","0","","0","","40 26:21.134","","0","79 55:10.156","0","0","0","0","2301","0","0","0","N","0","0","0","2","02301","0","","2.0","","1","N","N","","0","","0","0","0","","0","","","2","0","0","0","0","0","0","2","0","2","","","","N","","","","","","","","","",""
"2006099728","","1","0","0","0","0","0","0","0","0","0","0","","02","9","2006","4","40.418377","-79.936327","","11","0","0","0","0","0","0","0","0","1","0","0","0","","","0","","0","","40 25:06.157","2","0","79 56:10.777","0","0","0","0","2301","0","0","0","N","0","0","0","2","02301","0","","1.0","","1","N","N","","0","","0","0","1","","0","N","","2","0","0","0","0","0","0","2","0","2","","","","N","","","","","","","","","",""
"2006099729","","1","0","0","0","0","0","1","0","0","1","1","","02","9","2006","4","40.445721","-79.956418","","11","0","0","0","0","0","1","0","0","","0","0","0","","","1","","1","","40 26:44.595","","0","79 57:23.104","4","0","0","0","2301","0","0","0","N","0","0","0","2","02506","1","","1.0","","1","N","N","","0","","0","0","0","","2","","","2","1","0","0","0","0","0","2","0","2","","","","N","","","","","","","","","",""
"2006099730","","1","0","0","0","0","0","0","0","0","1","0","","02","9","2006","6","40.468748","-79.92751","","11","0","0","0","0","0","1","0","0","","0","0","0","","","0","","2","","40 28:07.492","","0","79 55:39.036","0","0","0","0","2301","0","0","0","N","0","0","0","2","02301","0","","1.0","","1","N","N","","1","","0","0","0","","2","","","2","0","0","0","0","0","0","2","0","2","","","","N","","","","","","","","","",""
"2006099731","","1","0","0","0","0","0","0","0","0","8","0","","02","9","2006","7","40.46111","-79.948012","","11","0","0","0","0","0","0","0","0","","0","0","0","","","1","","0","","40 27:39.996","","0","79 56:52.843","4","0","0","0","2301","1","0","0","N","1","0","0","2","02301","1","","1.0","","9","N","N","","0","","0","0","0","","2","","","2","1","0","0","0","0","0","2","0","1","","","","N","","","","","","","","","",""
"2006099732","","2","0","0","0","0","0","0","0","0","4","0","","02","9","2006","7","40.462315","-79.931416","","11","0","0","0","0","0","0","0","0","3","0","0","0","","","0","","2","","40 27:44.334","1","0","79 55:53.097","0","0","0","0","2301","0","0","0","N","0","0","0","1","02301","0","","1.0","","9","N","N","","0","","0","0","0","","0","N","","2","0","0","0","0","0","0","2","0","2","","","","N","","","","","","","","","",""
"2006099733","","1","0","0","0","0","0","0","0","0","7","0","","02","9","2006","7","40.452654","-79.936705","","11","0","0","0","0","0","0","1","0","","0","0","0","","","1","","0","","40 27:09.554","","0","79 56:12.138","8","0","0","0","2301","0","0","0","N","0","0","0","2","02301","0","","4.0","","1","N","N","","0","","0","0","0","","0","","","1","1","0","0","0","1","0","2","0","1","","","","N","","","","","","","","","",""
"2006099734","","1","0","0","0","0","0","0","0","0","7","0","","02","9","2006","7","40.480486","-79.941117","","11","0","0","0","0","0","1","0","0","2","0","0","0","","","1","","0","","40 28:49.749","6","0","79 56:28.021","4","0","0","0","2301","0","0","0","N","0","0","0","1","02301","1","","5.0","","9","N","N","","0","","0","0","0","","0","Y","","1","1","0","0","0","0","0","2","0","1","","","","N","","","","","","","","","",""
"2006099735","","1","0","0","0","0","0","0","0","0","7","0","","02","9","2006","6","40.437115","-79.996748","","11","0","0","0","0","0","0","0","0","1","0","0","0","","","0","","0","","40 26:13.614","2","0","79 59:48.292","0","0","0","0","2301","0","0","0","N","0","0","0","1","02301","0","","5.0","","1","N","N","","0","","0","0","0","","0","N","","1","0","0","0","0","0","0","2","0","1","","","","N","","","","","","","","","",""
"2006099736","","1","0","0","0","0","0","0","0","0","7","0","","02","9","2006","6","","","","11","0","0","0","0","1","0","0","0","","0","0","0","","","0","","2","","","","0","","0","0","0","0","2301","0","0","0","N","0","0","0","2","02301","0","","4.0","","1","N","N","","0","","0","0","0","","1","","","1","0","0","0","0","0","0","1","0","1","","","","N","","","","","","","","","",""
"2006099737","","0","0","0","0","0","0","0","0","0","7","0","","02","9","2006","7","","","","11","0","0","0","0","1","0","0","0","2","0","0","0","","","0","","1","","","2","0","","0","0","0","0","2301","0","0","0","N","0","0","0","1","02301","0","","5.0","","9","N","N","","0","","0","0","1","","2","Y","","1","0","0","0","0","0","0","1","0","1","","","","N","","","","","","","","","",""
"2006099738","","5","0","0","0","0","0","0","0","0","1","0","","02","9","2006","7","40.486807","-79.941682","","11","0","0","0","0","0","0","0","0","","0","0","0","","","0","","0","","40 29:12.505","","0","79 56:30.054","0","0","0","0","2301","0","0","0","N","0","0","0","2","02301","0","","1.0","","9","N","N","","0","","0","0","0","","0","","","5","0","0","0","0","0","0","2","0","5","","","","N","","","","","","","","","",""
"2006099739","","2","0","0","0","0","0","0","0","0","4","0","","02","9","2006","7","","","","11","0","0","0","0","0","0","1","0","1","0","0","0","","","0","","2","","","2","0","","0","0","0","0","2301","0","0","0","N","0","0","0","2","02301","0","","1.0","","9","N","N","","0","","0","0","0","","3","N","","2","0","0","0","0","0","0","1","0","2","","","","N","","","","","","","","","",""
"2006099740","","1","0","0","0","0","0","0","0","0","8","0","","02","9","2006","3","40.444884","-79.977446","","11","0","0","0","0","0","0","0","0","","0","0","0","","","1","","0","","40 26:41.583","","0","79 58:38.804","3","0","0","0","2301","1","0","0","N","1","0","0","2","02301","0","","1.0","","9","N","N","","0","","1","0","0","","0","","","2","1","0","0","0","0","0","2","0","1","","","","N","","","","","","","","","",""
"2006099741","","2","0","0","0","0","0","0","0","0","5","0","","02","9","2006","2","40.452969","-79.963344","","11","0","0","0","0","1","0","0","0","","0","0","0","","","0","","0","","40 27:10.688","","0","79 57:48.038","0","0","0","0","2301","0","0","0","N","0","0","0","2","02301","0","","6.0","","1","N","N","","0","","0","0","0","","0","","","2","0","0","0","0","0","0","2","0","2","","","","N","","","","","","","","","",""
"2006099742","","1","0","0","1","0","0","0","0","0","8","0","","02","9","2006","1","","","","11","0","0","0","0","0","0","0","1","1","0","0","0","","","1","","0","","","4","0","","4","0","0","0","2302","1","0","0","N","0","0","0","3","02301","1","","1.0","","1","N","N","","0","","0","0","0","","0","N","","2","1","0","0","0","0","0","1","0","1","","","","N","","","","","","","","","",""
"2006099744","","2","0","0","0","0","0","0","0","0","1","0","","02","9","2006","5","40.550278","-80.037129","","11","0","0","0","0","0","1","1","0","","0","0","0","","","0","","2","","40 33:01.000","","0","80 02:13.664","0","0","0","0","2108","0","0","0","N","0","0","0","3","02108","0","","1.0","","1","N","N","","0","","0","0","0","","0","","","2","0","0","0","0","0","0","2","0","2","","","","N","","","","","","","","","",""
"2006099745","","2","0","0","0","0","0","0","0","0","7","0","","02","9","2006","3","40.545556","-80.193944","","11","0","0","0","0","0","0","0","0","","0","0","0","","","0","","1","","40 32:44.000","","0","80 11:38.200","0","0","0","1","2427","0","0","0","N","0","0","0","3","02427","0","","4.0","","1","N","N","","0","","0","0","0","","2","","","3","0","1","0","0","0","0","2","0","3","","","","N","","","","","","","","","",""
"2006099793","","2","0","0","0","0","0","0","0","0","4","0","","02","9","2006","6","40.448933","-80.000739","","11","0","0","0","0","0","0","0","0","","0","0","0","","","0","","1","","40 26:56.157","","0","80 00:02.660","0","0","0","0","2301","0","0","0","N","0","0","0","4","02301","0","","1.0","","1","N","N","","0","","0","0","0","","2","","","2","0","0","0","0","0","0","2","0","2","","","","N","","","","","","","","","",""
"2006099825","","2","0","0","0","0","0","0","0","0","4","0","","02","9","2006","1","40.401944","-79.775215","","11","0","0","0","0","0","0","0","0","","0","0","0","","","0","","2","","40 24:07.000","","0","79 46:30.775","0","0","0","0","2453","0","0","0","N","0","0","0","3","02453","0","","1.0","","1","N","N","","0","","0","0","0","","3","","","2","0","2","0","0","0","0","2","0","2","","","","N","","","","","","","","","",""
"2006099832","","1","0","0","0","0","0","0","0","0","1","0","","02","9","2006","7","40.447726","-80.178568","","11","0","0","0","0","0","0","0","0","","0","0","0","","","0","","2","","40 26:51.813","","0","80 10:42.844","0","0","0","0","2214","0","0","0","N","0","0","0","3","02214","0","","1.0","","9","N","N","","1","","0","0","0","","3","","","2","0","0","0","0","0","0","2","0","2","","","","N","","","","","","","","","",""
"2006099868","","1","0","0","0","0","0","0","0","0","1","0","","02","9","2006","6","40.555","-80.021","","11","0","0","0","0","0","1","1","0","1","0","0","0","","","2","","0","","40 33:18.000","4","0","80 01:15.600","8","0","0","0","2108","0","0","0","N","0","0","0","2","02108","0","","1.0","","1","N","N","","1","","0","0","0","","0","N","","2","2","1","0","0","2","0","2","0","2","","","","N","","","","","","","","","",""
"2006099869","","1","0","0","0","0","0","0","0","0","4","0","","02","9","2006","6","40.558889","-80.039644","","11","0","0","0","0","0","0","1","0","","0","0","0","","","1","","2","","40 33:32.000","","0","80 02:22.719","8","0","0","0","2108","0","0","0","N","0","0","0","3","02108","0","","1.0","","1","N","N","","1","","0","0","0","","0","","","2","1","1","0","0","1","0","2","0","2","","","","N","","","","","","","","","",""
"2006099870","","1","0","0","0","0","0","0","0","0","7","0","","02","9","2006","2","","","","11","0","0","0","0","0","0","0","0","","0","0","0","","","0","","0","","","","0","","0","0","0","0","2108","0","0","0","N","0","0","0","2","02108","0","","4.0","","1","N","N","","0","","0","0","0","","0","","","1","0","0","0","0","0","0","1","0","1","","","","N","","","","","","","","","",""
"2006099871","","0","0","0","0","0","0","0","0","0","1","0","","02","9","2006","7","40.607778","-80.052264","","11","0","0","0","0","0","1","0","0","","0","0","0","","","0","","2","","40 36:28.000","","0","80 03:08.150","0","0","0","0","2108","0","0","0","N","0","0","0","4","02108","0","","1.0","","1","N","N","","1","","0","0","0","","0","","","2","0","0","0","0","0","0","2","1","2","","","","N","","","","","","","","","",""
"2006099872","","0","0","0","0","0","0","0","0","0","4","1","","02","9","2006","6","40.606111","-80.051451","","11","0","0","0","0","0","2","0","0","2","0","1","0","","","1","","0","","40 36:22.000","5","0","80 03:05.225","3","0","0","0","2108","0","0","0","N","0","0","0","2","02108","0","","1.0","","1","N","N","","0","","1","0","1","","0","Y","","2","1","0","0","0","0","0","2","0","2","","","","N","","","","","","","","","",""
"2006099882","","1","0","0","0","0","0","0","0","0","7","0","","02","9","2006","1","40.2802","-80.0013","","11","0","0","0","0","0","0","0","0","","0","0","0","","","1","","2","","40 16:48.720","","0","80 00:04.680","4","0","0","0","2219","0","0","0","N","0","0","0","2","02219","1","","2.0","","1","N","N","","0","","0","0","0","","3","","","1","1","0","0","0","0","0","2","0","1","","","","N","","","","","","","","","",""
"2006099891","","3","0","0","0","0","0","0","0","0","4","0","","02","9","2006","4","40.447575","-80.179739","","11","0","0","0","0","0","1","0","0","","0","0","0","","","0","","0","","40 26:51.269","","0","80 10:47.060","0","0","0","0","2214","0","0","0","N","0","0","0","3","02214","0","","1.0","","9","N","N","","0","","0","0","0","","0","","","3","0","0","0","0","0","0","2","0","3","","","","N","","","","","","","","","",""
"2006099917","","1","0","0","0","0","0","0","0","0","4","0","","02","9","2006","3","40.516944","-80.160538","","11","0","0","0","0","0","0","1","1","1","0","0","0","","","2","","1","","40 31:01.000","1","0","80 09:37.937","8","0","0","0","2420","0","0","0","N","0","0","0","2","02420","0","","1.0","","1","N","N","","0","","0","0","0","","2","N","","2","2","0","0","0","2","0","2","1","2","","","","N","","","","","","","","","",""
"2006099918","","1","0","0","0","0","0","0","0","0","8","0","","02","9","2006","6","","","","11","0","0","0","0","0","0","0","0","","0","0","0","","","1","","0","","","","0","","4","0","0","0","2420","1","0","0","N","1","0","0","3","02420","1","","1.0","","1","N","N","","0","","0","0","0","","0","","","2","1","0","0","0","0","0","1","0","1","","","","N","","","","","","","","","",""
"2006099936","","2","0","0","0","0","0","0","0","0","4","0","","02","9","2006","2","40.469167","-79.823689","","11","0","0","0","0","0","1","0","0","1","0","0","0","","","0","","2","","40 28:09.000","1","0","79 49:25.280","0","0","0","0","2113","0","0","0","N","0","0","0","2","02113","0","","1.0","","1","N","N","","0","","0","0","0","","3","N","","2","0","0","0","0","0","0","2","0","2","","","","N","","","","","","","","","",""
"2006099937","","2","0","0","0","0","0","0","0","0","0","0","","02","9","2006","4","40.446111","-79.827915","","11","0","0","0","0","0","2","0","0","","0","0","0","","","1","","1","","40 26:46.000","","0","79 49:40.493","4","0","0","0","2113","0","0","0","N","0","0","0","2","02113","1","","1.0","","1","N","N","","0","","0","0","0","","2","","","2","1","0","0","0","0","0","2","0","2","","","","N","","","","","","","","","",""
"2006099938","","0","0","0","0","0","0","0","0","0","4","0","","02","9","2006","5","40.476216","-79.848378","","11","0","0","0","0","0","1","1","0","","0","0","0","","","1","","0","","40 28:34.378","","0","79 50:54.159","4","0","0","0","2113","0","0","0","N","0","0","0","2","02113","1","","2.0","","1","N","N","","1","","0","0","0","","0","","","2","1","0","0","0","0","0","2","1","2","","","","N","","","","","","","","","",""
"2006099939","","2","0","0","0","0","0","0","0","0","4","0","","02","9","2006","1","40.475278","-79.848347","","11","0","0","0","0","0","0","1","0","2","0","0","0","","","1","","3","","40 28:31.000","3","0","79 50:54.048","3","0","0","0","2113","0","0","0","N","0","0","0","3","02113","0","","1.0","","1","N","N","","0","","1","0","0","","3","N","","2","1","1","0","0","0","0","2","0","2","","","","N","","","","","","","","","",""
"2006099940","","2","0","0","0","0","0","0","0","0","4","0","","02","9","2006","1","40.4775","-79.842536","","11","0","0","0","0","0","0","1","0","","0","0","0","","","0","","3","","40 28:39.000","","0","79 50:33.128","0","0","0","0","2113","0","0","0","N","0","0","0","3","02113","0","","1.0","","1","N","N","","0","","0","0","0","","3","","","2","0","0","0","0","0","0","2","0","2","","","","N","","","","","","","","","",""