"CRN","ARRIVAL_TM","AUTOMOBILE_COUNT","BELTED_DEATH_COUNT","BELTED_SUSP_SERIOUS_INJ_COUNT","BICYCLE_COUNT","BICYCLE_DEATH_COUNT","BICYCLE_SUSP_SERIOUS_INJ_COUNT","BUS_COUNT","CHLDPAS_DEATH_COUNT","CHLDPAS_SUSP_SERIOUS_INJ_COUNT","COLLISION_TYPE","COMM_VEH_COUNT","CONS_ZONE_SPD_LIM","COUNTY","CRASH_MONTH","CRASH_YEAR","DAY_OF_WEEK","DEC_LATITUDE","DEC_LONGITUDE","DISPATCH_TM","DISTRICT","DRIVER_COUNT_16YR","DRIVER_COUNT_17YR","DRIVER_COUNT_18YR","DRIVER_COUNT_19YR","DRIVER_COUNT_20YR","DRIVER_COUNT_50_64YR","DRIVER_COUNT_65_74YR","DRIVER_COUNT_75PLUS","EST_HRS_CLOSED","FATAL_COUNT","HEAVY_TRUCK_COUNT","HORSE_BUGGY_COUNT","HOUR_OF_DAY","ILLUMINATION","INJURY_COUNT","INTERSECTION_RELATED","INTERSECT_TYPE","LANE_CLOSED","LATITUDE","LN_CLOSE_DIR","LOCATION_TYPE","LONGITUDE","MAX_SEVERITY_LEVEL","MCYCLE_DEATH_COUNT","MCYCLE_SUSP_SERIOUS_INJ_COUNT","MOTORCYCLE_COUNT","MUNICIPALITY","NONMOTR_COUNT","NONMOTR_DEATH_COUNT","NONMOTR_SUSP_SERIOUS_INJ_COUNT","NTFY_HIWY_MAINT","PED_COUNT","PED_DEATH_COUNT","PED_SUSP_SERIOUS_INJ_COUNT","PERSON_COUNT","POLICE_AGCY","POSSIBLE_INJ_COUNT","RDWY_SURF_TYPE_CD","RELATION_TO_ROAD","ROADWAY_CLEARED","ROAD_CONDITION","SCH_BUS_IND","SCH_ZONE_IND","SECONDARY_CRASH","SMALL_TRUCK_COUNT","SPEC_JURIS_CD","SUSP_MINOR_INJ_COUNT","SUSP_SERIOUS_INJ_COUNT","SUV_COUNT","TCD_FUNC_CD","TCD_TYPE","TFC_DETOUR_IND","TIME_OF_DAY","TOTAL_UNITS","TOT_INJ_COUNT","UNBELTED_OCC_COUNT","UNB_DEATH_COUNT","UNB_SUSP_SERIOUS_INJ_COUNT","UNK_INJ_DEG_COUNT","UNK_INJ_PER_COUNT","URBAN_RURAL","VAN_COUNT","VEHICLE_COUNT","WEATHER1","WEATHER2","WORKERS_PRES","WORK_ZONE_IND","WORK_ZONE_LOC","WORK_ZONE_TYPE","WZ_CLOSE_DETOUR","WZ_FLAGGER","WZ_LAW_OFFCR_IND","WZ_LN_CLOSURE","WZ_MOVING","WZ_OTHER","WZ_SHLDER_MDN","WZ_WORKERS_INJ_KILLED"
"2006100831","","1","0","0","0","0","0","0","0","0","7","0","","02","9","2006","7","","","","11","0","0","0","0","0","0","0","0","1","0","0","0","","","0","","0","","40 25:37.20","4","0","79 55:10.20","0","0","0","0","2301","0","0","0","N","0","0","0","1","68B03","0","","4.0","","9","N","N","","0","","0","0","0","","0","N","","1","0","0","0","0","0","0","2","0","1","","","","N","","","","","","","","","",""
"2006100832","","4","0","0","0","0","0","0","0","0","1","0","","02","8","2006","3","","","","11","0","0","1","0","0","1","0","0","","0","0","0","","","0","","0","","40 26:00.96","","0","80 08:31.92","0","0","0","0","2102","0","0","0","N","0","0","0","5","68B03","0","","1.0","","1","N","N","","0","","0","0","0","","0","","","4","0","0","0","0","0","0","2","0","4","","","","N","","","","","","","","","",""
"2006100833","","0","0","0","0","0","0","0","0","0","7","0","","02","9","2006","1","","","","11","0","0","0","0","0","0","0","0","","0","0","0","","","1","","0","","40 26:02.76","","0","79 59:41.28","2","0","0","0","2301","0","0","0","N","0","0","0","1","68B03","0","","2.0","","9","N","N","","0","","0","1","1","","0","","","1","1","1","0","1","0","0","2","0","1","","","","N","","","","","","","","","",""
"2006100834","","3","0","0","0","0","0","0","0","0","1","0","","02","9","2006","3","","","","11","0","0","0","0","0","1","1","0","1","0","0","0","","","1","","0","","40 25:06.60","2","0","80 05:18.96","4","0","0","0","2117","0","0","0","N","0","0","0","4","68B03","1","","1.0","","9","N","N","","0","","0","0","0","","0","N","","3","1","1","0","0","0","0","2","0","3","","","","N","","","","","","","","","",""
"2006100835","","3","0","0","0","0","0","0","0","0","1","0","","02","9","2006","3","","","","11","0","0","0","0","0","2","0","0","","0","0","0","","","0","","0","","40 25:06.60","","0","80 05:20.04","0","0","0","0","2415","0","0","0","N","0","0","0","8","68B03","0","","1.0","","9","N","N","","1","","0","0","1","","0","","","5","0","0","0","0","0","0","2","0","5","","","","N","","","","","","","","","",""
"2006100836","","1","0","0","0","0","0","0","0","0","1","0","","02","9","2006","4","","","","11","0","0","0","0","0","0","0","0","1","0","0","0","","","1","","6","","40 26:55.32","1","2","80 00:24.84","4","0","0","0","2301","0","0","0","N","0","0","0","2","68B03","1","","1.0","","1","N","N","","1","","0","0","0","","4","N","","2","1","0","0","0","0","0","2","0","2","","","","N","","","","","","","","","",""
"2006100837","","2","0","0","0","0","0","0","0","0","1","0","","02","9","2006","1","","","","11","0","0","0","0","0","1","0","0","","0","0","0","","","0","","0","","40 25:37.20","","0","79 55:10.20","9","0","0","0","2301","0","0","0","N","0","0","0","5","68B03","0","","1.0","","1","N","N","","0","","0","0","1","","0","","","3","0","0","0","0","0","1","2","0","3","","","","N","","","","","","","","","",""
"2006100838","","1","0","0","0","0","0","0","0","0","1","0","","02","9","2006","5","","","","11","0","0","0","0","0","1","0","0","","0","0","0","","","0","","0","","40 25:37.56","","0","79 53:29.40","0","0","0","0","2426","0","0","0","N","0","0","0","2","68B03","0","","1.0","","9","N","N","","0","","0","0","0","","0","","","2","0","0","0","0","0","0","2","1","2","","","","N","","","","","","","","","",""
"2006100839","","1","0","0","0","0","0","0","0","0","1","0","","02","9","2006","7","","","","11","0","0","0","0","0","2","0","0","","0","0","0","","","1","","0","","40 29:28.68","","0","80 00:35.64","4","0","0","0","2301","0","0","0","N","0","0","0","2","68B03","1","","1.0","","1","N","N","","1","","0","0","0","","4","","","2","1","0","0","0","0","0","2","0","2","","","","N","","","","","","","","","",""
"2006100840","","2","0","0","0","0","0","0","0","0","4","0","","02","8","2006","4","","","","11","0","0","0","0","0","0","0","0","","0","0","0","","","0","","0","","40 26:29.40","","0","79 49:42.60","0","0","0","0","2124","0","0","0","N","0","0","0","2","68B03","0","","1.0","","1","N","N","","0","","0","0","0","","0","","","2","0","0","0","0","0","0","2","0","2","","","","N","","","","","","","","","",""
"2006100885","","1","0","0","0","0","0","1","0","0","1","1","","02","9","2006","3","40.468","-79.825","","11","0","1","0","0","0","1","0","0","1","0","0","0","","","0","","0","","40 28:04.800","3","0","79 49:30.000","0","0","0","0","2113","0","0","0","N","0","0","0","6","02113","0","","1.0","","1","Y","N","","0","","0","0","0","","0","N","","2","0","0","0","0","0","0","2","0","2","","","","N","","","","","","","","","",""
"2006100900","","3","0","0","0","0","0","0","0","0","1","0","","02","9","2006","4","40.4313","-79.7297","","11","0","0","0","0","0","1","0","0","2","0","0","0","","","0","","0","","40 25:52.680","4","0","79 43:46.920","0","0","0","0","2446","0","0","0","N","0","0","0","4","02446","0","","1.0","","1","N","N","","0","","0","0","0","","0","N","","3","0","0","0","0","0","0","2","0","3","","","","N","","","","","","","","","",""
"2006100901","","1","0","0","0","0","0","0","0","0","0","0","","02","6","2006","5","","","","11","0","0","0","1","0","0","0","0","","0","0","0","","","0","","0","","","","0","","0","0","0","0","2446","0","0","0","","0","0","0","4","02446","0","","4.0","","1","N","N","","0","","0","0","0","","0","","","1","0","1","0","0","0","0","1","0","1","","","","N","","","","","","","","","",""
"2006100905","","3","0","0","0","0","0","0","0","0","1","0","","02","9","2006","5","40.428333","-79.729689","","11","0","0","0","0","0","1","0","0","1","0","0","0","","","1","","0","","40 25:42.000","3","0","79 43:46.882","8","0","0","0","2446","0","0","0","N","0","0","0","6","02446","0","","1.0","","1","N","N","","0","","0","0","1","","0","N","","4","1","0","0","0","1","0","2","0","4","","","","N","","","","","","","","","",""
"2006100922","","2","0","0","0","0","0","0","0","0","4","0","","02","10","2006","6","40.426937","-80.073285","","11","0","0","0","0","0","0","0","0","","0","0","0","","","0","","0","","40 25:36.973","","0","80 04:23.827","0","0","0","0","2421","0","0","0","N","0","0","0","1","02421","0","","1.0","","1","N","N","","0","","0","0","0","","0","","","2","0","0","0","0","0","0","2","0","2","","","","N","","","","","","","","","",""
"2006100955","","1","0","0","0","0","0","0","0","0","1","0","","02","8","2006","5","40.430556","-80.26414","","11","0","0","0","0","0","0","0","1","","0","0","0","","","1","","0","","40 25:50.000","","0","80 15:50.903","4","0","0","0","2214","0","0","0","N","0","0","0","4","68B03","1","","1.0","","1","N","N","","1","","0","0","0","","0","","","2","1","0","0","0","0","0","1","0","2","","","","N","","","","","","","","","",""
"2006100956","","1","0","0","0","0","0","0","0","0","1","1","50","02","7","2006","2","40.4208","-80.1045","","11","0","0","0","0","0","0","0","0","","0","1","0","","","0","","6","","40 25:14.880","","2","80 06:16.200","0","0","0","0","2102","0","0","0","N","0","0","0","2","68B03","0","","1.0","","1","N","N","","0","","0","0","0","","0","","","2","0","0","0","0","0","0","2","0","2","","","N","Y","3","1","","","N","","","","Y",""
"2006100958","","1","0","0","0","0","0","0","0","0","1","0","","02","8","2006","7","","","","11","0","0","0","0","0","1","1","0","","0","0","0","","","0","","3","","40 26:38.04","","0","79 50:26.16","0","0","0","0","2419","0","0","0","N","0","0","0","6","68B03","0","","1.0","","1","N","N","","0","","0","0","0","","0","","","2","0","0","0","0","0","0","2","1","2","","","","N","","","","","","","","","",""
"2006100959","","1","0","0","0","0","0","0","0","0","1","0","","02","8","2006","7","","","","11","0","0","0","0","0","0","0","0","","0","0","0","","","1","","0","","40 25:43.68","","0","80 01:45.48","8","0","0","0","2301","0","0","0","N","0","0","0","9","68B03","0","","1.0","","1","N","N","","1","","0","0","2","","0","","","4","1","0","0","0","1","0","2","0","4","","","","N","","","","","","","","","",""
"2006100960","","2","0","0","0","0","0","0","0","0","5","0","","02","8","2006","5","40.590833","-80.097591","","11","0","0","0","0","0","1","0","0","","0","0","0","","","0","","0","","40 35:27.000","","0","80 05:51.328","0","0","0","0","2481","0","0","0","N","0","0","0","5","68B03","0","","1.0","","1","N","N","","0","","0","0","0","","0","","","2","0","2","0","0","0","0","2","0","2","","","","N","","","","","","","","","",""
"2006100961","","0","0","0","0","0","0","0","0","0","7","0","","02","8","2006","1","","","","11","0","0","0","1","0","0","0","0","","0","0","0","","","0","","0","","40 24:39.60","","3","80 04:28.20","0","0","0","0","2117","0","0","0","N","0","0","0","2","68B03","0","","2.0","","9","N","N","","0","","0","0","1","","0","","","1","0","0","0","0","0","0","2","0","1","","","","N","","","","","","","","","",""
"2006100962","","0","0","0","0","0","0","0","0","0","5","1","","02","8","2006","4","","","","11","0","0","0","0","0","0","0","0","1","0","1","0","","","0","","0","","40 25:40.80","3","0","79 57:17.28","0","0","0","0","2301","0","0","0","N","0","0","0","2","68B03","0","","1.0","","9","N","N","","1","","0","0","0","","0","N","","2","0","0","0","0","0","0","2","0","2","","","","N","","","","","","","","","",""
"2006100963","","1","0","0","0","0","0","0","0","0","7","0","","02","9","2006","3","","","","11","0","0","0","0","0","0","0","0","1","0","0","0","","","0","","0","","40 26:17.16","2","0","80 00:45.72","0","0","0","0","2301","0","0","0","N","0","0","0","1","68B03","0","","2.0","","1","N","N","","0","","0","0","0","","0","N","","1","0","0","0","0","0","0","2","0","1","","","","N","","","","","","","","","",""
"2006100964","","1","0","0","0","0","0","0","0","0","1","0","","02","9","2006","7","","","","11","0","0","0","0","0","1","0","0","","0","0","0","","","0","","6","","40 24:42.48","","2","80 04:36.48","0","0","0","0","2415","0","0","0","N","0","0","0","6","68B03","0","","1.0","","1","N","N","","0","","0","0","1","","4","","","2","0","1","0","0","0","0","2","0","2","","","","N","","","","","","","","","",""
"2006101045","","1","0","0","0","0","0","0","0","0","1","0","","02","10","2006","6","40.488611","-79.740138","","11","1","0","0","0","0","0","0","0","1","0","0","0","","","1","","0","","40 29:19.000","1","0","79 44:24.495","8","0","0","0","2466","0","0","0","N","0","0","0","6","02466","0","","1.0","","1","N","N","","0","","0","0","1","","0","N","","2","1","0","0","0","1","0","2","0","2","","","","N","","","","","","","","","",""
"2006101069","","1","0","0","0","0","0","0","0","0","7","0","","02","10","2006","3","40.553056","-80.020591","","11","0","0","0","0","0","0","0","0","1","0","0","0","","","0","","0","","40 33:11.000","2","0","80 01:14.126","0","0","0","0","2116","0","0","0","N","0","0","0","2","02116","0","","2.0","","1","N","N","","1","","0","0","0","","0","N","","2","0","0","0","0","0","0","2","0","2","","","","N","","","","","","","","","",""
"2006101082","","1","0","0","0","0","0","0","0","0","7","0","","02","9","2006","6","40.54352","-79.959248","","11","0","0","0","0","0","0","1","0","","0","0","0","","","1","","10","","40 32:36.672","","7","79 57:33.292","4","0","0","0","2118","0","0","0","N","0","0","0","1","02118","1","","5.0","","1","N","N","","0","","0","0","0","","0","","","1","1","0","0","0","0","0","2","0","1","","","","N","","","","","","","","","",""
"2006101110","","0","0","0","0","0","0","0","0","0","1","0","","02","10","2006","3","40.661389","-80.004696","","11","0","0","0","0","0","0","0","0","1","0","0","0","","","1","","0","","40 39:41.000","3","0","80 00:16.905","3","0","0","0","2216","0","0","0","N","0","0","0","3","02505","0","","1.0","","1","N","N","","1","","1","0","1","","0","N","","2","1","1","0","0","0","0","1","0","2","","","","N","","","","","","","","","",""
"2006101156","","1","0","0","0","0","0","0","0","0","8","0","","02","9","2006","5","","","","11","0","0","0","0","0","1","0","0","1","0","0","0","","","1","","2","","","4","0","","8","0","0","0","2301","1","0","0","N","1","0","0","2","02301","0","","1.0","","1","N","N","","0","","0","0","0","","3","N","","2","1","0","0","0","1","0","1","0","1","","","","N","","","","","","","","","",""
"2006101171","","1","0","0","0","0","0","0","0","0","1","0","","02","8","2006","5","","","","11","0","0","0","0","0","0","1","0","","0","0","0","","","1","","0","","40 26:30.12","","0","79 51:27.36","4","0","0","0","2419","0","0","0","N","0","0","0","4","68B03","1","","1.0","","1","N","N","","0","","0","0","0","","0","","","2","1","0","0","0","0","0","2","1","2","","","","N","","","","","","","","","",""
"2006101192","","2","0","0","0","0","0","0","0","0","1","0","","02","9","2006","1","","","","11","0","0","0","0","0","0","0","0","2","0","0","0","","","1","","0","","40 25:37.20","3","4","79 55:10.20","3","0","0","0","2301","0","0","0","N","0","0","0","3","68B03","0","","1.0","","1","N","N","","0","","1","0","1","","0","N","","3","1","0","0","0","0","0","2","0","3","","","","N","","","","","","","","","",""
"2006101199","","1","0","0","0","0","0","0","0","0","7","0","","02","10","2006","6","40.403915","-80.096657","","11","0","0","0","0","0","1","0","0","3","0","0","0","","","0","","3","","40 24:14.094","5","0","80 05:47.965","0","0","0","0","2415","0","0","0","N","0","0","0","2","02415","0","","4.0","","1","N","N","","0","","0","0","1","","0","Y","","2","0","0","0","0","0","0","2","0","2","","","","N","","","","","","","","","",""
"2006101219","","0","0","0","0","0","0","0","0","0","7","0","","02","10","2006","4","40.311408","-79.942604","","11","1","0","0","0","0","0","0","0","3","0","0","0","","","2","","0","","40 18:41.068","6","0","79 56:33.374","4","0","0","0","2440","0","0","0","N","0","0","0","2","02440","2","","2.0","","9","N","N","","0","","0","0","1","","0","Y","","1","2","0","0","0","0","0","2","0","1","","","","N","","","","","","","","","",""
"2006101220","","1","0","2","0","0","0","0","0","0","2","0","","02","10","2006","2","40.570833","-79.947822","","11","0","0","0","0","0","0","0","1","3","0","0","0","","","5","","2","","40 34:15.000","6","0","79 56:52.160","2","0","0","0","2207","0","0","0","N","0","0","0","5","02207","2","","1.0","","1","N","N","","0","","1","2","1","","0","Y","","2","5","0","0","0","0","0","2","0","2","","","","N","","","","","","","","","",""
"2006101227","","1","0","0","0","0","0","0","0","0","1","0","","02","10","2006","7","40.6018","-79.9472","","11","0","0","0","0","0","0","1","0","1","0","0","0","","","0","","0","","40 36:06.480","2","0","79 56:49.920","0","0","0","0","2207","0","0","0","N","0","0","0","2","02207","0","","1.0","","1","N","N","","0","","0","0","1","","0","N","","2","0","0","0","0","0","0","2","0","2","","","","N","","","","","","","","","",""
"2006101229","","1","0","0","0","0","0","0","0","0","7","0","","02","10","2006","6","40.53176","-79.711265","","11","0","0","0","0","0","0","0","0","2","0","0","0","","","0","","0","","40 31:54.335","3","0","79 42:40.554","0","0","0","0","2466","0","0","0","N","0","0","0","1","02466","0","","2.0","","1","N","N","","0","","0","0","0","","0","N","","1","0","0","0","0","0","0","1","0","1","","","","N","","","","","","","","","",""
"2006101244","","2","0","0","0","0","0","0","0","0","1","0","","02","10","2006","7","40.438333","-79.831126","","11","0","0","1","0","0","0","0","0","1","0","0","0","","","0","","0","","40 26:18.000","3","0","79 49:52.054","0","0","0","0","2419","0","0","0","N","0","0","0","4","02419","0","","1.0","","1","N","N","","0","","0","0","0","","2","N","","2","0","0","0","0","0","0","2","0","2","","","","N","","","","","","","","","",""
"2006101252","","1","0","0","0","0","0","0","0","0","7","0","","02","10","2006","7","40.521465","-79.959629","","11","0","0","0","0","0","0","0","0","2","0","0","0","","","0","","0","","40 31:17.273","5","0","79 57:34.665","9","0","0","0","2118","0","0","0","N","0","0","0","1","02118","0","","5.0","","1","N","N","","0","","0","0","0","","0","Y","","1","0","0","0","0","0","1","2","0","1","","","","N","","","","","","","","","",""
"2006101253","","2","0","0","0","0","0","0","0","0","1","0","","02","10","2006","7","40.334444","-79.946605","","11","0","0","0","0","0","0","0","1","2","0","0","0","","","2","","0","","40 20:04.000","1","0","79 56:47.778","3","0","0","0","2454","0","0","0","N","0","0","0","3","02454","0","","1.0","","1","N","N","","0","","2","0","1","","0","N","","3","2","0","0","0","0","0","2","0","3","","","","N","","","","","","","","","",""
"2006101256","","1","0","0","0","0","0","0","0","0","4","0","","02","10","2006","7","","","","11","1","0","0","0","1","0","0","0","","0","0","0","","","0","","2","","","","0","","0","0","0","0","2440","0","0","0","N","0","0","0","3","02440","0","","1.0","","1","N","N","","0","","0","0","1","","0","","","2","0","0","0","0","0","0","1","0","2","","","","N","","","","","","","","","",""
"2006101257","","2","0","0","0","0","0","0","0","0","1","0","","02","9","2006","7","40.5471","-79.9608","","11","0","0","0","0","0","1","0","0","","0","0","0","","","0","","0","","40 32:49.560","","0","79 57:38.880","0","0","0","0","2118","0","0","0","N","0","0","0","5","02118","0","","1.0","","1","N","N","","0","","0","0","0","","0","","","2","0","1","0","0","0","0","2","0","2","","","","N","","","","","","","","","",""
"2006101261","","2","0","0","0","0","0","0","0","0","1","0","","02","10","2006","6","40.549167","-79.971819","","11","0","0","0","0","0","1","0","1","","0","0","0","","","0","","1","","40 32:57.000","","0","79 58:18.547","0","0","0","0","2118","0","0","0","N","0","0","0","2","02118","0","","1.0","","1","N","N","","0","","0","0","0","","0","","","2","0","0","0","0","0","0","2","0","2","","","","N","","","","","","","","","",""
"2006101263","","2","0","0","0","0","0","0","0","0","2","0","","02","10","2006","6","40.4818","-79.9636","","11","0","0","0","0","0","0","0","1","1","0","0","0","","","0","","0","","40 28:54.480","2","0","79 57:48.960","9","0","0","0","2118","0","0","0","N","0","0","0","2","02118","0","","1.0","","1","N","N","","0","","0","0","0","","0","N","","2","0","0","0","0","0","2","2","0","2","","","","N","","","","","","","","","",""
"2006101265","","2","0","0","0","0","0","0","0","0","4","0","","02","10","2006","7","40.545871","-80.016973","","11","0","0","0","0","0","1","1","0","","0","0","0","","","0","","0","","40 32:45.135","","0","80 01:01.101","0","0","0","0","2116","0","0","0","N","0","0","0","2","02116","0","","1.0","","1","N","N","","0","","0","0","0","","0","","","2","0","0","0","0","0","0","2","0","2","","","","N","","","","","","","","","",""
"2006101273","","1","0","0","0","0","0","0","0","0","4","0","","02","10","2006","7","40.615833","-80.05525","","11","0","1","0","0","0","0","0","0","1","0","0","0","","","0","","1","","40 36:57.000","1","0","80 03:18.899","0","0","0","0","2216","0","0","0","N","0","0","0","2","02505","0","","1.0","","1","N","N","","0","","0","0","1","","2","N","","2","0","0","0","0","0","0","2","0","2","","","","N","","","","","","","","","",""
"2006101280","","1","0","0","0","0","0","0","0","0","4","0","","02","10","2006","7","40.590278","-79.948386","","11","1","0","0","0","0","1","0","0","2","0","0","0","","","4","","1","","40 35:25.000","2","0","79 56:54.188","3","0","0","0","2207","0","0","0","N","0","0","0","4","02207","1","","1.0","","1","N","N","","0","","3","0","1","","2","Y","","2","4","2","0","0","0","0","2","0","2","","","","N","","","","","","","","","",""
"2006101281","","3","0","0","0","0","0","0","0","0","4","0","","02","10","2006","1","40.332778","-79.946061","","11","0","1","0","0","0","0","0","1","","0","0","0","","","1","","0","","40 19:58.000","","0","79 56:45.819","4","0","0","0","2454","0","0","0","N","0","0","0","7","02454","1","","1.0","","1","N","N","","0","","0","0","0","","2","","","3","1","0","0","0","0","0","2","0","3","","","","N","","","","","","","","","",""
"2006101283","","1","0","0","0","0","0","0","0","0","8","0","","02","10","2006","6","40.3992","-80.0826","","11","0","0","0","0","0","1","0","0","2","0","0","0","","","1","","0","","40 23:57.120","4","0","80 04:57.360","8","0","0","0","2102","1","0","0","N","1","0","0","3","02102","0","","1.0","","1","N","N","","0","","0","0","0","","2","Y","","2","1","0","0","0","1","0","2","0","1","","","","N","","","","","","","","","",""
"2006101316","","1","0","0","0","0","0","0","0","0","4","0","","02","10","2006","7","40.421667","-80.049914","","11","0","0","0","0","0","0","0","0","2","0","0","0","","","1","","1","","40 25:18.000","1","0","80 02:59.690","2","0","1","1","2435","0","0","0","N","0","0","0","4","02435","0","","1.0","","1","N","N","","0","","0","1","0","","2","N","","2","1","0","0","0","0","0","2","0","2","","","","N","","","","","","","","","",""
"2006101320","","1","0","0","0","0","0","0","0","0","7","0","","02","10","2006","1","","","","11","0","0","0","0","0","0","0","0","2","0","0","0","","","0","","0","","","2","0","","0","0","0","0","2466","0","0","0","N","0","0","0","1","02466","0","","2.0","","1","N","N","","0","","0","0","0","","0","Y","","1","0","0","0","0","0","0","1","0","1","","","","N","","","","","","","","","",""
"2006101323","","1","0","0","0","0","0","1","0","0","4","1","","02","10","2006","2","","","","11","0","0","0","0","0","1","1","0","","0","0","0","","","0","","1","","","","2","","0","0","0","0","2301","0","0","0","N","0","0","0","2","02503","0","","1.0","","1","N","N","","0","","0","0","0","","2","","","2","0","1","0","0","0","0","1","0","2","","","","N","","","","","","","","","",""
"2006101326","","3","0","0","0","0","0","0","0","0","1","0","","02","10","2006","1","40.541944","-80.012975","","11","0","0","0","0","0","2","0","0","","0","0","0","","","3","","1","","40 32:31.000","","0","80 00:46.709","8","0","0","1","2116","0","0","0","N","0","0","0","11","02116","0","","1.0","","1","N","N","","0","","0","0","1","","2","","","5","3","0","0","0","3","0","2","0","5","","","","N","","","","","","","","","",""
"2006101328","","0","0","0","0","0","0","2","0","0","4","2","","02","10","2006","2","40.353611","-79.914941","","11","0","0","0","0","0","1","1","0","3","1","0","0","","","2","","3","","40 21:13.000","3","0","79 54:53.787","1","0","0","0","2473","0","0","0","N","0","0","0","3","02503","2","2","1.0","","1","Y","N","","0","0","0","0","0","","2","Y","","2","2","0","0","0","0","0","2","0","2","","","","N","","","","","","","","","",""
"2006101351","","2","0","0","0","0","0","0","0","0","4","0","","02","10","2006","2","40.35","-79.9763","","11","0","0","0","0","0","1","0","0","1","0","0","0","","","1","","0","","40 21:00.000","2","0","79 58:34.680","8","0","0","0","2476","0","0","0","N","0","0","0","2","02476","0","","1.0","","1","N","N","","0","","0","0","0","","0","Y","","2","1","0","0","0","1","0","2","0","2","","","","N","","","","","","","","","",""
"2006101353","","1","0","0","0","0","0","0","0","0","7","0","","02","10","2006","3","40.524165","-80.214761","","11","0","0","0","0","0","0","0","0","","0","0","0","","","0","","0","","40 31:26.995","","0","80 12:53.138","0","0","0","0","2213","0","0","0","N","0","0","0","1","02213","0","","2.0","","1","N","N","","0","","0","0","0","","0","","","1","0","0","0","0","0","0","2","0","1","","","","N","","","","","","","","","",""
"2006101354","","0","0","0","0","0","0","0","0","0","2","0","","02","10","2006","2","40.514444","-80.198483","","11","0","0","0","0","0","0","1","0","2","0","0","0","","","2","","0","","40 30:52.000","2","0","80 11:54.540","2","0","0","0","2213","0","0","0","N","0","0","0","2","02213","0","","1.0","","1","N","N","","1","","1","1","1","","0","Y","","2","2","0","0","0","0","0","2","0","2","","","","N","","","","","","","","","",""
"2006101355","","2","0","0","0","0","0","0","0","0","4","0","","02","9","2006","6","40.456944","-80.176339","","11","0","0","0","0","0","0","0","0","1","0","0","0","","","0","","1","","40 27:25.000","3","0","80 10:34.819","0","0","0","0","2213","0","0","0","N","0","0","0","3","02213","0","","1.0","","1","N","N","","0","","0","0","0","","0","N","","2","0","0","0","0","0","0","2","0","2","","","","N","","","","","","","","","",""
"2006101391","","2","0","0","0","0","0","0","0","0","1","0","","02","10","2006","2","40.619444","-80.082514","","11","0","0","0","0","0","1","0","0","1","0","0","0","","","0","","0","","40 37:10.000","3","0","80 04:57.049","0","0","0","0","2212","0","0","0","N","0","0","0","3","02505","0","","1.0","","1","N","N","","0","","0","0","0","","0","N","","2","0","0","0","0","0","0","2","0","2","","","","N","","","","","","","","","",""
"2006101392","","1","0","0","0","0","0","0","0","0","1","0","","02","10","2006","4","40.486229","-80.106527","","11","0","0","0","1","0","0","0","1","","0","0","0","","","2","","2","","40 29:10.424","","0","80 06:23.497","4","0","0","0","2126","0","0","0","N","0","0","0","5","02126","2","","1.0","","1","N","N","","0","","0","0","0","","0","","","2","2","0","0","0","0","0","2","1","2","","","","N","","","","","","","","","",""
"2006101394","","1","0","0","0","0","0","0","0","0","1","0","","02","10","2006","2","40.354121","-80.004936","","11","0","0","1","0","0","0","0","0","","0","0","0","","","1","","1","","40 21:14.837","","0","80 00:17.770","4","0","0","0","2476","0","0","0","N","0","0","0","3","02476","1","","1.0","","1","N","N","","0","","0","0","0","","3","","","2","1","0","0","0","0","0","2","1","2","","","","N","","","","","","","","","",""
"2006101448","","1","1","0","0","0","0","0","0","0","7","0","","02","10","2006","6","40.329344","-80.095281","","11","0","0","0","0","0","0","0","1","3","2","0","0","","","0","","0","","40 19:45.640","5","0","80 05:43.012","1","0","0","0","2123","0","0","0","N","0","0","0","2","02123","0","2","5.0","","1","N","N","","0","0","0","0","0","","0","Y","","1","0","1","1","0","0","0","2","0","1","","","","N","","","","","","","","","",""
"2006101460","","1","0","0","0","0","0","0","0","0","1","0","25","02","10","2006","6","","","","11","0","0","0","0","0","0","0","0","","0","0","0","","","0","","10","","","","3","","0","0","0","0","2438","0","0","0","N","0","0","0","4","02438","0","","1.0","","1","N","N","","0","","0","0","2","","0","","","3","0","0","0","0","0","0","1","0","3","","","Y","Y","8","1","","","N","","","","",""
"2006101471","","2","0","0","0","0","0","0","0","0","4","0","","02","10","2006","2","40.347222","-79.972289","","11","0","0","0","0","0","2","0","0","1","0","0","0","","","1","","1","","40 20:50.000","4","0","79 58:20.241","4","0","0","0","2403","0","0","0","N","0","0","0","2","02403","1","","1.0","","1","N","N","","0","","0","0","0","","0","N","","2","1","0","0","0","0","0","2","0","2","","","","N","","","","","","","","","",""
"2006101481","","2","0","0","0","0","0","0","0","0","1","0","","02","10","2006","3","40.403333","-80.058056","","11","0","0","0","0","0","0","0","1","","0","0","0","","","0","","2","","40 24:12.000","","0","80 03:29.002","0","0","0","0","2117","0","0","0","N","0","0","0","2","02117","0","","1.0","","1","N","N","","0","","0","0","0","","2","","","2","0","0","0","0","0","0","2","0","2","","","","N","","","","","","","","","",""
"2006101482","","1","0","0","0","0","0","0","0","0","7","0","","02","10","2006","1","40.5","-80.2164","","11","0","0","0","0","0","0","0","0","","0","0","0","","","0","","0","","40 30:00.000","","0","80 12:59.040","9","0","0","0","2213","0","0","0","N","0","0","0","1","02213","0","","4.0","","1","N","N","","0","","0","0","0","","0","","","1","0","0","0","0","0","1","2","0","1","","","","N","","","","","","","","","",""