"CRN","ARRIVAL_TM","AUTOMOBILE_COUNT","BELTED_DEATH_COUNT","BELTED_SUSP_SERIOUS_INJ_COUNT","BICYCLE_COUNT","BICYCLE_DEATH_COUNT","BICYCLE_SUSP_SERIOUS_INJ_COUNT","BUS_COUNT","CHLDPAS_DEATH_COUNT","CHLDPAS_SUSP_SERIOUS_INJ_COUNT","COLLISION_TYPE","COMM_VEH_COUNT","CONS_ZONE_SPD_LIM","COUNTY","CRASH_MONTH","CRASH_YEAR","DAY_OF_WEEK","DEC_LATITUDE","DEC_LONGITUDE","DISPATCH_TM","DISTRICT","DRIVER_COUNT_16YR","DRIVER_COUNT_17YR","DRIVER_COUNT_18YR","DRIVER_COUNT_19YR","DRIVER_COUNT_20YR","DRIVER_COUNT_50_64YR","DRIVER_COUNT_65_74YR","DRIVER_COUNT_75PLUS","EST_HRS_CLOSED","FATAL_COUNT","HEAVY_TRUCK_COUNT","HORSE_BUGGY_COUNT","HOUR_OF_DAY","ILLUMINATION","INJURY_COUNT","INTERSECTION_RELATED","INTERSECT_TYPE","LANE_CLOSED","LATITUDE","LN_CLOSE_DIR","LOCATION_TYPE","LONGITUDE","MAX_SEVERITY_LEVEL","MCYCLE_DEATH_COUNT","MCYCLE_SUSP_SERIOUS_INJ_COUNT","MOTORCYCLE_COUNT","MUNICIPALITY","NONMOTR_COUNT","NONMOTR_DEATH_COUNT","NONMOTR_SUSP_SERIOUS_INJ_COUNT","NTFY_HIWY_MAINT","PED_COUNT","PED_DEATH_COUNT","PED_SUSP_SERIOUS_INJ_COUNT","PERSON_COUNT","POLICE_AGCY","POSSIBLE_INJ_COUNT","RDWY_SURF_TYPE_CD","RELATION_TO_ROAD","ROADWAY_CLEARED","ROAD_CONDITION","SCH_BUS_IND","SCH_ZONE_IND","SECONDARY_CRASH","SMALL_TRUCK_COUNT","SPEC_JURIS_CD","SUSP_MINOR_INJ_COUNT","SUSP_SERIOUS_INJ_COUNT","SUV_COUNT","TCD_FUNC_CD","TCD_TYPE","TFC_DETOUR_IND","TIME_OF_DAY","TOTAL_UNITS","TOT_INJ_COUNT","UNBELTED_OCC_COUNT","UNB_DEATH_COUNT","UNB_SUSP_SERIOUS_INJ_COUNT","UNK_INJ_DEG_COUNT","UNK_INJ_PER_COUNT","URBAN_RURAL","VAN_COUNT","VEHICLE_COUNT","WEATHER1","WEATHER2","WORKERS_PRES","WORK_ZONE_IND","WORK_ZONE_LOC","WORK_ZONE_TYPE","WZ_CLOSE_DETOUR","WZ_FLAGGER","WZ_LAW_OFFCR_IND","WZ_LN_CLOSURE","WZ_MOVING","WZ_OTHER","WZ_SHLDER_MDN","WZ_WORKERS_INJ_KILLED"
"2006101483","","1","0","0","0","0","0","0","0","0","2","0","","02","9","2006","5","40.512778","-80.226","","11","0","0","0","0","1","0","0","0","","0","0","0","","","1","","2","","40 30:46.000","","0","80 13:33.600","4","0","0","0","2213","0","0","0","N","0","0","0","3","02213","1","","1.0","","1","N","N","","1","","0","0","0","","0","","","2","1","0","0","0","0","0","2","0","2","","","","N","","","","","","","","","",""
"2006101520","","0","0","0","0","0","0","0","0","0","7","0","","02","10","2006","1","40.519789","-80.025545","","11","0","0","0","0","0","0","0","0","3","0","0","0","","","0","","0","","40 31:11.240","6","0","80 01:31.962","9","0","0","0","2474","0","0","0","N","0","0","0","1","02474","0","","5.0","","1","N","N","","0","","0","0","0","","0","Y","","1","0","0","0","0","0","1","2","1","1","","","","N","","","","","","","","","",""
"2006101555","","2","0","0","0","0","0","0","0","0","4","0","","02","10","2006","2","","","","11","0","0","0","1","0","1","0","0","","0","0","0","","","1","","2","","","","0","","8","0","0","0","2116","0","0","0","N","0","0","0","2","02116","0","","1.0","","1","N","N","","0","","0","0","0","","0","","","2","1","0","0","0","1","0","1","0","2","","","","N","","","","","","","","","",""
"2006101561","","1","0","0","0","0","0","0","0","0","7","0","","02","10","2006","2","","","","11","0","0","1","0","0","0","0","0","","0","0","0","","","1","","3","","","","0","","3","0","0","0","2116","0","0","0","N","0","0","0","2","02116","0","","2.0","","1","N","","","0","","1","0","0","","0","","","1","1","1","0","0","0","0","1","0","1","","","","N","","","","","","","","","",""
"2006101565","","2","0","0","0","0","0","0","0","0","4","0","","02","10","2006","4","40.309722","-79.914992","","11","0","0","0","0","0","0","1","0","2","0","0","0","","","3","","3","","40 18:35.000","5","0","79 54:53.971","3","0","0","0","2440","0","0","0","N","0","0","0","3","02440","2","","1.0","","9","N","N","","0","","1","0","0","","3","Y","","2","3","0","0","0","0","0","2","0","2","","","","N","","","","","","","","","",""
"2006101569","","2","0","0","0","0","0","0","0","0","4","0","","02","10","2006","5","40.518056","-80.219409","","11","0","0","0","0","1","0","0","1","","0","0","0","","","1","","2","","40 31:05.000","","0","80 13:09.873","8","0","0","0","2213","0","0","0","N","0","0","0","2","02213","0","","1.0","","1","N","N","","0","","0","0","0","","0","","","2","1","0","0","0","1","0","2","0","2","","","","N","","","","","","","","","",""
"2006101585","","2","0","0","0","0","0","0","0","0","1","0","","02","10","2006","4","40.49572","-80.066954","","11","0","0","0","0","0","0","0","0","","0","0","0","","","0","","2","","40 29:44.591","","0","80 04:01.036","0","0","0","0","2402","0","0","0","N","0","0","0","3","02402","0","","1.0","","9","N","N","","0","","0","0","0","","2","","","2","0","0","0","0","0","0","2","0","2","","","","N","","","","","","","","","",""
"2006101588","","0","0","0","0","0","0","0","0","0","7","1","","02","10","2006","2","","","","11","0","0","0","0","0","0","0","0","","0","1","0","","","1","","0","","","","0","","8","0","0","0","2403","0","0","0","N","0","0","0","1","02403","0","","5.0","","1","N","N","","0","","0","0","0","","0","","","1","1","0","0","0","1","0","1","0","1","","","","N","","","","","","","","","",""
"2006101594","","2","0","0","0","0","0","0","0","0","4","0","","02","10","2006","4","40.488056","-80.05698","","11","0","0","0","0","0","0","0","0","1","0","0","0","","","1","","0","","40 29:17.000","2","7","80 03:25.128","8","0","0","0","2404","0","0","0","N","0","0","0","2","02404","0","","1.0","","9","N","N","","0","","0","0","0","","0","N","","2","1","2","0","0","1","0","2","0","2","","","","N","","","","","","","","","",""
"2006101600","","1","0","0","0","0","0","0","0","0","7","0","","02","9","2006","4","40.528603","-79.946943","","11","0","1","0","0","0","0","0","0","","0","0","0","","","0","","2","","40 31:42.970","","0","79 56:48.994","0","0","0","0","2118","0","0","0","N","0","0","0","1","02118","0","","2.0","","1","N","N","","0","","0","0","0","","0","","","1","0","0","0","0","0","0","2","0","1","","","","N","","","","","","","","","",""
"2006101604","","1","0","0","0","0","0","0","0","0","7","0","","02","10","2006","4","40.636806","-80.106522","","11","1","0","0","0","0","0","0","0","1","0","0","0","","","1","","0","","40 38:12.502","2","0","80 06:23.479","3","0","0","0","2212","0","0","0","N","0","0","0","1","02505","0","","5.0","","3","N","N","","0","","1","0","0","","0","N","","1","1","0","0","0","0","0","2","0","1","","","","N","","","","","","","","","",""
"2006101605","","0","0","0","0","0","0","0","0","0","1","1","25","02","10","2006","5","40.5091","-79.946","","11","0","0","0","0","0","0","0","0","","0","1","0","","","1","","0","","40 30:32.760","","0","79 56:45.600","4","0","0","0","2118","0","0","0","N","0","0","0","2","02118","1","","1.0","","1","N","N","","0","","0","0","1","","0","","","2","1","0","0","0","0","0","2","0","2","","","Y","Y","4","1","","","N","","","","Y",""
"2006101620","","1","0","0","0","0","0","0","0","0","7","0","","02","9","2006","5","40.418056","-80.191001","","11","0","0","0","0","0","0","0","0","3","1","0","0","","","0","","0","","40 25:05.000","5","0","80 11:27.604","1","0","0","0","2214","0","0","0","Y","0","0","0","1","02214","0","2","4.0","","9","N","N","","0","0","0","0","0","","0","N","","1","0","1","1","0","0","0","1","0","1","","","","N","","","","","","","","","",""
"2006101629","","1","0","0","0","0","0","0","0","0","7","0","","02","10","2006","4","40.269113","-79.90551","","11","0","0","0","0","0","0","0","0","1","0","0","0","","","0","","2","","40 16:08.806","5","0","79 54:19.836","0","0","0","0","2440","0","0","0","N","0","0","0","1","02440","0","","2.0","","9","N","N","","0","","0","0","0","","3","Y","","1","0","0","0","0","0","0","2","0","1","","","","N","","","","","","","","","",""
"2006101637","","1","0","0","0","0","0","0","0","0","99","0","","02","10","2006","5","40.2563","-79.9069","","11","0","0","0","0","0","0","0","0","","0","0","0","","","0","","0","","40 15:22.680","","0","79 54:24.840","0","0","0","0","2204","0","0","0","N","0","0","0","1","02204","0","","1.0","","9","N","N","","0","","0","0","0","","0","","","1","0","0","0","0","0","0","1","0","1","","","","N","","","","","","","","","",""
"2006101639","","1","0","0","0","0","0","0","0","0","2","0","","02","10","2006","4","","","","11","0","1","0","0","0","0","0","1","","0","0","0","","","0","","2","","","","0","","0","0","0","0","2118","0","0","0","N","0","0","0","3","02118","0","","1.0","","9","N","N","","0","","0","0","1","","3","","","2","0","0","0","0","0","0","1","0","2","","","","N","","","","","","","","","",""
"2006101640","","2","0","0","0","0","0","0","0","0","7","0","40","02","10","2006","4","40.239","-79.8663","","11","0","0","0","1","0","1","0","0","2","0","0","0","","","2","","0","","40 14:20.400","2","0","79 51:58.680","8","0","0","0","2204","0","0","0","N","0","0","0","2","02204","0","","3.0","","9","N","N","","0","","0","0","0","","0","N","","2","2","0","0","0","2","0","1","0","2","","","N","Y","4","1","","","N","Y","","","",""
"2006101645","","1","0","0","0","0","0","0","0","0","7","0","","02","9","2006","1","40.3625","-79.825828","","11","0","0","0","0","0","1","0","0","3","0","0","0","","","1","","0","","40 21:45.000","5","0","79 49:32.982","4","0","0","0","2111","0","0","0","N","0","0","0","1","02111","1","","2.0","","1","N","N","","0","","0","0","0","","0","Y","","1","1","0","0","0","0","0","2","0","1","","","","N","","","","","","","","","",""
"2006101655","","1","0","0","0","0","0","0","0","0","4","0","","02","10","2006","4","40.492778","-79.762246","","11","0","1","0","0","0","1","0","0","","0","0","0","","","0","","2","","40 29:34.000","","0","79 45:44.084","9","0","0","0","2466","0","0","0","N","0","0","0","3","02466","0","","1.0","","9","N","N","","1","","0","0","0","","3","","","2","0","1","0","0","0","1","2","0","2","","","","N","","","","","","","","","",""
"2006101665","","0","0","0","0","0","0","0","0","0","1","0","","02","10","2006","3","40.448409","-79.763093","","11","0","0","0","0","0","1","0","0","","0","0","0","","","2","","0","","40 26:54.272","","0","79 45:47.134","4","0","0","0","2446","0","0","0","N","0","0","0","3","02446","2","","1.0","","1","N","N","","0","","0","0","2","","0","","","2","2","0","0","0","0","0","2","0","2","","","","N","","","","","","","","","",""
"2006101666","","0","0","0","0","0","0","0","0","0","7","0","","02","10","2006","4","40.402869","-79.804461","","11","0","0","0","0","0","0","0","0","2","0","0","0","","","1","","0","","40 24:10.328","5","0","79 48:16.059","4","0","0","0","2446","0","0","0","N","0","0","0","1","02446","1","","2.0","","9","N","N","","0","","0","0","0","","0","Y","","1","1","0","0","0","0","0","2","1","1","","","","N","","","","","","","","","",""
"2006101668","","1","0","0","0","0","0","0","0","0","7","0","","02","10","2006","7","40.502561","-79.954269","","11","0","0","0","0","0","0","0","0","","0","0","0","","","0","","10","","40 30:09.219","","0","79 57:15.368","0","0","0","0","2430","0","0","0","N","0","0","0","1","02430","0","","5.0","","1","N","N","","0","","0","0","0","","0","","","1","0","0","0","0","0","0","2","0","1","","","","N","","","","","","","","","",""
"2006101671","","1","0","0","0","0","0","0","0","0","4","0","","02","9","2006","4","40.548611","-80.036976","","11","0","0","0","0","0","2","0","0","","0","0","0","","","1","","1","","40 32:55.000","","0","80 02:13.112","8","0","0","0","2116","0","0","0","N","0","0","0","3","02116","0","","1.0","","1","N","N","","0","","0","0","1","","2","","","2","1","0","0","0","1","0","2","0","2","","","","N","","","","","","","","","",""
"2006101673","","0","0","0","1","0","0","0","0","0","8","0","","02","10","2006","4","","","","11","0","0","0","0","0","0","0","0","1","0","0","0","","","1","","2","","","4","0","","3","0","0","0","2209","1","0","0","N","0","0","0","2","02209","0","","1.0","","9","N","N","","1","","1","0","0","","0","N","","2","1","0","0","0","0","0","1","0","1","","","","N","","","","","","","","","",""
"2006101725","","1","0","0","0","0","0","0","0","0","1","0","","02","9","2006","6","","","","11","0","0","0","0","0","0","0","0","","0","0","0","","","0","","6","","40 31:40.44","","2","80 04:18.48","0","0","0","0","2215","0","0","0","N","0","0","0","3","02215","0","","1.0","","1","N","N","","1","","0","0","0","","4","","","2","0","0","0","0","0","0","2","0","2","","","","N","","","","","","","","","",""
"2006101729","","0","0","0","0","0","0","0","0","0","8","0","","02","9","2006","3","40.464534","-79.982189","","11","0","0","0","0","0","1","0","0","","0","0","0","","","1","","1","","40 27:52.322","","0","79 58:55.880","4","0","0","0","2301","1","0","0","N","1","0","0","2","02301","1","","1.0","","1","N","N","","1","","0","0","0","","0","","","2","1","0","0","0","0","0","2","0","1","","","","N","","","","","","","","","",""
"2006101730","","2","0","0","0","0","0","0","0","0","1","0","","02","9","2006","3","40.482094","-80.040926","","11","0","0","0","0","0","0","1","0","","0","0","0","","","1","","1","","40 28:55.538","","0","80 02:27.333","8","0","0","0","2301","0","0","0","N","0","0","0","1","02301","0","","1.0","","1","N","N","","0","","0","0","0","","0","","","2","1","0","0","0","1","0","2","0","2","","","","N","","","","","","","","","",""
"2006101731","","0","0","0","0","0","0","0","0","0","0","0","","02","9","2006","4","40.4377","-79.9944","","11","0","0","0","0","0","0","0","0","","0","0","0","","","0","","0","","40 26:15.720","","2","79 59:39.840","0","0","0","0","2301","0","0","0","N","0","0","0","1","02301","0","","1.0","","1","N","N","","1","","0","0","1","","0","","","2","0","0","0","0","0","0","2","0","2","","","","N","","","","","","","","","",""
"2006101956","","3","0","0","0","0","0","0","0","0","1","0","","02","9","2006","7","40.4346","-79.7919","","11","0","0","0","0","0","1","1","0","1","0","0","0","","","1","","0","","40 26:04.560","3","0","79 47:30.840","3","0","0","0","2446","0","0","0","N","0","0","0","7","02446","0","","1.0","","1","N","N","","0","","1","0","0","","0","N","","4","1","0","0","0","0","1","2","1","4","","","","N","","","","","","","","","",""
"2006101967","","2","0","0","0","0","0","0","0","0","4","0","","02","9","2006","5","","","","11","0","0","1","0","0","0","0","0","","0","0","0","","","0","","2","","","","0","","0","0","0","0","2301","0","0","0","N","0","0","0","4","02301","0","","1.0","","9","N","N","","0","","0","0","0","","0","","","2","0","0","0","0","0","0","1","0","2","","","","N","","","","","","","","","",""
"2006101968","","0","0","0","0","0","0","0","0","0","1","1","","02","9","2006","4","40.411208","-80.00627","","11","0","0","0","0","0","0","0","0","","0","0","0","","","0","","0","","40 24:40.348","","0","80 00:22.571","0","0","0","0","2301","0","0","0","N","0","0","0","2","02301","0","","1.0","","1","N","N","","0","","0","0","0","","0","","","2","0","0","0","0","0","0","2","2","2","","","","N","","","","","","","","","",""
"2006101969","","2","0","0","0","0","0","0","0","0","6","0","","02","9","2006","1","40.43337","-80.05545","","11","0","0","0","0","0","0","0","0","1","0","0","0","","","0","","0","","40 26:00.132","7","0","80 03:19.620","0","0","0","0","2301","0","0","0","N","0","0","0","2","02301","0","","1.0","","1","N","N","","0","","0","0","0","","0","Y","","2","0","0","0","0","0","0","2","0","2","","","","N","","","","","","","","","",""
"2006101970","","0","0","0","0","0","0","0","0","0","7","0","","02","6","2006","2","","","","11","0","0","0","0","0","0","0","0","","0","0","0","","","0","","0","","","","0","","0","0","0","0","2301","0","0","0","N","0","0","0","1","02301","0","","2.0","","1","N","N","","1","","0","0","0","","0","","","1","0","0","0","0","0","0","1","0","1","","","","N","","","","","","","","","",""
"2006101971","","1","0","0","0","0","0","0","0","0","1","0","","02","9","2006","4","40.397222","-79.999246","","11","0","0","0","0","0","1","0","0","","0","0","0","","","0","","0","","40 23:50.000","","0","79 59:57.285","0","0","0","0","2301","0","0","0","N","0","0","0","2","02301","0","","1.0","","1","N","N","","1","","0","0","0","","0","","","2","0","0","0","0","0","0","2","0","2","","","","N","","","","","","","","","",""
"2006101972","","2","0","0","0","0","0","0","0","0","1","0","","02","9","2006","5","40.450128","-79.983855","","11","0","0","0","0","0","1","0","0","","0","0","0","","","0","","0","","40 27:00.460","","0","79 59:01.878","0","0","0","0","2301","0","0","0","N","0","0","0","2","02301","0","","6.0","","9","N","N","","0","","0","0","0","","0","","","2","0","0","0","0","0","0","2","0","2","","","","N","","","","","","","","","",""
"2006101973","","0","0","0","0","0","0","0","0","0","8","0","","02","9","2006","2","40.45158","-80.051236","","11","0","0","0","0","0","0","0","0","2","0","0","0","","","1","","2","","40 27:05.688","1","0","80 03:04.449","4","0","0","0","2301","1","0","0","N","1","0","0","2","02301","1","","1.0","","1","N","N","","0","","0","0","0","","0","N","","2","1","0","0","0","0","0","2","1","1","","","","N","","","","","","","","","",""
"2006101974","","3","0","0","0","0","0","0","0","0","2","0","","02","9","2006","2","40.405639","-79.991239","","11","0","0","0","0","0","0","0","1","","0","0","0","","","1","","2","","40 24:20.300","","0","79 59:28.460","8","0","0","0","2301","0","0","0","N","0","0","0","4","02301","0","","1.0","","1","N","N","","0","","0","0","0","","3","","","3","1","0","0","0","1","0","2","0","3","","","","N","","","","","","","","","",""
"2006101975","","1","0","0","0","0","0","0","0","0","0","0","","02","9","2006","2","40.400629","-80.03168","","11","0","0","0","0","0","0","1","0","3","0","0","0","","","0","","0","","40 24:02.264","2","0","80 01:54.048","0","0","0","0","2301","0","0","0","N","0","0","0","1","02301","0","","1.0","","1","N","N","","0","","0","0","0","","0","N","","1","0","0","0","0","0","0","2","0","1","","","","N","","","","","","","","","",""
"2006101976","","0","0","0","0","0","0","0","0","0","99","0","","02","9","2006","6","40.427387","-79.994671","","11","0","0","0","0","0","0","0","0","","0","0","0","","","0","","0","","40 25:38.593","","0","79 59:40.815","9","0","0","0","2301","0","0","0","N","0","0","0","1","02301","0","","6.0","","1","N","N","","0","","0","0","1","","0","","","1","0","0","0","0","0","1","2","0","1","","","","N","","","","","","","","","",""
"2006101977","","1","0","0","0","0","0","0","0","0","5","0","","02","9","2006","3","40.391597","-79.9968","","11","0","0","0","0","0","0","1","0","","0","0","0","","","0","","0","","40 23:29.748","","0","79 59:48.481","0","0","0","0","2301","0","0","0","N","0","0","0","2","02301","0","","1.0","","1","N","N","","0","","0","0","0","","0","","","2","0","0","0","0","0","0","2","1","2","","","","N","","","","","","","","","",""
"2006101978","","1","0","0","0","0","0","0","0","0","7","0","","02","9","2006","4","","","","11","0","0","0","0","0","0","0","0","","0","0","0","","","0","","1","","","","0","","0","0","0","0","2301","0","0","0","N","0","0","0","1","02301","0","","2.0","","1","N","N","","0","","0","0","0","","2","","","1","0","0","0","0","0","0","1","0","1","","","","N","","","","","","","","","",""
"2006101979","","0","0","0","0","0","0","0","0","0","0","0","","02","9","2006","4","","","","11","0","0","0","0","0","0","0","0","","0","0","0","","","1","","0","","","","0","","4","0","0","1","2301","0","0","0","N","0","0","0","1","02301","1","","2.0","","1","N","N","","0","","0","0","0","","0","","","1","1","0","0","0","0","0","1","0","1","","","","N","","","","","","","","","",""
"2006101980","","1","0","0","0","0","0","0","0","0","7","0","","02","10","2006","1","40.381944","-79.995981","","11","0","0","0","0","0","0","0","0","1","0","0","0","","","0","","1","","40 22:55.000","1","0","79 59:45.533","0","0","0","0","2301","0","0","0","N","0","0","0","1","02301","0","","4.0","","1","N","N","","0","","0","0","0","","2","N","","1","0","0","0","0","0","0","2","0","1","","","","N","","","","","","","","","",""
"2006101981","","2","0","0","0","0","0","0","0","0","1","0","","02","9","2006","4","40.388338","-79.933305","","11","0","0","0","0","0","1","0","0","2","0","0","0","","","1","","0","","40 23:18.015","2","0","79 55:59.898","8","0","0","0","2301","0","0","0","N","0","0","0","2","02301","0","","1.0","","1","N","N","","0","","0","0","0","","0","N","","2","1","0","0","0","1","0","2","0","2","","","","N","","","","","","","","","",""
"2006101982","","2","0","0","0","0","0","0","0","0","4","0","","02","9","2006","1","40.475485","-80.030529","","11","0","0","0","0","0","0","0","0","","0","0","0","","","0","","2","","40 28:31.746","","0","80 01:49.904","0","0","0","0","2301","0","0","0","N","0","0","0","5","02301","0","","1.0","","1","N","N","","0","","0","0","0","","3","","","2","0","0","0","0","0","0","2","0","2","","","","N","","","","","","","","","",""
"2006101983","","1","0","0","0","0","0","0","0","0","8","0","","02","9","2006","2","40.493521","-80.023443","","11","0","0","0","0","0","0","0","0","","0","0","0","","","1","","0","","40 29:36.675","","0","80 01:24.394","4","0","0","0","2301","1","0","0","N","1","0","0","2","02301","1","","1.0","","1","N","N","","0","","0","0","0","","0","","","2","1","0","0","0","0","0","2","0","1","","","","N","","","","","","","","","",""
"2006101984","","0","0","0","0","0","0","0","0","0","1","0","","02","9","2006","4","40.477778","-80.042366","","11","0","0","0","0","0","2","0","0","2","0","0","0","","","2","","0","","40 28:40.000","2","0","80 02:32.517","3","0","0","1","2301","0","0","0","N","0","0","0","3","02301","1","","1.0","","1","N","N","","0","","1","0","0","","0","Y","","2","2","0","0","0","0","0","2","0","2","","","","N","","","","","","","","","",""
"2006101985","","1","0","0","0","0","0","0","0","0","1","0","","02","9","2006","4","40.474722","-80.011529","","11","0","0","0","0","0","0","1","0","","0","0","0","","","0","","2","","40 28:29.000","","0","80 00:41.505","0","0","0","0","2301","0","0","0","N","0","0","0","3","02301","0","","1.0","","1","N","N","","0","","0","0","0","","0","","","2","0","0","0","0","0","0","2","1","2","","","","N","","","","","","","","","",""
"2006101986","","0","0","0","0","0","0","0","0","0","4","0","","02","9","2006","5","40.456432","-80.001608","","11","0","0","0","0","0","1","0","0","1","0","0","0","","","1","","1","","40 27:23.155","6","0","80 00:05.788","4","0","0","0","2301","0","0","0","N","0","0","0","2","02301","1","","1.0","","1","N","N","","0","","0","0","0","","1","N","","2","1","0","0","0","0","0","2","2","2","","","","N","","","","","","","","","",""
"2006101987","","1","0","0","0","0","0","0","0","0","4","0","","02","9","2006","3","40.478889","-80.043019","","11","0","0","0","0","0","1","0","0","","0","0","0","","","1","","1","","40 28:44.000","","0","80 02:34.869","8","0","0","0","2301","0","0","0","N","0","0","0","2","02301","0","","1.0","","1","N","N","","0","","0","0","1","","2","","","2","1","0","0","0","1","0","2","0","2","","","","N","","","","","","","","","",""
"2006101988","","1","0","0","0","0","0","0","0","0","7","0","","02","9","2006","7","40.463333","-80.056841","","11","0","0","0","0","0","0","0","0","1","0","0","0","","","0","","2","","40 27:48.000","2","0","80 03:24.629","0","0","0","0","2301","0","0","0","N","0","0","0","1","02301","0","","4.0","","9","N","N","","0","","0","0","0","","3","N","","1","0","0","0","0","0","0","2","0","1","","","","N","","","","","","","","","",""
"2006101989","","2","0","0","0","0","0","0","0","0","4","0","","02","9","2006","1","40.460979","-79.94776","","11","0","0","0","0","0","0","0","0","","0","0","0","","","1","","0","","40 27:39.524","","0","79 56:51.936","4","0","0","0","2301","0","0","0","N","0","0","0","4","02301","1","","1.0","","1","N","N","","0","","0","0","0","","0","","","2","1","1","0","0","0","0","2","0","2","","","","N","","","","","","","","","",""
"2006101991","","1","0","0","0","0","0","0","0","0","7","0","","02","9","2006","5","40.473548","-79.931276","","11","0","0","0","0","0","0","0","0","","0","0","0","","","1","","0","","40 28:24.774","","0","79 55:52.593","3","0","0","0","2301","0","0","0","N","0","0","0","1","02301","0","","5.0","","1","N","N","","0","","1","0","0","","0","","","1","1","0","0","0","0","0","2","0","1","","","","N","","","","","","","","","",""
"2006101992","","3","0","0","0","0","0","0","0","0","1","0","","02","4","2006","6","","","","11","0","0","0","1","0","0","0","1","","0","0","0","","","1","","2","","","","0","","8","0","0","0","2301","0","0","0","","0","0","0","6","02301","0","","1.0","","9","N","N","","0","","0","0","0","","2","","","3","1","1","0","0","1","0","1","0","3","","","","N","","","","","","","","","",""
"2006101994","","1","0","0","0","0","0","0","0","0","4","0","","02","9","2006","4","40.468458","-79.90352","","11","0","0","0","0","0","0","0","0","2","0","0","0","","","0","","1","","40 28:06.448","2","0","79 54:12.672","0","0","0","0","2301","0","0","0","N","0","0","0","3","02301","0","","1.0","","1","N","N","","0","","0","0","0","","0","N","","2","0","1","0","0","0","0","2","1","2","","","","N","","","","","","","","","",""
"2006101995","","1","0","0","0","0","0","0","0","0","8","0","","02","9","2006","4","","","","11","0","0","0","0","0","0","1","0","","0","0","0","","","1","","1","","","","0","","3","0","0","0","2301","1","0","0","N","1","0","0","2","02301","0","","1.0","","1","N","N","","0","","1","0","0","","2","","","2","1","1","0","0","0","0","1","0","1","","","","N","","","","","","","","","",""
"2006101997","","1","0","0","0","0","0","0","0","0","7","0","","02","9","2006","5","40.440245","-79.993338","","11","0","0","0","0","0","0","0","0","1","0","0","0","","","0","","2","","40 26:24.882","4","0","79 59:36.016","0","0","0","0","2301","0","0","0","N","0","0","0","1","02301","0","","3.0","","1","N","N","","0","","0","0","0","","3","N","","1","0","0","0","0","0","0","2","0","1","","","","N","","","","","","","","","",""
"2006101998","","2","0","0","0","0","0","0","0","0","5","0","","02","9","2006","4","","","","11","0","0","0","1","0","1","0","0","","0","0","0","","","0","","2","","","","0","","0","0","0","0","2301","0","0","0","N","0","0","0","3","02301","0","","1.0","","1","N","N","","0","","0","0","0","","2","","","2","0","0","0","0","0","0","1","0","2","","","","N","","","","","","","","","",""
"2006102000","","1","0","0","0","0","0","0","0","0","7","0","","02","9","2006","2","","","","11","0","0","0","0","0","0","0","1","2","0","0","0","","","1","","0","","","4","0","","8","0","0","0","2301","0","0","0","N","0","0","0","2","02301","0","","5.0","","1","N","N","","0","","0","0","1","","0","Y","","2","1","0","0","0","1","0","1","0","2","","","","N","","","","","","","","","",""
"2006102001","","2","0","0","0","0","0","0","0","0","5","0","","02","9","2006","3","40.4357","-79.9947","","11","0","0","0","0","0","0","0","0","","0","0","0","","","0","","10","","40 26:08.520","","3","79 59:40.920","0","0","0","0","2301","0","0","0","N","0","0","0","3","02301","0","","1.0","","1","N","N","","0","","0","0","0","","2","","","2","0","0","0","0","0","0","2","0","2","","","","N","","","","","","","","","",""
"2006102002","","2","0","0","0","0","0","0","0","0","1","0","","02","9","2006","3","40.462347","-79.960032","","11","0","0","0","0","0","0","1","0","","0","0","0","","","0","","0","","40 27:44.449","","0","79 57:36.115","0","0","0","0","2301","0","0","0","N","0","0","0","3","02301","0","","1.0","","1","N","N","","0","","0","0","0","","0","","","3","0","0","0","0","0","0","2","1","3","","","","N","","","","","","","","","",""
"2006102003","","1","0","0","0","0","0","0","0","0","2","0","","02","9","2006","4","","","","11","0","0","0","0","0","1","0","0","","0","0","0","","","1","","1","","","","0","","8","0","0","1","2301","0","0","0","N","0","0","0","2","02301","0","","1.0","","1","N","N","","0","","0","0","0","","2","","","2","1","1","0","0","1","0","1","0","2","","","","N","","","","","","","","","",""
"2006102004","","1","0","0","0","0","0","0","0","0","7","0","","02","9","2006","7","40.44323","-79.987605","","11","0","0","0","0","0","1","0","0","","0","0","0","","","0","","2","","40 26:35.628","","0","79 59:15.378","0","0","0","0","2301","0","0","0","N","0","0","0","1","02301","0","","5.0","","1","N","N","","0","","0","0","0","","3","","","1","0","0","0","0","0","0","2","0","1","","","","N","","","","","","","","","",""
"2006102062","","2","0","0","0","0","0","0","0","0","6","0","","02","9","2006","6","40.438023","-79.913084","","11","1","0","0","0","0","1","0","0","","0","0","0","","","1","","1","","40 26:16.882","","0","79 54:47.102","4","0","0","0","2301","0","0","0","N","0","0","0","6","02301","1","","1.0","","1","N","N","","0","","0","0","0","","2","","","2","1","3","0","0","0","0","2","0","2","","","","N","","","","","","","","","",""