"CRN","ARRIVAL_TM","AUTOMOBILE_COUNT","BELTED_DEATH_COUNT","BELTED_SUSP_SERIOUS_INJ_COUNT","BICYCLE_COUNT","BICYCLE_DEATH_COUNT","BICYCLE_SUSP_SERIOUS_INJ_COUNT","BUS_COUNT","CHLDPAS_DEATH_COUNT","CHLDPAS_SUSP_SERIOUS_INJ_COUNT","COLLISION_TYPE","COMM_VEH_COUNT","CONS_ZONE_SPD_LIM","COUNTY","CRASH_MONTH","CRASH_YEAR","DAY_OF_WEEK","DEC_LATITUDE","DEC_LONGITUDE","DISPATCH_TM","DISTRICT","DRIVER_COUNT_16YR","DRIVER_COUNT_17YR","DRIVER_COUNT_18YR","DRIVER_COUNT_19YR","DRIVER_COUNT_20YR","DRIVER_COUNT_50_64YR","DRIVER_COUNT_65_74YR","DRIVER_COUNT_75PLUS","EST_HRS_CLOSED","FATAL_COUNT","HEAVY_TRUCK_COUNT","HORSE_BUGGY_COUNT","HOUR_OF_DAY","ILLUMINATION","INJURY_COUNT","INTERSECTION_RELATED","INTERSECT_TYPE","LANE_CLOSED","LATITUDE","LN_CLOSE_DIR","LOCATION_TYPE","LONGITUDE","MAX_SEVERITY_LEVEL","MCYCLE_DEATH_COUNT","MCYCLE_SUSP_SERIOUS_INJ_COUNT","MOTORCYCLE_COUNT","MUNICIPALITY","NONMOTR_COUNT","NONMOTR_DEATH_COUNT","NONMOTR_SUSP_SERIOUS_INJ_COUNT","NTFY_HIWY_MAINT","PED_COUNT","PED_DEATH_COUNT","PED_SUSP_SERIOUS_INJ_COUNT","PERSON_COUNT","POLICE_AGCY","POSSIBLE_INJ_COUNT","RDWY_SURF_TYPE_CD","RELATION_TO_ROAD","ROADWAY_CLEARED","ROAD_CONDITION","SCH_BUS_IND","SCH_ZONE_IND","SECONDARY_CRASH","SMALL_TRUCK_COUNT","SPEC_JURIS_CD","SUSP_MINOR_INJ_COUNT","SUSP_SERIOUS_INJ_COUNT","SUV_COUNT","TCD_FUNC_CD","TCD_TYPE","TFC_DETOUR_IND","TIME_OF_DAY","TOTAL_UNITS","TOT_INJ_COUNT","UNBELTED_OCC_COUNT","UNB_DEATH_COUNT","UNB_SUSP_SERIOUS_INJ_COUNT","UNK_INJ_DEG_COUNT","UNK_INJ_PER_COUNT","URBAN_RURAL","VAN_COUNT","VEHICLE_COUNT","WEATHER1","WEATHER2","WORKERS_PRES","WORK_ZONE_IND","WORK_ZONE_LOC","WORK_ZONE_TYPE","WZ_CLOSE_DETOUR","WZ_FLAGGER","WZ_LAW_OFFCR_IND","WZ_LN_CLOSURE","WZ_MOVING","WZ_OTHER","WZ_SHLDER_MDN","WZ_WORKERS_INJ_KILLED"
"2006103462","","1","0","0","0","0","0","0","0","0","99","0","","02","9","2006","6","40.6439","-80.0228","","11","0","0","0","0","0","0","0","0","","0","0","0","","","0","","0","","40 38:38.040","","0","80 01:22.080","0","0","0","0","2212","0","0","0","N","0","0","0","1","68T02","0","","1.0","","1","N","N","","0","","0","0","0","","0","","","1","0","0","0","0","0","0","2","0","1","","","","N","","","","","","","","","",""
"2006103627","","1","0","0","0","0","0","0","0","0","7","0","","02","10","2006","3","","","","11","0","0","0","0","0","0","0","0","","0","0","0","","","0","","0","","","","0","","0","0","0","0","2415","0","0","0","N","0","0","0","1","02415","0","","4.0","","9","N","N","","0","","0","0","0","","0","","","1","0","0","0","0","0","0","1","0","1","","","","N","","","","","","","","","",""
"2006103786","","1","0","0","0","0","0","0","0","0","7","0","","02","9","2006","2","40.4355","-79.7488","","11","0","0","0","0","0","0","0","0","3","0","0","0","","","1","","0","","40 26:07.800","1","2","79 44:55.680","4","0","0","0","2446","0","0","0","N","0","0","0","1","68T09","1","","2.0","","1","N","N","","0","","0","0","0","","4","N","","1","1","0","0","0","0","0","2","0","1","","","","N","","","","","","","","","",""
"2006103802","","2","0","0","0","0","0","0","0","0","6","0","","02","10","2006","4","40.395835","-80.022905","","11","0","0","0","0","0","0","0","0","","0","0","0","","","0","","0","","40 23:45.006","","0","80 01:22.458","9","0","0","0","2301","0","0","0","N","0","0","0","4","02301","0","","1.0","","1","N","N","","0","","0","0","0","","0","","","2","0","0","0","0","0","3","2","0","2","","","","N","","","","","","","","","",""
"2006103803","","1","0","0","0","0","0","0","0","0","7","0","","02","10","2006","4","","","","11","0","0","0","0","0","0","0","0","","0","0","0","","","1","","1","","","","0","","8","0","0","0","2301","0","0","0","N","0","0","0","2","02301","0","","5.0","","1","N","N","","0","","0","0","0","","2","","","2","1","1","0","0","1","1","1","0","1","","","","N","","","","","","","","","",""
"2006103804","","2","0","0","0","0","0","0","0","0","4","0","","02","10","2006","4","40.457","-79.9989","","11","0","0","0","0","0","0","1","0","","0","0","0","","","1","","1","","40 27:25.200","","0","79 59:56.040","8","0","0","0","2301","0","0","0","N","0","0","0","3","02301","0","","1.0","","1","N","N","","0","","0","0","0","","2","","","2","1","0","0","0","1","0","2","0","2","","","","N","","","","","","","","","",""
"2006103805","","1","0","0","0","0","0","0","0","0","1","0","","02","10","2006","4","40.454722","-79.994483","","11","0","0","0","0","0","0","0","1","","0","0","0","","","1","","1","","40 27:17.000","","0","79 59:40.137","8","0","0","0","2301","0","0","0","N","0","0","0","2","02301","0","","1.0","","1","N","N","","0","","0","0","1","","2","","","2","1","0","0","0","1","0","2","0","2","","","","N","","","","","","","","","",""
"2006103806","","2","0","0","0","0","0","0","0","0","1","0","","02","10","2006","3","","","","11","0","0","0","0","1","0","0","0","","0","0","0","","","0","","0","","","","3","","0","0","0","0","2301","0","0","0","N","0","0","0","2","02301","0","","1.0","","1","N","N","","0","","0","0","0","","0","","","2","0","0","0","0","0","0","1","0","2","","","","N","","","","","","","","","",""
"2006103807","","1","0","0","0","0","0","0","0","0","6","0","","02","10","2006","3","40.474189","-79.920782","","11","0","0","0","0","0","0","0","0","","0","0","0","","","0","","1","","40 28:27.080","","0","79 55:14.815","0","0","0","0","2301","0","0","0","N","0","0","0","2","02301","0","","1.0","","1","N","N","","0","","0","0","1","","0","","","2","0","0","0","0","0","0","2","0","2","","","","N","","","","","","","","","",""
"2006103808","","1","0","0","0","0","0","0","0","0","4","0","","02","9","2006","6","","","","11","0","0","0","0","0","0","0","0","","0","0","0","","","0","","0","","","","3","","9","0","0","0","2301","0","0","0","N","0","0","0","2","02301","0","","1.0","","1","N","N","","0","","0","0","0","","0","","","2","0","0","0","0","0","1","1","0","2","","","","N","","","","","","","","","",""
"2006103851","","2","0","0","0","0","0","0","0","0","4","0","","02","7","2006","1","40.521899","-79.84262","","11","0","1","0","0","0","1","0","0","","0","0","0","","","2","","2","","40 31:18.835","","0","79 50:33.432","8","0","0","0","2451","0","0","0","N","0","0","0","6","02451","0","","1.0","","9","N","N","","0","","0","0","0","","3","","","2","2","0","0","0","2","0","2","0","2","","","","N","","","","","","","","","",""
"2006103871","","1","0","0","0","0","0","0","0","0","7","0","","02","9","2006","6","","","","11","0","0","0","0","0","0","0","0","2","0","0","0","","","0","","0","","","4","0","","0","0","0","0","2301","0","0","0","N","0","0","0","1","02301","0","","4.0","","1","N","N","","0","","0","0","0","","0","N","","1","0","0","0","0","0","0","1","0","1","","","","N","","","","","","","","","",""
"2006103878","","1","0","0","0","0","0","0","0","0","7","0","","02","10","2006","3","40.639168","-79.959363","","11","0","0","0","0","1","0","0","0","2","0","0","0","","","0","","0","","40 38:21.006","6","0","79 57:33.707","0","0","0","0","2217","0","0","0","N","0","0","0","1","02505","0","","5.0","","9","N","N","","0","","0","0","0","","0","Y","","1","0","0","0","0","0","0","2","0","1","","","","N","","","","","","","","","",""
"2006104048","","1","0","0","0","0","0","0","0","0","7","0","","02","10","2006","4","40.286389","-80.02293","","11","0","0","0","0","0","0","0","0","1","0","0","0","","","1","","2","","40 17:11.000","1","0","80 01:22.548","4","0","0","0","2219","0","0","0","Y","0","0","0","1","02219","1","","2.0","","1","N","N","","0","","0","0","0","","2","N","","1","1","0","0","0","0","0","2","0","1","","","","N","","","","","","","","","",""
"2006104050","","0","0","0","0","0","0","0","0","0","7","0","","02","9","2006","7","40.354","-80.1374","","11","0","0","0","0","0","1","0","0","1","0","0","0","","","0","","0","","40 21:14.400","4","0","80 08:14.640","9","0","0","0","2119","0","0","0","N","0","0","0","1","02119","0","","4.0","","9","N","N","","0","","0","0","0","","0","N","","1","0","0","0","0","0","1","2","1","1","","","","N","","","","","","","","","",""
"2006104068","","0","0","0","0","0","0","0","0","0","7","0","","02","9","2006","4","40.512879","-79.834153","","11","0","0","0","0","0","0","0","0","","0","0","0","","","0","","0","","40 30:46.365","","0","79 50:02.952","0","0","0","0","2451","0","0","0","Y","0","0","0","1","02451","0","","2.0","","1","N","N","","0","","0","0","0","","0","","","1","0","0","0","0","0","0","2","1","1","","","","N","","","","","","","","","",""
"2006104336","","1","0","0","0","0","0","0","0","0","7","0","","02","10","2006","3","40.398333","-79.811804","","11","0","0","0","0","0","1","0","0","1","0","0","0","","","1","","0","","40 23:54.000","3","0","79 48:42.496","8","0","0","0","2446","0","0","0","N","0","0","0","1","02446","0","","4.0","","1","N","N","","0","","0","0","0","","0","N","","1","1","1","0","0","1","0","2","0","1","","","","N","","","","","","","","","",""
"2006104421","","2","0","0","0","0","0","0","0","0","2","0","","02","10","2006","3","","","","11","0","0","0","0","0","1","0","0","","0","0","0","","","2","","1","","","","0","","4","0","0","0","2403","0","0","0","N","0","0","0","2","02403","2","","1.0","","8","N","N","","0","","0","0","0","","2","","","2","2","0","0","0","0","0","1","0","2","","","","N","","","","","","","","","",""
"2006104501","","2","0","0","0","0","0","0","0","0","1","0","","02","9","2006","3","40.559722","-79.801831","","11","0","0","0","0","0","0","0","0","","0","0","0","","","1","","0","","40 33:35.000","","0","79 48:06.592","4","0","0","0","2208","0","0","0","N","0","0","0","2","68D02","1","","1.0","","1","N","N","","0","","0","0","0","","0","","","2","1","0","0","0","0","0","2","0","2","","","","N","","","","","","","","","",""
"2006104503","","1","0","0","0","0","0","0","0","0","99","0","","02","9","2006","7","40.543333","-79.837566","","11","0","0","0","0","1","0","0","0","","0","0","0","","","0","","0","","40 32:36.000","","0","79 50:15.239","0","0","0","0","2208","0","0","0","N","0","0","0","2","68D02","0","","1.0","","1","N","N","","0","","0","0","0","","0","","","1","0","0","0","0","0","0","2","0","1","","","","N","","","","","","","","","",""
"2006104504","","2","0","0","0","0","0","0","0","0","1","0","","02","8","2006","2","40.494722","-79.90555","","11","0","0","0","1","0","0","0","0","","0","0","0","","","0","","0","","40 29:41.000","","0","79 54:19.979","0","0","0","0","2112","0","0","0","N","0","0","0","3","68D02","0","","1.0","","1","N","N","","0","","0","0","0","","0","","","2","0","0","0","0","0","0","2","0","2","","","","N","","","","","","","","","",""
"2006104531","","2","0","0","0","0","0","0","0","0","1","0","","02","10","2006","7","40.393333","-79.77537","","11","0","0","1","0","0","1","0","0","","0","0","0","","","0","","3","","40 23:36.000","","0","79 46:31.331","0","0","0","0","2111","0","0","0","N","0","0","0","2","02111","0","","1.0","","1","N","N","","0","","0","0","0","","2","","","2","0","0","0","0","0","0","2","0","2","","","","N","","","","","","","","","",""
"2006104547","","1","0","0","0","0","0","0","0","0","4","0","","02","10","2006","4","","","","11","0","0","0","0","0","1","1","0","","0","0","0","","","1","","1","","","","2","","4","0","0","0","2428","0","0","0","N","0","0","0","2","02428","1","","1.0","","1","N","N","","0","","0","0","1","","3","","","2","1","0","0","0","0","0","1","0","2","","","","N","","","","","","","","","",""
"2006104551","","1","0","0","0","0","0","0","0","0","5","0","","02","10","2006","2","40.4343","-79.7327","","11","0","0","0","0","0","0","0","0","","0","0","0","","","0","","0","","40 26:03.480","","0","79 43:57.720","0","0","0","0","2446","0","0","0","N","0","0","0","4","02446","0","","1.0","","1","N","N","","1","","0","0","0","","0","","","2","0","0","0","0","0","0","2","0","2","","","","N","","","","","","","","","",""
"2006104557","","1","0","0","0","0","0","0","0","0","99","0","","02","10","2006","3","40.3129","-79.9386","","11","0","0","0","0","0","0","0","0","","0","0","0","","","1","","0","","40 18:46.440","","0","79 56:18.960","4","0","0","0","2440","0","0","0","N","0","0","0","1","02440","1","","1.0","","1","N","N","","0","","0","0","0","","0","","","1","1","0","0","0","0","0","2","0","1","","","","N","","","","","","","","","",""
"2006104562","","1","0","0","0","0","0","0","0","0","1","0","","02","10","2006","3","40.619444","-80.080719","","11","0","0","0","0","0","1","0","0","","0","0","0","","","0","","2","","40 37:10.000","","0","80 04:50.590","0","0","0","0","2212","0","0","0","N","0","0","0","2","02505","0","","1.0","","9","N","N","","0","","0","0","1","","0","","","2","0","0","0","0","0","0","2","0","2","","","","N","","","","","","","","","",""
"2006104564","","1","0","0","0","0","0","0","0","0","4","0","","02","10","2006","4","40.496111","-79.976872","","11","0","0","0","0","0","0","1","0","2","0","0","0","","","0","","1","","40 29:46.000","7","0","79 58:36.740","0","0","0","0","2118","0","0","0","N","0","0","0","4","02118","0","","1.0","","1","N","N","","2","","0","0","0","","3","Y","","3","0","0","0","0","0","0","2","0","3","","","","N","","","","","","","","","",""
"2006104565","","0","0","0","0","0","0","0","0","0","7","0","","02","10","2006","2","40.5523","-79.8442","","11","0","0","0","0","0","1","0","0","","0","0","0","","","0","","0","","40 33:08.280","","0","79 50:39.120","0","0","0","0","2208","0","0","0","N","0","0","0","1","02208","0","","5.0","","1","N","N","","0","","0","0","0","","0","","","1","0","0","0","0","0","0","2","1","1","","","","N","","","","","","","","","",""
"2006104569","","2","0","0","0","0","0","0","0","0","1","0","","02","10","2006","4","40.416111","-80.045016","","11","0","0","0","0","0","1","0","0","","0","0","0","","","0","","0","","40 24:58.000","","0","80 02:42.059","0","0","0","0","2435","0","0","0","N","0","0","0","3","02435","0","","1.0","","1","N","N","","0","","0","0","0","","0","","","2","0","0","0","0","0","0","2","0","2","","","","N","","","","","","","","","",""
"2006104570","","2","0","0","0","0","0","0","0","0","1","0","","02","10","2006","4","40.4175","-80.045316","","11","0","0","0","0","0","0","0","0","","0","0","0","","","0","","0","","40 25:03.000","","0","80 02:43.137","0","0","0","0","2435","0","0","0","N","0","0","0","2","02435","0","","1.0","","1","N","N","","0","","0","0","0","","0","","","2","0","0","0","0","0","0","2","0","2","","","","N","","","","","","","","","",""
"2006104586","","2","0","0","0","0","0","0","0","0","4","0","","02","10","2006","4","40.494167","-79.747626","","11","0","0","1","1","0","0","0","0","","0","0","0","","","0","","2","","40 29:39.000","","0","79 44:51.452","0","0","0","0","2466","0","0","0","N","0","0","0","7","02466","0","","1.0","","1","N","N","","0","","0","0","0","","3","","","2","0","0","0","0","0","0","2","0","2","","","","N","","","","","","","","","",""
"2006104589","","1","0","0","0","0","0","0","0","0","7","0","","02","10","2006","4","40.4959","-80.0952","","11","0","0","0","0","1","0","0","0","1","0","0","0","","","1","","0","","40 29:45.240","1","99","80 05:42.720","4","0","0","0","2126","0","0","0","N","0","0","0","1","02126","1","","5.0","","1","N","N","","0","","0","0","0","","0","N","","1","1","0","0","0","0","0","2","0","1","","","","N","","","","","","","","","",""
"2006104598","","2","0","0","0","0","0","0","0","0","1","0","","02","10","2006","4","40.34","-79.967401","","11","0","0","0","0","0","1","0","0","","0","0","0","","","0","","0","","40 20:24.000","","0","79 58:02.644","0","0","0","0","2454","0","0","0","N","0","0","0","3","02454","0","","1.0","","1","N","N","","0","","0","0","0","","0","","","2","0","0","0","0","0","0","2","0","2","","","","N","","","","","","","","","",""
"2006104602","","2","0","0","0","0","0","0","0","0","4","0","","02","10","2006","5","40.289294","-79.884412","","11","0","0","0","0","0","0","1","0","","0","0","0","","","0","","1","","40 17:21.458","","0","79 53:03.883","0","0","0","0","2302","0","0","0","N","0","0","0","2","02302","0","","1.0","","1","N","N","","0","","0","0","0","","3","","","2","0","2","0","0","0","0","2","0","2","","","","N","","","","","","","","","",""
"2006104605","","0","0","0","0","0","0","1","0","0","4","1","","02","10","2006","5","40.409017","-80.017089","","11","0","0","0","0","0","0","0","0","","0","0","0","","","2","","0","","40 24:32.461","","99","80 01:01.519","3","0","0","0","2301","0","0","0","N","0","0","0","48","02503","1","","1.0","","1","N","N","","1","","1","0","0","","0","","","2","2","0","0","0","0","0","2","0","2","","","","N","","","","","","","","","",""
"2006104607","","0","0","0","0","0","0","0","0","0","1","0","","02","10","2006","3","40.366111","-80.106953","","11","0","0","0","0","0","0","0","0","","0","0","0","","","1","","2","","40 21:58.000","","7","80 06:25.030","8","0","0","0","2102","0","0","0","N","0","0","0","2","02102","0","","1.0","","9","N","N","","1","","0","0","0","","2","","","2","1","0","0","0","1","0","2","1","2","","","","N","","","","","","","","","",""
"2006104624","","0","0","0","0","0","0","0","0","0","0","0","","02","10","2006","2","40.543464","-79.807715","","11","0","0","0","0","0","0","0","0","","0","0","0","","","1","","0","","40 32:36.469","","0","79 48:27.773","8","0","0","0","2418","0","0","0","N","0","0","0","1","02418","0","","1.0","","9","N","N","","0","","0","0","1","","0","","","1","1","0","0","0","1","0","2","0","1","","","","N","","","","","","","","","",""
"2006104628","","1","0","0","0","0","0","0","0","0","8","0","","02","10","2006","2","","","","11","0","0","0","0","0","0","0","0","","0","0","0","","","1","","0","","","","0","","4","0","0","0","2118","1","0","0","N","1","0","0","2","02118","1","","1.0","","1","N","N","","0","","0","0","0","","0","","","2","1","0","0","0","0","0","1","0","1","","","","N","","","","","","","","","",""
"2006104631","","1","0","0","0","0","0","0","0","0","4","0","","02","10","2006","5","40.538889","-79.83998","","11","0","0","0","0","0","0","0","0","","0","0","0","","","0","","1","","40 32:20.000","","0","79 50:23.928","0","0","0","0","2208","0","0","0","N","0","0","0","2","02208","0","","1.0","","1","N","N","","1","","0","0","0","","2","","","2","0","0","0","0","0","0","2","0","2","","","","N","","","","","","","","","",""
"2006104636","","2","0","0","0","0","0","0","0","0","4","1","","02","10","2006","5","40.533889","-79.844881","","11","0","0","0","0","0","1","0","1","","0","1","0","","","1","","2","","40 32:02.000","","0","79 50:41.572","8","0","0","0","2208","0","0","0","N","0","0","0","5","02208","0","","1.0","","9","N","N","","0","","0","0","1","","2","","","4","1","0","0","0","1","0","2","0","4","","","","N","","","","","","","","","",""
"2006104637","","1","0","0","0","0","0","0","0","0","6","0","","02","10","2006","3","","","","11","0","0","1","0","0","0","0","0","1","0","0","0","","","2","","0","","","5","0","","8","0","0","0","2116","0","0","0","N","0","0","0","4","02116","0","","1.0","","9","N","N","","0","","0","0","1","","0","Y","","2","2","3","0","0","2","0","1","0","2","","","","N","","","","","","","","","",""
"2006104645","","1","0","0","0","0","0","0","0","0","4","0","","02","10","2006","5","40.537778","-79.834763","","11","0","0","0","0","0","1","0","0","","0","0","0","","","0","","2","","40 32:16.000","","0","79 50:05.146","0","0","0","0","2208","0","0","0","N","0","0","0","4","02208","0","","1.0","","9","N","N","","0","","0","0","0","","2","","","2","0","0","0","0","0","0","2","1","2","","","","N","","","","","","","","","",""
"2006104650","","1","0","0","0","0","0","0","0","0","7","0","","02","10","2006","4","40.4939","-80.0106","","11","0","0","0","0","0","0","0","0","","0","0","0","","","1","","0","","40 29:38.040","","0","80 00:38.160","4","0","0","0","2116","0","0","0","N","0","0","0","2","02116","1","","4.0","","1","N","N","","0","","0","0","0","","0","","","1","1","0","0","0","0","0","2","0","1","","","","N","","","","","","","","","",""
"2006104653","","1","0","0","0","0","0","0","0","0","7","0","","02","10","2006","6","","","","11","0","0","0","0","0","0","1","0","3","0","0","0","","","1","","3","","","7","0","","8","0","0","0","2448","0","0","0","N","0","0","0","1","02448","0","","5.0","","9","N","N","","0","","0","0","0","","0","N","","1","1","0","0","0","1","0","1","0","1","","","","N","","","","","","","","","",""
"2006104657","","2","0","0","0","0","0","0","0","0","1","0","","02","10","2006","5","40.370278","-79.786944","","11","0","0","0","0","0","0","0","0","1","0","0","0","","","1","","0","","40 22:13.000","3","0","79 47:12.997","8","0","0","0","2111","0","0","0","N","0","0","0","2","02111","0","","1.0","","1","N","N","","0","","0","0","0","","2","N","","2","1","0","0","0","1","0","2","0","2","","","","N","","","","","","","","","",""
"2006104661","","1","0","0","0","0","0","0","0","0","7","0","","02","10","2006","3","40.473333","-80.076339","","11","0","0","0","0","0","0","0","0","","0","0","0","","","0","","2","","40 28:24.000","","0","80 04:34.820","0","0","0","0","2122","0","0","0","N","0","0","0","1","02122","0","","5.0","","9","N","N","","0","","0","0","0","","0","","","1","0","0","0","0","0","0","2","0","1","","","","N","","","","","","","","","",""
"2006104663","","1","0","0","0","0","0","0","0","0","7","0","","02","10","2006","5","40.337527","-80.010661","","11","0","0","0","0","0","0","0","0","","0","0","0","","","1","","0","","40 20:15.097","","0","80 00:38.379","8","0","0","0","2407","0","0","0","N","0","0","0","1","02407","0","","4.0","","1","N","N","","0","","0","0","0","","0","","","1","1","0","0","0","1","0","2","0","1","","","","N","","","","","","","","","",""
"2006104756","","1","0","0","0","0","0","0","0","0","7","0","","02","10","2006","1","","","","11","0","1","0","0","0","0","0","0","2","0","0","0","","","0","","0","","","5","0","","0","0","0","0","2119","0","0","0","N","0","0","0","1","02119","0","","4.0","","9","N","N","","0","","0","0","0","","0","Y","","1","0","0","0","0","0","0","1","0","1","","","","N","","","","","","","","","",""
"2006104757","","1","0","0","0","0","0","0","0","0","7","0","","02","9","2006","3","40.3483","-80.1649","","11","0","0","0","0","0","0","0","1","","0","0","0","","","1","","0","","40 20:53.880","","0","80 09:53.640","4","0","0","0","2119","0","0","0","N","0","0","0","1","02119","1","","4.0","","1","N","N","","0","","0","0","0","","0","","","1","1","0","0","0","0","0","2","0","1","","","","N","","","","","","","","","",""
"2006104758","","1","0","0","0","0","0","0","0","0","1","0","","02","9","2006","6","40.345","-80.171763","","11","0","1","0","0","0","0","0","0","","0","0","0","","","0","","0","","40 20:42.000","","0","80 10:18.348","0","0","0","0","2119","0","0","0","N","0","0","0","2","02119","0","","1.0","","1","N","N","","1","","0","0","0","","0","","","2","0","0","0","0","0","0","2","0","2","","","","N","","","","","","","","","",""
"2006104920","","1","0","0","0","0","0","0","0","0","7","0","","02","10","2006","1","","","","11","0","0","0","0","0","0","0","0","3","0","0","0","","","1","","0","","","5","0","","3","0","0","0","2444","0","0","0","N","0","0","0","1","02444","0","","5.0","","1","N","N","","0","","1","0","0","","0","Y","","1","1","0","0","0","0","0","1","0","1","","","","N","","","","","","","","","",""
"2006104978","","1","0","1","0","0","0","0","0","0","7","0","","02","8","2006","1","40.326667","-79.818172","","11","0","0","0","0","0","0","0","0","4","0","0","0","","","2","","0","","40 19:36.000","5","0","79 49:05.418","2","0","0","0","2304","0","0","0","N","0","0","0","2","02304","0","","4.0","","1","N","N","","0","","0","2","0","","0","Y","","2","2","1","0","1","0","0","2","1","2","","","","N","","","","","","","","","",""
"2006105200","","1","0","0","0","0","0","0","0","0","1","0","","02","10","2006","6","","","","11","0","0","0","0","0","0","0","0","1","0","0","0","","","0","","6","","","4","2","","0","0","0","0","2419","0","0","0","N","0","0","0","2","02419","0","","1.0","","9","N","N","","0","","0","0","1","","4","N","","2","0","0","0","0","0","0","1","0","2","","","","N","","","","","","","","","",""
"2006105201","","0","0","0","0","0","0","0","0","0","0","0","","02","8","2006","3","40.6099","-79.9494","","11","0","0","0","0","0","1","0","0","","0","0","0","","","1","","0","","40 36:35.640","","2","79 56:57.840","4","0","0","0","2207","0","0","0","N","0","0","0","1","68T02","1","","7.0","","1","N","N","","1","","0","0","0","","0","","","1","1","0","0","0","0","0","2","0","1","","","","N","","","","","","","","","",""
"2006105270","","2","0","0","0","0","0","0","0","0","4","0","","02","10","2006","2","40.435597","-79.781652","","11","0","0","0","0","0","0","1","0","1","0","0","0","","","1","","2","","40 26:08.149","3","0","79 46:53.947","4","0","0","0","2446","0","0","0","N","0","0","0","6","02446","1","","1.0","","1","N","N","","0","","0","0","0","","0","N","","3","1","0","0","0","0","0","2","1","3","","","","N","","","","","","","","","",""
"2006105295","","2","0","0","0","0","0","0","0","0","4","0","","02","7","2006","3","40.525833","-79.842395","","11","0","0","0","1","0","0","0","0","","0","0","0","","","0","","1","","40 31:33.000","","0","79 50:32.621","0","0","0","0","2451","0","0","0","N","0","0","0","2","02451","0","","1.0","","1","N","N","","0","","0","0","0","","3","","","2","0","0","0","0","0","0","2","0","2","","","","N","","","","","","","","","",""
"2006105296","","2","0","0","0","0","0","0","0","0","4","0","","02","7","2006","1","40.524722","-79.826846","","11","0","0","0","0","0","0","0","1","","0","0","0","","","0","","2","","40 31:29.000","","0","79 49:36.646","0","0","0","0","2451","0","0","0","N","0","0","0","3","02451","0","","1.0","","1","N","N","","0","","0","0","0","","3","","","2","0","1","0","0","0","0","1","0","2","","","","N","","","","","","","","","",""
"2006105297","","2","0","0","0","0","0","0","0","0","4","0","","02","8","2006","3","40.521667","-79.842217","","11","0","0","0","0","0","1","0","0","","0","0","0","","","2","","1","","40 31:18.000","","0","79 50:31.982","4","0","0","0","2451","0","0","0","N","0","0","0","2","02451","1","","1.0","","1","N","N","","0","","0","0","0","","3","","","2","2","0","0","0","1","0","2","0","2","","","","N","","","","","","","","","",""
"2006105298","","1","0","0","0","0","0","0","0","0","1","0","","02","8","2006","4","40.537778","-79.842835","","11","0","0","0","0","0","1","0","0","2","0","0","0","","","1","","0","","40 32:16.000","2","0","79 50:34.207","8","0","0","0","2451","0","0","0","N","0","0","0","5","02451","0","","1.0","","9","N","N","","3","","0","0","0","","0","Y","","4","1","0","0","0","1","0","2","0","4","","","","N","","","","","","","","","",""
"2006105299","","1","0","0","0","0","0","0","0","0","4","0","","02","8","2006","5","40.515","-79.84305","","11","0","0","0","0","0","0","0","0","","0","0","0","","","0","","0","","40 30:54.000","","0","79 50:34.981","0","0","0","0","2451","0","0","0","N","0","0","0","2","02451","0","","1.0","","1","N","N","","1","","0","0","0","","0","","","2","0","0","0","0","0","0","2","0","2","","","","N","","","","","","","","","",""
"2006105300","","1","0","0","0","0","0","0","0","0","7","0","","02","8","2006","1","","","","11","0","0","1","0","0","0","0","0","","0","0","0","","","4","","0","","","","0","","4","0","0","0","2451","0","0","0","N","0","0","0","4","02451","4","","2.0","","1","N","N","","0","","0","0","0","","3","","","1","4","0","0","0","0","0","1","0","1","","","","N","","","","","","","","","",""
"2006105301","","1","0","0","0","0","0","0","0","0","4","0","","02","8","2006","1","40.524375","-79.828879","","11","0","0","0","0","0","0","0","1","","0","0","0","","","0","","2","","40 31:27.750","","0","79 49:43.963","0","0","0","0","2451","0","0","0","N","0","0","0","2","02451","0","","1.0","","1","N","N","","1","","0","0","0","","3","","","2","0","0","0","0","0","0","2","0","2","","","","N","","","","","","","","","",""
"2006105302","","2","0","0","0","0","0","0","0","0","1","0","","02","8","2006","5","40.524244","-79.829576","","11","0","0","0","0","0","0","0","0","","0","0","0","","","0","","0","","40 31:27.280","","0","79 49:46.472","0","0","0","0","2451","0","0","0","N","0","0","0","3","02451","0","","1.0","","1","N","N","","1","","0","0","0","","0","","","3","0","0","0","0","0","0","2","0","3","","","","N","","","","","","","","","",""
"2006105303","","2","0","0","0","0","0","0","0","0","6","0","","02","8","2006","3","40.523927","-79.83154","","11","0","0","0","0","0","0","0","1","","0","0","0","","","1","","0","","40 31:26.138","","0","79 49:53.545","4","0","0","0","2451","0","0","0","N","0","0","0","3","02451","1","","1.0","","1","N","N","","0","","0","0","0","","0","","","2","1","0","0","0","0","0","2","0","2","","","","N","","","","","","","","","",""
"2006105304","","2","0","0","0","0","0","0","0","0","4","0","","02","7","2006","3","40.525833","-79.842395","","11","0","0","0","0","0","0","0","0","","0","0","0","","","1","","1","","40 31:33.000","","0","79 50:32.621","8","0","0","0","2451","0","0","0","N","0","0","0","2","02451","0","","1.0","","9","N","N","","0","","0","0","0","","3","","","2","1","0","0","0","1","0","2","0","2","","","","N","","","","","","","","","",""