"CRN","ARRIVAL_TM","AUTOMOBILE_COUNT","BELTED_DEATH_COUNT","BELTED_SUSP_SERIOUS_INJ_COUNT","BICYCLE_COUNT","BICYCLE_DEATH_COUNT","BICYCLE_SUSP_SERIOUS_INJ_COUNT","BUS_COUNT","CHLDPAS_DEATH_COUNT","CHLDPAS_SUSP_SERIOUS_INJ_COUNT","COLLISION_TYPE","COMM_VEH_COUNT","CONS_ZONE_SPD_LIM","COUNTY","CRASH_MONTH","CRASH_YEAR","DAY_OF_WEEK","DEC_LATITUDE","DEC_LONGITUDE","DISPATCH_TM","DISTRICT","DRIVER_COUNT_16YR","DRIVER_COUNT_17YR","DRIVER_COUNT_18YR","DRIVER_COUNT_19YR","DRIVER_COUNT_20YR","DRIVER_COUNT_50_64YR","DRIVER_COUNT_65_74YR","DRIVER_COUNT_75PLUS","EST_HRS_CLOSED","FATAL_COUNT","HEAVY_TRUCK_COUNT","HORSE_BUGGY_COUNT","HOUR_OF_DAY","ILLUMINATION","INJURY_COUNT","INTERSECTION_RELATED","INTERSECT_TYPE","LANE_CLOSED","LATITUDE","LN_CLOSE_DIR","LOCATION_TYPE","LONGITUDE","MAX_SEVERITY_LEVEL","MCYCLE_DEATH_COUNT","MCYCLE_SUSP_SERIOUS_INJ_COUNT","MOTORCYCLE_COUNT","MUNICIPALITY","NONMOTR_COUNT","NONMOTR_DEATH_COUNT","NONMOTR_SUSP_SERIOUS_INJ_COUNT","NTFY_HIWY_MAINT","PED_COUNT","PED_DEATH_COUNT","PED_SUSP_SERIOUS_INJ_COUNT","PERSON_COUNT","POLICE_AGCY","POSSIBLE_INJ_COUNT","RDWY_SURF_TYPE_CD","RELATION_TO_ROAD","ROADWAY_CLEARED","ROAD_CONDITION","SCH_BUS_IND","SCH_ZONE_IND","SECONDARY_CRASH","SMALL_TRUCK_COUNT","SPEC_JURIS_CD","SUSP_MINOR_INJ_COUNT","SUSP_SERIOUS_INJ_COUNT","SUV_COUNT","TCD_FUNC_CD","TCD_TYPE","TFC_DETOUR_IND","TIME_OF_DAY","TOTAL_UNITS","TOT_INJ_COUNT","UNBELTED_OCC_COUNT","UNB_DEATH_COUNT","UNB_SUSP_SERIOUS_INJ_COUNT","UNK_INJ_DEG_COUNT","UNK_INJ_PER_COUNT","URBAN_RURAL","VAN_COUNT","VEHICLE_COUNT","WEATHER1","WEATHER2","WORKERS_PRES","WORK_ZONE_IND","WORK_ZONE_LOC","WORK_ZONE_TYPE","WZ_CLOSE_DETOUR","WZ_FLAGGER","WZ_LAW_OFFCR_IND","WZ_LN_CLOSURE","WZ_MOVING","WZ_OTHER","WZ_SHLDER_MDN","WZ_WORKERS_INJ_KILLED"
"2006107412","","1","0","0","0","0","0","0","0","0","1","0","","02","10","2006","6","40.431389","-79.80288","","11","0","0","0","0","0","0","0","0","2","0","0","0","","","0","","0","","40 25:53.000","3","0","79 48:10.367","0","0","0","0","2446","0","0","0","N","0","0","0","3","02446","0","","1.0","","1","N","N","","0","","0","0","0","","0","N","","2","0","1","0","0","0","0","2","1","2","","","","N","","","","","","","","","",""
"2006107413","","1","0","0","0","0","0","0","0","0","7","0","","02","10","2006","7","40.438611","-79.744186","","11","0","0","0","0","0","0","0","0","1","0","0","0","","","0","","0","","40 26:19.000","4","0","79 44:39.070","0","0","0","0","2446","0","0","0","N","0","0","0","3","02446","0","","4.0","","1","N","N","","0","","0","0","0","","0","N","","1","0","0","0","0","0","0","2","0","1","","","","N","","","","","","","","","",""
"2006107414","","1","0","0","0","0","0","0","0","0","7","0","","02","10","2006","5","40.429722","-79.751251","","11","0","0","0","0","0","0","0","0","","0","0","0","","","0","","5","","40 25:47.000","","0","79 45:04.505","0","0","0","0","2446","0","0","0","N","0","0","0","1","02446","0","","4.0","","9","N","N","","0","","0","0","0","","2","","","1","0","0","0","0","0","0","2","0","1","","","","N","","","","","","","","","",""
"2006107415","","1","0","0","0","0","0","0","0","0","2","0","","02","10","2006","5","","","","11","0","0","0","0","0","0","0","1","","0","0","0","","","2","","0","","","","0","","8","0","0","0","2446","0","0","0","N","0","0","0","3","02446","0","","1.0","","1","N","N","","0","","0","0","1","","0","","","2","2","0","0","0","2","0","1","0","2","","","","N","","","","","","","","","",""
"2006107460","","1","0","0","0","0","0","0","0","0","1","0","","02","9","2006","6","","","","11","0","0","0","0","0","0","0","1","","0","0","0","","","0","","0","","40 26:01.68","","0","80 08:34.44","0","0","0","0","2115","0","0","0","N","0","0","0","2","68B03","0","","1.0","","1","N","N","","0","","0","0","1","","0","","","2","0","0","0","0","0","0","2","0","2","","","","N","","","","","","","","","",""
"2006107491","","1","0","0","0","0","0","0","0","0","7","0","","02","10","2006","7","40.347067","-79.996453","","11","0","0","0","0","0","0","0","0","1","0","0","0","","","0","","0","","40 20:49.441","2","0","79 59:47.230","0","0","0","0","2403","0","0","0","N","0","0","0","1","02403","0","","5.0","","1","N","N","","0","","0","0","0","","0","N","","1","0","0","0","0","0","0","2","0","1","","","","N","","","","","","","","","",""
"2006107501","","1","0","0","0","0","0","0","0","0","4","0","","02","10","2006","2","40.446389","-79.759705","","11","0","0","0","0","0","1","0","0","","0","0","0","","","0","","2","","40 26:47.000","","0","79 45:34.938","0","0","0","0","2446","0","0","0","N","0","0","0","2","02446","0","","1.0","","1","N","N","","1","","0","0","0","","3","","","2","0","0","0","0","0","0","2","0","2","","","","N","","","","","","","","","",""
"2006107502","","1","0","0","0","0","0","0","0","0","1","0","","02","10","2006","1","","","","11","0","0","0","0","0","1","0","0","","0","0","0","","","2","","2","","","","0","","4","0","0","0","2419","0","0","0","N","0","0","0","4","02419","1","","1.0","","1","N","N","","0","","0","0","0","","0","","","2","2","0","0","0","1","0","1","1","2","","","","N","","","","","","","","","",""
"2006107511","","3","0","0","0","0","0","0","0","0","1","0","","02","10","2006","6","40.430278","-79.806432","","11","0","0","0","1","0","0","0","1","1","0","0","0","","","0","","0","","40 25:49.000","3","3","79 48:23.155","0","0","0","0","2446","0","0","0","N","0","0","0","5","02446","0","","1.0","","9","N","N","","0","","0","0","0","","0","N","","3","0","1","0","0","0","0","2","0","3","","","","N","","","","","","","","","",""
"2006107523","","4","0","0","0","0","0","0","0","0","2","0","","02","10","2006","4","","","","11","0","0","0","0","0","0","0","1","1","0","0","0","","","0","","10","","","5","7","","0","0","0","0","2111","0","0","0","N","0","0","0","1","02111","0","","4.0","","1","N","N","","0","","0","0","0","","0","N","","4","0","0","0","0","0","0","1","0","4","","","","N","","","","","","","","","",""
"2006107527","","1","0","0","0","0","0","0","0","0","7","0","","02","10","2006","4","40.6123","-79.8938","","11","0","1","0","0","0","0","0","0","1","0","0","0","","","0","","0","","40 36:44.280","4","0","79 53:37.680","0","0","0","0","2220","0","0","0","N","0","0","0","1","02220","0","","5.0","","1","N","N","","0","","0","0","0","","0","N","","1","0","0","0","0","0","0","1","0","1","","","","N","","","","","","","","","",""
"2006107528","","1","0","0","0","0","0","0","0","0","1","0","","02","10","2006","7","","","","11","0","0","1","0","1","0","0","0","","0","0","0","","","2","","0","","","","7","","4","0","0","0","2421","1","0","0","N","1","0","0","3","02421","2","","1.0","","1","N","N","","1","","0","0","0","","0","","","3","2","0","0","0","0","0","1","0","2","","","","N","","","","","","","","","",""
"2006107529","","1","0","0","0","0","0","0","0","0","7","0","","02","10","2006","2","40.520887","-79.97644","","11","0","0","0","0","0","0","0","0","3","0","0","0","","","0","","0","","40 31:15.193","5","0","79 58:35.184","0","0","0","0","2118","0","0","0","N","0","0","0","1","02118","0","","4.0","","1","N","N","","0","","0","0","0","","0","Y","","1","0","1","0","0","0","0","2","0","1","","","","N","","","","","","","","","",""
"2006107562","","2","0","0","0","0","0","0","0","0","4","0","","02","10","2006","5","40.46","-80.048044","","11","0","0","0","0","0","0","0","0","3","0","0","0","","","3","","2","","40 27:36.000","7","0","80 02:52.958","3","0","0","0","2301","0","0","0","N","0","0","0","3","02301","0","","1.0","","9","N","N","","0","","3","0","0","","0","Y","","2","3","0","0","0","0","0","2","0","2","","","","N","","","","","","","","","",""
"2006107578","","1","0","0","0","0","0","0","0","0","8","0","","02","10","2006","4","40.366911","-80.079952","","11","0","0","0","0","0","1","0","0","","0","0","0","","","1","","1","","40 22:00.879","","0","80 04:47.827","4","0","0","0","2117","1","0","0","N","1","0","0","2","02117","1","","1.0","","1","N","N","","0","","0","0","0","","3","","","2","1","1","0","0","0","0","2","0","1","","","","N","","","","","","","","","",""
"2006107590","","2","0","0","0","0","0","0","0","0","4","0","","02","10","2006","2","40.452214","-80.055297","","11","0","0","0","0","0","1","0","0","","0","0","0","","","0","","0","","40 27:07.970","","0","80 03:19.069","0","0","0","0","2301","0","0","0","N","0","0","0","2","02301","0","","1.0","","1","N","N","","2","","0","0","0","","0","","","4","0","0","0","0","0","0","2","0","4","","","","N","","","","","","","","","",""
"2006107591","","1","0","1","0","0","0","0","0","0","4","0","","02","10","2006","3","40.456389","-79.90972","","11","0","0","0","0","0","1","0","0","2","0","0","0","","","1","","2","","40 27:23.000","7","0","79 54:34.993","2","0","0","0","2301","0","0","0","N","0","0","0","3","02301","0","","1.0","","1","N","N","","1","","0","1","0","","0","Y","","2","1","0","0","0","0","1","2","0","2","","","","N","","","","","","","","","",""
"2006107676","","1","0","0","0","0","0","0","0","0","7","0","","02","8","2006","4","","","","11","0","0","0","0","0","0","0","0","","0","0","0","","","0","","0","","40 25:53.76","","0","79 57:30.60","0","0","0","0","2301","0","0","0","N","0","0","0","2","68B03","0","","4.0","","1","N","N","","0","","0","0","0","","0","","","1","0","0","0","0","0","0","2","0","1","","","","N","","","","","","","","","",""
"2006107677","","1","0","0","0","0","0","0","0","0","7","0","","02","9","2006","2","40.589722","-80.097776","","11","0","0","0","0","0","0","1","0","","0","0","0","","","0","","0","","40 35:23.000","","0","80 05:51.995","0","0","0","0","2481","0","0","0","Y","0","0","0","1","68B03","0","","2.0","","1","N","N","","0","","0","0","0","","0","","","1","0","0","0","0","0","0","2","0","1","","","","N","","","","","","","","","",""
"2006107745","","0","0","0","0","0","0","0","0","0","5","0","","02","9","2006","7","","","","11","0","0","0","0","0","1","0","0","2","0","0","0","","","0","","0","","40 26:17.52","2","3","80 00:45.36","0","0","0","0","2301","0","0","0","N","0","0","0","4","68B03","0","","1.0","","9","N","N","","2","","0","0","0","","0","N","","2","0","0","0","0","0","0","2","0","2","","","","N","","","","","","","","","",""
"2006107746","","1","0","0","0","0","0","0","0","0","7","0","","02","8","2006","2","","","","11","0","0","0","0","1","0","0","0","","0","0","0","","","0","","0","","40 25:24.96","","0","80 06:25.56","0","0","0","0","2115","0","0","0","N","0","0","0","2","68B03","0","","4.0","","1","N","N","","0","","0","0","0","","0","","","1","0","2","0","0","0","0","2","0","1","","","","N","","","","","","","","","",""
"2006107747","","2","0","0","0","0","0","0","0","0","1","0","","02","9","2006","4","40.614722","-80.095601","","11","0","0","0","0","0","0","0","0","","0","0","0","","","0","","0","","40 36:53.000","","0","80 05:44.164","0","0","0","0","2481","0","0","0","N","0","0","0","2","68B03","0","","1.0","","1","N","N","","0","","0","0","0","","0","","","2","0","0","0","0","0","0","2","0","2","","","","N","","","","","","","","","",""
"2006107753","","1","0","0","0","0","0","0","0","0","7","0","","02","9","2006","1","40.6534","-80.0637","","11","0","0","0","0","0","0","0","0","","0","0","0","","","0","","0","","40 39:12.240","","0","80 03:49.320","0","0","0","0","2216","0","0","0","N","0","0","0","1","68T02","0","","3.0","","1","N","N","","0","","0","0","0","","0","","","1","0","0","0","0","0","0","2","0","1","","","","N","","","","","","","","","",""
"2006107803","","1","0","0","0","0","0","0","0","0","99","0","","02","9","2006","4","40.6622","-80.0935","","11","0","0","0","1","0","0","0","0","","0","0","0","","","0","","0","","40 39:43.920","","0","80 05:36.600","0","0","0","0","2212","0","0","0","N","0","0","0","2","68T02","0","","1.0","","1","N","N","","0","","0","0","0","","0","","","1","0","0","0","0","0","0","2","0","1","","","","N","","","","","","","","","",""
"2006107872","","2","0","0","0","0","0","0","0","0","4","0","","02","10","2006","2","40.437778","-79.759765","","11","0","0","0","0","0","0","0","0","","0","0","0","","","1","","0","","40 26:16.000","","0","79 45:35.154","4","0","0","0","2446","0","0","0","N","0","0","0","4","02446","1","","1.0","","1","N","N","","0","","0","0","0","","0","","","2","1","0","0","0","0","0","2","0","2","","","","N","","","","","","","","","",""
"2006107880","","1","0","0","0","0","0","0","0","0","1","1","","02","10","2006","2","40.4153","-80.0119","","11","0","0","1","0","0","0","0","0","","0","0","0","","","0","","6","","40 24:55.080","","2","80 00:42.840","9","0","0","0","2301","0","0","0","N","0","0","0","2","02301","0","","7.0","","1","N","N","","1","","0","0","0","","4","","","2","0","0","0","0","0","1","2","0","2","","","","N","","","","","","","","","",""
"2006107881","","1","0","0","0","0","0","0","0","0","6","1","","02","10","2006","3","","","","11","0","0","0","0","0","1","0","0","","0","1","0","","","0","","1","","","","0","","0","0","0","0","2301","0","0","0","N","0","0","0","2","02301","0","","1.0","","1","N","N","","0","","0","0","0","","2","","","2","0","0","0","0","0","0","1","0","2","","","","N","","","","","","","","","",""
"2006107882","","2","0","0","0","0","0","0","0","0","4","0","","02","10","2006","6","40.456556","-80.062297","","11","0","0","0","0","0","0","0","0","2","0","0","0","","","1","","2","","40 27:23.601","3","0","80 03:44.269","4","0","0","0","2301","0","0","0","N","0","0","0","2","02301","1","","1.0","","1","N","N","","0","","0","0","0","","0","N","","2","1","1","0","0","0","0","2","0","2","","","","N","","","","","","","","","",""
"2006107883","","1","0","0","0","0","0","0","0","0","7","0","","02","10","2006","1","40.449438","-80.022934","","11","0","0","0","0","0","0","0","0","","0","0","0","","","0","","0","","40 26:57.975","","0","80 01:22.562","0","0","0","0","2301","0","0","0","Y","0","0","0","1","02301","0","","5.0","","1","N","N","","0","","0","0","0","","0","","","1","0","0","0","0","0","0","2","0","1","","","","N","","","","","","","","","",""
"2006107885","","2","0","0","0","0","0","0","0","0","4","0","","02","10","2006","2","","","","11","0","0","0","0","0","0","0","0","","0","0","0","","","0","","2","","","","0","","0","0","0","0","2301","0","0","0","N","0","0","0","3","02301","0","","1.0","","1","N","N","","0","","0","0","0","","0","","","2","0","0","0","0","0","0","1","0","2","","","","N","","","","","","","","","",""
"2006107886","","1","0","0","0","0","0","0","0","0","4","0","","02","10","2006","2","40.437839","-79.998873","","11","0","0","0","0","0","0","0","0","","0","0","0","","","1","","1","","40 26:16.220","","0","79 59:55.942","4","0","0","0","2301","0","0","0","N","0","0","0","9","02301","1","","1.0","","1","N","N","","0","","0","0","0","","3","","","2","1","0","0","0","0","0","2","1","2","","","","N","","","","","","","","","",""
"2006107887","","0","0","0","1","0","0","0","0","0","8","0","","02","10","2006","2","40.436591","-79.966246","","11","0","0","0","0","0","0","0","0","","0","0","0","","","1","","1","","40 26:11.727","","0","79 57:58.486","3","0","0","0","2301","1","0","0","N","0","0","0","2","02301","0","","1.0","","1","N","N","","0","","1","0","1","","2","","","2","1","0","0","0","0","0","2","0","1","","","","N","","","","","","","","","",""
"2006107888","","1","0","0","0","0","0","0","0","0","8","0","","02","10","2006","6","40.439811","-79.959355","","11","0","0","0","0","0","0","0","0","","0","0","0","","","1","","1","","40 26:23.319","","0","79 57:33.678","4","0","0","0","2301","1","0","0","N","1","0","0","2","02301","1","","1.0","","1","N","N","","0","","0","0","0","","2","","","2","1","0","0","0","0","0","2","0","1","","","","N","","","","","","","","","",""
"2006107889","","3","0","0","0","0","0","0","0","0","4","0","","02","10","2006","3","","","","11","0","0","1","0","0","0","0","0","","0","0","0","","","0","","0","","","","0","","9","0","0","0","2301","0","0","0","N","0","0","0","2","02301","0","","1.0","","1","N","N","","0","","0","0","1","","0","","","4","0","0","0","0","0","1","1","0","4","","","","N","","","","","","","","","",""
"2006107890","","1","0","0","0","0","0","0","0","0","7","0","","02","10","2006","6","","","","11","0","0","0","0","0","0","0","0","3","1","0","0","","","0","","0","","","7","0","","1","0","0","0","2301","0","0","0","N","0","0","0","1","02301","0","2","4.0","","1","N","N","","0","0","0","0","0","","0","Y","","1","0","1","1","0","0","0","1","0","1","","","","N","","","","","","","","","",""
"2006107891","","2","0","0","0","0","0","0","0","0","4","0","","02","10","2006","3","40.458056","-79.908204","","11","0","0","0","0","0","1","0","0","","0","0","0","","","0","","0","","40 27:29.000","","0","79 54:29.535","0","0","0","0","2301","0","0","0","N","0","0","0","2","02301","0","","1.0","","1","N","N","","0","","0","0","0","","0","","","2","0","0","0","0","0","0","2","0","2","","","","N","","","","","","","","","",""
"2006107892","","1","0","0","0","0","0","0","0","0","7","0","","02","10","2006","7","","","","11","0","0","0","0","0","0","0","0","","0","0","0","","","0","","0","","","","0","","0","0","0","0","2301","0","0","0","N","0","0","0","1","02301","0","","5.0","","1","N","N","","0","","0","0","0","","0","","","1","0","0","0","0","0","0","1","0","1","","","","N","","","","","","","","","",""
"2006107893","","2","0","0","0","0","0","0","0","0","4","0","","02","10","2006","2","40.457237","-79.934066","","11","0","1","0","0","0","0","1","0","","0","0","0","","","1","","1","","40 27:26.053","","0","79 56:02.637","4","0","0","0","2301","0","0","0","N","0","0","0","4","02301","1","","1.0","","1","N","N","","0","","0","0","0","","2","","","2","1","0","0","0","0","0","2","0","2","","","","N","","","","","","","","","",""
"2006107894","","1","0","0","0","0","0","0","0","0","6","0","","02","10","2006","3","40.455833","-79.941937","","11","0","0","0","0","0","1","0","1","","0","0","0","","","0","","1","","40 27:21.000","","0","79 56:30.974","0","0","0","0","2301","0","0","0","N","0","0","0","4","02301","0","","1.0","","1","N","N","","0","","0","0","1","","2","","","2","0","0","0","0","0","0","2","0","2","","","","N","","","","","","","","","",""
"2006107895","","2","0","0","0","0","0","0","0","0","4","0","","02","10","2006","1","40.465082","-79.948221","","11","0","0","0","0","0","0","0","0","1","0","0","0","","","0","","1","","40 27:54.295","1","0","79 56:53.595","9","0","0","0","2301","0","0","0","N","0","0","0","3","02301","0","","1.0","","1","N","N","","0","","0","0","0","","3","Y","","2","0","1","0","0","0","1","2","0","2","","","","N","","","","","","","","","",""
"2006107896","","3","0","0","0","0","0","0","0","0","1","0","","02","10","2006","1","40.474215","-79.90821","","11","0","0","1","0","1","0","0","0","2","0","0","0","","","2","","1","","40 28:27.175","1","0","79 54:29.557","8","0","0","0","2301","0","0","0","N","0","0","0","4","02301","0","","1.0","","1","N","N","","0","","0","0","0","","2","N","","3","2","2","0","0","2","0","2","0","3","","","","N","","","","","","","","","",""
"2006107917","","1","0","0","0","0","0","0","0","0","5","0","","02","9","2006","3","","","","11","0","0","0","0","0","1","0","0","2","0","0","0","","","1","","0","","40 25:45.48","3","0","79 56:31.92","4","0","0","0","2301","0","0","0","N","0","0","0","4","68B03","1","","1.0","","9","N","N","","0","","0","0","1","","0","N","","3","1","0","0","0","0","0","2","1","3","","","","N","","","","","","","","","",""
"2006107986","","1","0","0","0","0","0","0","0","0","7","0","","02","9","2006","1","40.626047","-80.097021","","11","0","0","1","0","0","0","0","0","","0","0","0","","","0","","0","","40 37:33.768","","3","80 05:49.275","0","0","0","0","2212","0","0","0","N","0","0","0","3","68B03","0","","4.0","","1","N","N","","0","","0","0","0","","0","","","1","0","0","0","0","0","0","1","0","1","","","","N","","","","","","","","","",""
"2006107987","","1","0","0","0","0","0","0","0","0","7","0","","02","9","2006","7","40.614167","-80.095136","","11","1","0","0","0","0","0","0","0","","0","0","0","","","1","","0","","40 36:51.000","","0","80 05:42.491","3","0","0","0","2212","0","0","0","N","0","0","0","1","68B03","0","","4.0","","1","N","N","","0","","1","0","0","","0","","","1","1","0","0","0","0","0","2","0","1","","","","N","","","","","","","","","",""
"2006108031","","2","0","0","0","0","0","0","0","0","6","0","","02","10","2006","1","40.401882","-79.782114","","11","0","0","0","0","0","0","0","0","","0","0","0","","","0","","0","","40 24:06.775","","0","79 46:55.610","9","0","0","0","2453","0","0","0","N","0","0","0","2","02453","0","","9.0","","1","N","N","","0","","0","0","0","","0","","","2","0","0","0","0","0","1","2","0","2","","","","N","","","","","","","","","",""
"2006108066","","2","0","0","0","0","0","0","0","0","2","0","","02","9","2006","3","40.319167","-80.117595","","11","0","0","0","0","0","1","0","0","2","0","0","0","","","2","","1","","40 19:09.000","2","0","80 07:03.342","8","0","0","0","2119","0","0","0","","0","0","0","3","02119","0","","1.0","","1","N","N","","1","","0","0","0","","2","N","","3","2","1","0","0","2","0","2","0","3","","","","N","","","","","","","","","",""
"2006108067","","2","0","0","0","0","0","0","0","0","4","0","","02","9","2006","7","","","","11","0","0","0","0","0","1","0","0","1","0","0","0","","","1","","0","","","1","0","","8","0","0","0","2119","0","0","0","N","0","0","0","3","02119","0","","1.0","","9","N","N","","0","","0","0","0","","0","N","","2","1","0","0","0","1","0","1","0","2","","","","N","","","","","","","","","",""
"2006108068","","1","0","0","0","0","0","0","0","0","4","0","","02","9","2006","6","40.376682","-80.158126","","11","0","0","0","0","0","1","1","0","1","0","0","0","","","1","","0","","40 22:36.056","4","0","80 09:29.254","8","0","0","0","2119","0","0","0","N","0","0","0","2","02119","0","","2.0","","1","N","N","","1","","0","0","0","","0","N","","2","1","1","0","0","1","0","2","0","2","","","","N","","","","","","","","","",""
"2006108069","","1","0","0","0","0","0","0","0","0","7","0","","02","9","2006","7","40.358333","-80.127851","","11","0","0","0","0","0","1","0","0","","0","0","0","","","0","","0","","40 21:30.000","","0","80 07:40.265","0","0","0","0","2119","0","0","0","N","0","0","0","1","02119","0","","4.0","","1","N","N","","0","","0","0","0","","0","","","1","0","0","0","0","0","0","2","0","1","","","","N","","","","","","","","","",""
"2006108070","","2","0","0","0","0","0","0","0","0","1","0","","02","10","2006","6","40.355278","-80.116334","","11","0","0","0","0","0","0","0","0","","0","0","0","","","0","","0","","40 21:19.000","","0","80 06:58.802","0","0","0","0","2119","0","0","0","N","0","0","0","2","02119","0","","1.0","","1","N","N","","0","","0","0","0","","0","","","2","0","0","0","0","0","0","2","0","2","","","","N","","","","","","","","","",""
"2006108151","","1","0","0","0","0","0","0","0","0","7","0","99","02","9","2006","1","40.373889","-80.103628","","11","0","0","0","0","0","0","0","0","","0","0","0","","","0","","0","","40 22:26.000","","0","80 06:13.059","0","0","0","0","2102","0","0","0","N","0","0","0","1","68B03","0","","2.0","","1","N","N","","0","","0","0","0","","0","","","1","0","0","0","0","0","0","2","0","1","","","U","Y","8","8","","","U","","","","",""
"2006108207","","2","0","0","0","0","0","0","0","0","5","0","","02","8","2006","5","40.615","-80.095233","","11","0","0","0","0","0","1","0","1","1","0","0","0","","","1","","0","","40 36:54.000","1","0","80 05:42.838","4","0","0","0","2212","0","0","0","Y","0","0","0","2","68B03","1","","1.0","","1","N","N","","0","","0","0","0","","0","N","","2","1","0","0","0","0","0","2","0","2","","","","N","","","","","","","","","",""
"2006108208","","1","0","0","0","0","0","0","0","0","1","0","","02","7","2006","5","40.443889","-80.178178","","11","0","1","0","0","0","0","0","0","","0","0","0","","","0","","0","","40 26:38.000","","0","80 10:41.440","9","0","0","0","2214","0","0","0","N","0","0","0","5","68B03","0","","1.0","","9","N","N","","1","","0","0","0","","0","","","2","0","0","0","0","0","1","2","0","2","","","","N","","","","","","","","","",""
"2006108209","","1","0","0","0","0","0","0","0","0","7","0","","02","8","2006","5","","","","11","0","0","0","0","0","0","0","0","","0","0","0","","","0","","0","","40 35:09.96","","0","80 06:00.00","0","0","0","0","2481","0","0","0","N","0","0","0","1","68B03","0","","3.0","","1","N","N","","0","","0","0","0","","0","","","1","0","0","0","0","0","0","2","0","1","","","","N","","","","","","","","","",""
"2006108210","","3","0","0","0","0","0","0","0","0","1","0","","02","9","2006","4","","","","11","0","0","0","0","0","0","0","0","","0","0","0","","","2","","7","","40 25:14.52","","2","80 02:53.52","4","0","0","0","2435","0","0","0","N","0","0","0","3","68B03","2","","1.0","","9","N","N","","0","","0","0","0","","2","","","3","2","0","0","0","0","0","2","0","3","","","","N","","","","","","","","","",""
"2006108211","","1","0","0","0","0","0","0","0","0","7","0","","02","9","2006","3","","","","11","0","0","0","0","0","0","0","0","1","0","0","0","","","1","","0","","40 25:45.12","4","0","79 55:53.76","4","0","0","0","2301","0","0","0","N","0","0","0","1","68B03","1","","2.0","","9","N","N","","0","","0","0","0","","0","N","","1","1","0","0","0","0","0","2","0","1","","","","N","","","","","","","","","",""
"2006108212","","2","0","0","0","0","0","0","0","0","4","0","","02","8","2006","1","","","","11","0","0","0","0","0","0","0","0","1","0","0","0","","","0","","0","","40 26:30.12","3","0","79 51:27.36","0","0","0","0","2419","0","0","0","N","0","0","0","3","68B03","0","","1.0","","1","N","N","","0","","0","0","0","","0","N","","2","0","1","0","0","0","0","2","0","2","","","","N","","","","","","","","","",""
"2006108213","","1","0","0","0","0","0","0","0","0","7","0","","02","8","2006","4","","","","11","0","0","0","0","0","0","0","0","1","0","0","0","","","1","","0","","40 26:29.04","4","0","79 49:42.60","4","0","0","0","2446","0","0","0","N","0","0","0","1","68B03","1","","4.0","","1","N","N","","0","","0","0","0","","0","N","","1","1","1","0","0","0","0","2","0","1","","","","N","","","","","","","","","",""
"2006108214","","1","0","0","0","0","0","0","0","0","7","0","","02","8","2006","1","40.439444","-80.226968","","11","0","0","0","0","0","0","0","0","","0","0","0","","","0","","0","","40 26:22.000","","0","80 13:37.084","0","0","0","0","2214","0","0","0","N","0","0","0","3","68B03","0","","4.0","","9","N","N","","0","","0","0","0","","0","","","1","0","0","0","0","0","0","2","0","1","","","","N","","","","","","","","","",""
"2006108215","","3","0","0","0","0","0","0","0","0","1","0","","02","8","2006","4","40.451667","-79.995468","","11","0","0","0","0","0","1","0","0","","0","0","0","","","3","","0","","40 27:06.000","","3","79 59:43.686","3","0","0","0","2301","0","0","0","N","0","0","0","4","68B03","1","","1.0","","1","N","N","","0","","2","0","0","","0","","","3","3","0","0","0","0","0","2","0","3","","","","N","","","","","","","","","",""
"2006108216","","0","0","0","0","0","0","0","0","0","7","0","","02","9","2006","7","","","","11","0","0","0","0","0","0","0","0","","0","0","0","","","0","","0","","40 26:43.44","","2","79 50:54.24","0","0","0","0","2419","0","0","0","N","0","0","0","1","68B03","0","","4.0","","9","N","N","","0","","0","0","0","","0","","","1","0","0","0","0","0","0","2","1","1","","","","N","","","","","","","","","",""
"2006108217","","1","0","0","0","0","0","0","0","0","7","0","","02","9","2006","7","","","","11","0","0","0","0","0","1","0","0","","0","0","0","","","0","","0","","40 26:29.76","","0","79 50:09.96","0","0","0","0","2113","0","0","0","N","0","0","0","1","68B03","0","","2.0","","9","N","N","","0","","0","0","0","","0","","","1","0","0","0","0","0","0","2","0","1","","","","N","","","","","","","","","",""
"2006108218","","1","0","0","0","0","0","0","0","0","7","1","","02","9","2006","7","","","","11","0","0","0","0","0","1","0","0","","0","1","0","","","1","","0","","40 26:08.88","","0","79 58:19.92","4","0","0","0","2301","0","0","0","N","0","0","0","2","68B03","1","","3.0","","1","N","N","","0","","0","0","0","","0","","","2","1","0","0","0","0","0","2","0","2","","","","N","","","","","","","","","",""
"2006108219","","1","0","0","0","0","0","0","0","0","4","0","","02","9","2006","4","","","","11","0","0","0","0","0","0","1","0","","0","0","0","","","0","","0","","40 25:45.48","","0","79 56:30.84","0","0","0","0","2301","0","0","0","N","0","0","0","2","68B03","0","","1.0","","9","N","N","","1","","0","0","0","","0","","","2","0","0","0","0","0","0","2","0","2","","","","N","","","","","","","","","",""