"CRN","ARRIVAL_TM","AUTOMOBILE_COUNT","BELTED_DEATH_COUNT","BELTED_SUSP_SERIOUS_INJ_COUNT","BICYCLE_COUNT","BICYCLE_DEATH_COUNT","BICYCLE_SUSP_SERIOUS_INJ_COUNT","BUS_COUNT","CHLDPAS_DEATH_COUNT","CHLDPAS_SUSP_SERIOUS_INJ_COUNT","COLLISION_TYPE","COMM_VEH_COUNT","CONS_ZONE_SPD_LIM","COUNTY","CRASH_MONTH","CRASH_YEAR","DAY_OF_WEEK","DEC_LATITUDE","DEC_LONGITUDE","DISPATCH_TM","DISTRICT","DRIVER_COUNT_16YR","DRIVER_COUNT_17YR","DRIVER_COUNT_18YR","DRIVER_COUNT_19YR","DRIVER_COUNT_20YR","DRIVER_COUNT_50_64YR","DRIVER_COUNT_65_74YR","DRIVER_COUNT_75PLUS","EST_HRS_CLOSED","FATAL_COUNT","HEAVY_TRUCK_COUNT","HORSE_BUGGY_COUNT","HOUR_OF_DAY","ILLUMINATION","INJURY_COUNT","INTERSECTION_RELATED","INTERSECT_TYPE","LANE_CLOSED","LATITUDE","LN_CLOSE_DIR","LOCATION_TYPE","LONGITUDE","MAX_SEVERITY_LEVEL","MCYCLE_DEATH_COUNT","MCYCLE_SUSP_SERIOUS_INJ_COUNT","MOTORCYCLE_COUNT","MUNICIPALITY","NONMOTR_COUNT","NONMOTR_DEATH_COUNT","NONMOTR_SUSP_SERIOUS_INJ_COUNT","NTFY_HIWY_MAINT","PED_COUNT","PED_DEATH_COUNT","PED_SUSP_SERIOUS_INJ_COUNT","PERSON_COUNT","POLICE_AGCY","POSSIBLE_INJ_COUNT","RDWY_SURF_TYPE_CD","RELATION_TO_ROAD","ROADWAY_CLEARED","ROAD_CONDITION","SCH_BUS_IND","SCH_ZONE_IND","SECONDARY_CRASH","SMALL_TRUCK_COUNT","SPEC_JURIS_CD","SUSP_MINOR_INJ_COUNT","SUSP_SERIOUS_INJ_COUNT","SUV_COUNT","TCD_FUNC_CD","TCD_TYPE","TFC_DETOUR_IND","TIME_OF_DAY","TOTAL_UNITS","TOT_INJ_COUNT","UNBELTED_OCC_COUNT","UNB_DEATH_COUNT","UNB_SUSP_SERIOUS_INJ_COUNT","UNK_INJ_DEG_COUNT","UNK_INJ_PER_COUNT","URBAN_RURAL","VAN_COUNT","VEHICLE_COUNT","WEATHER1","WEATHER2","WORKERS_PRES","WORK_ZONE_IND","WORK_ZONE_LOC","WORK_ZONE_TYPE","WZ_CLOSE_DETOUR","WZ_FLAGGER","WZ_LAW_OFFCR_IND","WZ_LN_CLOSURE","WZ_MOVING","WZ_OTHER","WZ_SHLDER_MDN","WZ_WORKERS_INJ_KILLED"
"2006108220","","0","0","0","0","0","0","0","0","0","0","1","","02","9","2006","2","40.5018","-80.1338","","11","0","0","0","0","0","1","0","0","","0","1","0","","","1","","0","","40 30:06.480","","0","80 08:01.680","3","0","0","0","2115","0","0","0","Y","0","0","0","1","68B03","0","","1.0","","1","N","N","","0","","1","0","0","","0","","","1","1","1","0","0","0","0","2","0","1","","","","N","","","","","","","","","",""
"2006108221","","0","0","0","0","0","0","0","0","0","5","1","50","02","9","2006","2","40.378333","-80.099354","","11","0","0","0","0","0","1","0","0","","0","1","0","","","0","","0","","40 22:42.000","","0","80 05:57.676","0","0","0","0","2102","0","0","0","N","0","0","0","3","68B03","0","","1.0","","1","N","N","","1","","0","0","0","","0","","","2","0","0","0","0","0","0","2","0","2","","","N","Y","4","1","","","N","","","","",""
"2006108222","","3","0","0","0","0","0","0","0","0","1","0","","02","9","2006","3","","","","11","0","0","0","0","1","0","0","0","1","0","0","0","","","2","","0","","40 26:55.32","1","0","80 10:01.20","4","0","0","0","2115","0","0","0","N","0","0","0","4","68B03","2","","1.0","","1","N","N","","0","","0","0","0","","0","N","","3","2","0","0","0","0","0","2","0","3","","","","N","","","","","","","","","",""
"2006108223","","0","0","0","0","0","0","0","0","0","7","0","50","02","9","2006","7","40.3725","-80.111111","","11","0","0","0","0","0","0","0","0","3","0","0","0","","","1","","0","","40 22:21.000","1","0","80 06:40.001","4","0","0","0","2102","0","0","0","","0","0","0","1","68B03","1","","3.0","","9","N","N","","0","","0","0","1","","0","N","","1","1","0","0","0","0","0","2","0","1","","","Y","Y","4","1","","","N","","","","",""
"2006108268","","2","0","0","0","0","0","0","0","0","1","0","","02","10","2006","6","40.438969","-79.768782","","11","0","0","0","0","0","1","0","0","","0","0","0","","","1","","0","","40 26:20.290","","0","79 46:07.615","8","0","0","0","2446","0","0","0","N","0","0","0","5","02446","0","","1.0","","1","N","N","","0","","0","0","1","","0","","","3","1","0","0","0","1","0","2","0","3","","","","N","","","","","","","","","",""
"2006108269","","2","0","0","0","0","0","0","0","0","2","0","","02","10","2006","7","40.3975","-79.769328","","11","0","0","0","0","0","0","0","0","","0","0","0","","","1","","1","","40 23:51.000","","0","79 46:09.580","4","0","0","0","2446","0","0","0","N","0","0","0","2","02446","1","","1.0","","1","N","N","","0","","0","0","0","","2","","","2","1","1","0","0","0","0","2","0","2","","","","N","","","","","","","","","",""
"2006108329","","0","0","0","0","0","0","0","0","0","7","0","","02","9","2006","4","","","","11","0","0","0","0","0","0","0","0","","0","0","0","","","0","","0","","40 25:35.40","","0","79 54:59.04","0","0","0","0","2426","0","0","0","N","0","0","0","1","68B03","0","","3.0","","9","N","N","","0","","0","0","1","","0","","","1","0","0","0","0","0","0","2","0","1","","","","N","","","","","","","","","",""
"2006108330","","1","0","0","0","0","0","0","0","0","7","0","","02","8","2006","5","","","","11","0","0","0","0","0","0","0","0","1","0","0","0","","","0","","0","","40 26:39.48","2","3","80 00:33.12","0","0","0","0","2301","0","0","0","Y","0","0","0","1","68B03","0","","4.0","","1","N","N","","0","","0","0","0","","0","N","","1","0","0","0","0","0","0","2","0","1","","","","N","","","","","","","","","",""
"2006108331","","1","0","0","0","0","0","0","0","0","7","0","","02","8","2006","1","","","","11","0","0","0","0","0","0","0","0","1","0","0","0","","","1","","0","","40 25:35.76","3","0","79 54:59.76","4","0","0","0","2426","0","0","0","N","0","0","0","1","68B03","1","","4.0","","1","N","N","","0","","0","0","0","","0","N","","1","1","0","0","0","0","0","2","0","1","","","","N","","","","","","","","","",""
"2006108332","","2","0","0","0","0","0","0","0","0","7","0","","02","8","2006","3","","","","11","0","0","0","1","0","0","0","0","","0","0","0","","","0","","0","","40 25:36.12","","0","79 54:59.04","0","0","0","0","2301","0","0","0","N","0","0","0","2","68B03","0","","4.0","","1","N","N","","0","","0","0","0","","0","","","2","0","0","0","0","0","0","2","0","2","","","","N","","","","","","","","","",""
"2006108387","","2","0","0","0","0","0","0","0","0","4","0","","02","10","2006","4","40.544208","-80.151271","","11","1","0","0","0","0","1","0","0","","0","0","0","","","0","","2","","40 32:39.148","","0","80 09:04.575","0","0","0","0","2459","0","0","0","N","0","0","0","2","02459","0","","1.0","","1","N","N","","0","","0","0","0","","0","","","2","0","0","0","0","0","0","1","0","2","","","","N","","","","","","","","","",""
"2006108390","","1","0","0","0","0","0","0","0","0","4","0","","02","10","2006","5","","","","11","0","0","0","0","0","0","0","1","1","0","1","0","","","0","","2","","","2","0","","0","0","0","0","2424","0","0","0","N","0","0","0","2","02424","0","","1.0","","1","N","N","","0","","0","0","0","","3","N","","2","0","0","0","0","0","0","1","0","2","","","","N","","","","","","","","","",""
"2006108418","","1","0","0","0","0","0","1","0","0","5","1","","02","10","2006","1","40.5079","-80.0056","","11","0","0","0","0","0","1","0","0","2","0","0","0","","","0","","0","","40 30:28.440","2","0","80 00:20.160","0","0","0","0","2116","0","0","0","N","0","0","0","18","02116","0","","1.0","","1","N","N","","0","","0","0","0","","0","Y","","2","0","0","0","0","0","0","2","0","2","","","","N","","","","","","","","","",""
"2006108423","","0","0","0","0","0","0","0","0","0","7","0","","02","10","2006","1","40.601667","-80.129081","","11","0","0","0","0","0","0","0","0","","0","0","0","","","0","","2","","40 36:06.000","","0","80 07:44.691","0","0","0","0","2481","0","0","0","N","0","0","0","1","02481","0","","2.0","","1","N","N","","0","","0","0","1","","3","","","1","0","1","0","0","0","0","1","0","1","","","","N","","","","","","","","","",""
"2006108511","","0","0","0","0","0","0","0","0","0","7","0","","02","7","2006","6","","","","11","0","0","0","0","0","0","0","0","2","0","0","0","","","2","","0","","40 28:18.84","2","0","80 00:17.28","2","0","1","1","2301","0","0","0","N","0","0","0","2","68B03","0","","2.0","","1","N","N","","0","","1","1","0","","0","N","","1","2","0","0","0","0","0","2","0","1","","","","N","","","","","","","","","",""
"2006108535","","0","0","0","0","0","0","0","0","0","7","0","","02","10","2006","4","40.353922","-79.836696","","11","0","0","0","0","0","0","0","0","3","0","0","0","","","1","","0","","40 21:14.118","4","7","79 50:12.105","4","0","0","0","2304","0","0","0","Y","0","0","0","1","02304","1","","4.0","","9","N","N","","0","","0","0","1","","0","N","","1","1","0","0","0","0","0","2","0","1","","","","N","","","","","","","","","",""
"2006108583","","2","0","0","0","0","0","0","0","0","6","0","","02","10","2006","6","40.347355","-79.849455","","11","0","0","0","0","1","0","0","0","2","0","0","0","","","0","","1","","40 20:50.478","5","0","79 50:58.038","0","0","0","0","2304","0","0","0","N","0","0","0","4","02304","0","","1.0","","1","N","N","","0","","0","0","0","","0","Y","","2","0","0","0","0","0","0","2","0","2","","","","N","","","","","","","","","",""
"2006108584","","0","0","0","0","0","0","0","0","0","4","0","","02","10","2006","5","","","","11","0","0","0","0","0","0","0","0","1","0","0","0","","","1","","0","","","1","0","","4","0","0","0","2304","0","0","0","N","0","0","0","5","02304","1","","1.0","","1","N","Y","","1","","0","0","1","","8","N","","2","1","0","0","0","0","3","1","0","2","","","","N","","","","","","","","","",""
"2006108585","","2","0","0","0","0","0","0","0","0","1","0","","02","10","2006","6","","","","11","0","0","0","0","0","1","0","0","","0","0","0","","","1","","0","","","","0","","4","0","0","0","2304","0","0","0","N","0","0","0","2","02304","1","","1.0","","1","N","N","","0","","0","0","0","","0","","","2","1","0","0","0","0","0","1","0","2","","","","N","","","","","","","","","",""
"2006108586","","1","0","0","0","0","0","0","0","0","4","0","","02","10","2006","7","","","","11","0","0","0","0","0","0","0","0","","0","0","0","","","2","","1","","","","0","","4","0","0","0","2304","0","0","0","N","0","0","0","3","02304","2","","1.0","","1","N","N","","1","","0","0","0","","0","","","2","2","0","0","0","0","0","1","0","2","","","","N","","","","","","","","","",""
"2006108604","","1","0","0","0","0","0","0","0","0","5","0","","02","10","2006","2","40.522778","-80.005468","","11","0","0","0","0","0","0","0","0","","0","0","0","","","1","","0","","40 31:22.000","","0","80 00:19.686","8","0","0","0","2116","0","0","0","N","0","0","0","3","02116","0","","1.0","","1","N","N","","0","","0","0","1","","0","","","3","1","0","0","0","1","1","2","0","3","","","","N","","","","","","","","","",""
"2006108644","","2","0","0","0","0","0","0","0","0","4","0","","02","9","2006","7","40.485278","-80.009426","","11","0","0","1","0","0","0","0","0","","0","0","0","","","0","","1","","40 29:07.000","","2","80 00:33.935","0","0","0","0","2301","0","0","0","N","0","0","0","4","68B03","0","","1.0","","9","N","N","","0","","0","0","0","","1","","","2","0","0","0","0","0","0","2","0","2","","","","N","","","","","","","","","",""
"2006108645","","2","0","0","0","0","0","0","0","0","1","0","","02","9","2006","3","","","","11","0","0","0","0","1","1","0","0","","0","0","0","","","0","","6","","40 25:12.36","","2","80 03:02.52","0","0","0","0","2435","0","0","0","N","0","0","0","2","68B03","0","","1.0","","1","N","N","","0","","0","0","0","","4","","","2","0","0","0","0","0","0","2","0","2","","","","N","","","","","","","","","",""
"2006108661","","1","0","0","0","0","0","0","0","0","2","0","","02","10","2006","7","","","","11","0","0","0","0","0","1","0","0","1","0","0","0","","","0","","0","","","5","0","","0","0","0","0","2108","0","0","0","N","0","0","0","1","02108","0","","1.0","","1","N","N","","1","","0","0","0","","0","Y","","2","0","0","0","0","0","0","1","0","2","","","","N","","","","","","","","","",""
"2006108722","","2","0","0","0","0","0","0","0","0","4","0","","02","10","2006","6","40.582222","-80.062892","","11","0","0","1","0","1","0","0","0","1","0","0","0","","","3","","1","","40 34:56.000","3","0","80 03:46.410","4","0","0","0","2108","0","0","0","N","0","0","0","3","02108","3","","1.0","","1","N","N","","0","","0","0","0","","3","N","","2","3","1","0","0","0","0","2","0","2","","","","N","","","","","","","","","",""
"2006108723","","2","0","0","0","0","0","0","0","0","4","0","","02","10","2006","5","40.571944","-80.023944","","11","0","0","0","0","0","0","0","0","","0","0","0","","","0","","2","","40 34:19.000","","0","80 01:26.199","0","0","0","0","2108","0","0","0","N","0","0","0","2","02108","0","","1.0","","1","N","N","","0","","0","0","0","","3","","","2","0","0","0","0","0","0","2","0","2","","","","N","","","","","","","","","",""
"2006108724","","2","0","0","0","0","0","0","0","0","1","0","","02","10","2006","6","40.560556","-80.024762","","11","0","0","0","0","0","1","0","0","2","0","0","0","","","0","","0","","40 33:38.000","1","0","80 01:29.142","0","0","0","0","2108","0","0","0","N","0","0","0","5","02108","0","","1.0","","1","N","N","","0","","0","0","0","","0","Y","","2","0","0","0","0","0","0","2","0","2","","","","N","","","","","","","","","",""
"2006108752","","2","0","0","0","0","0","0","0","0","4","0","","02","10","2006","3","40.376472","-80.067489","","11","0","0","0","0","0","0","1","0","1","0","0","0","","","1","","1","","40 22:35.299","2","0","80 04:02.960","8","0","0","0","2109","0","0","0","N","0","0","0","2","02109","0","","1.0","","1","N","N","","0","","0","0","0","","2","N","","2","1","0","0","0","1","0","2","0","2","","","","N","","","","","","","","","",""
"2006108753","","1","0","0","0","0","0","0","0","0","7","0","","02","10","2006","4","40.333837","-79.848348","","11","0","0","0","0","0","1","0","0","","0","0","0","","","0","","0","","40 20:01.814","","0","79 50:54.051","0","0","0","0","2304","0","0","0","N","0","0","0","1","02304","0","","5.0","","1","N","N","","1","","0","0","0","","0","","","2","0","0","0","0","0","0","2","0","2","","","","N","","","","","","","","","",""
"2006108754","","1","0","0","0","0","0","0","0","0","7","0","","02","10","2006","4","40.343343","-79.829271","","11","0","0","0","0","0","0","0","0","1","0","0","0","","","1","","2","","40 20:36.034","2","0","79 49:45.375","3","0","0","0","2304","0","0","0","N","0","0","0","1","02304","0","","4.0","","9","N","Y","","0","","1","0","0","","0","Y","","1","1","0","0","0","0","0","2","0","1","","","","N","","","","","","","","","",""
"2006108812","","2","0","0","0","0","0","0","0","0","1","0","","02","9","2006","4","","","","11","0","0","0","0","0","0","0","0","","0","0","0","","","0","","0","","40 25:06.60","","0","80 05:19.32","0","0","0","0","2415","0","0","0","N","0","0","0","3","68B03","0","","1.0","","1","N","N","","0","","0","0","0","","0","","","2","0","0","0","0","0","0","2","0","2","","","","N","","","","","","","","","",""
"2006108813","","0","0","0","0","0","0","0","0","0","5","0","","02","8","2006","7","","","","11","0","0","0","0","0","0","0","0","","0","0","0","","","0","","6","","40 26:55.32","","2","80 10:01.20","0","0","0","0","2214","0","0","0","N","0","0","0","1","68B03","0","","2.0","","9","N","N","","0","","0","0","1","","4","","","2","0","0","0","0","0","0","2","0","2","","","","N","","","","","","","","","",""
"2006108814","","2","0","0","0","0","0","0","0","0","1","0","","02","6","2006","5","","","","11","0","0","0","0","0","1","0","0","1","0","0","0","","","0","","0","","40 25:34.32","4","0","79 54:47.16","9","0","0","0","2301","0","0","0","N","0","0","0","8","68B03","0","","1.0","","1","N","N","","1","","0","0","0","","0","N","","4","0","0","0","0","0","1","2","1","4","","","","N","","","","","","","","","",""
"2006108815","","0","0","0","0","0","0","0","0","0","7","0","","02","10","2006","5","40.639444","-79.771553","","11","0","0","0","0","1","0","0","0","2","0","0","0","","","1","","0","","40 38:22.000","6","0","79 46:17.591","4","0","0","0","2202","0","0","0","N","0","0","0","4","02202","1","","5.0","","1","N","N","","0","","0","0","1","","0","Y","","1","1","2","0","0","0","2","1","0","1","","","","N","","","","","","","","","",""
"2006108816","","2","0","0","0","0","0","0","0","0","1","0","","02","7","2006","2","","","","11","0","0","0","0","0","0","0","0","","0","0","0","","","1","","6","","40 25:15.96","","2","80 02:42.72","8","0","0","0","2435","0","0","0","N","0","0","0","4","68B03","0","","7.0","","1","N","N","","0","","0","0","0","","3","","","2","1","0","0","0","1","0","2","0","2","","","","N","","","","","","","","","",""
"2006108817","","2","0","0","0","0","0","0","0","0","1","0","","02","9","2006","3","","","","11","0","0","0","0","0","1","0","0","9","0","0","0","","","1","","0","","40 26:59.28","2","0","80 00:06.84","4","0","0","0","2301","0","0","0","N","0","0","0","3","68B03","1","","1.0","","9","N","N","","0","","0","0","0","","0","N","","2","1","0","0","0","0","0","2","0","2","","","","N","","","","","","","","","",""
"2006108818","","2","0","0","0","0","0","0","0","0","1","0","","02","9","2006","7","","","","11","0","0","0","0","0","0","0","0","","0","0","0","","","0","","0","","40 26:17.52","","3","80 00:45.36","0","0","0","0","2301","0","0","0","N","0","0","0","3","68B03","0","","1.0","","1","N","N","","0","","0","0","0","","0","","","2","0","2","0","0","0","0","2","0","2","","","","N","","","","","","","","","",""
"2006108820","","2","0","0","0","0","0","0","0","0","1","0","","02","9","2006","2","","","","11","0","0","0","0","0","0","0","0","1","0","0","0","","","1","","0","","40 25:46.56","1","3","80 01:44.04","4","0","0","0","2301","0","0","0","N","0","0","0","2","68B03","1","","1.0","","1","N","N","","0","","0","0","0","","0","N","","2","1","0","0","0","0","0","2","0","2","","","","N","","","","","","","","","",""
"2006108837","","1","0","0","0","0","0","0","0","0","4","0","","02","10","2006","2","40.425278","-79.754431","","11","0","0","0","0","0","2","0","0","","0","0","0","","","1","","2","","40 25:31.000","","0","79 45:15.951","4","0","0","0","2446","0","0","0","N","0","0","0","2","02446","1","","1.0","","1","N","N","","0","","0","0","1","","3","","","2","1","0","0","0","0","0","2","0","2","","","","N","","","","","","","","","",""
"2006108838","","2","0","0","0","0","0","0","0","0","4","0","","02","10","2006","7","","","","11","0","0","0","1","0","0","0","0","2","0","0","0","","","2","","0","","","1","7","","4","0","0","0","2446","0","0","0","N","0","0","0","3","02446","1","","1.0","","1","N","N","","0","","0","0","0","","0","N","","2","2","0","0","0","1","0","1","0","2","","","","N","","","","","","","","","",""
"2006108839","","2","0","0","0","0","0","0","0","0","1","0","","02","10","2006","7","40.419201","-79.749945","","11","0","0","0","0","1","1","0","0","","0","0","0","","","0","","2","","40 25:09.123","","0","79 44:59.802","0","0","0","0","2446","0","0","0","N","0","0","0","2","02446","0","","1.0","","1","N","N","","0","","0","0","0","","3","","","2","0","0","0","0","0","0","2","0","2","","","","N","","","","","","","","","",""
"2006108840","","3","0","0","0","0","0","0","0","0","1","0","","02","10","2006","6","40.427222","-79.726869","","11","0","0","0","0","0","3","0","1","","0","0","0","","","2","","0","","40 25:38.000","","0","79 43:36.728","4","0","0","0","2446","0","0","0","N","0","0","0","8","02446","2","","1.0","","1","N","N","","1","","0","0","0","","0","","","5","2","0","0","0","0","0","2","1","5","","","","N","","","","","","","","","",""
"2006108860","","1","0","0","0","0","0","0","0","0","5","1","","02","8","2006","2","","","","11","0","0","0","0","0","2","0","0","","0","1","0","","","0","","0","","40 33:03.96","","0","80 05:11.40","0","0","0","0","2215","0","0","0","N","0","0","0","2","68B03","0","","1.0","","1","N","N","","0","","0","0","0","","0","","","2","0","0","0","0","0","0","2","0","2","","","","N","","","","","","","","","",""
"2006108861","","1","0","0","0","0","0","0","0","0","1","1","","02","8","2006","6","","","","11","0","0","0","0","0","3","0","1","","0","1","0","","","0","","0","","40 25:46.92","","0","80 01:41.16","0","0","0","0","2301","0","0","0","N","0","0","0","9","68B03","0","","1.0","","1","N","N","","0","","0","0","1","","0","","","5","0","0","0","0","0","0","2","2","5","","","","N","","","","","","","","","",""
"2006108862","","3","0","0","0","0","0","0","0","0","1","0","","02","8","2006","7","","","","11","0","0","0","0","0","1","0","0","","0","0","0","","","1","","0","","40 26:32.64","","0","79 51:23.76","4","0","0","0","2419","0","0","0","N","0","0","0","3","68B03","1","","1.0","","1","N","N","","0","","0","0","0","","0","","","3","1","0","0","0","0","0","2","0","3","","","","N","","","","","","","","","",""
"2006108863","","0","0","0","0","0","0","0","0","0","4","0","","02","8","2006","7","","","","11","0","0","0","0","0","0","0","0","","0","0","0","","","2","","0","","40 27:09.00","","0","80 10:31.80","2","0","0","0","2214","1","0","0","N","1","0","0","4","68B03","0","","1.0","","9","N","N","","1","","0","1","1","","0","","","3","2","0","0","0","1","0","2","0","2","","","","N","","","","","","","","","",""
"2006108864","","1","0","0","0","0","0","0","0","0","7","0","","02","8","2006","2","40.554167","-80.116362","","11","0","0","0","0","0","0","0","0","","0","0","0","","","0","","0","","40 33:15.000","","0","80 06:58.904","0","0","0","0","2481","0","0","0","N","0","0","0","1","68B03","0","","4.0","","1","N","N","","0","","0","0","0","","0","","","1","0","0","0","0","0","0","2","0","1","","","","N","","","","","","","","","",""
"2006108865","","2","0","0","0","0","0","0","0","0","1","0","","02","9","2006","4","","","","11","0","0","0","0","0","0","0","0","","0","0","0","","","0","","0","","40 24:37.80","","0","80 04:17.04","0","0","0","0","2435","0","0","0","N","0","0","0","3","68B03","0","","1.0","","1","N","N","","0","","0","0","1","","0","","","3","0","0","0","0","0","0","2","0","3","","","","N","","","","","","","","","",""
"2006108889","","1","0","0","0","0","0","0","0","0","1","0","","02","10","2006","5","40.5884","-79.9494","","11","0","0","0","0","1","1","0","0","1","0","0","0","","","3","","0","","40 35:18.240","2","0","79 56:57.840","4","0","0","0","2207","0","0","0","N","0","0","0","3","02207","3","","1.0","","1","N","N","","0","","0","0","1","","0","N","","3","3","0","0","0","0","0","2","1","3","","","","N","","","","","","","","","",""
"2006108894","","2","0","0","0","0","0","0","0","0","1","0","","02","10","2006","3","40.43","-79.714192","","11","0","0","0","0","0","2","0","0","","0","0","0","","","3","","0","","40 25:48.000","","0","79 42:51.091","4","0","0","0","2446","0","0","0","N","0","0","0","6","02446","2","","1.0","","9","N","N","","0","","0","0","1","","0","","","3","3","0","0","0","1","0","2","0","3","","","","N","","","","","","","","","",""
"2006108897","","1","0","0","0","0","0","0","0","0","4","0","","02","10","2006","6","40.463611","-79.705449","","11","0","0","0","0","0","0","1","0","","0","0","0","","","1","","1","","40 27:49.000","","0","79 42:19.615","4","0","0","0","2466","0","0","0","N","0","0","0","2","02466","1","","1.0","","1","N","N","","0","","0","0","1","","2","","","2","1","0","0","0","0","0","2","0","2","","","","N","","","","","","","","","",""
"2006108900","","2","0","0","0","0","0","0","0","0","5","0","","02","10","2006","4","40.37","-79.78558","","11","0","0","0","0","0","1","0","0","","0","0","0","","","0","","0","","40 22:12.000","","0","79 47:08.089","0","0","0","0","2111","0","0","0","N","0","0","0","2","02111","0","","1.0","","9","N","N","","0","","0","0","0","","0","","","2","0","0","0","0","0","0","2","0","2","","","","N","","","","","","","","","",""
"2006108901","","0","0","0","0","0","0","0","0","0","1","0","","02","10","2006","6","","","","11","0","0","0","0","0","2","0","0","","0","0","0","","","0","","0","","","","0","","0","0","0","0","2446","0","0","0","N","0","0","0","3","02446","0","","1.0","","1","N","N","","1","","0","0","1","","0","","","2","0","0","0","0","0","0","1","0","2","","","","N","","","","","","","","","",""
"2006108902","","2","0","0","0","0","0","0","0","0","6","0","","02","10","2006","4","40.435681","-80.064795","","11","0","0","0","0","0","0","0","0","","0","0","0","","","1","","5","","40 26:08.453","","0","80 03:53.263","4","0","0","0","2421","0","0","0","N","0","0","0","3","02421","1","","1.0","","9","N","N","","0","","0","0","0","","2","","","2","1","0","0","0","0","0","2","0","2","","","","N","","","","","","","","","",""
"2006108903","","1","0","0","0","0","0","1","0","0","1","1","","02","10","2006","6","40.459781","-79.971364","","11","0","0","0","0","0","2","0","0","","0","0","0","","","1","","1","","40 27:35.212","","0","79 58:16.911","8","0","0","0","2301","0","0","0","N","0","0","0","4","02503","0","","1.0","","1","N","N","","0","","0","0","1","","2","","","3","1","0","0","0","1","0","2","0","3","","","","N","","","","","","","","","",""
"2006108922","","0","0","0","0","0","0","0","0","0","4","0","","02","10","2006","6","40.1975","-79.894764","","11","0","0","0","0","0","0","0","1","2","0","0","0","","","3","","0","","40 11:51.000","4","0","79 53:41.152","8","0","0","0","2204","0","0","0","N","0","0","0","4","02204","0","","1.0","","9","N","N","","1","","0","0","1","","0","N","","2","3","3","0","0","3","0","2","0","2","","","","N","","","","","","","","","",""
"2006108923","","3","0","0","0","0","0","0","0","0","1","0","","02","10","2006","3","40.599444","-79.947526","","11","0","0","0","0","0","2","0","0","","0","0","0","","","1","","1","","40 35:58.000","","0","79 56:51.093","4","0","0","0","2207","0","0","0","","0","0","0","3","02207","1","","1.0","","9","N","N","","0","","0","0","0","","2","","","3","1","0","0","0","0","0","2","0","3","","","","N","","","","","","","","","",""
"2006108927","","1","0","0","0","0","0","0","0","0","7","0","","02","10","2006","6","40.478333","-79.754774","","11","0","0","0","1","0","0","0","0","1","0","0","0","","","1","","0","","40 28:42.000","3","0","79 45:17.188","8","0","0","0","2466","0","0","0","N","0","0","0","1","02466","0","","2.0","","9","N","N","","0","","0","0","0","","0","N","","1","1","0","0","0","1","0","2","0","1","","","","N","","","","","","","","","",""
"2006108928","","2","0","0","0","0","0","0","0","0","4","0","","02","10","2006","6","40.381529","-79.903558","","11","0","0","0","1","0","0","0","0","","0","0","0","","","0","","1","","40 22:53.504","","0","79 54:12.808","0","0","0","0","2448","0","0","0","N","0","0","0","2","02448","0","","1.0","","9","N","N","","0","","0","0","0","","3","","","2","0","0","0","0","0","0","2","0","2","","","","N","","","","","","","","","",""
"2006108929","","1","0","0","0","0","0","0","0","0","5","0","","02","10","2006","7","40.5","-80.21591","","11","0","0","0","0","0","1","0","0","","0","0","0","","","0","","1","","40 30:00.000","","0","80 12:57.275","0","0","0","0","2213","0","0","0","N","0","0","0","4","02213","0","","1.0","","1","N","N","","0","","0","0","1","","2","","","2","0","0","0","0","0","0","2","0","2","","","","N","","","","","","","","","",""
"2006108930","","2","0","0","0","0","0","0","0","0","1","0","","02","10","2006","4","40.342945","-80.03535","","11","0","0","0","0","0","0","0","2","1","0","0","0","","","1","","0","","40 20:34.602","4","0","80 02:07.260","4","0","0","0","2407","0","0","0","N","0","0","0","3","02407","1","","1.0","","1","N","N","","1","","0","0","0","","2","N","","3","1","0","0","0","0","0","2","0","3","","","","N","","","","","","","","","",""
"2006108931","","1","0","0","0","0","0","0","0","0","4","0","","02","10","2006","6","40.334167","-80.002986","","11","0","0","0","0","0","2","0","0","","0","0","0","","","1","","1","","40 20:03.000","","0","80 00:10.749","8","0","0","0","2407","0","0","0","N","0","0","0","2","02407","0","","1.0","","9","N","N","","0","","0","0","1","","3","","","2","1","0","0","0","1","0","2","0","2","","","","N","","","","","","","","","",""
"2006108968","","1","0","0","1","0","0","0","0","0","8","0","","02","10","2006","7","40.347317","-79.838495","","11","0","0","0","0","0","0","0","0","2","0","0","0","","","1","","1","","40 20:50.341","5","0","79 50:18.582","3","0","0","0","2304","1","0","0","N","0","0","0","2","02304","0","","1.0","","1","N","N","","0","","1","0","0","","3","Y","","2","1","1","0","0","0","0","2","0","1","","","","N","","","","","","","","","",""
"2006108980","","2","0","0","0","0","0","0","0","0","4","0","","02","10","2006","7","40.355191","-79.835211","","11","0","0","0","0","0","0","0","0","","0","0","0","","","0","","2","","40 21:18.687","","0","79 50:06.758","0","0","0","0","2304","0","0","0","N","0","0","0","4","02304","0","","1.0","","1","N","N","","0","","0","0","0","","2","","","2","0","0","0","0","0","0","2","0","2","","","","N","","","","","","","","","",""
"2006108981","","1","0","0","0","0","0","0","0","0","8","0","","02","10","2006","4","40.350554","-79.848631","","11","0","0","0","0","0","0","0","0","","0","0","0","","","1","","3","","40 21:01.994","","0","79 50:55.071","8","0","0","0","2304","1","0","0","N","1","0","0","2","02304","0","","5.0","","9","N","N","","0","","0","0","0","","9","","","2","1","1","0","0","1","0","2","0","1","","","","N","","","","","","","","","",""