"CRN","ARRIVAL_TM","AUTOMOBILE_COUNT","BELTED_DEATH_COUNT","BELTED_SUSP_SERIOUS_INJ_COUNT","BICYCLE_COUNT","BICYCLE_DEATH_COUNT","BICYCLE_SUSP_SERIOUS_INJ_COUNT","BUS_COUNT","CHLDPAS_DEATH_COUNT","CHLDPAS_SUSP_SERIOUS_INJ_COUNT","COLLISION_TYPE","COMM_VEH_COUNT","CONS_ZONE_SPD_LIM","COUNTY","CRASH_MONTH","CRASH_YEAR","DAY_OF_WEEK","DEC_LATITUDE","DEC_LONGITUDE","DISPATCH_TM","DISTRICT","DRIVER_COUNT_16YR","DRIVER_COUNT_17YR","DRIVER_COUNT_18YR","DRIVER_COUNT_19YR","DRIVER_COUNT_20YR","DRIVER_COUNT_50_64YR","DRIVER_COUNT_65_74YR","DRIVER_COUNT_75PLUS","EST_HRS_CLOSED","FATAL_COUNT","HEAVY_TRUCK_COUNT","HORSE_BUGGY_COUNT","HOUR_OF_DAY","ILLUMINATION","INJURY_COUNT","INTERSECTION_RELATED","INTERSECT_TYPE","LANE_CLOSED","LATITUDE","LN_CLOSE_DIR","LOCATION_TYPE","LONGITUDE","MAX_SEVERITY_LEVEL","MCYCLE_DEATH_COUNT","MCYCLE_SUSP_SERIOUS_INJ_COUNT","MOTORCYCLE_COUNT","MUNICIPALITY","NONMOTR_COUNT","NONMOTR_DEATH_COUNT","NONMOTR_SUSP_SERIOUS_INJ_COUNT","NTFY_HIWY_MAINT","PED_COUNT","PED_DEATH_COUNT","PED_SUSP_SERIOUS_INJ_COUNT","PERSON_COUNT","POLICE_AGCY","POSSIBLE_INJ_COUNT","RDWY_SURF_TYPE_CD","RELATION_TO_ROAD","ROADWAY_CLEARED","ROAD_CONDITION","SCH_BUS_IND","SCH_ZONE_IND","SECONDARY_CRASH","SMALL_TRUCK_COUNT","SPEC_JURIS_CD","SUSP_MINOR_INJ_COUNT","SUSP_SERIOUS_INJ_COUNT","SUV_COUNT","TCD_FUNC_CD","TCD_TYPE","TFC_DETOUR_IND","TIME_OF_DAY","TOTAL_UNITS","TOT_INJ_COUNT","UNBELTED_OCC_COUNT","UNB_DEATH_COUNT","UNB_SUSP_SERIOUS_INJ_COUNT","UNK_INJ_DEG_COUNT","UNK_INJ_PER_COUNT","URBAN_RURAL","VAN_COUNT","VEHICLE_COUNT","WEATHER1","WEATHER2","WORKERS_PRES","WORK_ZONE_IND","WORK_ZONE_LOC","WORK_ZONE_TYPE","WZ_CLOSE_DETOUR","WZ_FLAGGER","WZ_LAW_OFFCR_IND","WZ_LN_CLOSURE","WZ_MOVING","WZ_OTHER","WZ_SHLDER_MDN","WZ_WORKERS_INJ_KILLED"
"2006111458","","2","0","0","0","0","0","0","0","0","4","0","","02","10","2006","3","","","","11","0","0","0","0","0","0","0","0","","0","0","0","","","0","","1","0","","","0","","0","0","0","0","2301","0","0","0","","0","0","0","2","02301","0","","1.0","","1","N","N","","0","","0","0","0","","2","","","2","0","0","0","0","0","0","1","0","2","","","","N","","","","","","","","","",""
"2006111459","","1","0","0","0","0","0","0","0","0","4","0","","02","10","2006","7","40.440466","-79.991536","","11","0","0","0","0","1","0","0","0","1","0","0","0","","","1","","1","1","40 26:25.678","4","0","79 59:29.530","4","0","0","0","2301","0","0","0","N","0","0","0","3","02301","1","","1.0","","1","N","N","","0","","0","0","1","","2","N","","2","1","2","0","0","0","0","2","0","2","","","","N","","","","","","","","","",""
"2006111503","","0","0","0","0","0","0","0","0","0","4","0","","02","10","2006","7","40.28939","-79.884953","","11","0","0","0","0","0","1","0","0","","0","0","0","","","0","","2","0","40 17:21.804","","0","79 53:05.830","0","0","0","0","2302","0","0","0","N","0","0","0","5","02302","0","","1.0","","1","N","N","","0","","0","0","2","","0","","","2","0","3","0","0","0","0","2","0","2","","","","N","","","","","","","","","",""
"2006111505","","0","0","0","0","0","0","0","0","0","4","0","","02","10","2006","2","","","","11","0","0","0","0","0","1","0","0","1","0","0","0","","","0","","1","1","","3","0","","0","0","0","0","2301","0","0","0","","0","0","0","4","02301","0","","1.0","","9","N","N","","0","","0","0","0","","2","N","","2","0","0","0","0","0","0","1","2","2","","","","N","","","","","","","","","",""
"2006111506","","0","0","0","0","0","0","0","0","0","1","0","","02","10","2006","5","40.382505","-79.929199","","11","0","0","0","0","0","1","0","0","","0","0","0","","","0","","0","0","40 22:57.018","","0","79 55:45.117","0","0","0","0","2301","0","0","0","N","0","0","0","2","02301","0","","1.0","","1","N","N","","0","","0","0","1","","0","","","2","0","0","0","0","0","0","2","1","2","","","","N","","","","","","","","","",""
"2006111507","","2","0","0","0","0","0","0","0","0","4","0","","02","10","2006","7","40.437847","-79.930741","","11","0","0","0","1","0","0","0","0","","0","0","0","","","0","","1","0","40 26:16.249","","0","79 55:50.667","0","0","0","0","2301","0","0","0","N","0","0","0","4","02301","0","","1.0","","1","N","N","","0","","0","0","0","","3","","","2","0","0","0","0","0","0","2","0","2","","","","N","","","","","","","","","",""
"2006111510","","1","0","0","0","0","0","0","0","0","8","0","","02","10","2006","4","40.463121","-79.951855","","11","0","0","0","0","0","1","0","0","1","0","0","0","","","1","","1","2","40 27:47.235","1","0","79 57:06.678","4","0","0","0","2301","1","0","0","N","1","0","0","2","02301","1","","1.0","","1","N","N","","0","","0","0","0","","2","Y","","2","1","0","0","0","0","0","2","0","1","","","","N","","","","","","","","","",""
"2006111511","","1","0","0","0","0","0","0","0","0","7","0","","02","10","2006","4","40.463057","-79.892798","","11","0","0","0","0","0","0","0","0","","0","0","0","","","1","","0","0","40 27:47.005","","0","79 53:34.072","3","0","0","0","2301","0","0","0","N","0","0","0","4","02301","0","","5.0","","1","N","N","","0","","1","0","0","","0","","","1","1","1","0","0","0","2","2","0","1","","","","N","","","","","","","","","",""
"2006111512","","1","0","0","0","0","0","0","0","0","1","0","","02","10","2006","5","40.470136","-79.908544","","11","0","0","1","0","0","0","0","0","9","0","0","0","","","0","","0","1","40 28:12.490","1","0","79 54:30.760","0","0","0","0","2301","0","0","0","N","0","0","0","2","02301","0","","1.0","","1","N","N","","0","","0","0","0","","0","N","","2","0","0","0","0","0","0","2","1","2","","","","N","","","","","","","","","",""
"2006111518","","0","0","0","0","0","0","0","0","0","8","0","","02","10","2006","2","40.445272","-79.948802","","11","0","0","0","0","0","0","0","0","3","1","0","0","","","0","","1","2","40 26:42.979","5","0","79 56:55.687","1","0","0","0","2301","1","1","0","N","1","1","0","2","02301","0","2","1.0","","1","N","N","","1","0","0","0","0","","3","Y","","2","0","0","0","0","0","0","2","0","1","","","","N","","","","","","","","","",""
"2006111576","","2","0","0","0","0","0","0","0","0","4","0","","02","10","2006","2","40.4386","-80.237","","11","0","0","0","0","0","0","0","0","","0","0","0","","","1","","2","0","40 26:18.960","","0","80 14:13.200","4","0","0","0","2214","0","0","0","N","0","0","0","3","02214","1","","1.0","","9","N","N","","0","","0","0","0","","0","","","2","1","2","0","0","0","0","2","0","2","","","","N","","","","","","","","","",""
"2006111578","","1","0","0","0","0","0","0","0","0","1","0","","02","10","2006","5","40.397933","-80.231264","","11","0","0","0","0","1","1","0","0","2","0","0","0","","","0","","0","2","40 23:52.560","1","0","80 13:52.549","0","0","0","0","2214","0","0","0","N","0","0","0","2","02214","0","","1.0","","1","N","N","","1","","0","0","0","","0","N","","2","0","1","0","0","0","0","1","0","2","","","","N","","","","","","","","","",""
"2006111618","","2","0","0","0","0","0","0","0","0","4","0","","02","10","2006","4","","","","11","0","0","0","0","0","1","0","0","1","0","0","0","","","0","","0","1","","2","0","","0","0","0","0","2219","0","0","0","N","0","0","0","1","02219","0","","1.0","","9","N","N","","1","","0","0","0","","0","N","","3","0","1","0","0","0","0","1","0","3","","","","N","","","","","","","","","",""
"2006111619","","1","0","0","0","0","0","0","0","0","4","0","","02","10","2006","3","40.316924","-79.995271","","11","0","0","0","0","0","0","1","0","","0","0","0","","","0","","1","0","40 19:00.926","","0","79 59:42.975","0","0","0","0","2219","0","0","0","N","0","0","0","2","02219","0","","1.0","","9","N","N","","1","","0","0","0","","2","","","2","0","0","0","0","0","0","2","0","2","","","","N","","","","","","","","","",""
"2006111623","","1","0","0","0","0","0","0","0","0","4","0","","02","10","2006","5","40.574332","-80.054605","","11","0","0","0","0","0","2","0","0","","0","0","0","","","2","","1","0","40 34:27.595","","0","80 03:16.578","4","0","0","0","2108","0","0","0","N","0","0","0","3","02108","2","","1.0","","9","N","N","","0","","0","0","1","","3","","","2","2","0","0","0","0","0","2","0","2","","","","N","","","","","","","","","",""
"2006111624","","2","0","0","0","0","0","0","0","0","4","0","","02","10","2006","2","40.576876","-80.055876","","11","0","0","0","0","0","1","0","0","2","0","0","0","","","2","","1","2","40 34:36.753","5","0","80 03:21.153","3","0","0","0","2108","0","0","0","N","0","0","0","2","02108","1","","1.0","","1","N","N","","0","","1","0","0","","3","Y","","2","2","0","0","0","0","0","2","0","2","","","","N","","","","","","","","","",""
"2006111625","","1","0","0","0","0","0","0","0","0","1","0","","02","10","2006","5","40.597778","-80.047502","","11","0","1","0","0","0","0","0","0","1","0","0","0","","","0","","0","1","40 35:52.000","1","0","80 02:51.006","0","0","0","0","2108","0","0","0","N","0","0","0","4","02108","0","","1.0","","9","N","N","","1","","0","0","0","","0","N","","2","0","0","0","0","0","0","2","0","2","","","","N","","","","","","","","","",""
"2006111626","","0","0","0","0","0","0","0","0","0","99","0","","02","10","2006","7","40.569167","-80.023615","","11","0","0","0","0","0","1","0","0","","0","0","0","","","0","","0","0","40 34:09.000","","0","80 01:25.014","0","0","0","0","2108","0","0","0","N","0","0","0","2","02108","0","","1.0","","1","N","N","","0","","0","0","1","","0","","","1","0","0","0","0","0","0","2","0","1","","","","N","","","","","","","","","",""
"2006111627","","0","0","0","0","0","0","0","0","0","7","0","","02","10","2006","7","","","","11","0","0","0","0","0","0","0","0","1","0","0","0","","","1","","0","2","","5","0","","3","0","0","1","2108","0","0","0","N","0","0","0","1","02108","0","","4.0","","1","N","N","","0","","1","0","0","","0","N","","1","1","0","0","0","0","0","1","0","1","","","","N","","","","","","","","","",""
"2006111644","","1","0","0","0","0","0","0","0","0","1","0","","02","10","2006","6","40.381535","-80.032195","","11","0","0","0","0","0","0","0","0","2","0","0","0","","","1","","0","2","40 22:53.526","5","0","80 01:55.902","3","0","0","0","2109","0","0","0","N","0","0","0","1","02109","0","","1.0","","1","N","N","","1","","1","0","0","","0","Y","","2","1","1","0","0","0","0","2","0","2","","","","N","","","","","","","","","",""
"2006111645","","1","0","0","0","0","0","0","0","0","1","0","","02","10","2006","6","40.355","-80.050171","","11","0","0","0","0","0","0","0","0","","0","0","0","","","1","","1","0","40 21:18.000","","0","80 03:00.614","4","0","0","0","2109","0","0","0","N","0","0","0","3","02109","1","","1.0","","1","N","N","","0","","0","0","0","","2","","","2","1","0","0","0","0","1","2","0","2","","","","N","","","","","","","","","",""
"2006111646","","1","0","0","0","0","0","0","0","0","99","0","","02","10","2006","2","40.3932","-80.0658","","11","0","0","1","0","0","0","0","0","","0","0","0","","","0","","0","0","40 23:35.520","","0","80 03:56.880","0","0","0","0","2109","0","0","0","N","0","0","0","1","02109","0","","1.0","","1","N","N","","0","","0","0","0","","0","","","1","0","0","0","0","0","0","2","0","1","","","","N","","","","","","","","","",""
"2006111656","","1","0","0","0","0","0","0","0","0","1","0","","02","10","2006","5","40.291944","-79.996804","","11","0","0","0","0","0","1","0","0","","0","0","0","","","0","","0","0","40 17:31.000","","0","79 59:48.493","0","0","0","0","2219","0","0","0","N","0","0","0","2","02219","0","","1.0","","9","N","N","","0","","0","0","1","","0","","","2","0","0","0","0","0","0","2","0","2","","","","N","","","","","","","","","",""
"2006111657","","1","0","0","0","0","0","0","0","0","2","0","","02","10","2006","3","40.36","-80.053609","","11","0","0","0","0","0","1","1","0","1","0","0","0","","","2","","0","2","40 21:36.000","7","0","80 03:12.992","4","0","0","0","2109","0","0","0","N","0","0","0","3","02109","2","","1.0","","9","N","N","","1","","0","0","0","","0","Y","","2","2","0","0","0","0","0","2","0","2","","","","N","","","","","","","","","",""
"2006111658","","1","0","0","0","0","0","0","0","0","1","0","","02","10","2006","7","40.355","-80.050171","","11","0","0","1","0","0","1","0","0","1","0","0","0","","","0","","1","2","40 21:18.000","2","0","80 03:00.614","0","0","0","0","2109","0","0","0","N","0","0","0","3","02109","0","","1.0","","1","N","N","","1","","0","0","0","","2","Y","","2","0","0","0","0","0","0","2","0","2","","","","N","","","","","","","","","",""
"2006111727","","1","0","0","0","0","0","0","0","0","7","0","","02","10","2006","2","","","","11","0","0","0","0","0","0","0","0","","0","0","0","","","0","","0","0","40 25:58.44","","0","80 08:28.32","0","0","0","0","2115","0","0","0","N","0","0","0","1","68B03","0","","2.0","","1","N","N","","0","","0","0","0","","0","","","1","0","0","0","0","0","0","2","0","1","","","","N","","","","","","","","","",""
"2006111729","","0","0","0","0","0","0","0","0","0","7","0","","02","10","2006","7","40.4933","-79.9647","","11","0","0","0","0","0","0","0","0","","0","0","0","","","1","","0","0","40 29:35.880","","0","79 57:52.920","4","0","0","0","2118","0","0","0","N","0","0","0","1","02118","1","","5.0","","9","N","N","","1","","0","0","0","","0","","","1","1","0","0","0","0","0","2","0","1","","","","N","","","","","","","","","",""
"2006111754","","2","0","0","0","0","0","0","0","0","7","0","","02","9","2006","6","","","","11","0","0","0","1","0","0","0","0","1","0","0","0","","","2","","0","1","40 26:00.96","4","0","80 08:31.92","4","0","0","0","2115","0","0","0","N","0","0","0","3","68B03","2","","4.0","","1","N","N","","0","","0","0","0","","0","N","","2","2","0","0","0","0","0","2","0","2","","","","N","","","","","","","","","",""
"2006111755","","1","0","0","0","0","0","0","0","0","7","0","","02","8","2006","3","","","","11","0","0","0","0","0","0","0","0","2","0","0","0","","","1","","0","1","40 25:32.88","3","0","79 53:59.28","4","0","0","0","2301","0","0","0","N","0","0","0","1","68B03","1","","4.0","","1","N","N","","0","","0","0","0","","0","N","","1","1","0","0","0","0","0","2","0","1","","","","N","","","","","","","","","",""
"2006111756","","1","0","0","0","0","0","0","0","0","7","0","","02","9","2006","7","","","","11","0","0","0","0","0","0","0","0","1","0","0","0","","","2","","0","1","40 26:29.04","4","0","79 49:42.60","4","0","0","0","2446","0","0","0","N","0","0","0","2","68B03","2","","2.0","","9","N","N","","0","","0","0","0","","0","N","","1","2","1","0","0","0","0","2","0","1","","","","N","","","","","","","","","",""
"2006111761","","1","0","0","0","0","0","0","0","0","1","0","","02","10","2006","2","40.4812","-79.8036","","11","0","0","0","0","0","1","0","0","1","0","0","0","","","2","","0","1","40 28:52.320","1","0","79 48:12.960","4","0","0","0","2113","0","0","0","N","0","0","0","2","02113","2","","1.0","","1","N","N","","0","","0","0","1","","0","N","","2","2","0","0","0","0","0","2","0","2","","","","N","","","","","","","","","",""
"2006111762","","1","0","0","0","0","0","0","0","0","4","0","","02","10","2006","3","40.466667","-79.837381","","11","0","1","0","0","0","0","0","0","","0","0","0","","","0","","2","0","40 28:00.000","","0","79 50:14.570","0","0","0","0","2113","0","0","0","N","0","0","0","2","02113","0","","1.0","","9","N","N","","0","","0","0","1","","3","","","2","0","0","0","0","0","0","2","0","2","","","","N","","","","","","","","","",""
"2006111763","","1","0","0","0","0","0","0","0","0","0","0","","02","10","2006","4","40.445","-79.828207","","11","0","0","0","0","0","0","0","0","","0","0","0","","","0","","2","0","40 26:42.000","","0","79 49:41.544","0","0","0","0","2113","0","0","0","N","0","0","0","2","02113","0","","1.0","","1","N","N","","0","","0","0","1","","0","","","2","0","0","0","0","0","0","2","0","2","","","","N","","","","","","","","","",""
"2006111764","","2","0","0","0","0","0","0","0","0","4","0","","02","10","2006","6","40.480833","-79.802928","","11","0","1","0","0","0","1","0","0","","0","0","0","","","0","","0","0","40 28:51.000","","0","79 48:10.539","0","0","0","0","2113","0","0","0","N","0","0","0","4","02113","0","","1.0","","1","N","N","","0","","0","0","0","","0","","","2","0","0","0","0","0","0","2","0","2","","","","N","","","","","","","","","",""
"2006111765","","2","0","0","0","0","0","0","0","0","1","0","","02","10","2006","4","40.473333","-79.84814","","11","0","0","0","0","0","0","0","0","","0","0","0","","","0","","0","0","40 28:24.000","","0","79 50:53.304","0","0","0","0","2113","0","0","0","N","0","0","0","2","02113","0","","1.0","","1","N","N","","0","","0","0","0","","0","","","2","0","0","0","0","0","0","2","0","2","","","","N","","","","","","","","","",""
"2006111766","","1","0","0","0","0","0","0","0","0","7","0","","02","10","2006","3","40.4476","-79.7959","","11","0","0","0","0","0","1","0","0","1","0","0","0","","","0","","0","2","40 26:51.360","1","0","79 47:45.240","0","0","0","0","2113","0","0","0","N","0","0","0","1","02113","0","","4.0","","9","N","N","","0","","0","0","0","","0","N","","1","0","0","0","0","0","0","2","0","1","","","","N","","","","","","","","","",""
"2006111767","","2","0","0","0","0","0","0","0","0","4","0","","02","10","2006","3","40.4635","-79.8558","","11","0","0","0","0","0","1","0","0","","0","0","0","","","1","","0","0","40 27:48.600","","0","79 51:20.880","4","0","0","0","2113","0","0","0","N","0","0","0","2","02113","1","","1.0","","9","N","N","","0","","0","0","0","","0","","","2","1","0","0","0","0","0","2","0","2","","","","N","","","","","","","","","",""
"2006111778","","2","0","0","0","0","0","0","0","0","2","0","","02","10","2006","4","40.420401","-79.786229","","11","0","0","0","0","0","0","0","0","","0","0","0","","","0","","0","0","40 25:13.443","","0","79 47:10.424","0","0","0","0","2446","0","0","0","N","0","0","0","1","02446","0","","5.0","","1","N","N","","0","","0","0","0","","0","","","2","0","0","0","0","0","0","2","0","2","","","","N","","","","","","","","","",""
"2006111779","","1","0","0","0","0","0","0","0","0","7","0","","02","10","2006","5","","","","11","0","0","0","0","0","1","0","0","","0","0","0","","","1","","0","0","","","0","","3","0","0","0","2446","0","0","0","N","0","0","0","1","02446","0","","5.0","","9","N","N","","0","","1","0","0","","0","","","1","1","1","0","0","0","0","1","0","1","","","","N","","","","","","","","","",""
"2006111780","","1","0","0","0","0","0","0","0","0","7","0","","02","10","2006","6","40.454124","-79.756918","","11","0","0","0","1","0","0","0","0","","0","0","0","","","0","","0","0","40 27:14.846","","0","79 45:24.904","0","0","0","0","2446","0","0","0","N","0","0","0","1","02446","0","","2.0","","9","N","N","","0","","0","0","0","","0","","","1","0","0","0","0","0","0","2","0","1","","","","N","","","","","","","","","",""
"2006111792","","1","0","0","0","0","0","0","0","0","1","0","","02","10","2006","5","40.4275","-79.720428","","11","0","0","0","0","0","0","1","0","","0","0","0","","","1","","0","0","40 25:39.000","","0","79 43:13.539","4","0","0","0","2446","0","0","0","N","0","0","0","2","02446","1","","1.0","","1","N","N","","0","","0","0","1","","0","","","2","1","0","0","0","0","0","2","0","2","","","","N","","","","","","","","","",""
"2006111818","","1","0","0","0","0","0","0","0","0","4","0","","02","10","2006","4","","","","11","0","0","0","0","0","1","0","0","","0","0","0","","","0","","0","0","","","7","","0","0","0","0","2301","0","0","0","N","0","0","0","2","02301","0","","1.0","","1","N","N","","1","","0","0","0","","8","","","2","0","0","0","0","0","0","1","0","2","","","","N","","","","","","","","","",""
"2006111830","","1","0","0","0","0","0","0","0","0","4","0","","02","11","2006","5","40.378783","-79.962732","","11","0","0","0","0","0","0","0","2","1","0","0","0","","","0","","2","1","40 22:43.618","2","0","79 57:45.835","0","0","0","0","2403","0","0","0","N","0","0","0","2","02403","0","","1.0","","1","N","N","","1","","0","0","0","","3","N","","2","0","0","0","0","0","0","2","0","2","","","","N","","","","","","","","","",""
"2006111834","","2","0","0","0","0","0","0","0","0","4","0","","02","11","2006","6","40.510833","-79.763729","","11","0","0","0","0","0","0","0","0","","0","0","0","","","1","","0","0","40 30:39.000","","0","79 45:49.424","4","0","0","0","2466","0","0","0","N","0","0","0","2","02466","1","","1.0","","1","N","N","","0","","0","0","0","","0","","","2","1","0","0","0","0","0","1","0","2","","","","N","","","","","","","","","",""
"2006111837","","0","0","0","0","0","0","0","0","0","7","0","","02","11","2006","5","","","","11","0","0","0","0","0","0","1","0","1","0","0","0","","","0","","0","1","","1","0","","0","0","0","0","2202","0","0","0","Y","0","0","0","1","02202","0","","2.0","","2","N","N","","0","","0","0","1","","0","N","","1","0","0","0","0","0","0","1","0","1","","","","N","","","","","","","","","",""
"2006111843","","1","0","0","0","0","0","0","0","0","4","0","","02","10","2006","4","40.503889","-79.999576","","11","0","0","0","0","0","1","0","1","1","0","0","0","","","2","","0","1","40 30:14.000","5","0","79 59:58.473","8","0","0","0","2116","0","0","0","N","0","0","0","3","02116","0","","1.0","","1","N","N","","1","","0","0","0","","0","N","","2","2","0","0","0","2","0","2","0","2","","","","N","","","","","","","","","",""
"2006111857","","1","0","0","0","0","0","0","0","0","4","0","","02","11","2006","5","40.615833","-80.05525","","11","0","0","0","0","0","0","1","0","","0","0","0","","","0","","1","0","40 36:57.000","","0","80 03:18.899","0","0","0","0","2216","0","0","0","N","0","0","0","2","02505","0","","1.0","","1","N","N","","0","","0","0","1","","2","","","2","0","0","0","0","0","0","2","0","2","","","","N","","","","","","","","","",""
"2006111858","","1","0","0","0","0","0","0","0","0","6","0","","02","11","2006","6","40.39606","-79.905235","","11","0","0","0","0","0","1","0","1","","0","0","0","","","0","","5","0","40 23:45.816","","0","79 54:18.846","0","0","0","0","2448","0","0","0","N","0","0","0","2","02448","0","","1.0","","1","N","N","","1","","0","0","0","","3","","","2","0","0","0","0","0","0","2","0","2","","","","N","","","","","","","","","",""
"2006111863","","1","0","0","0","0","0","0","0","0","6","0","","02","11","2006","5","40.351667","-79.962637","","11","0","0","0","0","0","0","0","0","","0","0","0","","","0","","0","0","40 21:06.000","","0","79 57:45.493","0","0","0","0","2403","0","0","0","N","0","0","0","2","02403","0","","1.0","","1","N","N","","1","","0","0","0","","0","","","2","0","0","0","0","0","0","2","0","2","","","","N","","","","","","","","","",""
"2006111905","","1","0","0","0","0","0","0","0","0","8","0","","02","10","2006","5","40.396231","-79.987432","","11","0","0","0","0","0","0","0","0","","0","0","0","","","1","","2","0","40 23:46.431","","0","79 59:14.755","8","0","0","0","2301","1","0","0","N","1","0","0","2","02301","0","","1.0","","1","N","N","","0","","0","0","0","","0","","","2","1","0","0","0","1","1","2","0","1","","","","N","","","","","","","","","",""
"2006111906","","0","0","0","0","0","0","0","0","0","1","0","","02","10","2006","7","40.410833","-80.005999","","11","0","0","0","0","0","0","0","0","","0","0","0","","","1","","2","0","40 24:39.000","","0","80 00:21.596","8","0","0","0","2301","0","0","0","N","0","0","0","4","02301","0","","1.0","","1","N","N","","0","","0","0","1","","2","","","2","1","0","0","0","1","0","2","1","2","","","","N","","","","","","","","","",""
"2006111907","","1","0","0","0","0","0","0","0","0","7","0","","02","10","2006","4","40.4432","-80.0073","","11","0","0","0","0","0","0","0","0","","0","0","0","","","1","","0","0","40 26:35.520","","2","80 00:26.280","4","0","0","0","2301","0","0","0","N","0","0","0","1","02301","1","","4.0","","9","N","N","","0","","0","0","0","","0","","","1","1","0","0","0","0","0","2","0","1","","","","N","","","","","","","","","",""
"2006111914","","1","0","0","0","0","0","0","0","0","7","0","","02","10","2006","1","","","","11","0","0","0","0","0","0","0","0","","0","0","0","","","0","","0","0","","","0","","0","0","0","0","2301","0","0","0","N","0","0","0","1","02301","0","","4.0","","1","N","N","","0","","0","0","0","","0","","","1","0","0","0","0","0","0","1","0","1","","","","N","","","","","","","","","",""
"2006111943","","2","0","0","0","0","0","0","0","0","6","0","","02","10","2006","1","40.454722","-79.997036","","11","0","0","0","0","0","0","0","0","1","0","0","0","","","0","","2","2","40 27:17.000","1","0","79 59:49.329","0","0","0","0","2301","0","0","0","N","0","0","0","3","02301","0","","1.0","","1","N","N","","0","","0","0","0","","0","Y","","2","0","0","0","0","0","0","2","0","2","","","","N","","","","","","","","","",""
"2006111945","","2","0","0","0","0","0","0","0","0","2","0","","02","10","2006","7","40.437615","-79.913671","","11","0","0","0","0","0","0","0","0","","0","0","0","","","0","","2","0","40 26:15.414","","0","79 54:49.215","0","0","0","0","2301","0","0","0","N","0","0","0","6","02301","0","","1.0","","1","N","N","","0","","0","0","0","","3","","","2","0","0","0","0","0","0","2","0","2","","","","N","","","","","","","","","",""
"2006111962","","0","0","0","0","0","0","0","0","0","1","0","","02","10","2006","3","40.379681","-80.033789","","11","0","0","0","0","0","0","0","0","2","0","0","0","","","0","","1","1","40 22:46.851","4","0","80 02:01.640","0","0","0","0","2109","0","0","0","N","0","0","0","4","02109","0","","1.0","","9","N","N","","1","","0","0","0","","3","N","","2","0","0","0","0","0","0","2","1","2","","","","N","","","","","","","","","",""
"2006111970","","0","0","0","0","0","0","0","0","0","7","1","","02","9","2006","6","","","","11","0","0","0","0","0","0","0","0","","0","1","0","","","0","","0","0","40 26:47.40","","0","80 00:34.20","0","0","0","0","2301","0","0","0","N","0","0","0","2","68B03","0","","4.0","","1","N","N","","0","","0","0","0","","0","","","1","0","0","0","0","0","0","2","0","1","","","","N","","","","","","","","","",""
"2006111985","","0","0","0","0","0","0","0","0","0","4","0","","02","9","2006","6","40.460556","-79.867533","","11","0","0","0","0","0","1","0","0","","0","0","0","","","2","","2","0","40 27:38.000","","0","79 52:03.120","3","0","0","1","2113","0","0","0","N","0","0","0","2","02113","0","","1.0","","1","N","N","","1","","1","0","0","","0","","","2","2","0","0","0","1","0","2","0","2","","","","N","","","","","","","","","",""
"2006111992","","0","0","0","0","0","0","0","0","0","7","0","","02","11","2006","6","40.4175","-80.045292","","11","0","0","0","0","0","2","0","0","2","0","0","0","","","2","","0","2","40 25:03.000","2","0","80 02:43.050","4","0","0","0","2435","0","0","0","N","0","0","0","2","02435","1","","5.0","","1","N","N","","0","","0","0","2","","0","Y","","2","2","0","0","0","1","0","2","0","2","","","","N","","","","","","","","","",""
"2006112009","","1","0","0","0","0","0","0","0","0","7","0","","02","11","2006","7","40.391689","-80.077261","","11","0","0","0","0","0","0","0","0","","0","0","0","","","0","","0","0","40 23:30.080","","0","80 04:38.139","0","0","0","0","2117","0","0","0","N","0","0","0","1","02117","0","","2.0","","1","N","N","","0","","0","0","0","","0","","","1","0","0","0","0","0","0","2","0","1","","","","N","","","","","","","","","",""
"2006112022","","1","0","0","0","0","0","0","0","0","4","0","","02","11","2006","5","40.5382","-79.8323","","11","0","0","0","0","0","1","0","0","2","0","0","0","","","1","","0","2","40 32:17.520","2","0","79 49:56.280","8","0","0","0","2208","0","0","0","N","0","0","0","3","02208","0","","1.0","","1","N","N","","0","","0","0","2","","0","N","","3","1","0","0","0","1","0","2","0","3","","","","N","","","","","","","","","",""
"2006112025","","1","0","0","0","0","0","0","0","0","99","0","","02","11","2006","7","40.660833","-79.933859","","11","0","0","0","0","0","0","1","0","","0","0","0","","","0","","0","0","40 39:39.000","","0","79 56:01.891","0","0","0","0","2217","0","0","0","N","0","0","0","1","02505","0","","1.0","","1","N","N","","0","","0","0","0","","0","","","1","0","0","0","0","0","0","2","0","1","","","","N","","","","","","","","","",""
"2006112033","","1","0","0","0","0","0","0","0","0","7","0","","02","11","2006","4","","","","11","0","1","0","0","0","0","0","0","","0","0","0","","","0","","2","0","","","0","","0","0","0","0","2219","0","0","0","N","0","0","0","2","02501","0","","5.0","","9","N","N","","0","","0","0","0","","4","","","1","0","0","0","0","0","0","1","0","1","","","","N","","","","","","","","","",""
"2006112034","","0","0","0","0","0","0","0","0","0","7","0","","02","11","2006","6","40.514609","-79.946059","","11","0","1","0","0","0","0","0","0","1","0","0","0","","","1","","0","1","40 30:52.592","1","0","79 56:45.814","8","0","0","0","2118","0","0","0","N","0","0","0","1","02118","0","","2.0","","1","N","N","","0","","0","0","1","","0","N","","1","1","0","0","0","1","0","2","0","1","","","","N","","","","","","","","","",""