"CRN","ARRIVAL_TM","AUTOMOBILE_COUNT","BELTED_DEATH_COUNT","BELTED_SUSP_SERIOUS_INJ_COUNT","BICYCLE_COUNT","BICYCLE_DEATH_COUNT","BICYCLE_SUSP_SERIOUS_INJ_COUNT","BUS_COUNT","CHLDPAS_DEATH_COUNT","CHLDPAS_SUSP_SERIOUS_INJ_COUNT","COLLISION_TYPE","COMM_VEH_COUNT","CONS_ZONE_SPD_LIM","COUNTY","CRASH_MONTH","CRASH_YEAR","DAY_OF_WEEK","DEC_LATITUDE","DEC_LONGITUDE","DISPATCH_TM","DISTRICT","DRIVER_COUNT_16YR","DRIVER_COUNT_17YR","DRIVER_COUNT_18YR","DRIVER_COUNT_19YR","DRIVER_COUNT_20YR","DRIVER_COUNT_50_64YR","DRIVER_COUNT_65_74YR","DRIVER_COUNT_75PLUS","EST_HRS_CLOSED","FATAL_COUNT","HEAVY_TRUCK_COUNT","HORSE_BUGGY_COUNT","HOUR_OF_DAY","ILLUMINATION","INJURY_COUNT","INTERSECTION_RELATED","INTERSECT_TYPE","LANE_CLOSED","LATITUDE","LN_CLOSE_DIR","LOCATION_TYPE","LONGITUDE","MAX_SEVERITY_LEVEL","MCYCLE_DEATH_COUNT","MCYCLE_SUSP_SERIOUS_INJ_COUNT","MOTORCYCLE_COUNT","MUNICIPALITY","NONMOTR_COUNT","NONMOTR_DEATH_COUNT","NONMOTR_SUSP_SERIOUS_INJ_COUNT","NTFY_HIWY_MAINT","PED_COUNT","PED_DEATH_COUNT","PED_SUSP_SERIOUS_INJ_COUNT","PERSON_COUNT","POLICE_AGCY","POSSIBLE_INJ_COUNT","RDWY_SURF_TYPE_CD","RELATION_TO_ROAD","ROADWAY_CLEARED","ROAD_CONDITION","SCH_BUS_IND","SCH_ZONE_IND","SECONDARY_CRASH","SMALL_TRUCK_COUNT","SPEC_JURIS_CD","SUSP_MINOR_INJ_COUNT","SUSP_SERIOUS_INJ_COUNT","SUV_COUNT","TCD_FUNC_CD","TCD_TYPE","TFC_DETOUR_IND","TIME_OF_DAY","TOTAL_UNITS","TOT_INJ_COUNT","UNBELTED_OCC_COUNT","UNB_DEATH_COUNT","UNB_SUSP_SERIOUS_INJ_COUNT","UNK_INJ_DEG_COUNT","UNK_INJ_PER_COUNT","URBAN_RURAL","VAN_COUNT","VEHICLE_COUNT","WEATHER1","WEATHER2","WORKERS_PRES","WORK_ZONE_IND","WORK_ZONE_LOC","WORK_ZONE_TYPE","WZ_CLOSE_DETOUR","WZ_FLAGGER","WZ_LAW_OFFCR_IND","WZ_LN_CLOSURE","WZ_MOVING","WZ_OTHER","WZ_SHLDER_MDN","WZ_WORKERS_INJ_KILLED"
"2006112055","","1","0","0","0","0","0","0","0","0","7","0","","02","10","2006","2","40.404416","-79.9063","","11","0","0","0","0","0","0","0","0","1","0","0","0","","","0","","2","2","40 24:15.897","7","0","79 54:22.680","0","0","0","0","2438","0","0","0","N","0","0","0","1","02438","0","","5.0","","1","N","N","","0","","0","0","0","","3","Y","","1","0","1","0","0","0","0","2","0","1","","","","N","","","","","","","","","",""
"2006112062","","1","0","0","0","0","0","0","0","0","8","0","","02","11","2006","6","40.316389","-79.940168","","11","0","0","0","0","0","1","0","0","","0","0","0","","","1","","0","0","40 18:59.000","","7","79 56:24.604","4","0","0","0","2440","1","0","0","N","1","0","0","2","02440","1","","6.0","","1","N","N","","0","","0","0","0","","0","","","2","1","0","0","0","0","0","2","0","1","","","","N","","","","","","","","","",""
"2006112064","","2","0","0","0","0","0","0","0","0","1","0","","02","11","2006","7","40.615","-80.055052","","11","0","0","1","0","0","0","0","0","","0","0","0","","","0","","0","0","40 36:54.000","","0","80 03:18.188","0","0","0","0","2216","0","0","0","N","0","0","0","5","02505","0","","1.0","","1","N","N","","0","","0","0","1","","0","","","3","0","0","0","0","0","0","1","0","3","","","","N","","","","","","","","","",""
"2006112068","","3","0","0","0","0","0","0","0","0","6","1","","02","11","2006","5","40.338889","-79.960098","","11","0","0","0","0","0","1","0","0","","0","1","0","","","1","","0","0","40 20:20.000","","0","79 57:36.354","4","0","0","0","2454","0","0","0","N","0","0","0","7","02454","1","","1.0","","1","N","N","","0","","0","0","0","","2","","","4","1","0","0","0","0","0","2","0","4","","","","N","","","","","","","","","",""
"2006112076","","1","0","0","0","0","0","0","0","0","7","0","","02","11","2006","6","40.54951","-80.018947","","11","0","0","0","0","0","0","0","0","1","0","0","0","","","1","","0","1","40 32:58.237","2","0","80 01:08.209","4","0","0","0","2116","0","0","0","N","0","0","0","1","02116","1","","5.0","","1","N","N","","0","","0","0","0","","0","N","","1","1","0","0","0","0","0","2","0","1","","","","N","","","","","","","","","",""
"2006112089","","2","0","0","0","0","0","0","0","0","4","0","","02","11","2006","1","40.3269","-79.9445","","11","0","0","0","0","0","1","0","0","2","0","0","0","","","1","","0","2","40 19:36.840","1","0","79 56:40.200","4","0","0","0","2454","0","0","0","N","0","0","0","2","02454","1","","1.0","","1","N","N","","0","","0","0","0","","3","Y","","2","1","0","0","0","0","0","2","0","2","","","","N","","","","","","","","","",""
"2006112091","","2","0","0","0","0","0","0","0","0","1","0","","02","10","2006","7","40.430626","-79.889586","","11","0","0","0","0","0","0","0","0","","0","0","0","","","0","","0","0","40 25:50.253","","0","79 53:22.509","0","0","0","0","2426","0","0","0","N","0","0","0","2","02426","0","","6.0","","9","N","N","","0","","0","0","0","","0","","","2","0","0","0","0","0","0","2","0","2","","","","N","","","","","","","","","",""
"2006112100","","1","0","0","0","0","0","0","0","0","2","0","","02","10","2006","3","","","","11","0","0","0","0","0","1","0","0","","0","0","0","","","0","","0","0","","","0","","0","0","0","0","2116","0","0","0","N","0","0","0","4","02116","0","","1.0","","9","N","N","","0","","0","0","2","","0","","","3","0","0","0","0","0","0","1","0","3","","","","N","","","","","","","","","",""
"2006112105","","1","0","0","0","0","0","0","0","0","1","0","","02","10","2006","1","","","","11","0","0","0","0","0","2","0","0","2","0","0","0","","","2","","2","1","","4","0","","4","0","0","0","2116","0","0","0","N","0","0","0","7","02116","1","","1.0","","1","N","N","","0","","0","0","2","","3","N","","3","2","0","0","0","1","0","1","0","3","","","","N","","","","","","","","","",""
"2006112106","","2","0","0","0","0","0","0","0","0","1","0","","02","11","2006","1","40.313056","-79.938721","","11","0","0","0","0","0","0","0","0","1","0","0","0","","","1","","1","1","40 18:47.000","2","0","79 56:19.395","8","0","0","0","2440","0","0","0","N","0","0","0","3","02440","0","","1.0","","1","N","N","","0","","0","0","0","","2","N","","2","1","0","0","0","1","0","2","0","2","","","","N","","","","","","","","","",""
"2006112115","","1","0","0","0","0","0","0","0","0","99","0","","02","11","2006","2","40.621944","-80.054134","","11","0","0","0","0","0","1","0","0","","0","0","0","","","0","","0","0","40 37:19.000","","0","80 03:14.882","0","0","0","0","2216","0","0","0","N","0","0","0","1","02505","0","","1.0","","1","N","N","","0","","0","0","0","","0","","","1","0","0","0","0","0","0","1","0","1","","","","N","","","","","","","","","",""
"2006112128","","1","0","0","0","0","0","0","0","0","4","0","","02","11","2006","7","40.408889","-79.90304","","11","0","0","0","0","0","1","0","0","","0","0","0","","","2","","1","0","40 24:32.000","","0","79 54:10.944","3","0","0","0","2448","0","0","0","N","0","0","0","2","02448","1","","1.0","","1","N","N","","0","","1","0","1","","2","","","2","2","0","0","0","0","0","2","0","2","","","","N","","","","","","","","","",""
"2006112142","","1","0","0","0","0","0","0","0","0","7","0","","02","11","2006","5","","","","11","0","0","0","0","0","0","0","0","","0","0","0","","","1","","0","0","","","0","","3","0","0","0","2111","0","0","0","N","0","0","0","1","02111","0","","3.0","","1","N","N","","0","","1","0","0","","0","","","1","1","0","0","0","0","0","1","0","1","","","","N","","","","","","","","","",""
"2006112147","","1","0","0","0","0","0","0","0","0","4","0","90","02","10","2006","6","40.3731","-80.0991","","11","0","0","0","0","0","0","0","0","","0","0","0","","","1","","2","0","40 22:23.160","","2","80 05:56.760","8","0","0","0","2102","0","0","0","N","0","0","0","3","02102","0","","1.0","","1","N","N","","0","","0","0","1","","2","","","2","1","0","0","0","1","0","2","0","2","","","N","Y","1","1","","","N","","Y","","",""
"2006112155","","2","0","0","0","0","0","0","0","0","1","0","","02","10","2006","2","40.523333","-80.177076","","11","0","0","0","0","0","0","0","0","1","0","0","0","","","1","","2","1","40 31:24.000","3","0","80 10:37.475","4","0","0","0","2213","0","0","0","N","0","0","0","2","02213","1","","1.0","","1","N","N","","0","","0","0","0","","2","N","","2","1","0","0","0","0","0","2","0","2","","","","N","","","","","","","","","",""
"2006112157","","0","0","0","0","0","0","0","0","0","7","0","","02","10","2006","2","40.5012","-80.1808","","11","0","0","0","0","0","0","0","0","1","0","0","0","","","0","","0","1","40 30:04.320","1","0","80 10:50.880","0","0","0","0","2213","0","0","0","Y","0","0","0","1","02213","0","","2.0","","1","Y","N","","0","","0","0","0","","0","N","","1","0","0","0","0","0","0","2","1","1","","","","N","","","","","","","","","",""
"2006112158","","1","0","0","0","0","0","0","0","0","2","0","","02","10","2006","5","40.299167","-80.047359","","11","0","0","0","1","0","0","1","0","","0","0","0","","","1","","10","0","40 17:57.000","","0","80 02:50.492","4","0","0","0","2407","0","0","0","N","0","0","0","4","02407","1","","1.0","","1","N","N","","0","","0","0","1","","3","","","2","1","0","0","0","0","0","2","0","2","","","","N","","","","","","","","","",""
"2006112159","","3","0","0","0","0","0","0","0","0","4","0","","02","11","2006","6","40.348697","-80.040674","","11","0","1","0","0","0","0","0","0","2","0","0","0","","","1","","1","2","40 20:55.309","6","0","80 02:26.426","4","0","0","0","2407","0","0","0","N","0","0","0","3","02407","1","","1.0","","1","N","N","","0","","0","0","0","","0","Y","","3","1","1","0","0","0","0","2","0","3","","","","N","","","","","","","","","",""
"2006112160","","2","0","0","0","0","0","0","0","0","4","0","","02","11","2006","5","","","","11","0","0","1","0","0","1","0","0","1","0","0","0","","","1","","0","1","","2","0","","4","0","0","0","2407","0","0","0","N","0","0","0","2","02407","1","","1.0","","1","N","N","","0","","0","0","0","","0","N","","2","1","1","0","0","0","0","1","0","2","","","","N","","","","","","","","","",""
"2006112206","","2","0","0","0","0","0","0","0","0","4","0","","02","11","2006","2","40.336389","-79.971538","","11","0","0","0","0","0","1","0","0","2","0","0","0","","","3","","1","1","40 20:11.000","4","0","79 58:17.535","4","0","0","0","2454","0","0","0","N","0","0","0","3","02454","3","","1.0","","1","N","N","","0","","0","0","0","","2","N","","2","3","0","0","0","0","0","2","0","2","","","","N","","","","","","","","","",""
"2006112235","","1","0","0","0","0","0","0","0","0","7","0","","02","11","2006","6","40.651111","-79.944446","","11","0","0","0","0","0","0","0","0","","0","0","0","","","0","","0","0","40 39:04.000","","0","79 56:40.004","0","0","0","0","2217","0","0","0","N","0","0","0","0","02505","0","","5.0","","1","N","N","","0","","0","0","0","","0","","","1","0","0","0","0","0","0","2","0","1","","","","N","","","","","","","","","",""
"2006112245","","1","0","0","0","0","0","0","0","0","1","0","","02","11","2006","6","40.345833","-79.973191","","11","0","0","0","0","0","1","0","0","1","0","0","0","","","0","","0","2","40 20:45.000","1","0","79 58:23.489","0","0","0","0","2403","0","0","0","N","0","0","0","5","02403","0","","1.0","","1","N","N","","0","","0","0","2","","0","N","","3","0","0","0","0","0","0","2","0","3","","","","N","","","","","","","","","",""
"2006112255","","0","0","0","0","0","0","0","0","0","7","0","","02","11","2006","5","40.3921","-80.0613","","11","0","0","0","0","0","1","0","0","","0","0","0","","","0","","0","0","40 23:31.560","","0","80 03:40.680","0","0","0","0","2117","0","0","0","N","0","0","0","1","02117","0","","5.0","","9","N","N","","1","","0","0","0","","0","","","1","0","0","0","0","0","0","2","0","1","","","","N","","","","","","","","","",""
"2006112271","","2","0","0","0","0","0","0","0","0","1","0","","02","11","2006","2","40.6675","-79.933411","","11","0","0","0","0","0","1","0","0","","0","0","0","","","2","","0","0","40 40:03.000","","0","79 56:00.279","4","0","0","0","2217","0","0","0","N","0","0","0","3","02505","2","","1.0","","1","N","N","","0","","0","0","0","","0","","","2","2","0","0","0","0","0","1","0","2","","","","N","","","","","","","","","",""
"2006112276","","2","0","0","0","0","0","0","0","0","4","0","","02","11","2006","3","40.3389","-79.9557","","11","0","0","0","0","0","1","1","0","1","0","0","0","","","3","","0","1","40 20:20.040","2","7","79 57:20.520","8","0","0","0","2454","0","0","0","N","0","0","0","3","02454","0","","1.0","","1","N","N","","0","","0","0","0","","2","N","","2","3","0","0","0","3","0","2","0","2","","","","N","","","","","","","","","",""
"2006112280","","2","0","0","0","0","0","0","0","0","4","0","","02","11","2006","4","40.5119","-80.2145","","11","0","0","0","0","0","0","1","0","","0","0","0","","","0","","0","0","40 30:42.840","","7","80 12:52.200","0","0","0","0","2213","0","0","0","N","0","0","0","2","02213","0","","1.0","","9","N","N","","0","","0","0","0","","3","","","2","0","0","0","0","0","0","2","0","2","","","","N","","","","","","","","","",""
"2006112281","","1","0","0","0","0","0","0","0","0","4","0","","02","11","2006","6","40.357444","-80.016019","","11","0","0","0","0","0","0","0","1","2","0","0","0","","","1","","2","2","40 21:26.797","5","0","80 00:57.668","3","0","0","0","2407","0","0","0","N","0","0","0","2","02407","0","","1.0","","1","N","N","","1","","1","0","0","","3","Y","","2","1","0","0","0","0","0","2","0","2","","","","N","","","","","","","","","",""
"2006112298","","0","0","0","0","0","0","0","0","0","4","0","","02","11","2006","7","","","","11","0","0","0","0","0","0","0","0","1","0","0","0","","","1","","0","2","","4","0","","8","0","0","0","2116","0","0","0","N","0","0","0","3","02116","0","","1.0","","1","N","N","","0","","0","0","2","","0","Y","","2","1","0","0","0","1","0","1","0","2","","","","N","","","","","","","","","",""
"2006112312","","1","0","0","0","0","0","0","0","0","4","0","","02","11","2006","3","40.529448","-79.779819","","11","0","1","0","0","0","0","0","0","1","0","0","0","","","1","","0","1","40 31:46.012","1","0","79 46:47.347","8","0","0","0","2466","0","0","0","N","0","0","0","5","02466","0","","1.0","","9","N","N","","0","","0","0","0","","0","N","","2","1","1","0","0","1","0","2","1","2","","","","N","","","","","","","","","",""
"2006112318","","1","0","0","0","0","0","0","0","0","1","0","","02","11","2006","3","40.621667","-80.054326","","11","0","0","0","0","0","1","0","0","1","0","0","0","","","0","","1","1","40 37:18.000","2","0","80 03:15.574","0","0","0","0","2216","0","0","0","N","0","0","0","3","02505","0","","1.0","","9","N","N","","0","","0","0","2","","2","N","","3","0","0","0","0","0","0","1","0","3","","","","N","","","","","","","","","",""
"2006112330","","1","0","0","0","0","0","0","0","0","0","0","","02","11","2006","6","40.518427","-80.04497","","11","0","0","0","0","0","1","0","0","","0","0","0","","","0","","1","0","40 31:06.337","","0","80 02:41.892","0","0","0","0","2474","0","0","0","N","0","0","0","1","02474","0","","1.0","","1","N","N","","0","","0","0","0","","3","","","1","0","0","0","0","0","0","2","0","1","","","","N","","","","","","","","","",""
"2006112359","","2","0","0","0","0","0","0","0","0","7","0","","02","11","2006","5","40.419387","-80.133122","","11","0","0","1","0","0","0","0","0","1","0","0","0","","","2","","0","1","40 25:09.794","2","0","80 07:59.238","4","0","0","0","2102","0","0","0","N","0","0","0","2","02102","2","","2.0","","1","","N","","0","","0","0","0","","0","N","","2","2","0","0","0","0","0","1","0","2","","","","N","","","","","","","","","",""
"2006112362","","2","0","0","0","0","0","0","0","0","4","0","","02","11","2006","7","40.4265","-79.7537","","11","0","0","0","0","0","0","0","0","","0","0","0","","","1","","0","0","40 25:35.400","","0","79 45:13.320","4","0","0","0","2446","0","0","0","N","0","0","0","4","02446","1","","1.0","","1","N","N","","0","","0","0","0","","0","","","2","1","0","0","0","0","0","2","0","2","","","","N","","","","","","","","","",""
"2006112363","","0","0","0","0","0","0","0","0","0","7","0","","02","11","2006","4","40.315792","-79.938874","","11","0","0","0","0","0","1","0","0","2","0","0","0","","","2","","0","2","40 18:56.850","6","0","79 56:19.947","2","0","0","0","2440","0","0","0","N","0","0","0","3","02440","0","","5.0","","9","N","N","","0","","1","1","2","","0","Y","","2","2","1","0","1","0","0","2","0","2","","","","N","","","","","","","","","",""
"2006112364","","1","0","0","0","0","0","0","0","0","1","0","","02","11","2006","4","40.510044","-79.893765","","11","1","0","0","0","0","1","0","0","","0","0","0","","","1","","0","0","40 30:36.158","","0","79 53:37.553","4","0","0","0","2432","0","0","0","N","0","0","0","2","02432","1","","1.0","","9","N","N","","0","","0","0","1","","0","","","2","1","0","0","0","0","0","2","0","2","","","","N","","","","","","","","","",""
"2006112368","","3","0","0","0","0","0","0","0","0","1","0","","02","11","2006","6","40.376111","-80.101203","","11","0","0","0","0","0","0","0","0","1","0","0","0","","","0","","2","1","40 22:34.000","3","0","80 06:04.329","0","0","0","0","2102","0","0","0","N","0","0","0","4","02102","0","","1.0","","1","N","N","","0","","0","0","0","","2","N","","3","0","0","0","0","0","0","2","0","3","","","","N","","","","","","","","","",""
"2006112386","","2","0","0","0","0","0","0","0","0","4","0","","02","10","2006","3","40.43215","-79.794156","","11","0","0","1","0","0","1","0","0","1","0","0","0","","","2","","0","1","40 25:55.740","2","7","79 47:38.960","4","0","0","0","2446","0","0","0","N","0","0","0","6","02446","2","","1.0","","1","N","N","","0","","0","0","0","","0","N","","2","2","1","0","0","0","0","2","0","2","","","","N","","","","","","","","","",""
"2006112388","","2","0","0","0","0","0","0","0","0","5","0","","02","10","2006","3","40.4999","-80.2182","","11","0","0","0","0","0","0","0","0","","0","0","0","","","3","","0","0","40 29:59.640","","0","80 13:05.520","4","0","0","0","2213","0","0","0","N","0","0","0","3","02213","3","","1.0","","9","N","N","","0","","0","0","0","","0","","","2","3","1","0","0","0","0","2","0","2","","","","N","","","","","","","","","",""
"2006112390","","2","0","0","0","0","0","0","0","0","4","0","","02","11","2006","3","40.327942","-80.030716","","11","0","0","0","0","0","1","0","0","","0","0","0","","","0","","2","0","40 19:40.590","","0","80 01:50.578","0","0","0","0","2407","0","0","0","N","0","0","0","2","02407","0","","1.0","","1","N","N","","0","","0","0","0","","3","","","2","0","0","0","0","0","0","2","0","2","","","","N","","","","","","","","","",""
"2006112400","","1","0","0","0","0","0","0","0","0","8","0","","02","11","2006","4","40.522222","-80.035204","","11","0","0","0","0","0","0","0","0","","0","0","0","","","1","","2","0","40 31:20.000","","0","80 02:06.733","2","0","0","0","2474","1","0","1","N","1","0","1","2","02474","0","","1.0","","1","N","N","","0","","0","1","0","","0","","","2","1","0","0","0","0","0","2","0","1","","","","N","","","","","","","","","",""
"2006112425","","1","0","0","0","0","0","1","0","0","1","1","","02","11","2006","3","40.452219","-79.950882","","11","0","0","0","1","0","0","0","0","1","0","0","0","","","0","","1","1","40 27:07.988","3","0","79 57:03.175","0","0","0","0","2301","0","0","0","N","0","0","0","2","02503","0","","1.0","","1","N","N","","0","","0","0","0","","2","N","","2","0","0","0","0","0","0","2","0","2","","","","N","","","","","","","","","",""
"2006112427","","2","0","0","0","0","0","0","0","0","1","0","","02","11","2006","4","40.54825","-80.028278","","11","0","0","0","0","0","0","0","0","2","0","0","0","","","0","","0","1","40 32:53.700","3","0","80 01:41.800","0","0","0","0","2116","0","0","0","N","0","0","0","5","02116","0","","1.0","","1","N","N","","0","","0","0","0","","0","N","","2","0","0","0","0","0","0","2","0","2","","","","N","","","","","","","","","",""
"2006112434","","2","0","0","0","0","0","0","0","0","4","0","","02","10","2006","6","40.586337","-80.001298","","11","0","0","0","0","0","0","0","0","","0","0","0","","","0","","0","0","40 35:10.812","","0","80 00:04.674","0","0","0","0","2116","0","0","0","N","0","0","0","2","02116","0","","1.0","","9","N","N","","0","","0","0","0","","0","","","2","0","0","0","0","0","0","2","0","2","","","","N","","","","","","","","","",""
"2006112448","","1","0","0","0","0","0","0","0","0","7","0","","02","11","2006","5","40.525276","-79.824631","","11","0","0","0","0","0","0","0","0","","0","0","0","","","1","","0","0","40 31:30.994","","0","79 49:28.672","8","0","0","0","2466","0","0","0","N","0","0","0","1","02466","0","","5.0","","9","N","N","","0","","0","0","0","","0","","","1","1","0","0","0","1","0","1","0","1","","","","N","","","","","","","","","",""
"2006112449","","0","0","0","0","0","0","0","0","0","4","0","","02","11","2006","1","40.536667","-79.83918","","11","0","1","0","0","0","1","0","0","1","0","0","0","","","0","","1","2","40 32:12.000","3","1","79 50:21.048","0","0","0","0","2208","0","0","0","N","0","0","0","3","02208","0","","1.0","","1","N","N","","0","","0","0","0","","2","N","","2","0","0","0","0","0","0","2","2","2","","","","N","","","","","","","","","",""
"2006112452","","1","0","0","0","0","0","0","0","0","7","0","","02","11","2006","3","40.670014","-80.096364","","11","0","0","0","0","0","0","0","0","","0","0","0","","","0","","0","0","40 40:12.050","","0","80 05:46.910","0","0","0","0","2212","0","0","0","N","0","0","0","1","02505","0","","5.0","","9","N","N","","0","","0","0","0","","0","","","1","0","0","0","0","0","0","2","0","1","","","","N","","","","","","","","","",""
"2006112461","","1","0","0","0","0","0","0","0","0","7","0","","02","11","2006","3","40.463557","-79.705051","","11","0","0","0","0","0","0","0","1","2","0","0","0","","","0","","0","2","40 27:48.805","4","0","79 42:18.184","0","0","0","0","2466","0","0","0","N","0","0","0","1","02466","0","","5.0","","1","N","N","","0","","0","0","0","","0","N","","1","0","0","0","0","0","0","2","0","1","","","","N","","","","","","","","","",""
"2006112465","","2","0","0","0","0","0","0","0","0","4","0","","02","11","2006","4","40.445499","-79.856409","","11","0","0","0","0","0","0","0","0","","0","0","0","","","0","","2","0","40 26:43.795","","0","79 51:23.072","0","0","0","0","2419","0","0","0","N","0","0","0","2","02419","0","","1.0","","1","N","N","","0","","0","0","0","","3","","","2","0","0","0","0","0","0","2","0","2","","","","N","","","","","","","","","",""
"2006112470","","2","0","0","0","0","0","0","0","0","4","0","","02","11","2006","4","","","","11","0","0","0","0","0","0","0","0","","0","0","0","","","0","","2","0","","","0","","0","0","0","0","2438","0","0","0","N","0","0","0","2","02438","0","","1.0","","1","N","N","","0","","0","0","0","","2","","","2","0","0","0","0","0","0","1","0","2","","","","N","","","","","","","","","",""
"2006112472","","0","0","0","0","0","0","0","0","0","6","0","","02","11","2006","4","40.463611","-79.705449","","11","0","0","0","0","0","1","0","0","","0","0","0","","","0","","1","0","40 27:49.000","","0","79 42:19.615","0","0","0","0","2466","0","0","0","N","0","0","0","3","02466","0","","1.0","","1","N","N","","2","","0","0","0","","2","","","2","0","0","0","0","0","0","2","0","2","","","","N","","","","","","","","","",""
"2006112473","","1","0","0","0","0","0","0","0","0","4","0","","02","11","2006","5","40.634722","-79.939791","","11","0","0","0","0","0","2","0","0","2","0","0","0","","","0","","1","1","40 38:05.000","2","0","79 56:23.249","0","0","0","0","2217","0","0","0","N","0","0","0","2","02505","0","","1.0","","1","N","N","","0","","0","0","1","","2","N","","2","0","0","0","0","0","0","2","0","2","","","","N","","","","","","","","","",""
"2006112485","","2","0","0","0","0","0","0","0","0","1","0","","02","11","2006","5","40.526389","-79.963469","","11","0","0","0","0","0","0","1","0","","0","0","0","","","1","","2","0","40 31:35.000","","0","79 57:48.489","4","0","0","0","2118","0","0","0","N","0","0","0","2","02118","1","","1.0","","1","N","N","","0","","0","0","0","","0","","","2","1","0","0","0","0","0","2","0","2","","","","N","","","","","","","","","",""
"2006112495","","2","0","0","0","0","0","0","0","0","6","0","","02","11","2006","4","40.548499","-79.900256","","11","0","0","0","0","1","1","0","0","2","0","0","0","","","3","","0","2","40 32:54.597","5","0","79 54:00.923","4","0","0","0","2209","0","0","0","N","0","0","0","5","02209","2","","1.0","","9","N","N","","1","","0","0","0","","0","Y","","3","3","0","0","0","1","0","2","0","3","","","","N","","","","","","","","","",""
"2006112513","","2","0","0","0","0","0","0","0","0","1","0","","02","11","2006","5","40.373889","-79.794914","","11","0","0","0","0","0","1","0","0","2","0","0","0","","","1","","0","1","40 22:26.000","6","0","79 47:41.692","8","0","0","0","2111","0","0","0","N","0","0","0","4","02111","0","","1.0","","1","N","N","","1","","0","0","1","","0","N","","4","1","1","0","0","1","0","2","0","4","","","","N","","","","","","","","","",""
"2006112527","","0","0","0","0","0","0","0","0","0","99","0","","02","11","2006","5","40.370556","-79.787135","","11","0","0","0","0","0","1","0","0","","0","0","0","","","0","","0","0","40 22:14.000","","0","79 47:13.687","0","0","0","0","2111","0","0","0","N","0","0","0","1","02111","0","","1.0","","1","N","N","","0","","0","0","1","","0","","","1","0","0","0","0","0","0","2","0","1","","","","N","","","","","","","","","",""
"2006112536","","2","0","0","0","0","0","0","0","0","4","0","","02","11","2006","4","40.366","-79.9495","","11","0","0","0","0","0","0","0","0","","0","0","0","","","0","","0","0","40 21:57.600","","0","79 56:58.200","9","0","0","0","2403","0","0","0","N","0","0","0","2","02403","0","","1.0","","9","N","N","","0","","0","0","0","","0","","","2","0","0","0","0","0","2","2","0","2","","","","N","","","","","","","","","",""
"2006112539","","1","0","0","0","0","0","0","0","0","7","0","","02","11","2006","3","40.570063","-80.157151","","11","0","0","0","1","0","0","0","0","","0","0","0","","","1","","0","0","40 34:12.225","","0","80 09:25.745","4","0","0","0","2459","0","0","0","N","0","0","0","1","02459","1","","5.0","","1","N","N","","0","","0","0","0","","0","","","1","1","0","0","0","0","0","1","0","1","","","","N","","","","","","","","","",""
"2006112545","","2","0","0","0","0","0","0","0","0","2","0","","02","11","2006","5","40.615833","-80.055342","","11","0","0","0","0","0","0","0","0","1","0","0","0","","","2","","1","1","40 36:57.000","2","0","80 03:19.230","3","0","0","0","2216","0","0","0","N","0","0","0","4","02505","0","","1.0","","1","N","N","","0","","2","0","0","","2","N","","2","2","0","0","0","0","0","2","0","2","","","","N","","","","","","","","","",""
"2006112549","","1","0","0","0","0","0","0","0","0","7","0","","02","10","2006","3","40.510278","-80.097107","","11","0","0","0","0","0","0","0","1","1","0","0","0","","","1","","1","1","40 30:37.000","2","0","80 05:49.586","4","0","0","0","2429","0","0","0","N","0","0","0","1","02215","1","","5.0","","9","N","N","","0","","0","0","0","","0","N","","1","1","0","0","0","0","0","2","0","1","","","","N","","","","","","","","","",""
"2006112553","","2","0","0","0","0","0","0","0","0","4","0","","02","10","2006","2","40.385804","-79.967145","","11","0","1","0","0","0","0","0","1","","0","0","0","","","1","","1","0","40 23:08.894","","2","79 58:01.721","4","0","0","0","2403","0","0","0","N","0","0","0","2","02403","1","","1.0","","1","N","N","","0","","0","0","0","","3","","","2","1","0","0","0","0","0","2","0","2","","","","N","","","","","","","","","",""
"2006112555","","1","0","0","0","0","0","0","0","0","7","0","","02","11","2006","5","40.413806","-79.898333","","11","0","1","0","0","0","0","0","0","1","0","0","0","","","0","","0","1","40 24:49.700","3","0","79 53:54.000","0","0","0","0","2448","0","0","0","N","0","0","0","1","02448","0","","5.0","","1","N","N","","0","","0","0","0","","0","N","","1","0","0","0","0","0","0","2","0","1","","","","N","","","","","","","","","",""
"2006112557","","2","0","0","0","0","0","0","0","0","2","0","","02","11","2006","6","40.471111","-79.706706","","11","0","0","0","0","0","0","0","0","","0","0","0","","","1","","0","0","40 28:16.000","","0","79 42:24.141","8","0","0","0","2466","0","0","0","N","0","0","0","3","02466","0","","1.0","","1","N","N","","0","","0","0","0","","0","","","2","1","0","0","0","1","0","2","0","2","","","","N","","","","","","","","","",""
"2006112562","","0","0","0","0","0","0","0","0","0","0","0","","02","11","2006","5","40.584028","-79.938389","","11","0","0","0","1","0","0","0","0","","0","0","0","","","1","","0","0","40 35:02.500","","0","79 56:18.200","4","0","0","1","2207","0","0","0","Y","0","0","0","1","02207","1","","1.0","","1","N","Y","","0","","0","0","0","","0","","","1","1","0","0","0","0","0","2","0","1","","","","N","","","","","","","","","",""