"CRN","ARRIVAL_TM","AUTOMOBILE_COUNT","BELTED_DEATH_COUNT","BELTED_SUSP_SERIOUS_INJ_COUNT","BICYCLE_COUNT","BICYCLE_DEATH_COUNT","BICYCLE_SUSP_SERIOUS_INJ_COUNT","BUS_COUNT","CHLDPAS_DEATH_COUNT","CHLDPAS_SUSP_SERIOUS_INJ_COUNT","COLLISION_TYPE","COMM_VEH_COUNT","CONS_ZONE_SPD_LIM","COUNTY","CRASH_MONTH","CRASH_YEAR","DAY_OF_WEEK","DEC_LATITUDE","DEC_LONGITUDE","DISPATCH_TM","DISTRICT","DRIVER_COUNT_16YR","DRIVER_COUNT_17YR","DRIVER_COUNT_18YR","DRIVER_COUNT_19YR","DRIVER_COUNT_20YR","DRIVER_COUNT_50_64YR","DRIVER_COUNT_65_74YR","DRIVER_COUNT_75PLUS","EST_HRS_CLOSED","FATAL_COUNT","HEAVY_TRUCK_COUNT","HORSE_BUGGY_COUNT","HOUR_OF_DAY","ILLUMINATION","INJURY_COUNT","INTERSECTION_RELATED","INTERSECT_TYPE","LANE_CLOSED","LATITUDE","LN_CLOSE_DIR","LOCATION_TYPE","LONGITUDE","MAX_SEVERITY_LEVEL","MCYCLE_DEATH_COUNT","MCYCLE_SUSP_SERIOUS_INJ_COUNT","MOTORCYCLE_COUNT","MUNICIPALITY","NONMOTR_COUNT","NONMOTR_DEATH_COUNT","NONMOTR_SUSP_SERIOUS_INJ_COUNT","NTFY_HIWY_MAINT","PED_COUNT","PED_DEATH_COUNT","PED_SUSP_SERIOUS_INJ_COUNT","PERSON_COUNT","POLICE_AGCY","POSSIBLE_INJ_COUNT","RDWY_SURF_TYPE_CD","RELATION_TO_ROAD","ROADWAY_CLEARED","ROAD_CONDITION","SCH_BUS_IND","SCH_ZONE_IND","SECONDARY_CRASH","SMALL_TRUCK_COUNT","SPEC_JURIS_CD","SUSP_MINOR_INJ_COUNT","SUSP_SERIOUS_INJ_COUNT","SUV_COUNT","TCD_FUNC_CD","TCD_TYPE","TFC_DETOUR_IND","TIME_OF_DAY","TOTAL_UNITS","TOT_INJ_COUNT","UNBELTED_OCC_COUNT","UNB_DEATH_COUNT","UNB_SUSP_SERIOUS_INJ_COUNT","UNK_INJ_DEG_COUNT","UNK_INJ_PER_COUNT","URBAN_RURAL","VAN_COUNT","VEHICLE_COUNT","WEATHER1","WEATHER2","WORKERS_PRES","WORK_ZONE_IND","WORK_ZONE_LOC","WORK_ZONE_TYPE","WZ_CLOSE_DETOUR","WZ_FLAGGER","WZ_LAW_OFFCR_IND","WZ_LN_CLOSURE","WZ_MOVING","WZ_OTHER","WZ_SHLDER_MDN","WZ_WORKERS_INJ_KILLED"
"2006112598","","1","0","0","0","0","0","0","0","0","99","0","","02","11","2006","5","40.466036","-80.219613","","11","0","0","0","0","0","0","0","0","","0","0","0","","","2","","0","0","40 27:57.731","","0","80 13:10.605","8","0","0","0","2203","0","0","0","N","0","0","0","2","02203","0","","1.0","","1","N","N","","0","","0","0","0","","0","","","1","2","1","0","0","2","0","2","0","1","","","","N","","","","","","","","","",""
"2006112600","","0","0","0","0","0","0","0","0","0","7","0","","02","11","2006","6","40.3403","-79.9673","","11","0","0","0","0","1","0","0","0","","0","0","0","","","0","","0","0","40 20:25.080","","0","79 58:02.280","0","0","0","1","2454","0","0","0","N","0","0","0","1","02454","0","","2.0","","1","N","N","","0","","0","0","0","","0","","","2","0","0","0","0","0","0","2","0","1","","","","N","","","","","","","","","",""
"2006112612","","1","0","0","0","0","0","0","0","0","4","0","","02","10","2006","1","40.413263","-80.024885","","11","0","0","0","0","0","0","0","0","","0","0","0","","","0","","0","0","40 24:47.745","","0","80 01:29.585","0","0","0","0","2301","0","0","0","N","0","0","0","1","02301","0","","6.0","","1","N","N","","2","","0","0","0","","0","","","3","0","0","0","0","0","0","2","0","3","","","","N","","","","","","","","","",""
"2006112613","","1","0","0","0","0","0","0","0","0","6","0","","02","10","2006","7","40.396122","-79.987387","","11","0","0","0","0","0","0","0","0","","0","0","0","","","0","","0","0","40 23:46.039","","0","79 59:14.593","9","0","0","0","2301","0","0","0","N","0","0","0","2","02301","0","","1.0","","9","N","N","","1","","0","0","0","","0","","","2","0","0","0","0","0","1","2","0","2","","","","N","","","","","","","","","",""
"2006112614","","1","0","0","0","0","0","0","0","0","7","0","","02","10","2006","1","40.415908","-79.988625","","11","0","0","0","0","0","0","0","0","3","0","0","0","","","0","","1","2","40 24:57.268","7","0","79 59:19.050","0","0","0","0","2301","0","0","0","N","0","0","0","1","02301","0","","5.0","","1","N","N","","0","","0","0","0","","3","Y","","1","0","0","0","0","0","0","2","0","1","","","","N","","","","","","","","","",""
"2006112615","","1","0","0","0","0","0","0","0","0","8","0","","02","10","2006","5","40.452918","-79.979822","","11","0","0","0","0","0","0","0","0","2","0","0","0","","","1","","0","1","40 27:10.504","2","0","79 58:47.359","8","0","0","0","2301","1","0","0","N","1","0","0","2","02301","0","","4.0","","1","N","N","","0","","0","0","0","","0","N","","2","1","0","0","0","1","0","2","0","1","","","","N","","","","","","","","","",""
"2006112616","","1","0","0","0","0","0","0","0","0","1","0","","02","10","2006","6","40.401716","-80.022249","","11","0","0","0","0","0","1","0","0","","0","0","0","","","0","","2","0","40 24:06.178","","0","80 01:20.097","0","0","0","0","2301","0","0","0","N","0","0","0","3","02301","0","","1.0","","9","N","N","","0","","0","0","1","","2","","","2","0","0","0","0","0","0","2","0","2","","","","N","","","","","","","","","",""
"2006112617","","2","0","0","0","0","0","0","0","0","1","0","","02","10","2006","7","40.449706","-80.025099","","11","0","0","0","0","0","0","0","0","","0","0","0","","","0","","10","0","40 26:58.940","","0","80 01:30.356","9","0","0","0","2301","0","0","0","N","0","0","0","2","02301","0","","1.0","","9","N","N","","0","","0","0","0","","4","","","2","0","0","0","0","0","1","2","0","2","","","","N","","","","","","","","","",""
"2006112618","","2","0","0","0","0","0","0","0","0","4","0","","02","10","2006","6","40.419699","-79.928258","","11","0","0","0","0","0","0","0","0","","0","0","0","","","0","","2","0","40 25:10.916","","0","79 55:41.728","0","0","0","0","2301","0","0","0","N","0","0","0","2","02301","0","","1.0","","1","N","N","","0","","0","0","0","","0","","","2","0","0","0","0","0","0","2","0","2","","","","N","","","","","","","","","",""
"2006112619","","1","0","0","0","0","0","0","0","0","1","0","","02","10","2006","7","40.461389","-80.050256","","11","0","0","0","0","0","0","0","0","1","0","0","0","","","2","","2","1","40 27:41.000","6","0","80 03:00.923","8","0","0","0","2301","0","0","0","N","0","0","0","4","02301","0","","1.0","","9","N","N","","1","","0","0","0","","0","Y","","2","2","0","0","0","2","0","2","0","2","","","","N","","","","","","","","","",""
"2006112620","","3","0","0","0","0","0","0","0","0","1","0","","02","10","2006","7","40.380556","-79.999685","","11","0","0","0","0","0","0","0","0","1","0","0","0","","","0","","2","2","40 22:50.000","1","0","79 59:58.867","0","0","0","0","2301","0","0","0","N","0","0","0","7","02301","0","","1.0","","9","N","N","","0","","0","0","0","","0","N","","3","0","0","0","0","0","0","2","0","3","","","","N","","","","","","","","","",""
"2006112621","","1","0","0","0","0","0","0","0","0","8","0","","02","10","2006","5","40.389225","-79.985428","","11","0","0","0","0","0","0","0","0","","0","0","0","","","1","","2","0","40 23:21.210","","0","79 59:07.540","8","0","0","0","2301","1","0","0","N","1","0","0","3","02301","0","","1.0","","1","N","N","","0","","0","0","0","","0","","","2","1","0","0","0","1","0","2","0","1","","","","N","","","","","","","","","",""
"2006112622","","1","0","0","0","0","0","0","0","0","8","0","","02","10","2006","5","40.440833","-80.034723","","11","0","0","0","0","1","0","0","0","","0","0","0","","","1","","1","0","40 26:27.000","","0","80 02:05.002","4","0","0","0","2301","1","0","0","N","1","0","0","3","02301","1","","1.0","","1","N","N","","0","","0","0","0","","2","","","2","1","0","0","0","0","0","2","0","1","","","","N","","","","","","","","","",""
"2006112623","","2","0","0","0","0","0","0","0","0","1","0","","02","10","2006","6","40.413","-80.0082","","11","0","0","0","0","0","0","1","0","","0","0","0","","","0","","6","0","40 24:46.800","","2","80 00:29.520","0","0","0","0","2301","0","0","0","N","0","0","0","3","02301","0","","1.0","","1","N","N","","0","","0","0","0","","0","","","2","0","0","0","0","0","0","2","0","2","","","","N","","","","","","","","","",""
"2006112624","","2","0","0","0","0","0","0","0","0","4","0","","02","10","2006","7","40.424805","-79.979558","","11","0","0","1","0","0","0","0","0","1","0","0","0","","","0","","3","1","40 25:29.298","2","0","79 58:46.408","0","0","0","0","2301","0","0","0","N","0","0","0","3","02301","0","","1.0","","9","N","N","","0","","0","0","0","","3","N","","2","0","0","0","0","0","0","2","0","2","","","","N","","","","","","","","","",""
"2006112630","","1","0","0","0","0","0","0","0","0","7","0","","02","11","2006","6","40.649722","-79.95875","","11","0","0","0","0","0","0","0","0","","0","0","0","","","0","","2","0","40 38:59.000","","7","79 57:31.500","0","0","0","0","2217","0","0","0","N","0","0","0","1","02505","0","","5.0","","1","N","N","","0","","0","0","0","","0","","","1","0","1","0","0","0","0","2","0","1","","","","N","","","","","","","","","",""
"2006112682","","1","0","0","0","0","0","0","0","0","4","0","","02","10","2006","6","40.4337","-79.7574","","11","0","0","0","0","0","1","0","1","","0","0","0","","","1","","0","0","40 26:01.320","","0","79 45:26.640","3","0","0","0","2446","0","0","0","N","0","0","0","3","02446","0","","1.0","","9","N","N","","1","","1","0","0","","0","","","2","1","2","0","0","0","0","2","0","2","","","","N","","","","","","","","","",""
"2006112853","","2","0","0","0","0","0","0","0","0","4","0","","02","11","2006","4","40.353889","-80.005076","","11","0","0","0","0","0","0","0","0","1","0","0","0","","","1","","1","1","40 21:14.000","2","0","80 00:18.274","8","0","0","0","2476","0","0","0","N","0","0","0","2","02476","0","","1.0","","1","N","N","","0","","0","0","0","","3","N","","2","1","0","0","0","1","0","2","0","2","","","","N","","","","","","","","","",""
"2006112918","","0","0","0","0","0","0","0","0","0","7","0","","02","9","2006","7","40.317031","-79.828319","","11","0","0","0","0","0","0","0","0","","0","0","0","","","0","","0","0","40 19:01.310","","0","79 49:41.947","0","0","0","0","2469","0","0","0","Y","0","0","0","1","02469","0","","5.0","","1","N","N","","0","","0","0","1","","0","","","1","0","0","0","0","0","0","2","0","1","","","","N","","","","","","","","","",""
"2006112930","","2","0","0","0","0","0","0","0","0","1","0","","02","10","2006","2","40.414718","-79.871964","","11","0","0","0","0","0","0","0","0","","0","0","0","","","1","","0","0","40 24:52.984","","0","79 52:19.070","8","0","0","0","2463","0","0","0","N","0","0","0","1","02463","0","","2.0","","1","N","N","","0","","0","0","0","","0","","","2","1","1","0","0","1","0","2","0","2","","","","N","","","","","","","","","",""
"2006112931","","0","0","0","0","0","0","0","0","0","7","0","","02","10","2006","3","40.416091","-79.87727","","11","0","0","0","0","0","0","0","0","4","0","0","0","","","1","","0","2","40 24:57.928","5","0","79 52:38.173","4","0","0","0","2463","0","0","0","N","0","0","0","1","02463","1","","2.0","","1","N","N","","0","","0","0","1","","0","Y","","1","1","0","0","0","0","0","2","0","1","","","","N","","","","","","","","","",""
"2006112932","","2","0","0","0","0","0","0","0","0","5","0","","02","10","2006","5","40.422778","-79.873718","","11","0","0","0","1","0","0","0","0","","0","0","0","","","0","","3","0","40 25:22.000","","0","79 52:25.384","0","0","0","0","2463","0","0","0","N","0","0","0","2","02463","0","","1.0","","1","N","N","","0","","0","0","0","","0","","","2","0","1","0","0","0","0","2","0","2","","","","N","","","","","","","","","",""
"2006112957","","2","0","0","0","0","0","0","0","0","1","0","","02","10","2006","6","40.427189","-79.989775","","11","0","0","0","0","0","0","0","0","1","0","0","0","","","0","","2","1","40 25:37.880","3","0","79 59:23.189","0","0","0","0","2301","0","0","0","N","0","0","0","1","02301","0","","1.0","","1","N","N","","0","","0","0","0","","0","Y","","2","0","0","0","0","0","0","2","0","2","","","","N","","","","","","","","","",""
"2006112958","","5","0","0","0","0","0","0","0","0","0","0","","02","10","2006","7","40.399444","-80.000219","","11","0","1","1","0","0","0","0","0","","0","0","0","","","0","","2","0","40 23:58.000","","0","80 00:00.787","0","0","0","0","2301","0","0","0","N","0","0","0","9","02301","0","","1.0","","1","N","N","","0","","0","0","0","","0","","","5","0","0","0","0","0","0","2","0","5","","","","N","","","","","","","","","",""
"2006112959","","1","0","0","0","0","0","0","0","0","5","0","","02","10","2006","5","40.456659","-80.000113","","11","0","0","0","0","0","0","0","0","1","0","0","0","","","0","","1","1","40 27:23.972","3","0","80 00:00.406","0","0","0","0","2301","0","0","0","N","0","0","0","2","02301","0","","1.0","","1","N","N","","0","","0","0","1","","3","N","","2","0","0","0","0","0","0","2","0","2","","","","N","","","","","","","","","",""
"2006112960","","2","0","0","0","0","0","0","0","0","4","0","","02","10","2006","5","40.484334","-80.035812","","11","0","0","1","0","0","1","0","0","","0","0","0","","","0","","1","0","40 29:03.602","","0","80 02:08.923","0","0","0","0","2301","0","0","0","N","0","0","0","3","02301","0","","1.0","","1","N","N","","0","","0","0","0","","2","","","2","0","2","0","0","0","0","2","0","2","","","","N","","","","","","","","","",""
"2006112961","","0","0","0","0","0","0","0","0","0","4","0","","02","10","2006","5","40.454167","-79.996944","","11","0","0","0","0","0","1","0","0","1","0","0","0","","","0","","1","1","40 27:15.000","1","0","79 59:49.000","0","0","0","0","2301","0","0","0","N","0","0","0","3","02301","0","","1.0","","1","N","N","","0","","0","0","2","","2","N","","2","0","0","0","0","0","0","2","0","2","","","","N","","","","","","","","","",""
"2006112962","","1","0","0","0","0","0","0","0","0","7","0","","02","10","2006","7","40.49","-80.018467","","11","0","0","0","0","0","0","0","0","","0","0","0","","","0","","2","0","40 29:24.000","","0","80 01:06.480","0","0","0","0","2301","0","0","0","N","0","0","0","2","02301","0","","5.0","","9","N","N","","0","","0","0","0","","0","","","1","0","2","0","0","0","0","2","0","1","","","","N","","","","","","","","","",""
"2006112963","","1","0","0","0","0","0","0","0","0","1","0","","02","10","2006","1","40.455376","-80.029682","","11","0","0","0","0","0","0","0","0","2","0","0","0","","","0","","2","2","40 27:19.352","2","0","80 01:46.854","0","0","0","0","2301","0","0","0","","0","0","0","7","02301","0","","1.0","","1","N","N","","0","","0","0","2","","2","Y","","3","0","0","0","0","0","0","2","0","3","","","","N","","","","","","","","","",""
"2006112964","","1","0","0","0","0","0","0","0","0","1","0","","02","10","2006","1","40.464722","-79.979744","","11","0","0","0","0","0","1","0","0","1","0","0","0","","","0","","1","1","40 27:53.000","2","0","79 58:47.078","0","0","0","0","2301","0","0","0","N","0","0","0","2","02301","0","","1.0","","1","N","N","","0","","0","0","1","","2","N","","2","0","0","0","0","0","0","2","0","2","","","","N","","","","","","","","","",""
"2006112965","","2","0","0","0","0","0","0","0","0","4","0","","02","10","2006","6","40.556516","-80.219423","","11","0","0","0","0","0","0","0","0","1","0","0","0","","","0","","0","1","40 33:23.457","1","0","80 13:09.923","0","0","0","0","2301","0","0","0","N","0","0","0","3","02301","0","","1.0","","9","N","N","","0","","0","0","0","","0","N","","2","0","0","0","0","0","0","2","0","2","","","","N","","","","","","","","","",""
"2006112967","","0","0","0","0","0","0","0","0","0","7","0","","02","10","2006","6","40.469722","-79.908435","","11","0","0","0","0","0","1","0","0","1","0","0","0","","","1","","0","1","40 28:11.000","5","0","79 54:30.367","4","0","0","0","2301","0","0","0","N","0","0","0","1","02301","1","","5.0","","1","N","N","","1","","0","0","0","","0","N","","1","1","1","0","0","0","0","2","0","1","","","","N","","","","","","","","","",""
"2006112968","","2","0","0","0","0","0","0","0","0","3","0","","02","10","2006","5","40.457262","-79.973524","","11","0","0","0","0","0","0","0","0","","0","0","0","","","0","","2","0","40 27:26.143","","0","79 58:24.686","0","0","0","0","2301","0","0","0","N","0","0","0","2","02301","0","","1.0","","1","N","N","","0","","0","0","0","","0","","","2","0","2","0","0","0","0","2","0","2","","","","N","","","","","","","","","",""
"2006112969","","1","0","0","0","0","0","0","0","0","8","0","","02","10","2006","6","40.434453","-79.989832","","11","0","0","0","0","0","0","0","1","","0","0","0","","","1","","1","0","40 26:04.030","","0","79 59:23.394","4","0","0","0","2301","1","0","0","N","1","0","0","2","02301","1","","1.0","","9","N","N","","0","","0","0","0","","2","","","2","1","0","0","0","0","0","2","0","1","","","","N","","","","","","","","","",""
"2006112970","","0","0","0","0","0","0","0","0","0","4","0","","02","10","2006","4","40.438712","-79.999547","","11","0","0","1","1","0","0","0","0","","0","0","0","","","1","","1","0","40 26:19.363","","0","79 59:58.370","4","0","0","0","2301","0","0","0","N","0","0","0","3","02301","1","","1.0","","1","N","N","","0","","0","0","2","","2","","","2","1","0","0","0","0","0","2","0","2","","","","N","","","","","","","","","",""
"2006112996","","2","0","0","0","0","0","0","0","0","1","0","","02","10","2006","1","40.388056","-80.089932","","11","0","0","0","0","0","0","0","0","","0","0","0","","","0","","1","0","40 23:17.000","","0","80 05:23.754","0","0","0","0","2437","0","0","0","N","0","0","0","3","02437","0","","1.0","","1","N","N","","1","","0","0","0","","2","","","3","0","0","0","0","0","0","2","0","3","","","","N","","","","","","","","","",""
"2006113048","","2","0","0","0","0","0","0","0","0","4","0","","02","10","2006","1","40.322696","-79.891389","","11","0","0","0","0","0","1","0","0","1","0","0","0","","","2","","1","2","40 19:21.705","6","0","79 53:29.000","8","0","0","0","2433","0","0","0","N","0","0","0","3","02433","0","","1.0","","1","N","N","","0","","0","0","0","","3","Y","","2","2","0","0","0","2","0","2","0","2","","","","N","","","","","","","","","",""
"2006113051","","0","0","0","0","0","0","0","0","0","7","0","","02","10","2006","6","40.453889","-79.953381","","11","0","0","0","0","0","1","0","0","","0","0","0","","","0","","2","0","40 27:14.000","","0","79 57:12.173","0","0","0","0","2301","0","0","0","N","0","0","0","1","02301","0","","4.0","","9","N","N","","0","","0","0","0","","2","","","1","0","0","0","0","0","0","2","1","1","","","","N","","","","","","","","","",""
"2006113052","","4","0","0","0","0","0","0","0","0","1","0","","02","10","2006","7","40.4317","-79.9975","","11","0","0","0","0","0","0","0","0","2","0","0","0","","","0","","0","1","40 25:54.120","1","3","79 59:51.000","0","0","0","0","2301","0","0","0","","0","0","0","8","02301","0","","1.0","","9","N","N","","0","","0","0","0","","0","N","","4","0","0","0","0","0","0","2","0","4","","","","N","","","","","","","","","",""
"2006113054","","2","0","0","0","0","0","0","0","0","5","0","","02","10","2006","6","40.447065","-79.947294","","11","0","0","0","0","0","0","0","0","","0","0","0","","","0","","1","0","40 26:49.434","","0","79 56:50.259","0","0","0","0","2301","0","0","0","N","0","0","0","6","02301","0","","1.0","","9","N","N","","0","","0","0","0","","2","","","2","0","0","0","0","0","0","2","0","2","","","","N","","","","","","","","","",""
"2006113055","","1","0","0","0","0","0","0","0","0","7","0","","02","10","2006","7","40.437416","-79.959969","","11","0","0","0","0","0","0","0","0","","0","0","0","","","0","","0","0","40 26:14.699","","0","79 57:35.889","9","0","0","0","2301","0","0","0","N","0","0","0","1","02301","0","","2.0","","9","N","N","","0","","0","0","0","","0","","","1","0","0","0","0","0","1","2","0","1","","","","N","","","","","","","","","",""
"2006113056","","1","0","0","0","0","0","0","0","0","8","0","","02","10","2006","7","40.439543","-79.897593","","11","0","0","0","0","0","0","0","0","","0","0","0","","","1","","0","0","40 26:22.354","","0","79 53:51.334","8","0","0","0","2301","1","0","0","N","1","0","0","2","02301","0","","1.0","","1","N","N","","0","","0","0","0","","0","","","2","1","0","0","0","1","1","2","0","1","","","","N","","","","","","","","","",""
"2006113057","","0","0","0","2","0","0","0","0","0","8","0","","02","10","2006","6","40.446952","-79.948999","","11","0","0","0","0","0","0","0","0","","0","0","0","","","1","","1","0","40 26:49.027","","0","79 56:56.397","4","0","0","0","2301","2","0","0","N","0","0","0","3","02301","1","","1.0","","9","N","N","","0","","0","0","1","","2","","","3","1","0","0","0","0","0","2","0","1","","","","N","","","","","","","","","",""
"2006113058","","1","0","0","0","0","0","0","0","0","7","0","","02","10","2006","7","40.449771","-79.935001","","11","0","0","0","0","0","0","0","0","","0","0","0","","","1","","2","0","40 26:59.175","","0","79 56:06.003","4","0","0","0","2301","0","0","0","N","0","0","0","1","02301","1","","4.0","","9","N","N","","0","","0","0","0","","0","","","1","1","0","0","0","0","0","2","0","1","","","","N","","","","","","","","","",""
"2006113059","","2","0","0","0","0","0","0","0","0","4","0","","02","10","2006","7","40.440564","-79.958329","","11","0","0","0","0","0","0","0","0","","0","0","0","","","0","","0","0","40 26:26.032","","0","79 57:29.983","0","0","0","0","2301","0","0","0","N","0","0","0","2","02301","0","","1.0","","9","N","N","","0","","0","0","0","","0","","","2","0","0","0","0","0","0","2","0","2","","","","N","","","","","","","","","",""
"2006113060","","2","0","0","0","0","0","0","0","0","4","0","","02","10","2006","7","40.452917","-79.920736","","11","0","0","0","0","1","1","0","0","1","0","0","0","","","1","","1","1","40 27:10.501","1","0","79 55:14.649","8","0","0","0","2301","0","0","0","N","0","0","0","4","02301","0","","1.0","","1","N","N","","0","","0","0","0","","2","N","","2","1","0","0","0","1","0","2","0","2","","","","N","","","","","","","","","",""
"2006113061","","1","0","0","0","0","0","0","0","0","7","0","","02","10","2006","1","40.424939","-79.952042","","11","0","0","0","0","0","0","0","0","","0","0","0","","","0","","1","0","40 25:29.779","","0","79 57:07.350","9","0","0","0","2301","0","0","0","N","0","0","0","1","02301","0","","5.0","","1","N","N","","0","","0","0","0","","2","","","1","0","0","0","0","0","1","2","0","1","","","","N","","","","","","","","","",""
"2006113160","","2","0","0","0","0","0","0","0","0","4","0","","02","10","2006","3","40.374444","-80.049564","","11","0","0","0","0","0","1","0","1","2","0","0","0","","","1","","2","2","40 22:28.000","2","0","80 02:58.429","8","0","0","0","2109","0","0","0","N","0","0","0","5","02109","0","","1.0","","1","N","Y","","0","","0","0","0","","3","Y","","4","1","0","0","0","1","0","2","2","4","","","","N","","","","","","","","","",""
"2006113161","","2","0","0","0","0","0","0","0","0","1","0","","02","10","2006","4","40.379722","-80.037103","","11","0","0","0","0","0","0","0","0","2","0","0","0","","","2","","2","2","40 22:47.000","6","0","80 02:13.571","8","0","0","0","2109","0","0","0","N","0","0","0","4","02109","0","","1.0","","1","N","N","","0","","0","0","0","","0","Y","","2","2","0","0","0","2","0","2","0","2","","","","N","","","","","","","","","",""
"2006113162","","1","0","0","1","0","0","0","0","0","8","0","","02","10","2006","6","40.380583","-80.061485","","11","0","0","0","0","0","0","0","0","","0","0","0","","","1","","2","0","40 22:50.098","","0","80 03:41.346","4","0","0","0","2109","1","0","0","N","0","0","0","2","02109","1","","1.0","","1","N","Y","","0","","0","0","0","","3","","","2","1","0","0","0","0","1","2","0","1","","","","N","","","","","","","","","",""
"2006113166","","1","0","0","0","0","0","0","0","0","7","0","","02","10","2006","1","40.2855","-80.014785","","11","0","0","0","0","0","0","0","0","","0","0","0","","","1","","2","0","40 17:07.800","","0","80 00:53.226","8","0","0","0","2219","0","0","0","N","0","0","0","1","02219","0","","4.0","","1","N","N","","0","","0","0","0","","0","","","1","1","1","0","0","1","0","2","0","1","","","","N","","","","","","","","","",""
"2006113167","","1","0","0","0","0","0","0","0","0","1","0","","02","10","2006","7","40.367222","-80.040585","","11","0","0","0","0","0","0","0","0","","0","0","0","","","1","","2","0","40 22:02.000","","0","80 02:26.105","8","0","0","0","2109","0","0","0","N","0","0","0","4","02109","0","","1.0","","9","N","N","","0","","0","0","1","","0","","","2","1","0","0","0","1","0","2","0","2","","","","N","","","","","","","","","",""
"2006113262","","0","0","0","0","0","0","1","0","0","0","1","","02","10","2006","4","40.476","-79.8477","","11","0","0","0","1","0","0","0","0","2","0","0","0","","","0","","0","1","40 28:33.600","3","0","79 50:51.720","0","0","0","0","2113","0","0","0","N","0","0","0","3","02113","0","","1.0","","1","Y","N","","0","","0","0","0","","0","Y","","2","0","0","0","0","0","0","2","1","2","","","","N","","","","","","","","","",""
"2006113486","","0","0","0","0","0","0","0","0","0","7","0","","02","10","2006","6","40.408519","-79.749076","","11","0","0","0","0","0","0","0","0","1","0","0","0","","","1","","0","1","40 24:30.668","3","0","79 44:56.673","8","0","0","0","2446","0","0","0","N","0","0","0","1","02446","0","","4.0","","9","N","Y","","1","","0","0","0","","0","N","","1","1","0","0","0","1","0","2","0","1","","","","N","","","","","","","","","",""
"2006113487","","2","0","0","0","0","0","0","0","0","1","0","","02","10","2006","6","40.395833","-79.772122","","11","0","0","0","0","0","1","0","0","","0","0","0","","","2","","0","0","40 23:45.000","","0","79 46:19.639","4","0","0","0","2446","0","0","0","N","0","0","0","4","02446","1","","1.0","","1","N","N","","1","","0","0","0","","0","","","3","2","0","0","0","1","0","2","0","3","","","","N","","","","","","","","","",""
"2006113493","","1","0","0","0","0","0","0","0","0","7","0","","02","10","2006","6","40.452629","-79.768049","","11","0","0","0","0","0","0","0","1","1","0","0","0","","","2","","0","1","40 27:09.464","2","0","79 46:04.976","3","0","0","0","2446","0","0","0","N","0","0","0","2","02446","0","","5.0","","1","N","N","","0","","2","0","0","","0","N","","1","2","0","0","0","0","0","2","0","1","","","","N","","","","","","","","","",""
"2006113532","","1","0","0","0","0","0","0","0","0","4","0","","02","10","2006","6","40.445","-79.930342","","11","0","0","0","0","0","2","0","0","","0","0","0","","","0","","1","0","40 26:42.000","","0","79 55:49.231","0","0","0","0","2301","0","0","0","N","0","0","0","2","02301","0","","1.0","","1","N","N","","0","","0","0","0","","3","","","2","0","0","0","0","0","0","2","1","2","","","","N","","","","","","","","","",""
"2006113551","","2","0","0","0","0","0","0","0","0","1","0","","02","11","2006","6","40.366944","-79.778416","","11","0","0","0","0","0","1","0","0","","0","0","0","","","1","","0","0","40 22:01.000","","0","79 46:42.299","4","0","0","0","2111","0","0","0","N","0","0","0","5","02111","1","","1.0","","1","N","N","","0","","0","0","0","","0","","","3","1","1","0","0","0","0","2","0","2","","","","N","","","","","","","","","",""
"2006113562","","1","0","0","0","0","0","0","0","0","5","0","","02","11","2006","7","","","","11","0","0","0","0","0","0","0","0","","0","0","0","","","0","","0","0","","","0","","0","0","0","0","2446","0","0","0","N","0","0","0","2","02446","0","","1.0","","9","N","N","","1","","0","0","0","","0","","","2","0","0","0","0","0","0","1","0","2","","","","N","","","","","","","","","",""
"2006113563","","1","0","0","0","0","0","0","0","0","4","0","","02","11","2006","7","40.434583","-79.786972","","11","0","1","0","0","0","0","0","0","","0","0","0","","","0","","0","0","40 26:04.500","","7","79 47:13.100","0","0","0","0","2446","0","0","0","N","0","0","0","4","02446","0","","1.0","","9","N","N","","0","","0","0","1","","0","","","2","0","0","0","0","0","0","2","0","2","","","","N","","","","","","","","","",""
"2006113569","","1","0","0","0","0","0","0","0","0","7","0","","02","11","2006","7","40.29326","-79.909154","","11","0","0","0","0","1","0","0","0","","0","0","0","","","0","","0","0","40 17:35.736","","0","79 54:32.955","0","0","0","0","2440","0","0","0","N","0","0","0","1","02440","0","","5.0","","1","N","N","","0","","0","0","0","","0","","","1","0","0","0","0","0","0","2","0","1","","","","N","","","","","","","","","",""
"2006113580","","1","0","0","0","0","0","0","0","0","99","0","","02","11","2006","1","40.2146","-79.8463","","11","0","0","0","0","0","0","0","0","","0","0","0","","","0","","0","0","40 12:52.560","","0","79 50:46.680","0","0","0","0","2204","0","0","0","N","0","0","0","1","02204","0","","1.0","","1","N","N","","0","","0","0","0","","0","","","1","0","0","0","0","0","0","1","0","1","","","","N","","","","","","","","","",""
"2006113587","","0","0","0","0","0","0","0","0","0","7","0","","02","11","2006","4","","","","11","0","0","0","0","0","0","0","0","2","0","0","0","","","0","","0","1","","3","0","","9","0","0","0","2440","0","0","0","N","0","0","0","1","02440","0","","4.0","","1","N","N","","0","","0","0","1","","3","N","","1","0","0","0","0","0","1","1","0","1","","","","N","","","","","","","","","",""