"CRN","ARRIVAL_TM","AUTOMOBILE_COUNT","BELTED_DEATH_COUNT","BELTED_SUSP_SERIOUS_INJ_COUNT","BICYCLE_COUNT","BICYCLE_DEATH_COUNT","BICYCLE_SUSP_SERIOUS_INJ_COUNT","BUS_COUNT","CHLDPAS_DEATH_COUNT","CHLDPAS_SUSP_SERIOUS_INJ_COUNT","COLLISION_TYPE","COMM_VEH_COUNT","CONS_ZONE_SPD_LIM","COUNTY","CRASH_MONTH","CRASH_YEAR","DAY_OF_WEEK","DEC_LATITUDE","DEC_LONGITUDE","DISPATCH_TM","DISTRICT","DRIVER_COUNT_16YR","DRIVER_COUNT_17YR","DRIVER_COUNT_18YR","DRIVER_COUNT_19YR","DRIVER_COUNT_20YR","DRIVER_COUNT_50_64YR","DRIVER_COUNT_65_74YR","DRIVER_COUNT_75PLUS","EST_HRS_CLOSED","FATAL_COUNT","HEAVY_TRUCK_COUNT","HORSE_BUGGY_COUNT","HOUR_OF_DAY","ILLUMINATION","INJURY_COUNT","INTERSECTION_RELATED","INTERSECT_TYPE","LANE_CLOSED","LATITUDE","LN_CLOSE_DIR","LOCATION_TYPE","LONGITUDE","MAX_SEVERITY_LEVEL","MCYCLE_DEATH_COUNT","MCYCLE_SUSP_SERIOUS_INJ_COUNT","MOTORCYCLE_COUNT","MUNICIPALITY","NONMOTR_COUNT","NONMOTR_DEATH_COUNT","NONMOTR_SUSP_SERIOUS_INJ_COUNT","NTFY_HIWY_MAINT","PED_COUNT","PED_DEATH_COUNT","PED_SUSP_SERIOUS_INJ_COUNT","PERSON_COUNT","POLICE_AGCY","POSSIBLE_INJ_COUNT","RDWY_SURF_TYPE_CD","RELATION_TO_ROAD","ROADWAY_CLEARED","ROAD_CONDITION","SCH_BUS_IND","SCH_ZONE_IND","SECONDARY_CRASH","SMALL_TRUCK_COUNT","SPEC_JURIS_CD","SUSP_MINOR_INJ_COUNT","SUSP_SERIOUS_INJ_COUNT","SUV_COUNT","TCD_FUNC_CD","TCD_TYPE","TFC_DETOUR_IND","TIME_OF_DAY","TOTAL_UNITS","TOT_INJ_COUNT","UNBELTED_OCC_COUNT","UNB_DEATH_COUNT","UNB_SUSP_SERIOUS_INJ_COUNT","UNK_INJ_DEG_COUNT","UNK_INJ_PER_COUNT","URBAN_RURAL","VAN_COUNT","VEHICLE_COUNT","WEATHER1","WEATHER2","WORKERS_PRES","WORK_ZONE_IND","WORK_ZONE_LOC","WORK_ZONE_TYPE","WZ_CLOSE_DETOUR","WZ_FLAGGER","WZ_LAW_OFFCR_IND","WZ_LN_CLOSURE","WZ_MOVING","WZ_OTHER","WZ_SHLDER_MDN","WZ_WORKERS_INJ_KILLED"
"2006114344","","1","0","0","0","0","0","0","0","0","1","0","50","02","10","2006","3","40.398889","-80.105137","","11","0","0","0","0","0","1","0","0","2","0","0","0","","","4","","0","1","40 23:56.000","1","0","80 06:18.493","4","0","0","0","2102","0","0","0","N","0","0","0","4","68B03","4","","1.0","","98","N","N","","0","","0","0","0","","0","N","","2","4","0","0","0","0","0","2","1","2","","","Y","Y","8","1","","","N","","","","",""
"2006114345","","0","0","0","0","0","0","0","0","0","0","1","","02","10","2006","5","","","","11","0","0","0","0","0","0","0","0","3","0","1","0","","","0","","0","2","40 25:35.40","4","0","79 54:59.04","0","0","0","0","2426","0","0","0","Y","0","0","0","1","68B03","0","","2.0","","9","N","N","","0","","0","0","0","","8","N","","1","0","0","0","0","0","0","2","0","1","","","","N","","","","","","","","","",""
"2006114346","","1","0","0","0","0","0","0","0","0","7","0","","02","10","2006","3","","","","11","0","0","0","0","0","1","0","0","","0","0","0","","","1","","0","0","40 25:05.52","","0","80 05:17.16","3","0","0","0","2110","0","0","0","N","0","0","0","1","68B03","0","","4.0","","9","N","N","","0","","1","0","0","","0","","","1","1","1","0","0","0","0","2","0","1","","","","N","","","","","","","","","",""
"2006114347","","1","0","0","0","0","0","0","0","0","1","0","","02","9","2006","7","","","","11","0","1","0","0","0","0","0","0","","0","0","0","","","5","","6","0","40 25:35.40","","2","79 53:34.80","3","0","0","0","2426","0","0","0","N","0","0","0","5","68B03","3","","1.0","","1","N","N","","0","","2","0","1","","0","","","2","5","2","0","0","0","0","2","0","2","","","","N","","","","","","","","","",""
"2006114348","","0","0","0","0","0","0","0","0","0","7","0","","02","10","2006","1","","","","11","0","0","0","0","0","0","0","0","2","0","0","0","","","0","","6","1","40 25:35.04","4","2","79 53:36.60","0","0","0","0","2301","0","0","0","N","0","0","0","2","68B03","0","","3.0","","1","N","N","","1","","0","0","0","","0","N","","1","0","1","0","0","0","0","2","0","1","","","","N","","","","","","","","","",""
"2006114458","","0","0","0","0","0","0","0","0","0","4","0","","02","10","2006","5","40.442294","-79.762941","","11","0","0","0","0","0","1","0","0","","0","0","0","","","0","","0","","40 26:32.259","","0","79 45:46.588","0","0","0","0","2446","0","0","0","N","0","0","0","2","68B03","0","","1.0","","1","N","N","","0","","0","0","2","","0","","","2","0","0","0","0","0","0","2","0","2","","","","N","","","","","","","","","",""
"2006114459","","1","0","0","0","0","0","0","0","0","7","0","","02","9","2006","3","","","","11","0","0","0","0","0","0","0","0","","0","0","0","","","0","","0","","40 25:06.60","","0","80 05:18.96","0","0","0","0","2117","0","0","0","N","0","0","0","1","68B03","0","","4.0","","9","N","N","","0","","0","0","0","","0","","","1","0","0","0","0","0","0","2","0","1","","","","N","","","","","","","","","",""
"2006114485","","1","0","0","0","0","0","0","0","0","7","0","","02","11","2006","3","40.445933","-79.848432","","11","0","0","0","0","0","0","0","0","1","0","0","0","","","1","","1","","40 26:45.357","1","0","79 50:54.354","4","0","0","0","2419","0","0","0","N","0","0","0","1","02419","1","","2.0","","1","N","N","","0","","0","0","0","","2","N","","1","1","1","0","0","0","0","2","0","1","","","","N","","","","","","","","","",""
"2006114496","","1","0","0","0","0","0","0","0","0","7","0","","02","10","2006","2","40.665","-79.716923","","11","0","0","0","0","0","1","0","0","","0","0","0","","","1","","0","","40 39:54.000","","3","79 43:00.921","4","0","0","0","2106","0","0","0","N","0","0","0","1","68D02","1","","4.0","","1","N","N","","0","","0","0","0","","0","","","1","1","0","0","0","0","0","2","0","1","","","","N","","","","","","","","","",""
"2006114532","","1","0","0","0","0","0","0","0","0","1","0","","02","11","2006","3","40.536944","-79.839046","","11","0","0","0","0","0","0","0","1","1","0","0","0","","","1","","2","","40 32:13.000","4","0","79 50:20.566","4","0","0","0","2208","0","0","0","N","0","0","0","2","02208","1","","1.0","","1","N","N","","0","","0","0","1","","0","N","","2","1","0","0","0","0","0","2","0","2","","","","N","","","","","","","","","",""
"2006114533","","1","0","0","0","0","0","0","0","0","4","0","","02","11","2006","3","40.591111","-79.947984","","11","0","0","0","0","0","0","0","1","1","0","0","0","","","0","","1","","40 35:28.000","1","0","79 56:52.744","0","0","0","0","2207","0","0","0","N","0","0","0","3","02207","0","","1.0","","9","N","N","","1","","0","0","0","","2","N","","2","0","2","0","0","0","0","2","0","2","","","","N","","","","","","","","","",""
"2006114540","","1","0","0","0","0","0","0","0","0","7","0","","02","11","2006","3","40.542181","-79.897739","","11","0","0","0","0","0","0","1","0","","0","0","0","","","0","","0","","40 32:31.851","","0","79 53:51.860","0","0","0","0","2432","0","0","0","N","0","0","0","1","02432","0","","5.0","","98","N","N","","0","","0","0","0","","0","","","1","0","1","0","0","0","0","2","0","1","","","","N","","","","","","","","","",""
"2006114548","","1","0","0","0","0","0","0","0","0","4","0","","02","11","2006","5","40.418333","-80.045732","","11","0","0","0","0","0","0","0","0","","0","0","0","","","1","","1","","40 25:06.000","","0","80 02:44.634","8","0","0","0","2435","0","0","0","N","0","0","0","3","02435","0","","1.0","","1","N","N","","0","","0","0","1","","2","","","2","1","0","0","0","1","0","2","0","2","","","","N","","","","","","","","","",""
"2006114549","","3","0","0","0","0","0","0","0","0","1","0","","02","11","2006","3","40.361419","-79.990362","","11","0","0","1","0","0","1","0","1","2","0","0","0","","","1","","0","","40 21:41.108","3","0","79 59:25.302","4","0","0","0","2476","0","0","0","Y","0","0","0","4","02476","1","","1.0","","1","N","N","","1","","0","0","0","","0","N","","4","1","1","0","0","0","1","2","0","4","","","","N","","","","","","","","","",""
"2006114550","","2","0","0","0","0","0","0","0","0","4","0","","02","11","2006","3","40.432502","-79.790364","","11","0","0","0","0","0","1","0","0","1","0","0","0","","","0","","2","","40 25:57.007","3","0","79 47:25.310","0","0","0","0","2446","0","0","0","N","0","0","0","2","02446","0","","1.0","","1","N","N","","0","","0","0","0","","2","N","","2","0","0","0","0","0","0","2","0","2","","","","N","","","","","","","","","",""
"2006114554","","0","0","0","0","0","0","0","0","0","1","0","","02","11","2006","3","40.587222","-79.950006","","11","0","0","0","0","0","1","0","0","1","0","0","0","","","0","","0","","40 35:14.000","2","0","79 57:00.021","0","0","0","0","2207","0","0","0","N","0","0","0","3","02207","0","","1.0","","1","N","N","","1","","0","0","1","","0","N","","2","0","0","0","0","0","0","2","0","2","","","","N","","","","","","","","","",""
"2006114556","","0","0","0","0","0","0","0","0","0","99","0","","02","11","2006","2","40.5823","-79.8694","","11","0","0","0","0","0","0","0","0","","0","0","0","","","0","","0","","40 34:56.280","","0","79 52:09.840","0","0","0","0","2209","0","0","0","N","0","0","0","3","02209","0","","1.0","","1","N","N","","0","","0","0","0","","0","","","1","0","0","0","0","0","0","1","1","1","","","","N","","","","","","","","","",""
"2006114557","","2","0","0","0","0","0","0","0","0","1","0","","02","10","2006","3","40.5184","-80.219","","11","0","2","0","0","0","0","0","0","","0","0","0","","","1","","0","","40 31:06.240","","0","80 13:08.400","4","0","0","0","2213","0","0","0","N","0","0","0","3","02213","1","","1.0","","9","N","N","","0","","0","0","0","","0","","","2","1","0","0","0","0","0","2","0","2","","","","N","","","","","","","","","",""
"2006114581","","3","0","0","0","0","0","0","0","0","7","0","","02","10","2006","6","","","","11","0","0","0","0","0","0","0","0","2","0","0","0","","","0","","0","","40 26:04.92","3","0","79 59:52.08","0","0","0","0","2301","0","0","0","N","0","0","0","3","68B03","0","","4.0","","1","N","N","","0","","0","0","0","","0","N","","3","0","0","0","0","0","0","2","0","3","","","","N","","","","","","","","","",""
"2006114639","","1","0","0","0","0","0","0","0","0","7","0","","02","11","2006","7","40.418333","-79.722","","11","0","0","0","0","0","1","0","0","","0","0","0","","","0","","0","","40 25:06.000","","0","79 43:19.200","0","0","0","0","2446","0","0","0","N","0","0","0","1","02446","0","","4.0","","9","N","N","","0","","0","0","0","","0","","","1","0","0","0","0","0","0","2","0","1","","","","N","","","","","","","","","",""
"2006114650","","1","0","0","0","0","0","0","0","0","7","0","","02","10","2006","3","40.447532","-79.988017","","11","0","0","0","0","0","0","0","0","1","0","0","0","","","2","","0","","40 26:51.115","6","0","79 59:16.861","8","0","0","0","2301","0","0","0","N","0","0","0","2","02301","0","","2.0","","9","N","N","","0","","0","0","0","","0","Y","","1","2","0","0","0","2","0","2","0","1","","","","N","","","","","","","","","",""
"2006114651","","2","0","0","0","0","0","0","0","0","7","0","","02","10","2006","3","40.3858","-79.995","","11","0","0","0","0","0","0","0","0","2","0","0","0","","","1","","0","","40 23:08.880","1","0","79 59:42.000","8","0","0","0","2301","0","0","0","N","0","0","0","1","02301","0","","4.0","","9","N","N","","0","","0","0","0","","0","Y","","3","1","0","0","0","1","0","2","1","3","","","","N","","","","","","","","","",""
"2006114652","","2","0","0","0","0","0","0","0","0","99","0","","02","11","2006","5","40.406944","-80.03424","","11","0","0","0","0","0","1","0","0","","0","0","0","","","0","","1","","40 24:25.000","","0","80 02:03.264","0","0","0","0","2301","0","0","0","N","0","0","0","2","02301","0","","1.0","","1","N","N","","0","","0","0","0","","2","","","2","0","0","0","0","0","0","2","0","2","","","","N","","","","","","","","","",""
"2006114653","","2","0","0","0","0","0","0","0","0","1","0","","02","10","2006","2","40.478889","-80.043019","","11","0","0","0","0","0","1","0","0","","0","0","0","","","1","","5","","40 28:44.000","","0","80 02:34.869","4","0","0","0","2301","0","0","0","N","0","0","0","2","02301","1","","1.0","","1","N","N","","0","","0","0","0","","2","","","2","1","0","0","0","0","0","2","0","2","","","","N","","","","","","","","","",""
"2006114659","","0","0","0","0","0","0","0","0","0","7","1","","02","10","2006","6","40.424722","-79.952994","","11","0","0","0","0","0","0","0","0","","0","1","0","","","0","","1","","40 25:29.000","","1","79 57:10.780","0","0","0","0","2301","0","0","0","Y","0","0","0","1","02301","0","","4.0","","1","N","N","","0","","0","0","0","","0","","","1","0","0","0","0","0","0","2","0","1","","","","N","","","","","","","","","",""
"2006114698","","1","0","0","0","0","0","0","0","0","99","0","","02","10","2006","3","40.538889","-79.841836","","11","0","0","0","0","0","0","0","0","","0","0","0","","","0","","3","","40 32:20.000","","0","79 50:30.609","0","0","0","0","2208","0","0","0","N","0","0","0","1","68D02","0","","1.0","","1","N","N","","0","","0","0","0","","0","","","1","0","1","0","0","0","0","2","0","1","","","","N","","","","","","","","","",""
"2006114865","","2","0","0","0","0","0","0","0","0","0","0","","02","10","2006","6","40.591944","-80.096312","","11","0","0","0","0","0","0","0","1","1","0","0","0","","","0","","0","","40 35:31.000","2","6","80 05:46.723","0","0","0","0","2481","0","0","0","N","0","0","0","2","68B03","0","","3.0","","1","N","N","","0","","0","0","0","","8","N","","2","0","0","0","0","0","0","2","0","2","","","","N","","","","","","","","","",""
"2006114883","","2","0","0","0","0","0","0","0","0","4","0","","02","10","2006","3","40.4525","-80.039167","","11","0","0","0","0","2","0","0","0","2","0","0","0","","","0","","2","","40 27:09.000","4","0","80 02:21.002","0","0","0","0","2301","0","0","0","N","0","0","0","2","02301","0","","1.0","","9","N","N","","0","","0","0","0","","2","N","","2","0","0","0","0","0","0","2","0","2","","","","N","","","","","","","","","",""
"2006114884","","1","0","0","0","0","0","0","0","0","99","0","","02","11","2006","4","40.4596","-80.0306","","11","0","0","0","0","0","0","0","0","","0","0","0","","","0","","7","","40 27:34.560","","2","80 01:50.160","9","0","0","0","2301","0","0","0","N","0","0","0","1","02301","0","","1.0","","9","N","N","","0","","0","0","0","","0","","","1","0","0","0","0","0","1","2","0","1","","","","N","","","","","","","","","",""
"2006114885","","1","0","0","0","0","0","0","0","0","4","0","","02","10","2006","3","40.456922","-79.894133","","11","0","0","0","0","0","0","0","0","","0","0","0","","","0","","1","","40 27:24.919","","0","79 53:38.878","0","0","0","0","2301","0","0","0","N","0","0","0","2","02301","0","","1.0","","1","N","N","","0","","0","0","1","","3","","","2","0","0","0","0","0","0","2","0","2","","","","N","","","","","","","","","",""
"2006114910","","1","0","0","0","0","0","0","0","0","7","0","","02","10","2006","2","40.453056","-79.9731","","11","0","0","0","0","0","0","0","0","","0","0","0","","","1","","0","","40 27:11.000","","0","79 58:23.161","4","0","0","0","2301","0","0","0","N","0","0","0","1","02301","1","","3.0","","1","N","N","","0","","0","0","0","","0","","","1","1","0","0","0","0","0","2","0","1","","","","N","","","","","","","","","",""
"2006114932","","0","0","0","0","0","0","0","0","0","1","0","","02","10","2006","5","","","","11","0","0","0","0","0","2","0","0","1","0","0","0","","","1","","7","","40 26:41.28","3","2","80 09:50.04","3","0","0","0","2115","0","0","0","N","0","0","0","2","68B03","0","","1.0","","9","N","N","","1","","1","0","1","","3","N","","2","1","0","0","0","0","0","2","0","2","","","","N","","","","","","","","","",""
"2006114957","","1","0","0","0","0","0","0","0","0","2","0","","02","10","2006","5","40.586667","-80.041629","","11","0","0","0","0","0","1","0","1","","0","0","0","","","0","","1","","40 35:12.000","","0","80 02:29.866","0","0","0","0","2108","0","0","0","N","0","0","0","2","02108","0","","1.0","","1","N","N","","1","","0","0","0","","2","","","2","0","0","0","0","0","0","2","0","2","","","","N","","","","","","","","","",""
"2006114958","","1","0","0","0","0","0","0","0","0","4","0","","02","10","2006","7","40.571667","-80.036906","","11","0","0","1","0","0","0","0","0","2","0","0","0","","","3","","2","","40 34:18.000","5","0","80 02:12.860","4","0","0","0","2108","0","0","0","N","0","0","0","3","02108","2","","1.0","","9","N","N","","0","","0","0","1","","2","Y","","2","3","0","0","0","1","0","2","0","2","","","","N","","","","","","","","","",""
"2006114975","","0","0","0","0","0","0","0","0","0","7","0","","02","10","2006","7","40.2834","-80.0008","","11","0","0","0","0","0","0","0","0","","0","0","0","","","0","","0","","40 17:00.240","","0","80 00:02.880","0","0","0","0","2219","0","0","0","N","0","0","0","1","02219","0","","5.0","","9","N","N","","1","","0","0","0","","0","","","1","0","0","0","0","0","0","2","0","1","","","","N","","","","","","","","","",""
"2006115024","","1","0","0","0","0","0","0","0","0","99","0","","02","10","2006","2","","","","11","0","0","0","0","0","0","0","0","","0","0","0","","","0","","0","","40 30:25.20","","0","80 02:13.20","0","0","0","0","2116","0","0","0","N","0","0","0","1","68B04","0","","1.0","","1","N","N","","0","","0","0","0","","0","","","1","0","0","0","0","0","0","2","0","1","","","","N","","","","","","","","","",""
"2006115025","","2","0","0","0","0","0","0","0","0","1","0","","02","10","2006","1","","","","11","0","0","0","0","0","0","0","0","","0","0","0","","","1","","6","","40 24:42.48","","2","80 04:35.04","4","0","0","0","2117","0","0","0","N","0","0","0","3","68B03","1","","1.0","","1","N","N","","0","","0","0","0","","4","","","2","1","0","0","0","0","0","2","0","2","","","","N","","","","","","","","","",""
"2006115026","","2","0","0","0","0","0","0","0","0","1","0","","02","10","2006","7","","","","11","0","0","0","0","0","0","0","1","1","0","0","0","","","0","","0","","40 25:54.48","1","4","80 01:28.20","0","0","0","0","2301","0","0","0","N","0","0","0","4","68B03","0","","1.0","","1","N","N","","0","","0","0","0","","0","N","","2","0","0","0","0","0","0","2","0","2","","","","N","","","","","","","","","",""
"2006115027","","2","0","0","0","0","0","0","0","0","1","1","55","02","10","2006","6","40.3975","-80.1039","","11","0","0","0","0","0","0","0","0","","0","1","0","","","0","","6","","40 23:51.000","","2","80 06:14.040","0","0","0","0","2102","0","0","0","N","0","0","0","3","68B03","0","","1.0","","1","N","N","","0","","0","0","0","","3","","","3","0","0","0","0","0","0","2","0","3","","","N","Y","4","1","","","N","Y","","","",""
"2006115028","","2","0","0","0","0","0","0","0","0","5","0","","02","10","2006","6","","","","11","0","0","0","0","0","0","0","1","","0","0","0","","","0","","0","","40 26:09.96","","3","80 01:00.48","9","0","0","0","2301","0","0","0","N","0","0","0","2","68B03","0","","1.0","","1","N","N","","0","","0","0","0","","3","","","2","0","0","0","0","0","1","2","0","2","","","","N","","","","","","","","","",""
"2006115029","","0","0","0","0","0","0","0","0","0","1","0","","02","10","2006","2","40.4269","-80.2913","","11","0","0","0","0","0","1","0","0","2","0","0","0","","","1","","6","","40 25:36.840","3","2","80 17:28.680","4","0","0","0","2214","0","0","0","N","0","0","0","2","68B03","1","","1.0","","1","N","N","","0","","0","0","2","","4","Y","","2","1","0","0","0","0","0","1","0","2","","","","N","","","","","","","","","",""
"2006115030","","2","0","0","0","0","0","0","0","0","4","0","","02","10","2006","6","40.450278","-80.110766","","11","0","0","0","0","0","0","0","0","","0","0","0","","","1","","0","","40 27:01.000","","0","80 06:38.759","4","0","0","0","2115","0","0","0","N","0","0","0","2","68B03","1","","1.0","","1","N","N","","0","","0","0","0","","0","","","2","1","0","0","0","0","0","2","0","2","","","","N","","","","","","","","","",""
"2006115031","","1","0","0","0","0","0","0","0","0","1","0","","02","10","2006","4","","","","11","0","0","0","0","0","2","0","0","","0","0","0","","","3","","0","","40 29:28.68","","0","80 00:35.64","4","0","0","0","2301","0","0","0","N","0","0","0","4","68B03","2","","1.0","","9","N","N","","1","","0","0","0","","0","","","3","3","1","0","0","1","0","2","1","3","","","","N","","","","","","","","","",""
"2006115032","","1","0","0","0","0","0","0","0","0","1","0","","02","10","2006","5","","","","11","0","0","0","0","0","0","0","0","1","0","0","0","","","0","","0","","40 26:08.88","4","0","80 08:47.76","0","0","0","0","2115","0","0","0","N","0","0","0","2","68B03","0","","1.0","","1","N","N","","1","","0","0","0","","0","N","","2","0","0","0","0","0","0","2","0","2","","","","N","","","","","","","","","",""
"2006115068","","0","0","0","0","0","0","0","0","0","99","0","","02","10","2006","4","40.5029","-79.8612","","11","0","0","0","0","0","0","0","0","","0","0","0","","","0","","0","","40 30:10.440","","0","79 51:40.320","0","0","0","0","2112","0","0","0","N","0","0","0","2","68D02","0","","1.0","","9","N","N","","0","","0","0","1","","0","","","1","0","0","0","0","0","0","2","0","1","","","","N","","","","","","","","","",""
"2006115081","","4","0","0","0","0","0","0","0","0","1","0","","02","10","2006","5","","","","11","0","0","0","0","1","1","0","0","1","0","0","0","","","2","","0","","40 25:12.00","1","0","80 03:02.16","4","0","0","0","2435","0","0","0","N","0","0","0","4","68B03","2","","1.0","","9","N","N","","0","","0","0","0","","0","N","","4","2","0","0","0","0","0","2","0","4","","","","N","","","","","","","","","",""
"2006115082","","2","0","0","0","0","0","0","0","0","1","0","","02","10","2006","6","","","","11","0","0","0","0","0","1","0","0","","0","0","0","","","1","","0","","40 25:37.92","","0","79 55:09.84","4","0","0","0","2301","0","0","0","N","0","0","0","3","68B03","1","","1.0","","1","N","N","","0","","0","0","0","","0","","","2","1","0","0","0","0","0","2","0","2","","","","N","","","","","","","","","",""
"2006115083","","1","0","0","0","0","0","0","0","0","0","0","","02","10","2006","2","40.518611","-80.132586","","11","0","0","0","0","0","0","0","0","","0","0","0","","","0","","0","","40 31:07.000","","0","80 07:57.308","0","0","0","0","2115","0","0","0","N","0","0","0","4","68B03","0","","1.0","","1","N","N","","1","","0","0","0","","0","","","2","0","0","0","0","0","0","2","0","2","","","","N","","","","","","","","","",""
"2006115107","","0","0","0","0","0","0","0","0","0","7","0","","02","10","2006","7","40.484722","-79.818446","","11","0","0","0","0","0","0","0","0","","0","0","0","","","1","","0","","40 29:05.000","","0","79 49:06.407","4","0","0","0","2113","0","0","0","N","0","0","0","1","02113","1","","4.0","","9","N","N","","1","","0","0","0","","0","","","1","1","0","0","0","0","0","2","0","1","","","","N","","","","","","","","","",""
"2006115176","","2","0","0","0","0","0","0","0","0","4","0","","02","10","2006","2","40.427443","-79.776012","","11","0","0","0","0","0","0","0","0","","0","0","0","","","0","","0","","40 25:38.796","","7","79 46:33.642","0","0","0","0","2446","0","0","0","N","0","0","0","2","02446","0","","1.0","","1","N","N","","0","","0","0","0","","3","","","2","0","0","0","0","0","0","2","0","2","","","","N","","","","","","","","","",""
"2006115236","","2","0","0","0","0","0","0","0","0","4","0","","02","10","2006","7","","","","11","0","0","0","1","0","1","0","0","2","0","0","0","","","2","","0","","40 26:17.16","3","0","79 45:22.68","3","0","0","0","2446","0","0","0","N","0","0","0","2","68B03","0","","1.0","","1","N","N","","0","","2","0","0","","0","N","","2","2","0","0","0","0","0","2","0","2","","","","N","","","","","","","","","",""
"2006115241","","1","0","0","0","0","0","0","0","0","1","0","","02","10","2006","6","40.4386","-80.0062","","11","0","0","0","0","0","0","0","0","","0","0","0","","","0","","3","","40 26:18.960","","2","80 00:22.320","0","0","0","0","2301","0","0","0","N","0","0","0","2","68B03","0","","1.0","","1","N","N","","0","","0","0","1","","4","","","2","0","0","0","0","0","0","2","0","2","","","","N","","","","","","","","","",""
"2006115267","","2","0","0","0","0","0","0","0","0","1","0","","02","10","2006","3","40.4843","-79.9611","","11","0","0","0","0","0","0","0","0","1","0","0","0","","","1","","0","","40 29:03.480","1","0","79 57:39.960","4","0","0","0","2112","0","0","0","N","0","0","0","3","68C02","1","","1.0","","1","N","N","","0","","0","0","1","","0","N","","3","1","1","0","0","0","0","2","0","3","","","","N","","","","","","","","","",""
"2006115275","","2","0","0","0","0","0","0","0","0","7","0","","02","11","2006","3","40.645537","-80.030261","","11","1","1","0","0","0","0","0","0","2","0","0","0","","","1","","0","","40 38:43.934","6","0","80 01:48.939","4","0","0","0","2216","0","0","0","N","0","0","0","2","02505","1","","5.0","","9","N","N","","0","","0","0","0","","0","Y","","2","1","0","0","0","0","0","1","0","2","","","","N","","","","","","","","","",""
"2006115280","","1","0","0","0","0","0","0","0","0","0","0","","02","11","2006","3","40.4787","-79.7342","","11","0","0","0","0","0","0","1","0","2","0","0","0","","","0","","0","","40 28:43.320","4","0","79 44:03.120","0","0","0","0","2466","0","0","0","N","0","0","0","2","02466","0","","1.0","","9","N","N","","0","","0","0","0","","0","N","","1","0","2","0","0","0","0","2","0","1","","","","N","","","","","","","","","",""
"2006115285","","1","0","0","0","0","0","0","0","0","1","0","","02","11","2006","4","40.5121","-80.0039","","11","0","0","0","1","0","0","0","0","1","0","0","0","","","0","","0","","40 30:43.560","2","0","80 00:14.040","0","0","0","0","2116","0","0","0","N","0","0","0","2","02116","0","","1.0","","1","N","N","","0","","0","0","1","","0","N","","2","0","0","0","0","0","0","2","0","2","","","","N","","","","","","","","","",""
"2006115287","","1","0","0","0","0","0","0","0","0","5","1","","02","11","2006","4","40.408611","-79.907337","","11","0","0","0","0","0","0","1","0","","0","1","0","","","0","","1","","40 24:31.000","","0","79 54:26.413","0","0","0","0","2438","0","0","0","N","0","0","0","2","02438","0","","1.0","","1","N","N","","0","","0","0","0","","2","","","2","0","0","0","0","0","0","2","0","2","","","","N","","","","","","","","","",""
"2006115293","","2","0","0","0","0","0","0","0","0","1","0","","02","11","2006","4","40.2749","-79.8943","","11","0","0","0","0","0","0","0","0","1","0","0","0","","","0","","7","","40 16:29.640","1","2","79 53:39.480","0","0","0","0","2440","0","0","0","N","0","0","0","2","02440","0","","1.0","","1","N","N","","0","","0","0","0","","8","N","","2","0","0","0","0","0","0","2","0","2","","","","N","","","","","","","","","",""
"2006115303","","1","0","0","0","0","0","0","0","0","1","0","","02","11","2006","5","40.539444","-80.036243","","11","0","0","1","0","0","1","0","0","1","0","0","0","","","0","","2","","40 32:22.000","2","0","80 02:10.476","0","0","0","0","2116","0","0","0","N","0","0","0","2","02116","0","","1.0","","1","N","N","","1","","0","0","0","","0","N","","2","0","0","0","0","0","0","2","0","2","","","","N","","","","","","","","","",""
"2006115318","","2","0","0","0","0","0","0","0","0","4","0","","02","11","2006","7","40.343056","-79.968891","","11","0","0","0","0","0","0","0","0","","0","0","0","","","2","","2","","40 20:35.000","","0","79 58:08.009","8","0","0","0","2403","0","0","0","N","0","0","0","4","02403","0","","1.0","","1","N","N","","0","","0","0","0","","2","","","2","2","0","0","0","2","0","2","0","2","","","","N","","","","","","","","","",""
"2006115322","","1","0","0","0","0","0","0","0","0","7","0","","02","11","2006","4","40.5057","-79.995","","11","0","1","0","0","0","0","0","0","1","0","0","0","","","0","","0","","40 30:20.520","4","0","79 59:42.000","0","0","0","0","2116","0","0","0","N","0","0","0","1","02116","0","","5.0","","9","N","N","","0","","0","0","0","","0","N","","1","0","0","0","0","0","0","2","0","1","","","","N","","","","","","","","","",""
"2006115328","","1","0","0","0","0","0","0","0","0","6","0","","02","11","2006","3","40.47974","-80.083778","","11","0","0","0","0","0","0","1","0","","0","0","0","","","0","","2","","40 28:47.065","","0","80 05:01.602","0","0","0","0","2122","0","0","0","N","0","0","0","2","02122","0","","2.0","","9","N","N","","1","","0","0","0","","0","","","2","0","0","0","0","0","0","2","0","2","","","","N","","","","","","","","","",""
"2006115329","","1","0","0","0","0","0","0","0","0","2","0","","02","11","2006","2","40.331111","-80.052777","","11","0","1","0","0","0","0","0","0","","0","0","0","","","2","","2","","40 19:52.000","","0","80 03:09.996","4","0","0","0","2407","0","0","0","N","0","0","0","5","02407","2","","1.0","","9","N","N","","0","","0","0","1","","0","","","2","2","0","0","0","0","0","2","0","2","","05","","N","","","","","","","","","",""