"CRN","ARRIVAL_TM","AUTOMOBILE_COUNT","BELTED_DEATH_COUNT","BELTED_SUSP_SERIOUS_INJ_COUNT","BICYCLE_COUNT","BICYCLE_DEATH_COUNT","BICYCLE_SUSP_SERIOUS_INJ_COUNT","BUS_COUNT","CHLDPAS_DEATH_COUNT","CHLDPAS_SUSP_SERIOUS_INJ_COUNT","COLLISION_TYPE","COMM_VEH_COUNT","CONS_ZONE_SPD_LIM","COUNTY","CRASH_MONTH","CRASH_YEAR","DAY_OF_WEEK","DEC_LATITUDE","DEC_LONGITUDE","DISPATCH_TM","DISTRICT","DRIVER_COUNT_16YR","DRIVER_COUNT_17YR","DRIVER_COUNT_18YR","DRIVER_COUNT_19YR","DRIVER_COUNT_20YR","DRIVER_COUNT_50_64YR","DRIVER_COUNT_65_74YR","DRIVER_COUNT_75PLUS","EST_HRS_CLOSED","FATAL_COUNT","HEAVY_TRUCK_COUNT","HORSE_BUGGY_COUNT","HOUR_OF_DAY","ILLUMINATION","INJURY_COUNT","INTERSECTION_RELATED","INTERSECT_TYPE","LANE_CLOSED","LATITUDE","LN_CLOSE_DIR","LOCATION_TYPE","LONGITUDE","MAX_SEVERITY_LEVEL","MCYCLE_DEATH_COUNT","MCYCLE_SUSP_SERIOUS_INJ_COUNT","MOTORCYCLE_COUNT","MUNICIPALITY","NONMOTR_COUNT","NONMOTR_DEATH_COUNT","NONMOTR_SUSP_SERIOUS_INJ_COUNT","NTFY_HIWY_MAINT","PED_COUNT","PED_DEATH_COUNT","PED_SUSP_SERIOUS_INJ_COUNT","PERSON_COUNT","POLICE_AGCY","POSSIBLE_INJ_COUNT","RDWY_SURF_TYPE_CD","RELATION_TO_ROAD","ROADWAY_CLEARED","ROAD_CONDITION","SCH_BUS_IND","SCH_ZONE_IND","SECONDARY_CRASH","SMALL_TRUCK_COUNT","SPEC_JURIS_CD","SUSP_MINOR_INJ_COUNT","SUSP_SERIOUS_INJ_COUNT","SUV_COUNT","TCD_FUNC_CD","TCD_TYPE","TFC_DETOUR_IND","TIME_OF_DAY","TOTAL_UNITS","TOT_INJ_COUNT","UNBELTED_OCC_COUNT","UNB_DEATH_COUNT","UNB_SUSP_SERIOUS_INJ_COUNT","UNK_INJ_DEG_COUNT","UNK_INJ_PER_COUNT","URBAN_RURAL","VAN_COUNT","VEHICLE_COUNT","WEATHER1","WEATHER2","WORKERS_PRES","WORK_ZONE_IND","WORK_ZONE_LOC","WORK_ZONE_TYPE","WZ_CLOSE_DETOUR","WZ_FLAGGER","WZ_LAW_OFFCR_IND","WZ_LN_CLOSURE","WZ_MOVING","WZ_OTHER","WZ_SHLDER_MDN","WZ_WORKERS_INJ_KILLED"
"2006115330","","3","0","0","0","0","0","0","0","0","1","0","","02","11","2006","3","40.334202","-80.05147","","11","0","0","0","0","0","1","0","2","","0","0","0","","","1","","0","","40 20:03.127","","0","80 03:05.292","8","0","0","0","2407","0","0","0","N","0","0","0","3","02407","0","","1.0","","9","N","N","","0","","0","0","0","","0","","","3","1","0","0","0","1","0","2","0","3","","","","N","","","","","","","","","",""
"2006115331","","1","0","0","0","0","0","0","0","0","7","0","","02","11","2006","3","","","","11","0","0","0","1","0","0","0","0","1","0","0","0","","","0","","0","","","6","0","","0","0","0","0","2481","0","0","0","N","0","0","0","3","02481","0","","2.0","","9","N","N","","0","","0","0","0","","0","N","","1","0","0","0","0","0","0","1","0","1","","","","N","","","","","","","","","",""
"2006115349","","0","0","0","0","0","0","0","0","0","7","0","","02","11","2006","3","40.6525","-79.94783","","11","0","0","0","0","0","1","0","0","1","0","0","0","","","1","","0","","40 39:09.000","6","0","79 56:52.189","3","0","0","0","2217","0","0","0","N","0","0","0","1","02505","0","","5.0","","9","N","N","","1","","1","0","0","","0","N","","1","1","1","0","0","0","0","2","0","1","","","","N","","","","","","","","","",""
"2006115356","","2","0","0","0","0","0","0","0","0","4","0","","02","11","2006","3","40.606352","-79.944816","","11","0","1","0","0","0","0","0","0","2","0","0","0","","","0","","0","","40 36:22.867","4","0","79 56:41.337","0","0","0","0","2207","0","0","0","N","0","0","0","3","02207","0","","1.0","","9","N","N","","0","","0","0","0","","0","N","","2","0","0","0","0","0","0","2","0","2","","","","N","","","","","","","","","",""
"2006115408","","1","0","0","0","0","0","0","0","0","1","0","50","02","9","2006","4","40.452","-80.1112","","11","0","0","0","0","0","0","0","0","","0","0","0","","","0","","6","","40 27:07.200","","2","80 06:40.320","0","0","0","0","2115","0","0","0","N","0","0","0","3","68B03","0","","1.0","","1","N","N","","1","","0","0","0","","4","","","2","0","0","0","0","0","0","2","0","2","","","N","Y","3","1","","","N","Y","","","",""
"2006115424","","0","0","0","0","0","0","0","0","0","1","0","","02","10","2006","2","","","","11","0","0","0","0","0","0","0","0","","0","1","0","","","0","","0","","40 24:39.60","","0","80 04:27.84","0","0","0","0","2415","0","0","0","N","0","0","0","2","68B03","0","","1.0","","1","N","N","","0","","0","0","1","","0","","","2","0","0","0","0","0","0","2","0","2","","","","N","","","","","","","","","",""
"2006115429","","0","0","0","0","0","0","0","0","0","0","0","","02","11","2006","4","40.614694","-79.968","","11","0","0","1","0","0","0","0","0","3","0","0","0","","","0","","0","","40 36:52.900","5","0","79 58:04.800","0","0","0","0","2217","0","0","0","N","0","0","0","1","02505","0","","5.0","","9","N","N","","1","","0","0","0","","0","Y","","1","0","0","0","0","0","0","2","0","1","","","","N","","","","","","","","","",""
"2006115432","","3","0","0","0","0","0","0","0","0","1","0","","02","11","2006","4","40.388611","-79.830309","","11","0","1","0","0","0","3","0","0","2","0","0","0","","","5","","2","","40 23:19.000","6","0","79 49:49.113","4","0","0","0","2111","0","0","0","N","0","0","0","10","02111","5","","1.0","","9","N","N","","0","","0","0","1","","2","Y","","4","5","1","0","0","0","0","2","0","4","","","","N","","","","","","","","","",""
"2006115433","","0","0","0","0","0","0","0","0","0","8","0","","02","11","2006","4","40.52186","-79.842249","","11","0","0","0","0","0","1","0","0","","0","0","0","","","1","","1","","40 31:18.696","","0","79 50:32.096","4","0","0","0","2451","1","0","0","N","1","0","0","4","02451","1","","1.0","","9","N","N","","0","","0","0","0","","3","","","2","1","0","0","0","0","0","2","1","1","","","","N","","","","","","","","","",""
"2006115450","","1","0","0","0","0","0","0","0","0","1","0","","02","11","2006","4","40.375278","-79.796798","","11","0","0","0","0","0","0","0","0","1","0","0","0","","","2","","1","","40 22:31.000","3","0","79 47:48.473","4","0","0","0","2111","0","0","0","N","0","0","0","4","02111","1","","1.0","","1","N","N","","1","","0","0","0","","2","N","","2","2","0","0","0","1","0","2","0","2","","","","N","","","","","","","","","",""
"2006115451","","1","0","0","0","0","0","0","0","0","1","0","","02","11","2006","5","40.542869","-79.727352","","11","0","0","0","0","0","0","0","0","","0","0","0","","","0","","0","","40 32:34.328","","0","79 43:38.468","0","0","0","0","2466","0","0","0","N","0","0","0","2","02466","0","","1.0","","9","N","N","","1","","0","0","0","","2","","","2","0","0","0","0","0","0","1","0","2","","","","N","","","","","","","","","",""
"2006115455","","2","0","0","0","0","0","0","0","0","0","0","","02","11","2006","5","40.378056","-79.803566","","11","0","0","0","0","0","1","0","0","","0","0","0","","","0","","2","","40 22:41.000","","0","79 48:12.836","0","0","0","0","2424","0","0","0","N","0","0","0","3","02424","0","","1.0","","9","N","N","","0","","0","0","0","","2","","","2","0","0","0","0","0","0","2","0","2","","","","N","","","","","","","","","",""
"2006115474","","0","0","0","0","0","0","0","0","0","2","0","","02","11","2006","5","40.538333","-80.050237","","11","0","0","0","0","0","0","0","1","1","0","0","0","","","2","","1","","40 32:18.000","7","0","80 03:00.854","8","0","0","0","2116","0","0","0","N","0","0","0","2","02116","0","","1.0","","1","N","N","","2","","0","0","0","","2","N","","2","2","0","0","0","2","0","2","0","2","","","","N","","","","","","","","","",""
"2006115480","","1","0","0","0","0","0","0","0","0","7","0","","02","11","2006","4","40.405","-80.074313","","11","0","0","0","0","0","1","0","0","","0","0","0","","","0","","0","","40 24:18.000","","99","80 04:27.528","0","0","0","0","2415","0","0","0","","0","0","0","2","02415","0","","2.0","","9","N","N","","0","","0","0","0","","0","","","2","0","0","0","0","0","0","2","1","2","","","","N","","","","","","","","","",""
"2006115482","","0","0","0","0","0","0","0","0","0","0","0","","02","11","2006","1","40.373333","-79.794075","","11","0","0","0","0","0","0","0","0","1","0","0","0","","","0","","0","","40 22:24.000","6","0","79 47:38.670","0","0","0","0","2111","0","0","0","N","0","0","0","1","02111","0","","1.0","","1","N","N","","0","","0","0","1","","0","Y","","1","0","0","0","0","0","0","2","0","1","","","","N","","","","","","","","","",""
"2006115486","","2","0","0","0","0","0","0","0","0","4","0","","02","11","2006","4","40.454444","-79.711185","","11","0","1","0","0","0","0","0","1","2","0","0","0","","","1","","0","","40 27:16.000","4","0","79 42:40.267","8","0","0","0","2466","0","0","0","N","0","0","0","4","02466","0","","1.0","","9","N","N","","0","","0","0","0","","0","N","","2","1","0","0","0","1","0","2","0","2","","","","N","","","","","","","","","",""
"2006115487","","1","0","0","0","0","0","0","0","0","4","0","","02","11","2006","4","40.402778","-80.060417","","11","0","0","0","0","0","0","0","0","","0","0","0","","","0","","2","","40 24:10.000","","0","80 03:37.502","0","0","0","0","2117","0","0","0","N","0","0","0","3","02117","0","","1.0","","9","N","N","","0","","0","0","1","","0","","","2","0","0","0","0","0","0","2","0","2","","","","N","","","","","","","","","",""
"2006115491","","1","0","0","0","0","0","0","0","0","99","0","","02","11","2006","6","40.2422","-79.8712","","11","0","0","0","0","0","0","0","0","","0","0","0","","","0","","0","","40 14:31.920","","0","79 52:16.320","0","0","0","0","2213","0","0","0","N","0","0","0","1","02213","0","","1.0","","1","N","N","","0","","0","0","0","","0","","","1","0","0","0","0","0","0","1","0","1","","","","N","","","","","","","","","",""
"2006115492","","1","0","0","0","0","0","0","0","0","7","0","","02","11","2006","4","40.523097","-80.192724","","11","0","0","0","0","0","0","0","0","","0","0","0","","","0","","0","","40 31:23.148","","0","80 11:33.806","9","0","0","0","2213","0","0","0","N","0","0","0","1","02213","0","","4.0","","1","N","N","","0","","0","0","0","","0","","","1","0","0","0","0","0","1","2","0","1","","","","N","","","","","","","","","",""
"2006115493","","2","0","0","0","0","0","0","0","0","4","0","","02","11","2006","4","40.502713","-80.222065","","11","0","0","0","0","0","0","0","0","","0","0","0","","","1","","0","","40 30:09.768","","0","80 13:19.435","4","0","0","0","2213","0","0","0","N","0","0","0","2","02213","1","","1.0","","9","N","N","","0","","0","0","0","","0","","","2","1","0","0","0","0","0","2","0","2","","","","N","","","","","","","","","",""
"2006115523","","0","0","0","0","0","0","0","0","0","4","0","","02","11","2006","5","40.5973","-79.9476","","11","0","0","0","0","0","0","0","0","1","0","0","0","","","0","","0","","40 35:50.280","5","0","79 56:51.360","0","0","0","0","2207","0","0","0","N","0","0","0","2","02207","0","","1.0","","9","N","N","","0","","0","0","2","","0","N","","2","0","0","0","0","0","0","2","0","2","","","","N","","","","","","","","","",""
"2006115528","","1","0","0","0","0","0","0","0","0","7","0","","02","11","2006","2","40.374842","-80.094736","","11","0","0","1","0","0","0","0","0","","0","0","0","","","0","","2","","40 22:29.431","","0","80 05:41.049","0","0","0","0","2117","0","0","0","N","0","0","0","2","02117","0","","2.0","","9","N","N","","0","","0","0","0","","0","","","1","0","0","0","0","0","0","2","0","1","","","","N","","","","","","","","","",""
"2006115529","","1","0","0","0","0","0","0","0","0","4","0","","02","11","2006","5","40.420833","-80.053316","","11","0","0","0","0","0","1","0","1","","0","0","0","","","0","","2","","40 25:15.000","","0","80 03:11.939","0","0","0","0","2435","0","0","0","N","0","0","0","2","02435","0","","1.0","","9","N","N","","0","","0","0","1","","2","","","2","0","0","0","0","0","0","2","0","2","","","","N","","","","","","","","","",""
"2006115540","","2","0","0","0","0","0","0","0","0","6","0","","02","10","2006","1","40.424435","-79.971384","","11","0","0","0","0","0","1","0","0","2","0","0","0","","","0","","0","","40 25:27.966","4","0","79 58:16.982","0","0","0","0","2301","0","0","0","N","0","0","0","1","02301","0","","6.0","","1","N","N","","0","","0","0","0","","0","Y","","2","0","0","0","0","0","0","2","0","2","","","","N","","","","","","","","","",""
"2006115541","","1","0","0","0","0","0","1","0","0","1","1","","02","10","2006","2","40.395278","-79.997516","","11","0","0","0","0","0","0","0","0","","0","0","0","","","0","","2","","40 23:43.000","","0","79 59:51.058","0","0","0","0","2301","0","0","0","N","0","0","0","2","02301","0","","1.0","","1","Y","N","","0","","0","0","0","","0","","","2","0","0","0","0","0","0","2","0","2","","","","N","","","","","","","","","",""
"2006115542","","2","0","0","0","0","0","0","0","0","4","0","","02","10","2006","2","40.4389","-80.0153","","11","0","0","0","0","0","0","0","0","","0","0","0","","","0","","6","","40 26:20.040","","2","80 00:55.080","0","0","0","0","2301","0","0","0","N","0","0","0","2","02301","0","","1.0","","1","N","N","","0","","0","0","0","","0","","","2","0","0","0","0","0","0","2","0","2","","","","N","","","","","","","","","",""
"2006115543","","1","0","0","0","0","0","0","0","0","4","0","","02","11","2006","4","40.385033","-79.993596","","11","0","1","0","0","0","1","0","0","","0","0","0","","","0","","1","","40 23:06.118","","0","79 59:36.945","0","0","0","0","2301","0","0","0","N","0","0","0","8","02301","0","","1.0","","9","N","N","","0","","0","0","2","","0","","","3","0","0","0","0","0","0","2","0","3","","","","N","","","","","","","","","",""
"2006115546","","1","0","0","0","0","0","0","0","0","7","0","","02","10","2006","3","40.44803","-79.988697","","11","0","0","0","0","0","0","0","0","","0","0","0","","","1","","2","","40 26:52.908","","0","79 59:19.308","4","0","0","0","2301","0","0","0","N","0","0","0","2","02301","1","","5.0","","9","N","N","","0","","0","0","0","","0","","","2","1","0","0","0","0","0","2","0","1","","","","N","","","","","","","","","",""
"2006115547","","1","0","0","0","0","0","0","0","0","1","0","","02","10","2006","7","40.434","-79.9959","","11","0","0","0","0","0","1","0","0","","0","0","0","","","0","","0","","40 26:02.400","","0","79 59:45.240","0","0","0","0","2301","0","0","0","","0","0","0","2","02301","0","","1.0","","1","N","N","","1","","0","0","0","","0","","","3","0","0","0","0","0","0","2","0","2","","","","N","","","","","","","","","",""
"2006115680","","0","0","0","0","0","0","0","0","0","1","0","","02","10","2006","3","40.338039","-79.826168","","11","0","0","0","0","0","0","1","0","","0","0","0","","","1","","0","","40 20:16.942","","0","79 49:34.206","4","0","0","0","2304","0","0","0","N","0","0","0","2","02304","1","","1.0","","9","N","N","","2","","0","0","0","","0","","","2","1","0","0","0","0","0","2","0","2","","","","N","","","","","","","","","",""
"2006115681","","1","0","0","0","0","0","0","0","0","2","0","","02","10","2006","1","40.356033","-79.834044","","11","0","0","1","0","0","0","0","0","1","0","0","0","","","1","","0","","40 21:21.719","6","0","79 50:02.558","8","0","0","0","2304","0","0","0","N","0","0","0","4","02304","0","","1.0","","1","N","N","","1","","0","0","0","","0","N","","2","1","0","0","0","1","0","2","0","2","","","","N","","","","","","","","","",""
"2006115682","","1","0","0","0","0","0","0","0","0","4","0","","02","10","2006","5","40.345979","-79.831271","","11","0","1","0","0","0","0","0","0","","0","0","0","","","0","","0","","40 20:45.523","","0","79 49:52.576","0","0","0","0","2304","0","0","0","N","0","0","0","2","02304","0","","1.0","","1","N","N","","0","","0","0","1","","0","","","2","0","0","0","0","0","0","2","0","2","","","","N","","","","","","","","","",""
"2006115800","","1","0","0","0","0","0","0","0","0","7","0","","02","10","2006","1","40.434167","-80.050252","","11","0","0","0","0","0","0","0","0","","0","0","0","","","0","","2","","40 26:03.000","","0","80 03:00.907","0","0","0","0","2301","0","0","0","N","0","0","0","2","02301","0","","5.0","","9","N","N","","0","","0","0","0","","0","","","2","0","0","0","0","0","0","2","1","2","","","","N","","","","","","","","","",""
"2006115801","","3","0","0","0","0","0","0","0","0","1","0","","02","10","2006","3","40.4541","-79.9972","","11","0","1","0","0","0","0","0","0","","0","0","0","","","0","","0","","40 27:14.760","","0","79 59:49.920","0","0","0","0","2301","0","0","0","N","0","0","0","4","02301","0","","1.0","","9","N","N","","0","","0","0","0","","0","","","3","0","0","0","0","0","0","2","0","3","","","","N","","","","","","","","","",""
"2006115802","","0","0","0","0","0","0","0","0","0","4","0","","02","11","2006","4","40.4637","-80.0285","","11","0","0","0","0","0","0","0","0","","0","0","0","","","1","","6","","40 27:49.320","","2","80 01:42.600","4","0","0","0","2301","0","0","0","N","0","0","0","2","02301","1","","7.0","","9","N","N","","1","","0","0","1","","8","","","2","1","0","0","0","0","0","2","0","2","","","","N","","","","","","","","","",""
"2006115803","","1","0","0","0","0","0","0","0","0","4","0","","02","10","2006","1","40.478889","-80.043019","","11","0","0","0","0","0","1","0","0","2","0","0","0","","","1","","1","","40 28:44.000","1","0","80 02:34.869","8","0","0","0","2301","0","0","0","N","0","0","0","2","02301","0","","1.0","","1","N","N","","1","","0","0","0","","2","N","","2","1","0","0","0","1","0","2","0","2","","","","N","","","","","","","","","",""
"2006115804","","0","0","0","0","0","0","0","0","0","7","0","","02","10","2006","3","","","","11","0","0","0","0","0","0","0","0","","0","0","0","","","0","","7","","40 29:09.60","","2","80 00:32.40","0","0","0","0","2301","0","0","0","N","0","0","0","2","02301","0","","2.0","","9","N","N","","1","","0","0","0","","0","","","1","0","0","0","0","0","0","2","0","1","","","","N","","","","","","","","","",""
"2006115805","","1","0","0","0","0","0","0","0","0","99","0","","02","10","2006","3","40.429167","-79.999048","","11","0","0","0","0","0","0","0","0","","0","0","0","","","0","","0","","40 25:45.000","","3","79 59:56.574","0","0","0","0","2301","0","0","0","N","0","0","0","4","02301","0","","1.0","","1","N","N","","1","","0","0","0","","2","","","2","0","0","0","0","0","0","2","0","2","","","","N","","","","","","","","","",""
"2006115806","","1","0","0","0","0","0","0","0","0","4","0","","02","10","2006","7","40.436075","-80.033762","","11","1","0","0","0","0","0","0","0","1","0","0","0","","","0","","2","","40 26:09.870","1","0","80 02:01.543","0","0","0","0","2301","0","0","0","N","0","0","0","3","02301","0","","1.0","","1","N","N","","0","","0","0","0","","2","N","","2","0","0","0","0","0","0","2","1","2","","","","N","","","","","","","","","",""
"2006115807","","1","0","0","0","0","0","0","0","0","7","0","","02","10","2006","2","40.467901","-79.907179","","11","0","0","0","0","0","0","0","0","","0","0","0","","","0","","2","","40 28:04.443","","0","79 54:25.844","9","0","0","0","2301","0","0","0","N","0","0","0","1","02301","0","","5.0","","1","N","N","","0","","0","0","0","","0","","","1","0","0","0","0","0","1","2","0","1","","","","N","","","","","","","","","",""
"2006115808","","1","0","0","0","0","0","0","0","0","7","0","","02","10","2006","7","40.459778","-79.896557","","11","0","0","0","0","0","0","0","0","","0","0","0","","","0","","0","","40 27:35.200","","0","79 53:47.605","9","0","0","0","2301","0","0","0","N","0","0","0","2","02301","0","","5.0","","1","N","N","","0","","0","0","0","","3","","","1","0","0","0","0","0","2","2","0","1","","","","N","","","","","","","","","",""
"2006115827","","0","0","0","0","0","0","0","0","0","7","0","","02","10","2006","3","40.568611","-80.005092","","11","0","0","0","0","0","0","0","0","1","0","0","0","","","1","","0","","40 34:07.000","1","0","80 00:18.331","4","0","0","0","2108","0","0","0","N","0","0","0","1","02108","1","","4.0","","1","N","Y","","0","","0","0","1","","0","N","","1","1","0","0","0","0","0","2","0","1","","","","N","","","","","","","","","",""
"2006115831","","1","0","0","0","0","0","0","0","0","8","0","","02","8","2006","1","40.597386","-79.911369","","11","0","0","0","0","0","0","0","0","","0","0","0","","","1","","0","","40 35:50.589","","7","79 54:40.928","8","0","0","0","2220","1","0","0","N","1","0","0","2","02220","0","","6.0","","1","N","N","","0","","0","0","0","","0","","","2","1","1","0","0","1","0","2","0","1","","","","N","","","","","","","","","",""
"2006115833","","0","0","0","0","0","0","0","0","0","7","0","","02","9","2006","1","40.618771","-79.908062","","11","0","0","0","0","0","0","0","0","3","0","0","0","","","0","","2","","40 37:07.575","6","0","79 54:29.024","0","0","0","0","2220","0","0","0","N","0","0","0","1","02220","0","","5.0","","1","N","N","","1","","0","0","0","","0","Y","","1","0","0","0","0","0","0","2","0","1","","","","N","","","","","","","","","",""
"2006115834","","1","0","0","0","0","0","0","0","0","7","0","","02","9","2006","3","40.6275","-79.8299","","11","0","0","0","0","0","0","0","0","2","0","0","0","","","0","","0","","40 37:39.000","4","0","79 49:47.640","0","0","0","0","2220","0","0","0","N","0","0","0","1","02220","0","","5.0","","1","N","N","","0","","0","0","0","","0","N","","1","0","0","0","0","0","0","1","0","1","","","","N","","","","","","","","","",""
"2006115838","","1","0","0","0","0","0","0","0","0","4","0","","02","11","2006","4","40.388056","-80.089932","","11","0","0","0","0","0","0","0","0","","0","0","0","","","0","","1","","40 23:17.000","","0","80 05:23.754","0","0","0","0","2437","0","0","0","N","0","0","0","2","02437","0","","1.0","","9","N","N","","0","","0","0","1","","2","","","2","0","0","0","0","0","0","2","0","2","","","","N","","","","","","","","","",""
"2006115860","","2","0","0","0","0","0","0","0","0","2","0","","02","10","2006","3","40.379444","-79.925521","","11","0","0","0","0","0","0","0","0","2","0","0","0","","","1","","2","","40 22:46.000","4","0","79 55:31.877","8","0","0","0","2301","0","0","0","N","0","0","0","2","02301","0","","1.0","","9","N","N","","0","","0","0","0","","2","N","","2","1","0","0","0","1","0","2","0","2","","","","N","","","","","","","","","",""
"2006115864","","1","0","0","0","0","0","0","0","0","4","0","","02","10","2006","2","40.45041","-79.948748","","11","0","0","0","0","0","0","0","1","1","0","0","0","","","0","","1","","40 27:01.476","6","0","79 56:55.492","0","0","0","0","2301","0","0","0","N","0","0","0","3","02301","0","","1.0","","1","N","N","","0","","0","0","1","","2","N","","2","0","0","0","0","0","0","2","0","2","","","","N","","","","","","","","","",""
"2006115919","","1","0","0","0","0","0","0","0","0","4","0","","02","10","2006","6","40.401784","-79.780221","","11","0","0","0","0","0","1","0","0","","0","0","0","","","1","","1","","40 24:06.422","","7","79 46:48.794","8","0","0","0","2453","0","0","0","N","0","0","0","2","02453","0","","1.0","","1","N","N","","1","","0","0","0","","0","","","2","1","0","0","0","1","0","2","0","2","","","","N","","","","","","","","","",""
"2006115921","","1","0","0","0","0","0","0","0","0","7","0","","02","10","2006","6","40.45514","-80.191962","","11","0","0","0","0","0","0","0","0","1","0","0","0","","","1","","2","","40 27:18.504","4","0","80 11:31.063","4","0","0","0","2214","0","0","0","N","0","0","0","1","02214","1","","4.0","","9","N","N","","0","","0","0","0","","0","N","","1","1","0","0","0","0","0","2","0","1","","","","N","","","","","","","","","",""
"2006115922","","2","0","0","0","0","0","0","0","0","5","0","","02","10","2006","7","40.452222","-80.193445","","11","0","0","1","0","0","0","0","0","","0","0","0","","","0","","0","","40 27:07.999","","0","80 11:36.402","0","0","0","0","2214","0","0","0","N","0","0","0","2","02214","0","","1.0","","9","N","N","","0","","0","0","0","","0","","","2","0","0","0","0","0","0","2","0","2","","","","N","","","","","","","","","",""
"2006115923","","1","0","0","0","0","0","0","0","0","4","0","","02","10","2006","5","40.448105","-80.181274","","11","0","0","0","0","0","0","0","0","","0","0","0","","","0","","1","","40 26:53.178","","0","80 10:52.586","0","0","0","0","2214","0","0","0","N","0","0","0","2","02214","0","","1.0","","9","N","N","","0","","0","0","1","","2","","","2","0","0","0","0","0","0","2","0","2","","","","N","","","","","","","","","",""
"2006115936","","2","0","0","0","0","0","0","0","0","4","0","","02","10","2006","2","40.56124","-79.999326","","11","0","0","0","0","0","0","0","0","","0","0","0","","","0","","1","","40 33:40.464","","0","79 59:57.573","0","0","0","0","2108","0","0","0","N","0","0","0","2","02108","0","","1.0","","1","N","N","","0","","0","0","0","","2","","","2","0","0","0","0","0","0","2","0","2","","","","N","","","","","","","","","",""
"2006115937","","0","0","0","0","0","0","0","0","0","7","0","","02","10","2006","6","40.558056","-80.023334","","11","0","0","0","0","0","0","0","1","2","0","0","0","","","0","","1","","40 33:29.000","1","0","80 01:24.001","0","0","0","0","2108","0","0","0","N","0","0","0","1","02108","0","","3.0","","9","N","N","","1","","0","0","0","","2","Y","","1","0","0","0","0","0","0","2","0","1","","","","N","","","","","","","","","",""
"2006115938","","1","0","0","0","0","0","0","0","0","7","0","","02","10","2006","3","40.566055","-79.998807","","11","0","0","0","0","0","0","0","0","","0","0","0","","","1","","1","","40 33:57.797","","0","79 59:55.705","4","0","0","0","2108","0","0","0","N","0","0","0","1","02108","1","","5.0","","1","N","N","","0","","0","0","0","","0","","","1","1","0","0","0","0","0","2","0","1","","","","N","","","","","","","","","",""
"2006115939","","0","0","0","0","0","0","0","0","0","4","0","","02","10","2006","2","40.605","-80.051074","","11","0","0","0","0","0","0","0","0","","0","0","0","","","1","","0","","40 36:18.000","","0","80 03:03.865","8","0","0","0","2108","0","0","0","N","0","0","0","3","02108","0","","1.0","","1","N","N","","1","","0","0","1","","0","","","2","1","0","0","0","1","0","2","0","2","","","","N","","","","","","","","","",""
"2006115940","","2","0","0","0","0","0","0","0","0","4","0","","02","10","2006","3","40.594444","-79.993539","","11","0","0","0","0","0","0","0","0","","0","0","0","","","1","","0","","40 35:40.000","","0","79 59:36.742","4","0","0","0","2108","0","0","0","N","0","0","0","2","02108","1","","1.0","","9","N","N","","0","","0","0","0","","0","","","2","1","0","0","0","0","0","2","0","2","","","","N","","","","","","","","","",""
"2006115941","","1","0","0","0","0","0","0","0","0","2","0","","02","10","2006","5","40.573611","-79.992623","","11","0","0","0","0","0","1","0","0","1","0","0","0","","","2","","0","","40 34:25.000","5","0","79 59:33.442","3","0","0","0","2108","0","0","0","N","0","0","0","3","02108","1","","1.0","","1","N","N","","1","","1","0","0","","0","N","","3","2","1","0","0","0","0","2","1","3","","","","N","","","","","","","","","",""
"2006115942","","1","0","0","0","0","0","0","0","0","1","0","","02","10","2006","6","40.571667","-80.036983","","11","0","0","0","0","1","0","0","0","1","0","0","0","","","0","","5","","40 34:18.000","4","0","80 02:13.140","0","0","0","0","2108","0","0","0","N","0","0","0","5","02108","0","","1.0","","9","N","N","","0","","0","0","1","","3","N","","2","0","0","0","0","0","0","2","0","2","","","","N","","","","","","","","","",""
"2006115943","","1","0","0","0","0","0","0","0","0","5","0","","02","10","2006","4","40.593611","-80.062706","","11","0","0","0","0","0","1","0","0","","0","0","0","","","0","","0","","40 35:37.000","","0","80 03:45.742","0","0","0","0","2108","0","0","0","N","0","0","0","2","02108","0","","1.0","","1","N","N","","1","","0","0","0","","0","","","2","0","0","0","0","0","0","2","0","2","","","","N","","","","","","","","","",""
"2006115967","","2","0","0","0","0","0","0","0","0","4","0","","02","10","2006","4","40.349722","-79.893707","","11","0","0","0","0","0","1","0","0","","0","0","0","","","1","","2","","40 20:59.000","","0","79 53:37.345","8","0","0","0","2423","0","0","0","N","0","0","0","3","02423","0","","1.0","","1","N","N","","0","","0","0","0","","3","","","2","1","0","0","0","1","0","2","0","2","","","","N","","","","","","","","","",""
"2006115968","","1","0","0","0","0","0","0","0","0","7","0","","02","10","2006","4","40.328338","-79.833775","","11","1","0","0","0","0","0","0","0","","0","0","0","","","0","","2","","40 19:42.016","","0","79 50:01.590","0","0","0","0","2304","0","0","0","N","0","0","0","4","02304","0","","5.0","","1","N","N","","0","","0","0","0","","0","","","1","0","0","0","0","0","0","2","0","1","","","","N","","","","","","","","","",""
"2006115969","","2","0","0","0","0","0","0","0","0","1","0","","02","10","2006","7","40.356054","-79.899284","","11","0","0","0","0","0","0","0","0","2","0","0","0","","","1","","0","","40 21:21.793","3","0","79 53:57.421","8","0","0","0","2423","0","0","0","N","0","0","0","5","02304","0","","1.0","","1","N","N","","0","","0","0","0","","2","N","","2","1","0","0","0","1","0","2","0","2","","","","N","","","","","","","","","",""
"2006115970","","1","0","0","0","0","0","0","0","0","7","0","","02","10","2006","1","40.328333","-79.840949","","11","0","0","0","0","1","0","0","0","3","0","0","0","","","2","","2","","40 19:42.000","7","0","79 50:27.417","4","0","0","0","2304","0","0","0","N","0","0","0","2","02304","2","","5.0","","1","N","N","","0","","0","0","0","","0","Y","","1","2","2","0","0","0","0","2","0","1","","","","N","","","","","","","","","",""