"CRN","ARRIVAL_TM","AUTOMOBILE_COUNT","BELTED_DEATH_COUNT","BELTED_SUSP_SERIOUS_INJ_COUNT","BICYCLE_COUNT","BICYCLE_DEATH_COUNT","BICYCLE_SUSP_SERIOUS_INJ_COUNT","BUS_COUNT","CHLDPAS_DEATH_COUNT","CHLDPAS_SUSP_SERIOUS_INJ_COUNT","COLLISION_TYPE","COMM_VEH_COUNT","CONS_ZONE_SPD_LIM","COUNTY","CRASH_MONTH","CRASH_YEAR","DAY_OF_WEEK","DEC_LATITUDE","DEC_LONGITUDE","DISPATCH_TM","DISTRICT","DRIVER_COUNT_16YR","DRIVER_COUNT_17YR","DRIVER_COUNT_18YR","DRIVER_COUNT_19YR","DRIVER_COUNT_20YR","DRIVER_COUNT_50_64YR","DRIVER_COUNT_65_74YR","DRIVER_COUNT_75PLUS","EST_HRS_CLOSED","FATAL_COUNT","HEAVY_TRUCK_COUNT","HORSE_BUGGY_COUNT","HOUR_OF_DAY","ILLUMINATION","INJURY_COUNT","INTERSECTION_RELATED","INTERSECT_TYPE","LANE_CLOSED","LATITUDE","LN_CLOSE_DIR","LOCATION_TYPE","LONGITUDE","MAX_SEVERITY_LEVEL","MCYCLE_DEATH_COUNT","MCYCLE_SUSP_SERIOUS_INJ_COUNT","MOTORCYCLE_COUNT","MUNICIPALITY","NONMOTR_COUNT","NONMOTR_DEATH_COUNT","NONMOTR_SUSP_SERIOUS_INJ_COUNT","NTFY_HIWY_MAINT","PED_COUNT","PED_DEATH_COUNT","PED_SUSP_SERIOUS_INJ_COUNT","PERSON_COUNT","POLICE_AGCY","POSSIBLE_INJ_COUNT","RDWY_SURF_TYPE_CD","RELATION_TO_ROAD","ROADWAY_CLEARED","ROAD_CONDITION","SCH_BUS_IND","SCH_ZONE_IND","SECONDARY_CRASH","SMALL_TRUCK_COUNT","SPEC_JURIS_CD","SUSP_MINOR_INJ_COUNT","SUSP_SERIOUS_INJ_COUNT","SUV_COUNT","TCD_FUNC_CD","TCD_TYPE","TFC_DETOUR_IND","TIME_OF_DAY","TOTAL_UNITS","TOT_INJ_COUNT","UNBELTED_OCC_COUNT","UNB_DEATH_COUNT","UNB_SUSP_SERIOUS_INJ_COUNT","UNK_INJ_DEG_COUNT","UNK_INJ_PER_COUNT","URBAN_RURAL","VAN_COUNT","VEHICLE_COUNT","WEATHER1","WEATHER2","WORKERS_PRES","WORK_ZONE_IND","WORK_ZONE_LOC","WORK_ZONE_TYPE","WZ_CLOSE_DETOUR","WZ_FLAGGER","WZ_LAW_OFFCR_IND","WZ_LN_CLOSURE","WZ_MOVING","WZ_OTHER","WZ_SHLDER_MDN","WZ_WORKERS_INJ_KILLED"
"2006118782","","1","0","0","1","0","0","0","0","0","8","0","","02","11","2006","4","40.48486","-79.908531","1243","11","0","0","0","0","0","0","0","0","2","0","0","0","","","1","","0","","40 29:05.496","5","0","79 54:30.710","8","0","0","0","2301","1","0","0","N","0","0","0","2","02301","0","","1.0","","1","N","N","","0","","0","0","0","","0","N","","2","1","0","0","0","1","0","2","0","1","","","","N","","","","","","","","","",""
"2006118786","","2","0","0","0","0","0","0","0","0","99","0","","02","10","2006","5","40.455997","-79.938319","1738","11","0","0","0","0","1","0","1","0","","0","0","0","","","0","","0","","40 27:21.589","","0","79 56:17.948","0","0","0","0","2301","0","0","0","N","0","0","0","2","02301","0","","1.0","","1","N","N","","0","","0","0","0","","0","","","2","0","0","0","0","0","0","2","0","2","","","","N","","","","","","","","","",""
"2006118803","","2","0","0","0","0","0","0","0","0","2","0","","02","10","2006","2","40.354444","-80.050115","2053","11","0","0","0","0","1","0","0","0","2","0","0","0","","","2","","0","","40 21:16.000","1","0","80 03:00.413","4","0","0","0","2109","0","0","0","N","0","0","0","3","02109","1","","1.0","","1","N","N","","0","","0","0","0","","2","N","","2","2","0","0","0","1","0","2","0","2","","","","N","","","","","","","","","",""
"2006118810","","0","0","0","0","0","0","0","0","0","99","0","","02","10","2006","7","40.440556","-80.111426","1624","11","0","0","0","0","0","0","0","0","","0","0","0","","","1","","0","","40 26:26.000","","0","80 06:41.135","4","0","0","1","2115","0","0","0","N","0","0","0","1","68B03","1","","1.0","","9","N","N","","0","","0","0","0","","0","","","1","1","0","0","0","0","0","2","0","1","","","","N","","","","","","","","","",""
"2006118824","","2","0","0","0","0","0","0","0","0","1","0","","02","11","2006","3","40.616944","-80.089444","1813","11","0","0","0","0","0","1","0","0","1","0","0","0","","","0","","2","","40 37:01.000","3","0","80 05:21.998","0","0","0","0","2212","0","0","0","N","0","0","0","2","02505","0","","1.0","","1","N","N","","0","","0","0","0","","0","Y","","2","0","0","0","0","0","0","2","0","2","","","","N","","","","","","","","","",""
"2006118825","","0","0","0","0","0","0","0","0","0","7","0","","02","11","2006","2","40.648889","-79.797892","9999","11","0","0","0","0","0","0","0","0","","0","0","0","","","0","","2","","40 38:56.000","","2","79 47:52.411","0","0","0","0","2202","0","0","0","N","0","0","0","1","02202","0","","3.0","","1","N","N","","0","","0","0","0","","3","","","2","0","0","0","0","0","0","1","1","1","","","","N","","","","","","","","","",""
"2006118828","","1","0","0","0","0","0","0","0","0","7","0","","02","11","2006","2","40.505","-80.272036","0637","11","0","0","0","0","0","0","0","0","","0","0","0","","","0","","0","","40 30:18.000","","0","80 16:19.329","0","0","0","0","2203","0","0","0","N","0","0","0","1","02203","0","","2.0","","2","N","N","","0","","0","0","0","","0","","","1","0","0","0","0","0","0","2","0","1","","","","N","","","","","","","","","",""
"2006118835","","1","0","0","0","0","0","0","0","0","7","0","","02","10","2006","2","40.341944","-80.170516","2335","11","0","0","0","0","0","0","0","0","1","0","0","0","","","0","","0","","40 20:31.000","4","0","80 10:13.859","0","0","0","0","2119","0","0","0","N","0","0","0","2","02119","0","","3.0","","1","N","N","","0","","0","0","0","","0","N","","1","0","0","0","0","0","0","2","0","1","","","","N","","","","","","","","","",""
"2006118837","","1","0","0","0","0","0","0","0","0","7","0","","02","11","2006","3","40.478944","-79.915917","0217","11","0","0","0","0","0","0","0","0","","0","0","0","","","1","","0","","40 28:44.200","","0","79 54:57.300","8","0","0","0","2301","0","0","0","N","0","0","0","1","02301","0","","4.0","","9","N","N","","0","","0","0","0","","8","","","1","1","1","0","0","1","0","2","0","1","","","","N","","","","","","","","","",""
"2006118838","","1","0","0","0","0","0","0","0","0","1","1","","02","11","2006","4","40.425833","-80.019893","1521","11","0","0","0","0","1","1","0","0","","0","1","0","","","1","","1","","40 25:33.000","","0","80 01:11.613","8","0","0","0","2301","0","0","0","N","0","0","0","2","02301","0","","1.0","","9","N","N","","0","","0","0","0","","2","","","2","1","0","0","0","1","0","2","0","2","","","","N","","","","","","","","","",""
"2006118839","","1","0","0","0","0","0","0","0","0","7","0","","02","11","2006","4","40.453019","-80.039479","0233","11","0","0","0","0","0","0","0","0","","0","0","0","","","0","","0","","40 27:10.868","","0","80 02:22.125","9","0","0","0","2301","0","0","0","N","0","0","0","1","02301","0","","4.0","","1","N","N","","0","","0","0","0","","0","","","1","0","0","0","0","0","1","2","0","1","","","","N","","","","","","","","","",""
"2006118840","","2","0","0","0","0","0","0","0","0","1","0","","02","11","2006","4","40.428746","-79.986636","1630","11","0","0","0","0","0","0","0","0","","0","0","0","","","1","","0","","40 25:43.485","","0","79 59:11.888","4","0","0","0","2301","0","0","0","N","0","0","0","4","02301","1","","7.0","","1","Y","N","","0","","0","0","0","","0","","","3","1","0","0","0","0","0","2","1","3","","","","N","","","","","","","","","",""
"2006118841","","2","0","0","0","0","0","0","0","0","1","0","","02","11","2006","4","40.438559","-80.014703","1946","11","0","0","0","0","0","1","0","0","","0","0","0","","","1","","0","","40 26:18.814","","0","80 00:52.932","3","0","0","0","2301","0","0","0","N","0","0","0","2","02301","0","","1.0","","9","N","N","","0","","1","0","0","","2","","","2","1","0","0","0","0","1","2","0","2","","","","N","","","","","","","","","",""
"2006118842","","2","0","0","0","0","0","0","0","0","1","0","","02","11","2006","3","40.382222","-79.995888","1100","11","0","0","0","0","0","1","0","0","","0","0","0","","","1","","1","","40 22:56.000","","0","79 59:45.195","4","0","0","0","2301","0","0","0","N","0","0","0","2","02301","1","","1.0","","9","N","N","","0","","0","0","0","","2","","","2","1","0","0","0","0","0","2","0","2","","","","N","","","","","","","","","",""
"2006118844","","1","0","0","0","0","0","0","0","0","7","0","","02","10","2006","1","40.5436","-79.8234","1302","11","0","0","1","0","0","0","0","0","","0","0","0","","","1","","7","","40 32:36.960","","2","79 49:24.240","4","0","0","0","2208","0","0","0","N","0","0","0","2","68T02","1","","4.0","","1","N","N","","0","","0","0","0","","8","","","1","1","0","0","0","0","0","2","0","1","","","","N","","","","","","","","","",""
"2006118937","","0","0","0","0","0","0","0","0","0","7","0","","02","11","2006","3","40.277778","-79.874161","1130","11","0","0","0","0","0","0","0","0","","0","0","0","","","0","","0","","40 16:40.000","","0","79 52:26.980","0","0","0","0","2443","0","0","0","N","0","0","0","1","02443","0","","2.0","","1","N","N","","1","","0","0","0","","0","","","1","0","0","0","0","0","0","1","0","1","","","","N","","","","","","","","","",""
"2006118938","","0","0","0","0","0","0","0","0","0","0","0","","02","11","2006","7","40.278611","-79.875329","0854","11","0","0","0","0","1","0","0","0","","0","0","0","","","0","","2","","40 16:43.000","","0","79 52:31.186","0","0","0","0","2443","0","0","0","","0","0","0","1","02443","0","","5.0","","9","N","N","","0","","0","0","1","","0","","","1","0","0","0","0","0","0","1","0","1","","","","N","","","","","","","","","",""
"2006118965","","1","0","0","0","0","0","0","0","0","1","0","","02","10","2006","4","40.545","-79.8238","2018","11","0","0","0","0","0","0","0","0","2","0","0","0","","","2","","0","","40 32:42.000","3","3","79 49:25.680","3","0","0","0","2208","0","0","0","N","0","0","0","2","68T02","1","","2.0","","1","N","N","","0","","1","0","1","","8","N","","2","2","0","0","0","0","0","2","0","2","","","","N","","","","","","","","","",""
"2006118996","","1","0","0","0","0","0","0","0","0","7","0","","02","10","2006","6","40.5654","-79.8537","0645","11","0","0","0","0","0","0","0","0","1","0","0","0","","","0","","0","","40 33:55.440","3","0","79 51:13.320","0","0","0","0","2209","0","0","0","N","0","0","0","1","68T02","0","","4.0","","9","N","N","","0","","0","0","0","","0","N","","1","0","0","0","0","0","0","2","0","1","","","","N","","","","","","","","","",""
"2006119006","","2","0","0","0","0","0","0","0","0","7","0","","02","10","2006","3","40.4205","-79.7342","0720","11","0","0","0","0","0","0","0","0","3","0","0","0","","","2","","0","","40 25:13.800","4","0","79 44:03.120","8","0","0","0","2446","0","0","0","N","0","0","0","2","68T09","0","","5.0","","9","N","N","","0","","0","0","0","","0","N","","2","2","0","0","0","2","0","2","0","2","","","","N","","","","","","","","","",""
"2006119015","","0","0","0","0","0","0","0","0","0","2","0","","02","11","2006","3","","","1837","11","0","0","0","0","0","0","0","0","2","0","0","0","","","1","","2","","","7","3","","3","0","0","0","2104","0","0","0","N","0","0","0","3","02104","0","","1.0","","1","N","N","","2","","1","0","0","","2","N","","2","1","2","0","0","0","1","1","0","2","","","","N","","","","","","","","","",""
"2006119038","","2","0","0","0","0","0","0","0","0","1","0","","02","10","2006","7","40.356944","-80.120514","1125","11","0","0","0","0","0","1","0","1","","0","0","0","","","1","","1","","40 21:25.000","","0","80 07:13.849","8","0","0","0","2119","0","0","0","N","0","0","0","5","02119","0","","1.0","","1","N","N","","0","","0","0","0","","2","","","2","1","0","0","0","1","0","2","0","2","","","","N","","","","","","","","","",""
"2006119039","","1","0","0","0","0","0","0","0","0","4","0","","02","10","2006","3","40.356461","-80.120735","0025","11","0","0","1","0","0","0","0","0","","0","0","0","","","2","","0","","40 21:23.259","","0","80 07:14.646","4","0","0","0","2119","0","0","0","N","0","0","0","3","02119","2","","1.0","","9","N","N","","1","","0","0","0","","0","","","2","2","1","0","0","0","0","2","0","2","","","","N","","","","","","","","","",""
"2006119040","","1","0","0","0","0","0","0","0","0","7","0","","02","10","2006","5","40.3559","-80.1179","1605","11","0","0","0","0","0","0","0","0","","0","0","0","","","1","","0","","40 21:21.240","","0","80 07:04.440","8","0","0","0","2119","0","0","0","N","0","0","0","1","02119","0","","3.0","","9","N","N","","0","","0","0","0","","0","","","1","1","0","0","0","1","0","2","0","1","","","","N","","","","","","","","","",""
"2006119041","","1","0","0","0","0","0","0","0","0","7","0","","02","10","2006","3","40.319167","-80.117595","2015","11","0","0","0","0","1","0","0","0","","0","0","0","","","0","","1","","40 19:09.000","","0","80 07:03.342","0","0","0","0","2119","0","0","0","N","0","0","0","1","02119","0","","5.0","","1","N","N","","0","","0","0","0","","0","","","1","0","0","0","0","0","0","2","0","1","","","","N","","","","","","","","","",""
"2006119042","","0","0","0","0","0","0","0","0","0","7","0","","02","11","2006","5","40.369444","-80.189297","1300","11","0","0","0","0","0","0","0","0","","0","0","0","","","0","","0","","40 22:10.000","","0","80 11:21.470","0","0","0","0","2119","0","0","0","N","0","0","0","3","02119","0","","2.0","","1","N","N","","0","","0","0","0","","0","","","1","0","0","0","0","0","0","1","1","1","","","","N","","","","","","","","","",""
"2006119043","","1","0","0","0","0","0","0","0","0","7","0","","02","11","2006","4","40.3577","-80.1216","2050","11","0","0","0","0","1","0","0","0","","0","0","0","","","0","","0","","40 21:27.720","","0","80 07:17.760","0","0","0","0","2119","0","0","0","Y","0","0","0","1","02119","0","","3.0","","9","N","N","","0","","0","0","0","","0","","","1","0","0","0","0","0","0","2","0","1","","","","N","","","","","","","","","",""
"2006119060","","1","0","0","0","0","0","1","0","0","1","1","","02","11","2006","4","40.522327","-80.084116","1501","11","0","0","0","0","0","1","0","0","","0","0","0","","","0","","2","","40 31:20.377","","0","80 05:02.817","0","0","0","0","2211","0","0","0","N","0","0","0","3","02211","0","","1.0","","1","Y","N","","0","","0","0","0","","0","","","2","0","0","0","0","0","0","2","0","2","","","","N","","","","","","","","","",""
"2006119084","","1","0","0","0","0","0","0","0","0","7","0","","02","11","2006","5","40.4543","-80.0287","0151","11","0","0","0","0","0","0","0","0","","0","0","0","","","0","","0","","40 27:15.480","","0","80 01:43.320","0","0","0","0","2301","0","0","0","N","0","0","0","1","02301","0","","4.0","","9","N","N","","0","","0","0","0","","0","","","1","0","0","0","0","0","0","2","0","1","","","","N","","","","","","","","","",""
"2006119085","","1","0","0","0","0","0","0","0","0","5","1","","02","11","2006","4","40.453981","-80.014537","0929","11","0","0","0","0","0","0","0","0","","0","1","0","","","1","","1","","40 27:14.331","","0","80 00:52.333","8","0","0","0","2301","0","0","0","N","0","0","0","3","02301","0","","1.0","","1","N","N","","0","","0","0","0","","2","","","2","1","0","0","0","1","0","2","0","2","","","","N","","","","","","","","","",""
"2006119086","","2","0","0","0","0","0","0","0","0","1","0","","02","11","2006","2","40.4408","-80.0091","1012","11","0","0","0","0","0","0","1","0","","0","0","0","","","0","","2","","40 26:26.880","","2","80 00:32.760","0","0","0","0","2301","0","0","0","","0","0","0","4","02301","0","","7.0","","9","N","N","","0","","0","0","0","","2","","","2","0","0","0","0","0","0","2","0","2","","","","N","","","","","","","","","",""
"2006119087","","2","0","0","0","0","0","0","0","0","2","0","","02","11","2006","3","40.434391","-79.989782","1237","11","0","0","0","0","0","1","0","1","","0","0","0","","","1","","1","","40 26:03.808","","0","79 59:23.214","4","0","0","0","2301","0","0","0","N","0","0","0","2","02301","1","","1.0","","9","N","N","","0","","0","0","0","","2","","","2","1","0","0","0","0","0","2","0","2","","","","N","","","","","","","","","",""
"2006119088","","1","0","0","0","0","0","0","0","0","8","0","","02","11","2006","3","40.438041","-79.994066","1303","11","0","0","0","0","0","0","0","0","","0","0","0","","","1","","2","","40 26:16.948","","0","79 59:38.639","4","0","0","0","2301","1","0","0","N","1","0","0","2","02301","1","","1.0","","9","N","N","","0","","0","0","0","","2","","","2","1","1","0","0","0","0","2","0","1","","","","N","","","","","","","","","",""
"2006119089","","2","0","0","0","0","0","0","0","0","2","0","","02","11","2006","4","40.44632","-79.980353","1205","11","0","0","0","0","0","0","1","0","","0","0","0","","","1","","1","","40 26:46.752","","0","79 58:49.270","8","0","0","0","2301","0","0","0","N","0","0","0","4","02301","0","","1.0","","1","N","N","","0","","0","0","0","","0","","","2","1","0","0","0","1","0","2","0","2","","","","N","","","","","","","","","",""
"2006119090","","1","0","0","0","0","0","0","0","0","4","0","","02","11","2006","7","40.441056","-80.006785","1042","11","0","0","0","0","1","0","0","0","","0","0","0","","","0","","0","","40 26:27.803","","7","80 00:24.425","0","0","0","0","2301","0","0","0","N","0","0","0","2","02301","0","","1.0","","9","N","N","","0","","0","0","0","","0","","","2","0","0","0","0","0","0","2","1","2","","","","N","","","","","","","","","",""
"2006119091","","2","0","0","0","0","0","0","0","0","2","0","","02","11","2006","3","40.468944","-79.961068","2229","11","0","0","0","0","0","0","0","0","2","0","0","0","","","0","","1","","40 28:08.198","7","0","79 57:39.844","0","0","0","0","2301","0","0","0","N","0","0","0","3","02301","0","","1.0","","1","N","N","","1","","0","0","0","","0","Y","","3","0","0","0","0","0","0","2","0","3","","","","N","","","","","","","","","",""
"2006119092","","2","0","0","0","0","0","0","0","0","4","0","","02","11","2006","4","40.455157","-79.947729","1555","11","0","0","0","0","0","1","0","0","","0","0","0","","","1","","2","","40 27:18.565","","0","79 56:51.824","8","0","0","0","2301","0","0","0","N","0","0","0","2","02301","0","","1.0","","9","N","N","","0","","0","0","0","","3","","","2","1","0","0","0","1","0","2","0","2","","","","N","","","","","","","","","",""
"2006119093","","0","0","0","0","0","0","0","0","0","1","0","","02","11","2006","4","40.459167","-79.927433","1942","11","0","0","0","0","0","0","0","0","","0","1","0","","","0","","1","","40 27:33.000","","0","79 55:38.760","0","0","0","0","2301","0","0","0","N","0","0","0","1","02301","0","","1.0","","9","N","N","","0","","0","0","1","","0","","","2","0","0","0","0","0","0","2","0","2","","","","N","","","","","","","","","",""
"2006119094","","1","0","0","0","0","0","0","0","0","1","0","","02","11","2006","4","40.391175","-80.010325","0100","11","0","0","0","0","0","0","0","0","","0","0","0","","","1","","0","","40 23:28.230","","0","80 00:37.170","3","0","0","0","2301","0","0","0","N","0","0","0","1","02301","0","","6.0","","1","N","N","","1","","1","0","0","","0","","","2","1","1","0","0","0","0","2","0","2","","","","N","","","","","","","","","",""
"2006119111","","1","0","0","0","0","0","0","0","0","1","0","","02","9","2006","6","40.618611","-79.908119","1402","11","0","0","0","0","0","1","0","0","","0","0","0","","","0","","2","","40 37:07.000","","0","79 54:29.228","0","0","0","0","2220","0","0","0","N","0","0","0","4","02220","0","","1.0","","1","N","N","","0","","0","0","1","","0","","","2","0","0","0","0","0","0","2","0","2","","","","N","","","","","","","","","",""
"2006119112","","0","0","0","0","0","0","0","0","0","7","0","","02","10","2006","1","40.604","-79.8755","0332","11","0","0","0","0","0","0","0","0","2","0","0","0","","","1","","0","","40 36:14.400","6","0","79 52:31.800","3","0","0","0","2220","0","0","0","N","0","0","0","2","02220","0","","2.0","","1","N","N","","1","","1","0","0","","0","N","","1","1","2","0","0","0","0","1","0","1","","","","N","","","","","","","","","",""
"2006119114","","2","0","0","0","0","0","0","0","0","4","0","","02","10","2006","4","40.624722","-79.863828","0749","11","0","1","0","0","0","0","0","0","","0","0","0","","","0","","2","","40 37:29.000","","0","79 51:49.782","0","0","0","0","2220","0","0","0","N","0","0","0","2","02220","0","","1.0","","1","N","N","","0","","0","0","0","","0","","","2","0","2","0","0","0","0","2","0","2","","","","N","","","","","","","","","",""
"2006119154","","1","0","0","0","0","0","0","0","0","2","0","","02","11","2006","3","40.448413","-79.934205","2337","11","0","0","0","0","0","0","0","0","1","0","0","0","","","0","","1","","40 26:54.286","3","0","79 56:03.138","0","0","0","0","2301","0","0","0","N","0","0","0","3","02301","0","","1.0","","1","N","N","","0","","0","0","1","","1","N","","2","0","0","0","0","0","0","2","0","2","","","","N","","","","","","","","","",""
"2006119157","","1","0","0","0","0","0","0","0","0","0","0","","02","11","2006","3","40.444305","-79.950969","1653","11","0","0","0","0","0","0","0","0","","0","0","0","","","0","","0","","40 26:39.498","","0","79 57:03.487","0","0","0","0","2301","0","0","0","N","0","0","0","1","02301","0","","1.0","","1","N","N","","0","","0","0","0","","0","","","1","0","0","0","0","0","0","2","0","1","","","","N","","","","","","","","","",""
"2006119158","","2","0","0","0","0","0","0","0","0","4","0","","02","11","2006","2","40.430478","-79.919809","1715","11","0","0","0","0","0","0","0","0","","0","0","0","","","0","","0","","40 25:49.720","","0","79 55:11.312","0","0","0","0","2301","0","0","0","N","0","0","0","1","02301","0","","6.0","","1","N","N","","0","","0","0","0","","0","","","2","0","0","0","0","0","0","2","0","2","","","","N","","","","","","","","","",""
"2006119159","","1","0","0","0","0","0","0","0","0","7","0","","02","11","2006","4","40.488079","-79.924544","1448","11","0","0","0","0","0","1","0","0","","0","0","0","","","1","","3","","40 29:17.084","","0","79 55:28.358","8","0","0","0","2301","0","0","0","N","0","0","0","1","02301","0","","5.0","","1","N","N","","0","","0","0","0","","0","","","1","1","0","0","0","1","0","2","0","1","","","","N","","","","","","","","","",""
"2006119161","","2","0","0","0","0","0","0","0","0","2","0","","02","11","2006","3","40.435833","-79.964597","1850","11","0","0","0","0","0","1","1","0","","0","0","0","","","0","","1","","40 26:09.000","","0","79 57:52.549","0","0","0","0","2301","0","0","0","N","0","0","0","5","02301","0","","1.0","","1","N","N","","0","","0","0","0","","2","","","2","0","0","0","0","0","0","2","0","2","","","","N","","","","","","","","","",""
"2006119162","","0","0","0","0","0","0","0","0","0","7","0","","02","11","2006","4","40.416338","-79.93999","0432","11","0","0","0","0","0","0","0","0","","0","0","0","","","1","","0","","40 24:58.816","","0","79 56:23.964","8","0","0","0","2301","0","0","0","N","0","0","0","1","02301","0","","5.0","","1","N","N","","0","","0","0","1","","0","","","1","1","1","0","0","1","0","2","0","1","","","","N","","","","","","","","","",""
"2006119163","","1","0","0","0","0","0","0","0","0","7","0","","02","11","2006","4","40.4289","-79.9251","0942","11","0","0","0","0","0","0","0","0","","0","0","0","","","0","","7","","40 25:44.040","","2","79 55:30.360","0","0","0","0","2301","0","0","0","N","0","0","0","1","02301","0","","7.0","","3","N","N","","0","","0","0","0","","0","","","1","0","0","0","0","0","0","2","0","1","","","","N","","","","","","","","","",""
"2006119164","","1","0","0","1","0","0","0","0","0","8","0","","02","11","2006","6","40.444011","-79.950159","1936","11","0","0","0","0","0","0","0","0","1","0","0","0","","","1","","2","","40 26:38.439","5","0","79 57:00.573","4","0","0","0","2301","1","0","0","N","0","0","0","2","02301","1","","1.0","","1","N","N","","0","","0","0","0","","0","Y","","2","1","0","0","0","0","0","2","0","1","","","","N","","","","","","","","","",""
"2006119168","","2","0","0","0","0","0","0","0","0","1","0","","02","11","2006","4","40.562765","-80.204291","1535","11","0","0","0","0","0","0","0","0","1","0","0","0","","","0","","2","","40 33:45.954","1","0","80 12:15.447","0","0","0","0","2441","0","0","0","N","0","0","0","2","02441","0","","1.0","","9","","N","","0","","0","0","0","","0","N","","2","0","0","0","0","0","0","2","0","2","","","","N","","","","","","","","","",""
"2006119196","","1","0","0","0","0","0","0","0","0","1","0","","02","11","2006","3","40.5005","-80.0122","2345","11","0","0","0","0","0","0","0","0","1","0","0","0","","","1","","0","","40 30:01.800","2","0","80 00:43.920","4","0","0","1","2116","0","0","0","N","0","0","0","2","02116","1","","1.0","","1","N","N","","0","","0","0","0","","0","N","","2","1","0","0","0","0","1","2","0","2","","","","N","","","","","","","","","",""
"2006119211","","1","0","0","0","0","0","0","0","0","7","0","","02","10","2006","7","40.445714","-80.211805","0919","11","0","0","0","0","0","0","0","0","2","0","0","0","","","0","","0","","40 26:44.572","1","0","80 12:42.498","0","0","0","0","2214","0","0","0","N","0","0","0","1","02214","0","","4.0","","9","N","N","","0","","0","0","0","","0","N","","1","0","1","0","0","0","0","2","0","1","","","","N","","","","","","","","","",""
"2006119254","","1","0","0","0","0","0","0","0","0","1","0","","02","10","2006","3","40.357222","-80.120819","1645","11","0","0","1","0","0","0","0","0","","0","0","0","","","0","","0","","40 21:26.000","","0","80 07:14.950","9","0","0","0","2119","0","0","0","N","0","0","0","2","02119","0","","1.0","","9","N","N","","0","","0","0","1","","2","","","2","0","0","0","0","0","1","2","0","2","","","","N","","","","","","","","","",""
"2006119255","","1","0","0","0","0","0","0","0","0","0","0","","02","10","2006","7","40.395166","-80.174628","0234","11","0","0","0","0","0","0","0","0","","0","0","0","","","0","","0","","40 23:42.599","","0","80 10:28.662","0","0","0","0","2119","0","0","0","N","0","0","0","1","02119","0","","2.0","","1","N","N","","0","","0","0","0","","0","","","1","0","0","0","0","0","0","1","0","1","","","","N","","","","","","","","","",""
"2006119266","","0","0","0","0","0","0","0","0","0","7","0","","02","11","2006","5","40.398186","-80.231434","2057","11","0","0","0","1","0","0","0","0","2","0","0","0","","","1","","0","","40 23:53.468","5","0","80 13:53.164","4","0","0","0","2214","0","0","0","N","0","0","0","2","02214","1","","2.0","","1","N","N","","1","","0","0","0","","0","Y","","1","1","1","0","0","0","0","1","0","1","","","","N","","","","","","","","","",""
"2006119299","","1","0","0","0","0","0","0","0","0","7","0","","02","9","2006","5","","","0928","11","0","0","0","0","0","0","0","0","","0","0","0","","","0","","0","","40 26:35.16","","0","79 50:20.40","9","0","0","0","2419","0","0","0","Y","0","0","0","1","68B03","0","","2.0","","9","N","N","","0","","0","0","0","","0","","","1","0","0","0","0","0","1","2","0","1","","","","N","","","","","","","","","",""
"2006119300","","1","0","0","0","0","0","0","0","0","7","0","","02","10","2006","6","","","0455","11","0","0","0","0","0","0","0","0","","0","0","0","","","0","","0","","40 26:29.76","","0","79 50:09.96","0","0","0","0","2419","0","0","0","N","0","0","0","1","68B03","0","","4.0","","9","N","N","","0","","0","0","0","","0","","","1","0","0","0","0","0","0","2","0","1","","","","N","","","","","","","","","",""
"2006119302","","2","0","0","0","0","0","0","0","0","7","1","","02","10","2006","3","","","0952","11","0","0","0","0","0","1","1","0","2","0","1","0","","","2","","0","","40 25:12.72","2","0","80 05:31.92","4","0","0","0","2457","0","0","0","N","0","0","0","4","68B03","2","","3.0","","9","N","N","","0","","0","0","0","","0","N","","3","2","1","0","0","0","0","2","0","3","","","","N","","","","","","","","","",""
"2006119303","","1","0","0","0","0","0","0","0","0","7","0","","02","10","2006","3","40.512778","-80.134883","0600","11","0","0","0","0","0","1","0","0","2","0","0","0","","","1","","0","","40 30:46.000","1","3","80 08:05.579","4","0","0","0","2110","0","0","0","N","0","0","0","1","68B03","1","","3.0","","9","N","N","","0","","0","0","0","","0","N","","1","1","0","0","0","0","0","2","0","1","","","","N","","","","","","","","","",""
"2006119319","","1","0","0","0","0","0","0","0","0","1","0","","02","11","2006","7","40.515898","-80.171687","1558","11","0","1","0","0","0","0","0","0","1","0","0","0","","","0","","1","","40 30:57.232","7","0","80 10:18.073","0","0","0","0","2420","0","0","0","N","0","0","0","3","02420","0","","1.0","","9","N","N","","1","","0","0","0","","0","Y","","2","0","0","0","0","0","0","2","0","2","","","","N","","","","","","","","","",""
"2006119327","","1","0","0","0","0","0","0","0","0","99","0","","02","10","2006","1","","","0405","11","0","0","0","0","0","0","0","0","","0","0","0","","","0","","0","","40 26:27.96","","0","79 50:08.16","0","0","0","0","2419","0","0","0","N","0","0","0","1","68B03","0","","1.0","","1","N","N","","0","","0","0","0","","0","","","1","0","0","0","0","0","0","2","0","1","","","","N","","","","","","","","","",""
"2006119328","","2","0","0","0","0","0","0","0","0","1","0","","02","10","2006","2","","","0036","11","0","0","0","0","0","0","0","1","3","0","0","0","","","6","","0","","40 26:08.16","4","3","79 59:55.68","3","0","0","0","2301","1","0","0","N","1","0","0","6","02301","2","","1.0","","1","N","N","","0","","4","0","0","","0","Y","","3","6","2","0","0","0","0","2","0","2","","","","N","","","","","","","","","",""