"CRN","ARRIVAL_TM","AUTOMOBILE_COUNT","BELTED_DEATH_COUNT","BELTED_SUSP_SERIOUS_INJ_COUNT","BICYCLE_COUNT","BICYCLE_DEATH_COUNT","BICYCLE_SUSP_SERIOUS_INJ_COUNT","BUS_COUNT","CHLDPAS_DEATH_COUNT","CHLDPAS_SUSP_SERIOUS_INJ_COUNT","COLLISION_TYPE","COMM_VEH_COUNT","CONS_ZONE_SPD_LIM","COUNTY","CRASH_MONTH","CRASH_YEAR","DAY_OF_WEEK","DEC_LATITUDE","DEC_LONGITUDE","DISPATCH_TM","DISTRICT","DRIVER_COUNT_16YR","DRIVER_COUNT_17YR","DRIVER_COUNT_18YR","DRIVER_COUNT_19YR","DRIVER_COUNT_20YR","DRIVER_COUNT_50_64YR","DRIVER_COUNT_65_74YR","DRIVER_COUNT_75PLUS","EST_HRS_CLOSED","FATAL_COUNT","HEAVY_TRUCK_COUNT","HORSE_BUGGY_COUNT","HOUR_OF_DAY","ILLUMINATION","INJURY_COUNT","INTERSECTION_RELATED","INTERSECT_TYPE","LANE_CLOSED","LATITUDE","LN_CLOSE_DIR","LOCATION_TYPE","LONGITUDE","MAX_SEVERITY_LEVEL","MCYCLE_DEATH_COUNT","MCYCLE_SUSP_SERIOUS_INJ_COUNT","MOTORCYCLE_COUNT","MUNICIPALITY","NONMOTR_COUNT","NONMOTR_DEATH_COUNT","NONMOTR_SUSP_SERIOUS_INJ_COUNT","NTFY_HIWY_MAINT","PED_COUNT","PED_DEATH_COUNT","PED_SUSP_SERIOUS_INJ_COUNT","PERSON_COUNT","POLICE_AGCY","POSSIBLE_INJ_COUNT","RDWY_SURF_TYPE_CD","RELATION_TO_ROAD","ROADWAY_CLEARED","ROAD_CONDITION","SCH_BUS_IND","SCH_ZONE_IND","SECONDARY_CRASH","SMALL_TRUCK_COUNT","SPEC_JURIS_CD","SUSP_MINOR_INJ_COUNT","SUSP_SERIOUS_INJ_COUNT","SUV_COUNT","TCD_FUNC_CD","TCD_TYPE","TFC_DETOUR_IND","TIME_OF_DAY","TOTAL_UNITS","TOT_INJ_COUNT","UNBELTED_OCC_COUNT","UNB_DEATH_COUNT","UNB_SUSP_SERIOUS_INJ_COUNT","UNK_INJ_DEG_COUNT","UNK_INJ_PER_COUNT","URBAN_RURAL","VAN_COUNT","VEHICLE_COUNT","WEATHER1","WEATHER2","WORKERS_PRES","WORK_ZONE_IND","WORK_ZONE_LOC","WORK_ZONE_TYPE","WZ_CLOSE_DETOUR","WZ_FLAGGER","WZ_LAW_OFFCR_IND","WZ_LN_CLOSURE","WZ_MOVING","WZ_OTHER","WZ_SHLDER_MDN","WZ_WORKERS_INJ_KILLED"
"2006119329","","0","0","0","0","0","0","0","0","0","0","1","","02","10","2006","1","40.507778","-80.136638","1533","11","0","0","0","0","0","1","0","0","","0","1","0","","","1","","0","","40 30:28.000","","0","80 08:11.895","4","0","0","0","2115","0","0","0","Y","0","0","0","1","68B03","1","","1.0","","1","N","N","","0","","0","0","0","","0","","","1","1","0","0","0","0","0","2","0","1","","","","N","","","","","","","","","",""
"2006119341","","1","0","0","0","0","0","0","0","0","6","0","","02","11","2006","3","40.415472","-79.882957","1030","11","0","0","0","0","0","1","0","0","","0","0","0","","","1","","2","","40 24:55.699","","0","79 52:58.645","2","0","0","0","2456","0","0","0","N","0","0","0","2","02456","0","","3.0","","9","N","N","","1","","0","1","0","","9","","","2","1","0","0","0","0","0","2","0","2","","","","N","","","","","","","","","",""
"2006119372","","1","0","0","0","0","0","0","0","0","7","0","","02","10","2006","3","40.4267","-80.106","1019","11","0","0","0","0","0","1","0","0","","0","0","0","","","0","","6","","40 25:36.120","","2","80 06:21.600","0","0","0","0","2115","0","0","0","Y","0","0","0","1","68B03","0","","4.0","","1","N","N","","0","","0","0","0","","4","","","1","0","0","0","0","0","0","2","0","1","","","","N","","","","","","","","","",""
"2006119379","","0","0","0","0","0","0","0","0","0","7","0","","02","10","2006","1","","","1750","11","0","0","0","0","0","0","0","0","","0","0","0","","","0","","0","","40 31:17.04","","0","80 03:55.08","9","0","0","0","2215","0","0","0","Y","0","0","0","1","68B03","0","","2.0","","1","N","N","","0","","0","0","0","","0","","","1","0","0","0","0","0","1","2","0","1","","","","N","","","","","","","","","",""
"2006119385","","2","0","0","0","0","0","0","0","0","4","0","","02","11","2006","3","40.454545","-79.921727","0744","11","0","1","0","0","0","0","0","0","","0","0","0","","","0","","1","","40 27:16.362","","0","79 55:18.217","0","0","0","0","2301","0","0","0","N","0","0","0","2","02301","0","","1.0","","1","N","N","","0","","0","0","0","","3","","","2","0","0","0","0","0","0","2","0","2","","","","N","","","","","","","","","",""
"2006119386","","2","0","0","0","0","0","0","0","0","4","0","","02","11","2006","4","40.432873","-79.936537","1745","11","0","0","0","0","0","1","0","0","","0","0","0","","","0","","1","","40 25:58.342","","0","79 56:11.533","0","0","0","0","2301","0","0","0","N","0","0","0","2","02301","0","","1.0","","9","N","N","","0","","0","0","0","","2","","","2","0","0","0","0","0","0","2","0","2","","","","N","","","","","","","","","",""
"2006119411","","0","0","0","0","0","0","0","0","0","7","0","","02","11","2006","2","40.4775","-79.749262","1351","11","0","0","0","0","0","1","0","0","","0","0","0","","","1","","0","","40 28:39.000","","0","79 44:57.344","8","0","0","0","2466","0","0","0","N","0","0","0","1","02466","0","","5.0","","1","N","N","","0","","0","0","1","","0","","","1","1","0","0","0","1","0","2","0","1","","","","N","","","","","","","","","",""
"2006119415","","0","0","0","0","0","0","0","0","0","6","0","","02","11","2006","7","40.402519","-79.917589","0250","11","0","0","0","0","0","0","0","0","1","0","0","0","","","0","","3","","40 24:09.069","4","0","79 55:03.320","9","0","0","0","2472","0","0","0","N","0","0","0","3","02472","0","","1.0","","1","N","N","","0","","0","0","2","","8","Y","","2","0","2","0","0","0","1","2","0","2","","","","N","","","","","","","","","",""
"2006119424","","2","0","0","0","0","0","0","0","0","4","0","","02","11","2006","2","40.665545","-80.01839","1000","11","0","0","0","0","0","0","1","0","","0","0","0","","","2","","1","","40 39:55.963","","0","80 01:06.204","3","0","0","0","2216","0","0","0","N","0","0","0","6","02505","0","","1.0","","1","N","N","","0","","2","0","0","","0","","","2","2","0","0","0","0","0","2","0","2","","","","N","","","","","","","","","",""
"2006119426","","1","0","0","0","0","0","1","0","0","6","1","","02","11","2006","4","40.242778","-79.924949","0834","11","0","0","0","0","0","1","0","0","2","0","0","0","","","0","","2","","40 14:34.000","4","0","79 55:29.818","0","0","0","0","2204","0","0","0","N","0","0","0","2","02204","0","","1.0","","9","Y","N","","0","","0","0","0","","3","N","","2","0","0","0","0","0","0","1","0","2","","","","N","","","","","","","","","",""
"2006119434","","1","0","0","0","0","0","0","0","0","2","0","","02","11","2006","4","40.316222","-79.938694","1222","11","0","0","0","0","0","1","0","0","2","0","0","0","","","1","","0","","40 18:58.400","6","0","79 56:19.300","4","0","0","0","2440","0","0","0","N","0","0","0","4","02440","1","","1.0","","9","","N","","0","","0","0","1","","0","N","","2","1","0","0","0","0","0","2","0","2","","","","N","","","","","","","","","",""
"2006119437","","1","0","0","0","0","0","0","0","0","1","0","","02","11","2006","3","40.374","-79.7949","1716","11","0","0","0","0","0","2","0","0","","0","0","0","","","1","","0","","40 22:26.400","","0","79 47:41.640","8","0","0","0","2111","0","0","0","N","0","0","0","4","02111","0","","1.0","","1","N","N","","0","","0","0","2","","0","","","3","1","0","0","0","1","0","2","0","3","","","","N","","","","","","","","","",""
"2006119442","","1","0","0","0","0","0","0","0","0","1","0","","02","11","2006","7","40.352866","-80.026272","2315","11","0","0","0","0","0","0","0","0","","0","0","0","","","0","","2","","40 21:10.319","","0","80 01:34.578","0","0","0","0","2407","0","0","0","N","0","0","0","3","02407","0","","1.0","","1","N","N","","1","","0","0","0","","0","","","2","0","0","0","0","0","0","2","0","2","","","","N","","","","","","","","","",""
"2006119443","","1","0","0","0","0","0","0","0","0","8","0","","02","11","2006","7","40.323138","-80.030765","0059","11","0","0","0","0","0","1","0","0","","0","0","0","","","1","","0","","40 19:23.296","","0","80 01:50.754","4","0","0","0","2407","1","0","0","N","1","0","0","2","02407","1","","1.0","","1","N","N","","0","","0","0","0","","0","","","2","1","0","0","0","0","0","2","0","1","","","","N","","","","","","","","","",""
"2006119458","","1","0","0","0","0","0","1","0","0","4","1","","02","11","2006","3","40.438892","-79.934087","1450","11","0","0","0","0","0","0","1","0","","0","0","0","","","1","","1","","40 26:20.011","","0","79 56:02.713","3","0","0","1","2301","0","0","0","N","0","0","0","3","02301","0","","1.0","","1","N","N","","0","","1","0","0","","3","","","3","1","0","0","0","0","0","2","0","3","","","","N","","","","","","","","","",""
"2006119502","","2","0","0","0","0","0","1","0","0","1","1","","02","11","2006","4","40.45362","-79.915337","1003","11","0","0","0","0","0","1","0","0","","0","0","0","","","0","","1","","40 27:13.032","","0","79 54:55.213","0","0","0","0","2301","0","0","0","N","0","0","0","3","02301","0","","1.0","","1","N","N","","0","","0","0","0","","2","","","3","0","0","0","0","0","0","2","0","3","","","","N","","","","","","","","","",""
"2006119509","","2","0","0","0","0","0","0","0","0","4","0","","02","11","2006","4","40.438611","-79.764634","1657","11","0","0","0","0","0","1","0","0","1","0","0","0","","","1","","0","","40 26:19.000","3","0","79 45:52.681","4","0","0","0","2446","0","0","0","","0","0","0","2","02446","1","","1.0","","1","","","","0","","0","0","0","","0","N","","2","1","0","0","0","0","0","2","0","2","","","","N","","","","","","","","","",""
"2006119510","","0","0","0","0","0","0","0","0","0","7","0","","02","11","2006","4","40.420884","-80.107394","0203","11","0","0","0","0","0","0","0","0","","0","0","0","","","0","","0","","40 25:15.182","","0","80 06:26.618","0","0","0","0","2102","0","0","0","N","0","0","0","1","02102","0","","5.0","","1","N","N","","0","","0","0","1","","0","","","1","0","0","0","0","0","0","2","0","1","","","","N","","","","","","","","","",""
"2006119511","","0","0","0","0","0","0","0","0","0","4","0","","02","11","2006","3","","","1638","11","0","0","0","0","0","1","0","0","","0","0","0","","","2","","1","","40 28:13.08","","0","80 13:13.44","4","0","0","0","2203","0","0","0","N","0","0","0","5","02203","1","","1.0","","1","N","N","","2","","0","0","0","","2","","","3","2","0","0","0","1","0","2","1","3","","","","N","","","","","","","","","",""
"2006119519","","2","0","0","0","0","0","0","0","0","2","0","","02","11","2006","1","40.45144","-79.954744","0228","11","0","0","0","0","0","0","0","0","","0","0","0","","","1","","0","","40 27:05.185","","0","79 57:17.080","3","0","0","0","2301","0","0","0","N","0","0","0","4","02301","0","","1.0","","9","N","N","","0","","1","0","0","","0","","","3","1","0","0","0","0","0","2","1","3","","","","N","","","","","","","","","",""
"2006119524","","2","0","0","0","0","0","0","0","0","5","0","","02","11","2006","6","40.464644","-79.937259","0252","11","0","0","0","0","0","0","0","0","","0","0","0","","","0","","0","","40 27:52.718","","0","79 56:14.132","0","0","0","0","2301","0","0","0","N","0","0","0","1","02301","0","","1.0","","1","N","N","","0","","0","0","0","","0","","","2","0","0","0","0","0","0","2","0","2","","","","N","","","","","","","","","",""
"2006119525","","2","0","0","0","0","0","0","0","0","5","0","","02","11","2006","7","40.44965","-79.887095","2352","11","0","0","0","0","0","0","0","0","","0","0","0","","","0","","0","","40 26:58.740","","0","79 53:13.542","9","0","0","0","2301","0","0","0","N","0","0","0","2","02301","0","","6.0","","9","N","N","","0","","0","0","0","","0","","","2","0","0","0","0","0","1","2","0","2","","","","N","","","","","","","","","",""
"2006119526","","2","0","0","0","0","0","0","0","0","4","0","","02","11","2006","2","40.465018","-79.920004","0812","11","0","0","0","0","0","0","0","0","3","0","0","0","","","2","","1","","40 27:54.064","7","0","79 55:12.014","8","0","0","0","2301","0","0","0","N","0","0","0","2","02301","0","","1.0","","1","N","N","","0","","0","0","0","","2","Y","","2","2","0","0","0","2","0","2","0","2","","","","N","","","","","","","","","",""
"2006119527","","0","0","0","0","0","0","0","0","0","1","0","","02","11","2006","3","40.41","-80.03175","2014","11","0","0","0","0","0","0","0","0","","0","0","0","","","0","","1","","40 24:36.000","","0","80 01:54.300","0","0","0","0","2301","0","0","0","N","0","0","0","4","02301","0","","1.0","","1","N","N","","1","","0","0","1","","3","","","2","0","0","0","0","0","0","2","0","2","","","","N","","","","","","","","","",""
"2006119528","","2","0","0","0","0","0","0","0","0","4","0","","02","11","2006","3","40.431944","-80.003876","1213","11","0","0","0","1","0","0","0","0","1","0","0","0","","","0","","1","","40 25:55.000","6","0","80 00:13.953","0","0","0","0","2301","0","0","0","N","0","0","0","2","02301","0","","1.0","","9","N","N","","0","","0","0","0","","2","N","","2","0","0","0","0","0","0","2","0","2","","","","N","","","","","","","","","",""
"2006119529","","1","0","0","0","0","0","0","0","0","2","0","","02","10","2006","4","40.418426","-80.0095","0820","11","0","0","0","1","0","0","0","0","","0","0","0","","","1","","0","","40 25:06.333","","0","80 00:34.200","4","0","0","0","2301","0","0","0","N","0","0","0","1","02301","1","","6.0","","1","N","N","","0","","0","0","0","","0","","","2","1","0","0","0","0","0","2","1","2","","","","N","","","","","","","","","",""
"2006119531","","0","0","0","0","0","0","0","0","0","1","0","","02","11","2006","2","40.425833","-80.019893","1219","11","0","0","0","0","0","1","0","0","","0","0","0","","","0","","1","","40 25:33.000","","0","80 01:11.613","0","0","0","0","2301","0","0","0","N","0","0","0","2","02301","0","","1.0","","1","N","N","","2","","0","0","0","","2","","","2","0","0","0","0","0","0","2","0","2","","","","N","","","","","","","","","",""
"2006119532","","1","0","0","0","0","0","0","0","0","1","0","","02","11","2006","6","40.425556","-80.019846","2030","11","0","0","0","0","0","0","0","0","","0","0","0","","","0","","1","","40 25:32.000","","0","80 01:11.445","0","0","0","0","2301","0","0","0","N","0","0","0","4","02301","0","","1.0","","1","N","N","","1","","0","0","0","","2","","","2","0","0","0","0","0","0","2","0","2","","","","N","","","","","","","","","",""
"2006119533","","1","0","0","0","0","0","0","0","0","8","0","","02","11","2006","3","40.427904","-80.008042","1634","11","0","0","0","0","0","1","0","0","","0","0","0","","","1","","0","","40 25:40.454","","0","80 00:28.951","8","0","0","0","2301","1","0","0","N","1","0","0","2","02301","0","","1.0","","9","N","N","","0","","0","0","0","","0","","","2","1","0","0","0","1","0","2","0","1","","","","N","","","","","","","","","",""
"2006119534","","3","0","0","0","0","0","0","0","0","1","0","","02","11","2006","7","40.432778","-80.005014","0211","11","0","0","0","0","0","1","0","0","1","0","0","0","","","0","","10","","40 25:58.000","3","0","80 00:18.051","0","0","0","0","2301","0","0","0","N","0","0","0","7","02301","0","","1.0","","1","N","N","","0","","0","0","0","","2","N","","3","0","2","0","0","0","0","2","0","3","","","","N","","","","","","","","","",""
"2006119535","","3","0","0","0","0","0","0","0","0","2","0","","02","11","2006","7","40.429167","-79.999132","0108","11","0","0","0","0","0","0","1","0","3","0","0","0","","","6","","1","","40 25:45.000","5","3","79 59:56.876","2","0","0","0","2301","0","0","0","N","0","0","0","10","02301","1","","1.0","","1","N","N","","0","","4","1","1","","2","Y","","5","6","1","0","1","0","1","2","1","5","","","","N","","","","","","","","","",""
"2006119536","","2","0","0","0","0","0","0","0","0","1","0","","02","11","2006","7","40.395278","-79.997516","1407","11","0","0","0","0","0","0","0","0","","0","0","0","","","0","","2","","40 23:43.000","","0","79 59:51.058","0","0","0","0","2301","0","0","0","N","0","0","0","12","02301","0","","1.0","","9","N","N","","0","","0","0","0","","2","","","2","0","0","0","0","0","0","2","0","2","","","","N","","","","","","","","","",""
"2006119537","","2","0","0","0","0","0","0","0","0","1","0","","02","11","2006","7","40.430833","-80.001543","1650","11","0","0","0","0","0","1","0","0","","0","0","0","","","0","","2","","40 25:51.000","","0","80 00:05.555","0","0","0","0","2301","0","0","0","N","0","0","0","3","02301","0","","1.0","","9","N","N","","0","","0","0","0","","2","","","2","0","0","0","0","0","0","2","0","2","","","","N","","","","","","","","","",""
"2006119538","","0","0","0","0","0","0","0","0","0","7","0","","02","11","2006","5","40.381269","-79.995453","1118","11","0","0","0","0","0","0","0","0","2","0","0","0","","","0","","0","","40 22:52.568","2","0","79 59:43.632","0","0","0","0","2301","0","0","0","N","0","0","0","1","02301","0","","2.0","","1","N","N","","0","","0","0","0","","0","N","","1","0","0","0","0","0","0","2","1","1","","","","N","","","","","","","","","",""
"2006119539","","1","0","0","0","0","0","0","0","0","1","0","","02","11","2006","7","40.383047","-79.980701","1603","11","0","0","0","0","0","0","0","0","2","0","0","0","","","1","","0","","40 22:58.969","3","0","79 58:50.523","8","0","0","0","2301","0","0","0","N","0","0","0","1","02301","0","","6.0","","9","N","N","","1","","0","0","0","","0","Y","","2","1","0","0","0","1","0","2","0","2","","","","N","","","","","","","","","",""
"2006119540","","1","0","0","0","0","0","0","0","0","1","0","","02","11","2006","1","40.452998","-79.979703","1331","11","0","0","0","0","0","0","0","0","","0","0","0","","","0","","0","","40 27:10.792","","0","79 58:46.930","0","0","0","0","2301","0","0","0","","0","0","0","3","02301","0","","1.0","","1","N","N","","0","","0","0","1","","0","","","2","0","0","0","0","0","0","2","0","2","","","","N","","","","","","","","","",""
"2006119541","","1","0","0","0","0","0","0","0","0","4","0","","02","11","2006","1","40.425987","-79.991502","2012","11","0","0","0","0","1","0","0","0","1","0","0","0","","","0","","0","","40 25:33.553","6","0","79 59:29.407","9","0","0","0","2301","0","0","0","N","0","0","0","3","02301","0","","1.0","","1","N","N","","0","","0","0","1","","0","N","","2","0","0","0","0","0","1","2","0","2","","","","N","","","","","","","","","",""
"2006119542","","1","0","0","0","0","0","0","0","0","99","0","","02","11","2006","2","40.409141","-80.032079","0103","11","0","0","0","0","0","0","0","0","","0","0","0","","","0","","0","","40 24:32.909","","0","80 01:55.486","0","0","0","0","2301","0","0","0","N","0","0","0","1","02301","0","","1.0","","1","N","N","","0","","0","0","0","","0","","","1","0","1","0","0","0","0","2","0","1","","","","N","","","","","","","","","",""
"2006119543","","3","0","0","0","0","0","0","0","0","2","0","","02","11","2006","4","40.435686","-79.963332","1709","11","0","0","0","0","0","0","0","0","2","0","0","0","","","1","","0","","40 26:08.471","6","0","79 57:47.996","4","0","0","0","2301","0","0","0","N","0","0","0","3","02301","1","","1.0","","9","N","N","","0","","0","0","0","","0","N","","3","1","0","0","0","0","0","2","0","3","","","","N","","","","","","","","","",""
"2006119544","","1","0","0","0","0","0","0","0","0","8","0","","02","11","2006","3","40.441654","-80.002873","1413","11","0","0","0","0","0","0","0","0","1","0","0","0","","","1","","1","","40 26:29.954","3","0","80 00:10.342","8","0","0","0","2301","1","0","0","N","1","0","0","2","02301","0","","1.0","","1","N","N","","0","","0","0","0","","2","N","","2","1","0","0","0","1","0","2","0","1","","","","N","","","","","","","","","",""
"2006119621","","1","0","0","0","0","0","0","0","0","7","0","","02","11","2006","4","","","2243","11","0","1","0","0","0","0","0","0","2","0","0","0","","","3","","0","","","5","0","","8","0","0","0","2446","0","0","0","N","0","0","0","4","02446","0","","4.0","","9","N","N","","0","","0","0","0","","0","N","","1","3","0","0","0","3","0","1","0","1","","","","N","","","","","","","","","",""
"2006119622","","1","0","0","0","0","0","0","0","0","1","0","","02","11","2006","1","40.415918","-79.799846","1953","11","0","0","0","0","1","1","0","0","","0","0","0","","","1","","1","","40 24:57.304","","0","79 47:59.445","4","0","0","0","2446","0","0","0","N","0","0","0","2","02446","1","","1.0","","1","N","N","","0","","0","0","1","","3","","","2","1","0","0","0","0","0","2","0","2","","","","N","","","","","","","","","",""
"2006119698","","1","0","0","0","0","0","0","0","0","7","0","","02","11","2006","2","40.429722","-79.70919","1728","11","0","0","0","0","0","0","0","0","","0","0","0","","","0","","0","","40 25:47.000","","0","79 42:33.085","0","0","0","0","2446","0","0","0","N","0","0","0","1","02446","0","","2.0","","1","N","N","","0","","0","0","0","","0","","","1","0","0","0","0","0","0","2","0","1","","","","N","","","","","","","","","",""
"2006119699","","0","0","0","0","0","0","0","0","0","99","0","","02","11","2006","2","40.5167","-80.1262","2112","11","0","0","0","0","0","0","0","0","","0","0","0","","","0","","0","","40 31:00.120","","0","80 07:34.320","0","0","0","0","2434","0","0","0","N","0","0","0","1","02211","0","","1.0","","9","N","N","","0","","0","0","1","","0","","","1","0","0","0","0","0","0","2","0","1","","","","N","","","","","","","","","",""
"2006119749","","1","0","0","0","0","0","0","0","0","4","0","","02","11","2006","4","40.454755","-79.932541","2241","11","0","0","0","0","0","0","0","0","1","0","0","0","","","0","","1","","40 27:17.118","3","0","79 55:57.147","0","0","0","1","2301","0","0","0","N","0","0","0","3","02301","0","","1.0","","1","N","N","","0","","0","0","0","","2","N","","2","0","0","0","0","0","0","2","0","2","","","","N","","","","","","","","","",""
"2006119750","","1","0","0","0","0","0","0","0","0","4","0","","02","11","2006","5","40.438835","-79.957146","1030","11","0","0","0","0","1","0","0","0","","0","0","0","","","1","","1","","40 26:19.806","","0","79 57:25.725","4","0","0","0","2301","0","0","0","N","0","0","0","2","02301","1","","1.0","","1","N","N","","0","","0","0","1","","3","","","2","1","0","0","0","0","0","2","0","2","","","","N","","","","","","","","","",""
"2006119751","","0","0","0","0","0","0","0","0","0","7","0","","02","11","2006","5","40.412423","-79.922721","1928","11","0","0","0","0","0","0","0","0","","0","0","0","","","1","","0","","40 24:44.722","","0","79 55:21.795","4","0","0","0","2301","0","0","0","N","0","0","0","2","02301","1","","2.0","","1","N","N","","1","","0","0","0","","0","","","1","1","2","0","0","0","0","2","0","1","","","","N","","","","","","","","","",""
"2006119752","","1","0","0","0","0","0","0","0","0","4","0","","02","11","2006","6","40.453105","-79.93597","1256","11","0","0","0","0","0","0","0","1","2","0","0","0","","","2","","2","","40 27:11.178","6","0","79 56:09.492","3","0","0","1","2301","0","0","0","N","0","0","0","3","02301","0","","1.0","","1","N","N","","0","","1","0","0","","0","Y","","2","2","0","0","0","1","0","2","0","2","","","","N","","","","","","","","","",""
"2006119753","","1","0","0","0","0","0","0","0","0","7","0","","02","11","2006","4","40.4579","-79.9981","2338","11","0","0","0","0","0","0","0","0","","0","0","0","","","1","","0","","40 27:28.440","","2","79 59:53.160","4","0","0","0","2301","0","0","0","N","0","0","0","1","02301","1","","4.0","","9","N","N","","0","","0","0","0","","0","","","1","1","0","0","0","0","0","2","0","1","","","","N","","","","","","","","","",""
"2006119754","","4","0","0","0","0","0","0","0","0","4","0","","02","11","2006","2","40.470617","-79.979136","0231","11","0","0","0","0","0","0","0","0","","0","0","0","","","0","","0","","40 28:14.221","","0","79 58:44.889","0","0","0","0","2301","0","0","0","N","0","0","0","1","02301","0","","1.0","","1","N","N","","0","","0","0","0","","0","","","4","0","0","0","0","0","0","2","0","4","","","","N","","","","","","","","","",""
"2006119755","","1","0","0","0","0","0","0","0","0","7","0","","02","11","2006","5","40.49","-80.018491","1224","11","0","0","0","0","0","0","0","1","","0","0","0","","","1","","1","","40 29:24.000","","0","80 01:06.568","8","0","0","0","2301","0","0","0","N","0","0","0","1","02301","0","","5.0","","1","N","N","","0","","0","0","0","","0","","","1","1","0","0","0","1","0","2","0","1","","","","N","","","","","","","","","",""
"2006119756","","2","0","0","0","0","0","0","0","0","4","0","","02","11","2006","1","40.4649","-79.9798","0205","11","0","0","0","0","0","0","0","0","","0","0","0","","","1","","0","","40 27:53.640","","0","79 58:47.280","8","0","0","0","2301","0","0","0","N","0","0","0","4","02301","0","","1.0","","9","N","N","","0","","0","0","0","","0","","","2","1","0","0","0","1","0","2","0","2","","","","N","","","","","","","","","",""
"2006119757","","1","0","0","0","0","0","0","0","0","8","0","","02","11","2006","3","40.455276","-80.006563","0635","11","0","0","0","0","0","0","0","1","","0","0","0","","","1","","0","","40 27:18.992","","0","80 00:23.628","3","0","0","0","2301","1","0","0","N","1","0","0","2","02301","0","","1.0","","9","N","N","","0","","1","0","0","","0","","","2","1","0","0","0","0","0","2","0","1","","","","N","","","","","","","","","",""
"2006119758","","2","0","0","0","0","0","0","0","0","4","0","","02","11","2006","7","40.469832","-79.963717","1715","11","0","0","0","0","0","1","0","0","","0","0","0","","","0","","2","","40 28:11.396","","0","79 57:49.382","0","0","0","0","2301","0","0","0","N","0","0","0","2","02301","0","","1.0","","9","N","N","","0","","0","0","0","","0","","","2","0","0","0","0","0","0","2","0","2","","","","N","","","","","","","","","",""
"2006119759","","1","0","0","0","0","0","0","0","0","4","0","","02","11","2006","1","40.438844","-79.990973","1930","11","0","0","0","0","0","0","1","0","","0","0","0","","","0","","1","","40 26:19.838","","0","79 59:27.502","0","0","0","0","2301","0","0","0","N","0","0","0","3","02301","0","","1.0","","1","N","N","","0","","0","0","1","","2","","","2","0","1","0","0","0","0","2","0","2","","","","N","","","","","","","","","",""
"2006119760","","1","0","0","0","0","0","0","0","0","7","0","","02","11","2006","4","40.445234","-79.999087","1827","11","0","0","0","0","0","1","0","0","","0","0","0","","","0","","1","","40 26:42.842","","0","79 59:56.713","0","0","0","0","2301","0","0","0","N","0","0","0","1","02301","0","","3.0","","1","N","N","","0","","0","0","0","","2","","","1","0","0","0","0","0","0","2","0","1","","","","N","","","","","","","","","",""
"2006119761","","1","0","0","0","0","0","0","0","0","7","0","","02","10","2006","2","40.390963","-79.979101","2355","11","0","0","0","0","0","0","0","0","","0","0","0","","","0","","0","","40 23:27.466","","0","79 58:44.763","0","0","0","0","2301","0","0","0","N","0","0","0","1","02301","0","","5.0","","1","N","N","","0","","0","0","0","","0","","","1","0","0","0","0","0","0","2","0","1","","","","N","","","","","","","","","",""
"2006119762","","1","0","0","0","0","0","0","0","0","1","0","","02","11","2006","3","40.44097","-79.965613","0330","11","0","0","0","0","0","0","0","0","","0","0","0","","","0","","0","","40 26:27.492","","0","79 57:56.206","0","0","0","0","2301","0","0","0","N","0","0","0","1","02301","0","","1.0","","9","N","N","","0","","0","0","1","","0","","","2","0","0","0","0","0","0","2","0","2","","","","N","","","","","","","","","",""
"2006119763","","2","0","0","0","0","0","0","0","0","4","0","","02","11","2006","4","40.456944","-79.937876","1523","11","0","0","1","0","0","1","0","0","","0","0","0","","","1","","2","","40 27:25.000","","0","79 56:16.353","8","0","0","0","2301","0","0","0","N","0","0","0","2","02301","0","","1.0","","9","N","N","","0","","0","0","0","","3","","","2","1","1","0","0","1","0","2","0","2","","","","N","","","","","","","","","",""
"2006119764","","3","0","0","0","0","0","0","0","0","2","0","","02","11","2006","7","40.449725","-79.986084","1347","11","0","0","0","0","0","2","0","0","2","0","0","0","","","2","","1","","40 26:59.010","4","0","79 59:09.902","8","0","0","0","2301","0","0","0","N","0","0","0","6","02301","0","","1.0","","1","N","N","","0","","0","0","1","","3","Y","","4","2","1","0","0","2","0","2","0","4","","","","N","","","","","","","","","",""
"2006119771","","1","0","0","0","0","0","0","0","0","4","0","","02","11","2006","7","40.568006","-80.049508","1312","11","0","0","0","0","0","1","0","0","2","0","0","0","","","0","","2","","40 34:04.821","1","0","80 02:58.228","0","0","0","0","2108","0","0","0","N","0","0","0","3","02108","0","","1.0","","1","N","N","","0","","0","0","0","","3","Y","","2","0","0","0","0","0","0","2","1","2","","","","N","","","","","","","","","",""
"2006119772","","2","0","0","0","0","0","0","0","0","2","0","","02","11","2006","5","40.561235","-79.999296","1842","11","0","0","0","0","1","0","0","0","2","0","0","0","","","2","","1","","40 33:40.446","2","0","79 59:57.465","3","0","0","0","2108","0","0","0","N","0","0","0","3","02108","0","","1.0","","1","N","N","","0","","2","0","0","","2","N","","2","2","3","0","0","0","0","2","0","2","","","","N","","","","","","","","","",""
"2006119773","","2","0","0","0","0","0","0","0","0","4","0","","02","11","2006","7","40.609722","-80.053397","1847","11","0","0","0","1","1","0","0","0","2","0","0","0","","","2","","1","","40 36:35.000","2","0","80 03:12.230","4","0","0","0","2108","0","0","0","N","0","0","0","2","02108","2","","1.0","","9","N","N","","0","","0","0","0","","2","N","","2","2","0","0","0","0","0","2","0","2","","","","N","","","","","","","","","",""