"CRN","ARRIVAL_TM","AUTOMOBILE_COUNT","BELTED_DEATH_COUNT","BELTED_SUSP_SERIOUS_INJ_COUNT","BICYCLE_COUNT","BICYCLE_DEATH_COUNT","BICYCLE_SUSP_SERIOUS_INJ_COUNT","BUS_COUNT","CHLDPAS_DEATH_COUNT","CHLDPAS_SUSP_SERIOUS_INJ_COUNT","COLLISION_TYPE","COMM_VEH_COUNT","CONS_ZONE_SPD_LIM","COUNTY","CRASH_MONTH","CRASH_YEAR","DAY_OF_WEEK","DEC_LATITUDE","DEC_LONGITUDE","DISPATCH_TM","DISTRICT","DRIVER_COUNT_16YR","DRIVER_COUNT_17YR","DRIVER_COUNT_18YR","DRIVER_COUNT_19YR","DRIVER_COUNT_20YR","DRIVER_COUNT_50_64YR","DRIVER_COUNT_65_74YR","DRIVER_COUNT_75PLUS","EST_HRS_CLOSED","FATAL_COUNT","HEAVY_TRUCK_COUNT","HORSE_BUGGY_COUNT","HOUR_OF_DAY","ILLUMINATION","INJURY_COUNT","INTERSECTION_RELATED","INTERSECT_TYPE","LANE_CLOSED","LATITUDE","LN_CLOSE_DIR","LOCATION_TYPE","LONGITUDE","MAX_SEVERITY_LEVEL","MCYCLE_DEATH_COUNT","MCYCLE_SUSP_SERIOUS_INJ_COUNT","MOTORCYCLE_COUNT","MUNICIPALITY","NONMOTR_COUNT","NONMOTR_DEATH_COUNT","NONMOTR_SUSP_SERIOUS_INJ_COUNT","NTFY_HIWY_MAINT","PED_COUNT","PED_DEATH_COUNT","PED_SUSP_SERIOUS_INJ_COUNT","PERSON_COUNT","POLICE_AGCY","POSSIBLE_INJ_COUNT","RDWY_SURF_TYPE_CD","RELATION_TO_ROAD","ROADWAY_CLEARED","ROAD_CONDITION","SCH_BUS_IND","SCH_ZONE_IND","SECONDARY_CRASH","SMALL_TRUCK_COUNT","SPEC_JURIS_CD","SUSP_MINOR_INJ_COUNT","SUSP_SERIOUS_INJ_COUNT","SUV_COUNT","TCD_FUNC_CD","TCD_TYPE","TFC_DETOUR_IND","TIME_OF_DAY","TOTAL_UNITS","TOT_INJ_COUNT","UNBELTED_OCC_COUNT","UNB_DEATH_COUNT","UNB_SUSP_SERIOUS_INJ_COUNT","UNK_INJ_DEG_COUNT","UNK_INJ_PER_COUNT","URBAN_RURAL","VAN_COUNT","VEHICLE_COUNT","WEATHER1","WEATHER2","WORKERS_PRES","WORK_ZONE_IND","WORK_ZONE_LOC","WORK_ZONE_TYPE","WZ_CLOSE_DETOUR","WZ_FLAGGER","WZ_LAW_OFFCR_IND","WZ_LN_CLOSURE","WZ_MOVING","WZ_OTHER","WZ_SHLDER_MDN","WZ_WORKERS_INJ_KILLED"
"2006120079","","1","0","0","0","0","0","0","0","0","8","0","","02","11","2006","7","40.478237","-80.194514","1502","11","0","0","0","0","0","0","0","0","2","0","0","0","","","1","","0","","40 28:41.654","6","0","80 11:40.252","8","0","0","0","2213","1","0","0","N","1","0","0","2","02213","0","","1.0","","1","N","N","","0","","0","0","0","","0","Y","","2","1","0","0","0","1","0","2","0","1","","","","N","","","","","","","","","",""
"2006120080","","2","0","0","0","0","0","0","0","0","7","0","","02","11","2006","5","40.332468","-80.030758","0256","11","0","0","1","0","0","0","0","0","1","0","0","0","","","1","","0","","40 19:56.884","1","0","80 01:50.728","4","0","0","0","2407","0","0","0","N","0","0","0","1","02407","1","","2.0","","1","N","N","","0","","0","0","1","","0","N","","3","1","0","0","0","0","0","2","0","3","","","","N","","","","","","","","","",""
"2006120081","","1","0","0","0","0","0","0","0","0","7","0","","02","11","2006","5","40.311542","-80.052032","2210","11","0","0","0","0","0","0","0","0","","0","0","0","","","1","","0","","40 18:41.551","","0","80 03:07.315","3","0","0","0","2407","0","0","0","N","0","0","0","1","02407","0","","2.0","","1","N","N","","0","","1","0","0","","0","","","1","1","1","0","0","0","0","2","0","1","","","","N","","","","","","","","","",""
"2006120107","","1","0","0","0","0","0","0","0","0","8","0","","02","11","2006","5","40.499994","-80.052489","1735","11","0","0","0","0","0","1","0","0","1","0","0","0","","","1","","1","","40 29:59.978","4","0","80 03:08.960","8","0","0","0","2404","1","0","0","N","1","0","0","2","02404","0","","1.0","","1","N","N","","0","","0","0","0","","0","N","","2","1","0","0","0","1","0","2","0","1","","","","N","","","","","","","","","",""
"2006120109","","1","0","0","0","0","0","0","0","0","4","0","","02","11","2006","3","","","0825","11","0","0","0","0","0","1","0","0","3","0","0","0","","","0","","0","","","6","0","","0","0","0","0","2301","0","0","0","N","0","0","0","2","02301","0","","1.0","","98","N","N","","1","","0","0","0","","0","Y","","2","0","0","0","0","0","0","1","0","2","","","","N","","","","","","","","","",""
"2006120110","","2","0","0","0","0","0","0","0","0","4","0","","02","11","2006","7","40.40496","-80.030039","0746","11","0","0","0","0","0","0","0","0","","0","0","0","","","0","","0","","40 24:17.856","","0","80 01:48.140","0","0","0","0","2301","0","0","0","N","0","0","0","2","02301","0","","6.0","","9","N","N","","0","","0","0","0","","0","","","2","0","0","0","0","0","0","2","0","2","","","","N","","","","","","","","","",""
"2006120117","","2","0","0","0","0","0","0","0","0","1","0","","02","11","2006","6","40.321389","-79.836903","1805","11","0","0","0","0","0","2","0","0","","0","0","0","","","1","","1","","40 19:17.000","","0","79 50:12.849","8","0","0","0","2469","0","0","0","N","0","0","0","2","02469","0","","1.0","","1","N","N","","0","","0","0","0","","0","","","2","1","0","0","0","1","0","2","0","2","","","","N","","","","","","","","","",""
"2006120120","","1","0","0","0","0","0","0","0","0","8","0","","02","11","2006","5","40.437737","-79.986557","1142","11","0","0","0","0","0","1","0","0","","0","0","0","","","1","","1","","40 26:15.853","","0","79 59:11.605","8","0","0","0","2301","1","0","0","N","1","0","0","2","02301","0","","1.0","","1","N","N","","0","","0","0","0","","2","","","2","1","0","0","0","1","0","2","0","1","","","","N","","","","","","","","","",""
"2006120121","","2","0","0","0","0","0","0","0","0","6","0","","02","11","2006","1","40.443576","-80.026949","0216","11","0","0","0","0","0","0","0","0","","0","0","0","","","1","","0","","40 26:36.873","","0","80 01:37.016","4","0","0","0","2301","0","0","0","N","0","0","0","2","02301","1","","1.0","","9","N","N","","0","","0","0","0","","0","","","2","1","0","0","0","0","0","2","0","2","","","","N","","","","","","","","","",""
"2006120123","","0","0","0","0","0","0","0","0","0","7","0","","02","11","2006","6","40.558056","-80.023441","2217","11","0","0","0","0","0","0","0","0","2","0","0","0","","","0","","0","","40 33:29.000","5","0","80 01:24.387","0","0","0","0","2108","0","0","0","Y","0","0","0","1","02108","0","","3.0","","1","N","N","","0","","0","0","0","","0","N","","1","0","0","0","0","0","0","2","1","1","","","","N","","","","","","","","","",""
"2006120134","","1","0","0","0","0","0","0","0","0","4","0","","02","11","2006","4","40.449027","-79.951897","1756","11","0","0","0","0","0","0","0","0","","0","0","0","","","1","","1","","40 26:56.497","","0","79 57:06.829","8","0","0","1","2301","0","0","0","N","0","0","0","2","02301","0","","1.0","","9","N","N","","0","","0","0","0","","3","","","2","1","0","0","0","1","0","2","0","2","","","","N","","","","","","","","","",""
"2006120166","","0","0","0","0","0","0","0","0","0","1","1","","02","10","2006","2","","","1507","11","0","0","0","0","0","0","0","0","","0","0","0","","","0","","0","","40 25:28.56","","0","80 06:45.00","0","0","0","0","2102","0","0","0","N","0","0","0","4","68B03","0","","1.0","","1","N","N","","0","","0","0","1","","0","","","2","0","0","0","0","0","0","2","1","2","","","","N","","","","","","","","","",""
"2006120275","","1","0","0","0","0","0","0","0","0","4","0","","02","10","2006","5","","","2043","11","0","0","0","0","0","1","0","0","","0","0","0","","","0","","0","","40 25:52.32","","0","79 57:30.60","0","0","0","0","2301","0","0","0","N","0","0","0","6","68B03","0","","1.0","","9","N","N","","0","","0","0","1","","0","","","2","0","0","0","0","0","0","2","0","2","","","","N","","","","","","","","","",""
"2006120276","","2","0","0","0","0","0","0","0","0","1","0","","02","10","2006","6","40.434304","-79.868815","1634","11","0","0","0","0","0","2","0","0","","0","0","0","","","0","","0","","40 26:03.493","","0","79 52:07.734","0","0","0","0","2478","0","0","0","N","0","0","0","10","68B03","0","","1.0","","9","N","N","","2","","0","0","0","","0","","","5","0","1","0","0","0","0","2","1","5","","","","N","","","","","","","","","",""
"2006120277","","1","0","0","0","0","0","0","0","0","7","0","","02","10","2006","6","","","2238","11","0","0","0","0","0","0","0","0","","0","0","0","","","0","","0","","40 26:29.04","","0","79 49:42.60","0","0","0","0","2446","0","0","0","N","0","0","0","1","68B03","0","","4.0","","9","N","N","","0","","0","0","0","","0","","","1","0","0","0","0","0","0","2","0","1","","","","N","","","","","","","","","",""
"2006120278","","1","0","0","0","0","0","0","0","0","1","1","","02","10","2006","5","","","1827","11","0","0","1","0","0","0","0","0","","0","1","0","","","1","","6","","40 26:40.56","","2","79 50:33.36","4","0","0","0","2419","0","0","0","N","0","0","0","2","68B03","1","","7.0","","9","N","N","","0","","0","0","0","","4","","","2","1","1","0","0","0","0","2","0","2","","","","N","","","","","","","","","",""
"2006120279","","1","0","0","0","0","0","0","0","0","99","0","","02","10","2006","2","","","0517","11","0","0","0","0","0","0","0","0","","0","0","0","","","0","","0","","40 29:10.68","","2","80 15:52.56","0","0","0","0","2203","0","0","0","N","0","0","0","2","68B03","0","","1.0","","1","N","N","","0","","0","0","0","","0","","","1","0","0","0","0","0","0","2","0","1","","","","N","","","","","","","","","",""
"2006120280","","2","0","0","0","0","0","0","0","0","1","0","","02","10","2006","6","","","0509","11","0","0","0","0","0","0","0","0","","0","0","0","","","1","","0","","40 25:15.24","","0","80 02:50.64","4","0","0","0","2435","0","0","0","N","0","0","0","2","68B03","1","","1.0","","1","N","N","","0","","0","0","0","","0","","","2","1","1","0","0","0","0","2","0","2","","","","N","","","","","","","","","",""
"2006120301","","1","0","0","0","0","0","0","0","0","0","1","","02","10","2006","4","","","1503","11","0","0","0","0","0","0","0","0","","0","1","0","","","0","","0","","40 25:13.08","","0","80 05:31.92","0","0","0","0","2457","0","0","0","N","0","0","0","2","68B03","0","","1.0","","1","N","N","","0","","0","0","0","","0","","","2","0","0","0","0","0","0","2","0","2","","","","N","","","","","","","","","",""
"2006120302","","2","0","0","0","0","0","0","0","0","1","0","","02","10","2006","6","","","1431","11","0","0","0","0","0","0","0","0","","0","0","0","","","1","","0","","40 25:37.56","","0","79 55:10.20","8","0","0","0","2301","0","0","0","N","0","0","0","4","68B03","0","","1.0","","1","N","N","","0","","0","0","0","","0","","","2","1","0","0","0","1","0","2","0","2","","","","N","","","","","","","","","",""
"2006120326","","2","0","0","0","0","0","0","0","0","1","0","","02","10","2006","5","40.440278","-80.187368","1545","11","0","0","0","0","0","2","0","0","1","0","0","0","","","0","","0","","40 26:25.000","3","0","80 11:14.523","0","0","0","0","2214","0","0","0","N","0","0","0","6","68B03","0","","1.0","","9","N","N","","0","","0","0","0","","0","N","","2","0","0","0","0","0","0","1","0","2","","","","N","","","","","","","","","",""
"2006120327","","0","0","0","0","0","0","0","0","0","99","0","","02","10","2006","4","","","2248","11","0","0","0","0","0","0","0","0","","0","0","0","","","0","","0","","40 35:01.68","","0","80 05:57.84","9","0","0","0","2481","0","0","0","N","0","0","0","1","68B03","0","","1.0","","1","N","N","","0","","0","0","1","","0","","","1","0","0","0","0","0","1","2","0","1","","","","N","","","","","","","","","",""
"2006120349","","3","0","0","0","0","0","0","0","0","4","0","","02","11","2006","5","","","2326","11","0","0","0","0","0","0","0","0","1","0","0","0","","","0","","0","","","6","0","","0","0","0","0","2116","0","0","0","N","0","0","0","1","02116","0","","1.0","","1","N","N","","0","","0","0","0","","0","Y","","3","0","1","0","0","0","0","1","0","3","","","","N","","","","","","","","","",""
"2006120357","","1","0","0","0","0","0","0","0","0","1","0","","02","11","2006","5","40.377222","-79.801368","0558","11","0","0","0","0","0","0","0","0","","0","0","0","","","0","","2","","40 22:38.000","","0","79 48:04.925","0","0","0","0","2111","0","0","0","N","0","0","0","2","02111","0","","1.0","","9","N","N","","1","","0","0","0","","0","","","2","0","0","0","0","0","0","2","0","2","","","","N","","","","","","","","","",""
"2006120369","","0","0","0","0","0","0","0","0","0","7","0","","02","11","2006","5","40.3151","-80.0708","1451","11","0","0","0","0","0","0","0","1","1","0","0","0","","","0","","0","","40 18:54.360","4","0","80 04:14.880","0","0","0","0","2123","0","0","0","N","0","0","0","1","02123","0","","2.0","","1","N","Y","","0","","0","0","1","","0","N","","1","0","0","0","0","0","0","2","0","1","","","","N","","","","","","","","","",""
"2006120370","","1","0","0","0","0","0","0","0","0","8","0","","02","11","2006","5","40.399444","-80.064919","1120","11","0","0","0","0","0","0","0","1","1","0","0","0","","","1","","1","","40 23:58.000","1","0","80 03:53.707","4","0","0","0","2117","1","0","0","N","1","0","0","2","02117","1","","1.0","","1","N","N","","0","","0","0","0","","2","N","","2","1","1","0","0","0","0","2","0","1","","","","N","","","","","","","","","",""
"2006120371","","2","0","0","0","0","0","0","0","0","4","0","","02","11","2006","5","40.329167","-79.945084","1300","11","0","0","0","0","1","0","0","1","2","0","0","0","","","1","","0","","40 19:45.000","1","0","79 56:42.304","8","0","0","0","2454","0","0","0","N","0","0","0","2","02454","0","","1.0","","1","N","N","","0","","0","0","0","","2","N","","2","1","0","0","0","1","0","2","0","2","","","","N","","","","","","","","","",""
"2006120372","","0","0","0","0","0","0","0","0","0","7","0","","02","11","2006","5","40.629517","-80.013815","1327","11","0","0","0","0","0","0","0","0","2","0","0","0","","","1","","0","","40 37:46.261","4","0","80 00:49.733","4","0","0","0","2216","0","0","0","N","0","0","0","2","02505","1","","5.0","","9","N","N","","0","","0","0","1","","0","Y","","1","1","0","0","0","0","0","2","0","1","","","","N","","","","","","","","","",""
"2006120437","","1","0","0","0","0","0","0","0","0","1","0","","02","12","2006","6","40.6375","-79.938831","1708","11","0","0","0","0","0","1","0","0","","0","0","0","","","0","","0","","40 38:15.000","","0","79 56:19.791","0","0","0","0","2217","0","0","0","N","0","0","0","2","02505","0","","1.0","","1","N","N","","0","","0","0","1","","0","","","2","0","0","0","0","0","0","2","0","2","","","","N","","","","","","","","","",""
"2006120441","","1","0","2","0","0","0","0","0","0","4","0","","02","11","2006","4","40.454696","-79.880679","2045","11","0","0","0","0","0","0","0","0","","0","0","0","","","2","","1","","40 27:16.907","","0","79 52:50.445","2","0","0","0","2301","0","0","0","N","0","0","0","2","02301","0","","1.0","","9","N","N","","0","","0","2","1","","2","","","2","2","0","0","0","0","0","2","0","2","","","","N","","","","","","","","","",""
"2006120442","","1","0","0","0","0","0","0","0","0","1","0","","02","11","2006","5","","","1906","11","0","0","0","0","0","0","0","0","","0","0","0","","","0","","6","","40 30:05.76","","2","80 01:30.72","0","0","0","0","2301","0","0","0","N","0","0","0","2","02301","0","","7.0","","9","N","N","","0","","0","0","1","","4","","","2","0","0","0","0","0","0","2","0","2","","","","N","","","","","","","","","",""
"2006120448","","2","0","0","0","0","0","0","0","0","5","0","","02","11","2006","5","40.459585","-79.960113","1824","11","0","0","0","1","0","0","0","0","","0","0","0","","","0","","0","","40 27:34.506","","0","79 57:36.406","0","0","0","0","2301","0","0","0","N","0","0","0","1","02301","0","","1.0","","9","N","N","","0","","0","0","0","","0","","","2","0","0","0","0","0","0","2","0","2","","","","N","","","","","","","","","",""
"2006120473","","1","0","0","0","0","0","0","0","0","99","0","","02","10","2006","1","40.653889","-79.725067","0610","11","0","0","0","0","0","0","0","0","","0","0","0","","","0","","0","","40 39:14.000","","0","79 43:30.241","0","0","0","0","2106","0","0","0","N","0","0","0","1","68D02","0","","1.0","","1","N","N","","0","","0","0","0","","0","","","1","0","0","0","0","0","0","2","0","1","","","","N","","","","","","","","","",""
"2006120475","","0","0","0","0","0","0","0","0","0","7","0","","02","10","2006","3","40.509722","-79.85524","0841","11","0","0","0","0","0","0","0","0","","0","0","0","","","1","","0","","40 30:35.000","","0","79 51:18.863","4","0","0","0","2208","0","0","0","Y","0","0","0","1","68D02","1","","2.0","","9","N","N","","0","","0","0","1","","0","","","1","1","1","0","0","0","0","2","0","1","","","","N","","","","","","","","","",""
"2006120523","","1","0","0","0","0","0","0","0","0","1","0","","02","10","2006","2","","","1507","11","0","0","0","0","0","1","1","0","","0","0","0","","","0","","0","","40 25:28.56","","0","80 06:45.00","0","0","0","0","2102","0","0","0","N","0","0","0","3","68B03","0","","1.0","","1","N","N","","0","","0","0","1","","0","","","2","0","0","0","0","0","0","2","0","2","","","","N","","","","","","","","","",""
"2006120535","","2","0","0","0","0","0","0","0","0","1","0","","02","10","2006","1","","","1326","11","0","0","0","0","0","1","0","0","","0","0","0","","","3","","0","","40 28:05.52","","2","80 12:02.88","4","0","0","0","2213","0","0","0","N","0","0","0","3","68B03","3","","1.0","","1","N","N","","0","","0","0","0","","0","","","2","3","0","0","0","0","0","2","0","2","","","","N","","","","","","","","","",""
"2006120564","","1","0","0","0","0","0","0","0","0","99","0","","02","10","2006","5","40.2852","-79.9184","2256","11","0","0","0","0","0","0","0","0","","0","0","0","","","0","","0","","40 17:06.720","","0","79 55:06.240","0","0","0","0","2440","0","0","0","N","0","0","0","1","68T09","0","","1.0","","1","N","N","","0","","0","0","0","","0","","","1","0","0","0","0","0","0","1","0","1","","","","N","","","","","","","","","",""
"2006120629","","0","0","0","0","0","0","0","0","0","4","0","","02","11","2006","4","40.438833","-79.946389","1803","11","0","0","0","1","0","0","0","0","","0","0","0","","","1","","3","","40 26:19.800","","0","79 56:47.000","8","0","0","0","2301","0","0","0","N","0","0","0","2","02301","0","","1.0","","9","N","N","","0","","0","0","2","","3","","","2","1","0","0","0","1","0","2","0","2","","","","N","","","","","","","","","",""
"2006120630","","2","0","0","0","0","0","0","0","0","2","0","","02","11","2006","5","40.4445","-79.9905","1816","11","0","0","1","0","0","0","0","0","","0","0","0","","","0","","0","","40 26:40.200","","0","79 59:25.800","0","0","0","0","2301","0","0","0","N","0","0","0","4","02301","0","","1.0","","9","N","N","","0","","0","0","0","","0","","","2","0","0","0","0","0","0","2","0","2","","","","N","","","","","","","","","",""
"2006120631","","1","0","0","0","0","0","0","0","0","4","0","","02","11","2006","4","40.458827","-79.972836","1307","11","0","0","0","0","0","1","0","0","","0","0","0","","","0","","1","","40 27:31.777","","0","79 58:22.209","0","0","0","0","2301","0","0","0","N","0","0","0","3","02301","0","","1.0","","9","N","N","","1","","0","0","0","","2","","","2","0","0","0","0","0","0","2","0","2","","","","N","","","","","","","","","",""
"2006120632","","1","0","0","0","0","0","0","0","0","1","0","","02","11","2006","5","","","2143","11","0","0","0","0","0","0","0","0","","0","0","0","","","2","","6","","40 26:29.04","","0","80 00:32.76","4","0","0","0","2301","0","0","0","N","0","0","0","3","02301","2","","7.0","","9","N","N","","1","","0","0","0","","0","","","2","2","1","0","0","0","0","2","0","2","","","","N","","","","","","","","","",""
"2006120633","","1","0","0","0","0","0","0","0","0","1","0","","02","11","2006","5","40.4254","-80.0314","2134","11","0","0","0","0","0","0","0","0","1","0","0","0","","","0","","6","","40 25:31.440","2","2","80 01:53.040","0","0","0","0","2301","0","0","0","N","0","0","0","2","02301","0","","1.0","","9","N","","","1","","0","0","0","","4","N","","2","0","0","0","0","0","0","2","0","2","","","","N","","","","","","","","","",""
"2006120634","","2","0","0","0","0","0","0","0","0","2","0","","02","11","2006","5","40.464167","-79.925481","1543","11","0","0","0","0","1","0","0","0","","0","0","0","","","0","","1","","40 27:51.000","","0","79 55:31.733","0","0","0","0","2301","0","0","0","N","0","0","0","2","02301","0","","1.0","","1","N","N","","0","","0","0","0","","3","","","2","0","0","0","0","0","0","2","0","2","","","","N","","","","","","","","","",""
"2006120642","","2","0","0","0","0","0","0","0","0","2","0","","02","10","2006","3","40.618889","-79.749126","0756","11","0","0","0","0","0","2","0","0","2","0","0","0","","","2","","0","","40 37:08.000","2","0","79 44:56.853","3","0","0","0","2202","0","0","0","N","0","0","0","3","68D02","1","","1.0","","9","N","N","","0","","1","0","0","","0","Y","","2","2","0","0","0","0","0","2","0","2","","","","N","","","","","","","","","",""
"2006120664","","2","0","0","0","0","0","0","0","0","4","0","","02","11","2006","6","40.458749","-79.962147","0109","11","0","0","0","0","1","0","0","0","","0","0","0","","","0","","0","","40 27:31.496","","0","79 57:43.729","0","0","0","0","2301","0","0","0","N","0","0","0","1","02301","0","","6.0","","1","N","N","","0","","0","0","0","","0","","","2","0","0","0","0","0","0","2","0","2","","","","N","","","","","","","","","",""
"2006120665","","2","0","0","0","0","0","0","0","0","4","0","","02","11","2006","4","40.448611","-79.910052","1731","11","0","0","0","0","0","0","0","1","","0","0","0","","","0","","1","","40 26:55.000","","0","79 54:36.186","0","0","0","0","2301","0","0","0","N","0","0","0","3","02301","0","","1.0","","9","N","N","","0","","0","0","0","","2","","","2","0","0","0","0","0","0","2","0","2","","","","N","","","","","","","","","",""
"2006120666","","2","0","0","0","0","0","0","0","0","4","0","","02","11","2006","5","40.421389","-79.944034","1410","11","0","0","0","0","0","0","0","0","","0","0","0","","","0","","1","","40 25:17.000","","0","79 56:38.522","0","0","0","0","2301","0","0","0","N","0","0","0","3","02301","0","","1.0","","1","N","N","","0","","0","0","0","","3","","","2","0","0","0","0","0","0","2","0","2","","","","N","","","","","","","","","",""
"2006120823","","1","0","0","0","0","0","0","0","0","1","1","","02","10","2006","6","","","1139","11","0","0","0","0","1","1","0","0","1","0","0","0","","","0","","0","","40 25:37.92","3","0","79 55:15.24","0","0","0","0","2301","0","0","0","N","0","0","0","2","68B03","0","","1.0","","1","N","N","","1","","0","0","0","","0","N","","2","0","0","0","0","0","0","2","0","2","","","","N","","","","","","","","","",""
"2006120877","","1","0","0","0","0","0","0","0","0","1","0","","02","10","2006","5","40.494167","-79.904366","1740","11","0","0","0","0","0","1","0","0","1","0","0","0","","","0","","0","","40 29:39.000","2","0","79 54:15.717","0","0","0","0","2112","0","0","0","N","0","0","0","2","68D02","0","","1.0","","1","N","N","","0","","0","0","1","","0","N","","2","0","0","0","0","0","0","2","0","2","","","","N","","","","","","","","","",""
"2006120885","","1","0","0","0","0","0","0","0","0","1","0","","02","10","2006","2","40.585","-79.7787","1941","11","0","0","0","0","0","1","0","0","","0","0","0","","","1","","0","","40 35:06.000","","0","79 46:43.320","4","0","0","0","2104","0","0","0","N","0","0","0","2","68D02","1","","1.0","","1","N","N","","1","","0","0","0","","0","","","2","1","0","0","0","0","0","2","0","2","","","","N","","","","","","","","","",""
"2006120896","","0","0","0","0","0","0","0","0","0","1","0","","02","10","2006","4","40.485556","-79.959834","0641","11","0","0","0","0","0","1","0","0","","0","0","0","","","0","","0","","40 29:08.000","","0","79 57:35.401","0","0","0","0","2112","0","0","0","N","0","0","0","2","68D02","0","","1.0","","9","N","N","","0","","0","0","1","","0","","","2","0","0","0","0","0","0","2","1","2","","","","N","","","","","","","","","",""
"2006120899","","1","0","0","0","0","0","0","0","0","1","0","","02","10","2006","3","","","0953","11","0","0","1","0","0","1","0","0","1","0","0","0","","","1","","0","","40 25:12.72","2","0","80 05:31.92","8","0","0","0","2457","0","0","0","N","0","0","0","2","68B03","0","","1.0","","9","N","N","","0","","0","0","1","","0","N","","2","1","1","0","0","1","0","2","0","2","","","","N","","","","","","","","","",""
"2006120975","","0","0","0","0","0","0","0","0","0","1","0","","02","10","2006","5","40.508056","-79.856545","1716","11","0","0","0","0","0","0","0","0","","0","0","0","","","0","","0","","40 30:29.000","","0","79 51:23.561","0","0","0","0","2112","0","0","0","N","0","0","0","4","68D02","0","","1.0","","1","N","N","","1","","0","0","1","","0","","","2","0","0","0","0","0","0","2","0","2","","","","N","","","","","","","","","",""
"2006120976","","0","0","0","0","0","0","0","0","0","99","0","","02","11","2006","4","40.541667","-79.839737","1800","11","0","0","0","0","0","0","0","0","","0","0","0","","","1","","0","","40 32:30.000","","0","79 50:23.052","8","0","0","0","2112","0","0","0","N","0","0","0","2","68D02","0","","1.0","","9","N","N","","0","","0","0","1","","0","","","1","1","0","0","0","1","0","2","0","1","","","","N","","","","","","","","","",""
"2006120977","","2","0","0","0","0","0","0","0","0","1","0","","02","11","2006","5","40.5022","-79.8618","0802","11","0","0","0","0","0","1","0","0","","0","0","0","","","0","","7","","40 30:07.920","","2","79 51:42.480","0","0","0","0","2112","0","0","0","N","0","0","0","2","68D02","0","","1.0","","1","N","N","","0","","0","0","0","","0","","","2","0","0","0","0","0","0","2","0","2","","","","N","","","","","","","","","",""
"2006121009","","1","0","0","0","0","0","0","0","0","7","0","","02","12","2006","7","40.493119","-80.046823","0202","11","0","0","0","0","0","0","0","0","3","0","0","0","","","0","","0","","40 29:35.227","7","0","80 02:48.563","0","0","0","0","2404","0","0","0","N","0","0","0","2","02404","0","","5.0","","98","N","N","","0","","0","0","0","","0","N","","1","0","1","0","0","0","0","2","0","1","","","","N","","","","","","","","","",""
"2006121011","","1","0","0","0","0","0","0","0","0","4","1","","02","11","2006","5","40.667068","-80.102147","0630","11","0","0","0","0","0","0","0","1","1","0","1","0","","","0","","0","","40 40:01.444","5","0","80 06:07.729","9","0","0","0","2212","0","0","0","N","0","0","0","2","02505","0","","1.0","","9","N","N","","0","","0","0","0","","0","N","","2","0","0","0","0","0","1","2","0","2","","","","N","","","","","","","","","",""
"2006121021","","1","0","0","0","0","0","0","0","0","1","0","","02","12","2006","6","40.438333","-79.842886","1232","11","0","0","0","0","0","0","0","0","","0","0","0","","","0","","2","","40 26:18.000","","0","79 50:34.391","0","0","0","0","2419","0","0","0","N","0","0","0","2","02419","0","","1.0","","9","N","N","","1","","0","0","0","","0","","","2","0","0","0","0","0","0","2","0","2","","","","N","","","","","","","","","",""
"2006121025","","2","0","0","0","0","0","0","0","0","1","0","","02","12","2006","6","40.416111","-80.045017","1715","11","0","0","0","0","0","0","0","0","","0","0","0","","","0","","0","","40 24:58.000","","0","80 02:42.060","0","0","0","0","2435","0","0","0","N","0","0","0","2","02435","0","","1.0","","1","N","N","","0","","0","0","0","","0","","","2","0","0","0","0","0","0","2","0","2","","","","N","","","","","","","","","",""
"2006121031","","2","0","0","0","0","0","0","0","0","4","0","","02","12","2006","6","40.268021","-79.886736","1150","11","0","0","0","0","0","0","1","0","2","0","0","0","","","0","","1","","40 16:04.875","6","0","79 53:12.251","0","0","0","0","2428","0","0","0","N","0","0","0","2","02428","0","","1.0","","9","N","N","","0","","0","0","0","","0","N","","2","0","0","0","0","0","0","2","0","2","","","","N","","","","","","","","","",""
"2006121039","","1","0","0","0","0","0","0","0","0","6","0","","02","12","2006","7","","","1253","11","0","0","0","0","0","2","0","0","","0","0","0","","","1","","1","","","","7","","4","0","0","0","2217","0","0","0","N","0","0","0","5","02505","1","","1.0","","1","N","N","","0","","0","0","1","","3","","","3","1","0","0","0","0","0","1","1","3","","","","N","","","","","","","","","",""
"2006121062","","1","0","0","0","0","0","0","0","0","1","0","","02","12","2006","7","40.340278","-79.963914","1908","11","0","0","0","1","0","0","1","0","","0","0","0","","","0","","0","","40 20:25.000","","0","79 57:50.091","9","0","0","0","2454","0","0","0","N","0","0","0","4","02454","0","","1.0","","1","N","N","","0","","0","0","0","","0","","","2","0","1","0","0","0","1","2","1","2","","","","N","","","","","","","","","",""
"2006121067","","1","0","0","0","0","0","0","0","0","1","0","","02","12","2006","7","40.432222","-79.800766","2046","11","0","0","0","1","1","0","0","0","","0","0","0","","","2","","0","","40 25:56.000","","3","79 48:02.759","4","0","0","0","2446","0","0","0","N","0","0","0","5","02446","2","","1.0","","1","N","N","","0","","0","0","1","","0","","","2","2","0","0","0","0","0","2","0","2","","","","N","","","","","","","","","",""