"CRN","ARRIVAL_TM","AUTOMOBILE_COUNT","BELTED_DEATH_COUNT","BELTED_SUSP_SERIOUS_INJ_COUNT","BICYCLE_COUNT","BICYCLE_DEATH_COUNT","BICYCLE_SUSP_SERIOUS_INJ_COUNT","BUS_COUNT","CHLDPAS_DEATH_COUNT","CHLDPAS_SUSP_SERIOUS_INJ_COUNT","COLLISION_TYPE","COMM_VEH_COUNT","CONS_ZONE_SPD_LIM","COUNTY","CRASH_MONTH","CRASH_YEAR","DAY_OF_WEEK","DEC_LATITUDE","DEC_LONGITUDE","DISPATCH_TM","DISTRICT","DRIVER_COUNT_16YR","DRIVER_COUNT_17YR","DRIVER_COUNT_18YR","DRIVER_COUNT_19YR","DRIVER_COUNT_20YR","DRIVER_COUNT_50_64YR","DRIVER_COUNT_65_74YR","DRIVER_COUNT_75PLUS","EST_HRS_CLOSED","FATAL_COUNT","HEAVY_TRUCK_COUNT","HORSE_BUGGY_COUNT","HOUR_OF_DAY","ILLUMINATION","INJURY_COUNT","INTERSECTION_RELATED","INTERSECT_TYPE","LANE_CLOSED","LATITUDE","LN_CLOSE_DIR","LOCATION_TYPE","LONGITUDE","MAX_SEVERITY_LEVEL","MCYCLE_DEATH_COUNT","MCYCLE_SUSP_SERIOUS_INJ_COUNT","MOTORCYCLE_COUNT","MUNICIPALITY","NONMOTR_COUNT","NONMOTR_DEATH_COUNT","NONMOTR_SUSP_SERIOUS_INJ_COUNT","NTFY_HIWY_MAINT","PED_COUNT","PED_DEATH_COUNT","PED_SUSP_SERIOUS_INJ_COUNT","PERSON_COUNT","POLICE_AGCY","POSSIBLE_INJ_COUNT","RDWY_SURF_TYPE_CD","RELATION_TO_ROAD","ROADWAY_CLEARED","ROAD_CONDITION","SCH_BUS_IND","SCH_ZONE_IND","SECONDARY_CRASH","SMALL_TRUCK_COUNT","SPEC_JURIS_CD","SUSP_MINOR_INJ_COUNT","SUSP_SERIOUS_INJ_COUNT","SUV_COUNT","TCD_FUNC_CD","TCD_TYPE","TFC_DETOUR_IND","TIME_OF_DAY","TOTAL_UNITS","TOT_INJ_COUNT","UNBELTED_OCC_COUNT","UNB_DEATH_COUNT","UNB_SUSP_SERIOUS_INJ_COUNT","UNK_INJ_DEG_COUNT","UNK_INJ_PER_COUNT","URBAN_RURAL","VAN_COUNT","VEHICLE_COUNT","WEATHER1","WEATHER2","WORKERS_PRES","WORK_ZONE_IND","WORK_ZONE_LOC","WORK_ZONE_TYPE","WZ_CLOSE_DETOUR","WZ_FLAGGER","WZ_LAW_OFFCR_IND","WZ_LN_CLOSURE","WZ_MOVING","WZ_OTHER","WZ_SHLDER_MDN","WZ_WORKERS_INJ_KILLED"
"2006122458","","1","0","0","0","0","0","0","0","0","4","0","","02","11","2006","5","40.453889","-79.912355","1334","11","0","0","0","0","0","1","0","0","","0","0","0","","","0","","1","","40 27:14.000","","0","79 54:44.478","0","0","0","0","2301","0","0","0","N","0","0","0","2","02301","0","","1.0","","9","N","N","","1","","0","0","0","","2","","","2","0","0","0","0","0","0","2","0","2","","","","N","","","","","","","","","",""
"2006122481","","2","0","0","0","0","0","0","0","0","4","0","","02","12","2006","6","40.653333","-80.067874","2109","11","0","0","0","0","0","0","0","0","1","0","0","0","","","1","","2","","40 39:12.000","3","0","80 04:04.348","4","0","0","0","2216","0","0","0","N","0","0","0","3","02505","1","","1.0","","1","N","N","","0","","0","0","0","","3","N","","2","1","0","0","0","0","0","2","0","2","","","","N","","","","","","","","","",""
"2006122485","","2","0","0","0","0","0","0","0","0","4","0","","02","12","2006","5","40.494075","-79.949816","1358","11","0","0","0","0","0","0","0","0","","0","0","0","","","0","","0","","40 29:38.670","","0","79 56:59.337","9","0","0","0","2430","0","0","0","N","0","0","0","1","02430","0","","5.0","","9","N","N","","0","","0","0","0","","0","","","2","0","0","0","0","0","1","2","0","2","","","","N","","","","","","","","","",""
"2006122500","","1","0","0","0","0","0","1","0","0","2","1","","02","12","2006","6","40.457209","-79.904368","0915","11","0","0","0","0","0","0","0","0","","0","0","0","","","1","","1","","40 27:25.954","","0","79 54:15.724","4","0","0","0","2301","0","0","0","N","0","0","0","13","02503","1","","1.0","","2","N","N","","0","","0","0","0","","2","","","2","1","0","0","0","0","0","2","0","2","","","","N","","","","","","","","","",""
"2006122513","","1","0","0","0","0","0","0","0","0","1","0","","02","12","2006","5","40.527937","-79.777546","1825","11","0","0","0","1","0","0","0","0","","0","0","0","","","0","","0","","40 31:40.573","","0","79 46:39.165","0","0","0","0","2466","0","0","0","N","0","0","0","1","02466","0","","2.0","","2","N","N","","1","","0","0","0","","0","","","2","0","0","0","0","0","0","2","0","2","","","","N","","","","","","","","","",""
"2006122517","","1","0","0","0","0","0","0","0","0","2","0","","02","12","2006","5","40.529444","-79.746038","1658","11","0","0","0","1","0","0","0","0","3","0","0","0","","","0","","0","","40 31:46.000","6","0","79 44:45.736","0","0","0","0","2466","0","0","0","N","0","0","0","3","02466","0","","1.0","","2","N","N","","0","","0","0","0","","0","N","","2","0","0","0","0","0","0","1","1","2","","","","N","","","","","","","","","",""
"2006122519","","1","0","0","0","0","0","0","0","0","7","0","","02","11","2006","3","40.633056","-79.954996","0335","11","0","0","0","0","0","0","0","0","2","0","0","0","","","1","","0","","40 37:59.000","6","0","79 57:17.984","2","0","0","0","2217","0","0","0","N","0","0","0","1","02505","0","","5.0","","1","N","N","","0","","0","1","0","","0","Y","","1","1","1","0","1","0","0","2","0","1","","","","N","","","","","","","","","",""
"2006122522","","0","0","0","0","0","0","0","0","0","7","0","","02","12","2006","5","40.5488","-79.9002","1521","11","0","1","0","0","0","0","0","0","3","0","0","0","","","0","","0","","40 32:55.680","3","0","79 54:00.720","0","0","0","0","2209","0","0","0","Y","0","0","0","1","02209","0","","5.0","","2","N","Y","","0","","0","0","1","","0","N","","1","0","0","0","0","0","0","2","0","1","","","","N","","","","","","","","","",""
"2006122523","","2","0","0","0","0","0","0","0","0","1","0","","02","12","2006","2","40.518122","-80.219436","1744","11","0","0","0","0","0","1","0","0","2","0","0","0","","","1","","0","","40 31:05.239","5","0","80 13:09.968","8","0","0","0","2213","0","0","0","N","0","0","0","2","02213","0","","1.0","","1","N","N","","0","","0","0","0","","0","N","","2","1","1","0","0","1","0","2","0","2","","","","N","","","","","","","","","",""
"2006122524","","1","0","0","0","0","0","0","0","0","1","0","","02","12","2006","6","40.522068","-80.217554","1205","11","0","0","0","1","0","0","0","0","","0","0","0","","","1","","2","","40 31:19.444","","0","80 13:03.194","4","0","0","0","2213","0","0","0","N","0","0","0","4","02213","1","","1.0","","1","N","N","","0","","0","0","1","","0","","","2","1","0","0","0","0","0","2","0","2","","","","N","","","","","","","","","",""
"2006122525","","2","0","0","0","0","0","0","0","0","4","0","","02","11","2006","4","40.505556","-80.223137","1437","11","0","0","0","0","0","1","0","0","","0","0","0","","","0","","0","","40 30:20.000","","0","80 13:23.293","0","0","0","0","2213","0","0","0","N","0","0","0","2","02213","0","","1.0","","1","N","N","","0","","0","0","0","","0","","","2","0","0","0","0","0","0","2","0","2","","","","N","","","","","","","","","",""
"2006122526","","2","0","0","0","0","0","0","0","0","1","0","","02","12","2006","5","40.513113","-80.222428","2356","11","0","0","0","0","0","1","0","0","1","0","0","0","","","1","","2","","40 30:47.205","1","0","80 13:20.742","8","0","0","0","2213","0","0","0","N","0","0","0","4","02213","0","","1.0","","2","N","N","","0","","0","0","0","","2","Y","","2","1","0","0","0","1","0","2","0","2","","","","N","","","","","","","","","",""
"2006122527","","2","0","0","0","0","0","0","0","0","1","0","","02","10","2006","5","40.505556","-80.207298","2010","11","0","0","0","0","0","1","0","0","2","0","0","0","","","1","","0","","40 30:20.000","2","0","80 12:26.271","4","0","0","0","2213","0","0","0","N","0","0","0","4","02213","1","","1.0","","1","N","N","","1","","0","0","0","","0","N","","3","1","0","0","0","0","0","2","0","3","","","","N","","","","","","","","","",""
"2006122528","","0","0","0","0","0","0","0","0","0","99","0","","02","11","2006","5","40.520833","-80.264726","1724","11","0","0","0","0","0","0","0","0","","0","0","0","","","0","","0","","40 31:15.000","","0","80 15:53.014","0","0","0","0","2213","0","0","0","N","0","0","0","1","02213","0","","1.0","","1","N","N","","0","","0","0","1","","0","","","1","0","0","0","0","0","0","2","0","1","","","","N","","","","","","","","","",""
"2006122572","","0","0","0","0","0","0","0","0","0","7","0","","02","11","2006","6","","","2150","11","0","0","0","0","0","0","0","0","1","0","0","0","","","1","","0","","","1","0","","8","0","0","1","2301","0","0","0","N","0","0","0","1","02301","0","","1.0","","1","N","N","","0","","0","0","0","","0","Y","","1","1","0","0","0","1","0","1","0","1","","","","N","","","","","","","","","",""
"2006122573","","1","0","0","0","0","0","0","0","0","4","0","","02","11","2006","2","40.437392","-79.999303","1844","11","0","0","0","0","1","0","1","0","","0","0","0","","","1","","1","","40 26:14.611","","0","79 59:57.489","4","0","0","0","2301","0","0","0","N","0","0","0","5","02301","1","","1.0","","1","N","N","","0","","0","0","1","","2","","","2","1","0","0","0","0","0","2","0","2","","","","N","","","","","","","","","",""
"2006122574","","2","0","0","0","0","0","0","0","0","4","0","","02","11","2006","1","40.473101","-79.930359","1140","11","0","0","0","1","1","0","0","0","","0","0","0","","","1","","0","","40 28:23.165","","0","79 55:49.293","4","0","0","0","2301","0","0","0","N","0","0","0","5","02301","1","","1.0","","1","N","N","","0","","0","0","0","","0","","","2","1","0","0","0","0","0","2","0","2","","","","N","","","","","","","","","",""
"2006122594","","2","0","0","0","0","0","0","0","0","2","0","","02","12","2006","6","40.3975","-79.769328","1737","11","0","0","0","0","0","1","0","0","","0","0","0","","","0","","1","","40 23:51.000","","0","79 46:09.580","0","0","0","0","2446","0","0","0","N","0","0","0","2","02446","0","","1.0","","1","N","N","","0","","0","0","0","","2","","","2","0","0","0","0","0","0","2","0","2","","","","N","","","","","","","","","",""
"2006122603","","2","0","0","0","0","0","0","0","0","1","0","","02","12","2006","6","40.633333","-79.940229","1938","11","0","1","0","0","0","0","0","0","","0","0","0","","","1","","0","","40 38:00.000","","0","79 56:24.825","3","0","0","0","2217","0","0","0","N","0","0","0","4","02505","0","","1.0","","1","N","N","","0","","1","0","0","","0","","","2","1","1","0","0","0","0","2","0","2","","","","N","","","","","","","","","",""
"2006122606","","2","0","0","0","0","0","0","0","0","6","0","","02","12","2006","6","40.380171","-79.817614","1750","11","0","0","0","0","0","0","0","0","","0","0","0","","","0","","0","","40 22:48.615","","0","79 49:03.410","9","0","0","0","2111","0","0","0","N","0","0","0","1","02111","0","","1.0","","1","N","N","","1","","0","0","0","","0","","","3","0","0","0","0","0","1","2","0","3","","","","N","","","","","","","","","",""
"2006122610","","1","0","0","0","0","0","0","0","0","5","0","","02","11","2006","4","40.439071","-80.005396","1215","11","0","0","0","0","0","2","0","0","","0","0","0","","","1","","2","","40 26:20.655","","0","80 00:19.425","4","0","0","0","2301","0","0","0","","0","0","0","4","02301","1","","1.0","","1","N","N","","0","","0","0","1","","0","","","2","1","0","0","0","0","0","2","0","2","","","","N","","","","","","","","","",""
"2006122611","","2","0","0","0","0","0","0","0","0","4","0","","02","11","2006","2","40.453889","-79.912355","1908","11","0","0","0","0","1","0","0","0","","0","0","0","","","0","","1","","40 27:14.000","","0","79 54:44.478","0","0","0","0","2301","0","0","0","N","0","0","0","2","02301","0","","1.0","","1","N","N","","0","","0","0","0","","2","","","2","0","0","0","0","0","0","2","0","2","","","","N","","","","","","","","","",""
"2006122612","","1","0","0","0","0","0","0","0","0","2","0","","02","11","2006","4","40.466968","-79.905464","1006","11","0","0","0","0","0","0","0","0","","0","0","0","","","1","","0","","40 28:01.084","","0","79 54:19.670","3","0","0","0","2301","0","0","0","N","0","0","0","2","02301","0","","1.0","","1","N","N","","0","","1","0","1","","0","","","2","1","1","0","0","0","0","2","0","2","","","","N","","","","","","","","","",""
"2006122613","","0","0","0","0","0","0","0","0","0","4","0","","02","11","2006","2","40.404336","-79.975872","1102","11","0","0","0","0","0","1","0","0","1","0","0","0","","","1","","2","","40 24:15.609","4","0","79 58:33.139","8","0","0","0","2301","0","0","0","N","0","0","0","2","02301","0","","1.0","","1","N","N","","1","","0","0","0","","2","N","","2","1","0","0","0","1","1","2","1","2","","","","N","","","","","","","","","",""
"2006122614","","2","0","0","0","0","0","0","0","0","4","0","","02","11","2006","7","40.427861","-79.980668","0005","11","0","0","0","0","0","0","0","0","9","0","0","0","","","2","","1","","40 25:40.299","7","0","79 58:50.404","3","0","0","0","2301","0","0","0","N","0","0","0","2","02301","0","","1.0","","1","N","N","","1","","2","0","1","","2","Y","","4","2","2","0","0","0","0","2","0","4","","","","N","","","","","","","","","",""
"2006122713","","2","0","0","0","0","0","0","0","0","5","0","","02","11","2006","1","","","1015","11","0","0","0","0","0","1","0","1","","0","0","0","","","0","","0","","40 26:03.84","","0","79 59:23.28","0","0","0","0","2301","0","0","0","N","0","0","0","4","68B03","0","","1.0","","1","N","N","","0","","0","0","0","","0","","","3","0","2","0","0","0","0","2","1","3","","","","N","","","","","","","","","",""
"2006122714","","1","0","0","0","0","0","0","0","0","1","0","","02","11","2006","6","","","1532","11","0","0","0","1","0","1","0","0","1","0","0","0","","","0","","0","","40 25:36.12","2","0","80 01:51.24","9","0","0","0","2301","0","0","0","N","0","0","0","3","68B03","0","","1.0","","1","N","N","","0","","0","0","1","","0","Y","","2","0","0","0","0","0","2","2","0","2","","","","N","","","","","","","","","",""
"2006122808","","1","0","0","0","0","0","0","0","0","7","0","","02","11","2006","3","40.4908","-79.9111","0705","11","0","0","0","0","0","0","0","0","2","0","0","0","","","1","","0","","40 29:26.880","1","3","79 54:39.960","8","0","0","0","2301","0","0","0","N","0","0","0","1","02301","0","","3.0","","2","N","N","","0","","0","0","0","","0","N","","1","1","0","0","0","1","0","2","0","1","","","","N","","","","","","","","","",""
"2006122809","","2","0","0","0","0","0","0","0","0","4","0","","02","11","2006","5","40.475284","-80.039589","1324","11","0","0","1","0","0","0","0","0","","0","0","0","","","1","","2","","40 28:31.022","","0","80 02:22.520","4","0","0","0","2301","0","0","0","N","0","0","0","2","02301","1","","1.0","","1","N","N","","0","","0","0","0","","2","","","2","1","0","0","0","0","0","2","0","2","","","","N","","","","","","","","","",""
"2006122810","","1","0","0","0","0","0","0","0","0","5","0","","02","11","2006","6","40.469333","-80.017389","0132","11","0","0","0","0","0","0","0","0","","0","0","0","","","0","","0","","40 28:09.600","","0","80 01:02.600","0","0","0","0","2301","0","0","0","N","0","0","0","2","02301","0","","4.0","","9","N","N","","0","","0","0","1","","0","","","2","0","0","0","0","0","0","2","0","2","","","","N","","","","","","","","","",""
"2006122811","","1","0","0","0","0","0","0","0","0","5","0","","02","11","2006","3","40.477328","-79.95404","2214","11","0","0","0","0","0","0","0","0","","0","0","0","","","1","","2","","40 28:38.380","","0","79 57:14.544","4","0","0","0","2301","0","0","0","N","0","0","0","2","02301","1","","1.0","","1","N","N","","0","","0","0","1","","0","","","2","1","0","0","0","0","1","2","0","2","","","","N","","","","","","","","","",""
"2006122812","","2","0","0","0","0","0","0","0","0","4","0","","02","11","2006","1","40.435833","-79.978646","1059","11","0","0","0","0","0","0","0","0","","0","0","0","","","0","","1","","40 26:09.000","","0","79 58:43.126","0","0","0","0","2301","0","0","0","N","0","0","0","2","02301","0","","1.0","","1","N","N","","0","","0","0","0","","0","","","2","0","0","0","0","0","0","2","0","2","","","","N","","","","","","","","","",""
"2006122813","","1","0","0","0","0","0","0","0","0","7","0","","02","11","2006","3","40.443578","-79.98428","1100","11","0","0","0","0","0","1","0","0","","0","0","0","","","1","","1","","40 26:36.880","","0","79 59:03.408","4","0","0","0","2301","0","0","0","N","0","0","0","1","02301","1","","5.0","","1","N","N","","0","","0","0","0","","3","","","1","1","1","0","0","0","0","2","0","1","","","","N","","","","","","","","","",""
"2006122814","","1","0","0","0","0","0","0","0","0","0","0","","02","11","2006","3","40.440425","-79.994868","1825","11","0","0","0","0","0","0","0","0","","0","0","0","","","0","","1","","40 26:25.530","","0","79 59:41.524","0","0","0","0","2301","0","0","0","N","0","0","0","1","02301","0","","1.0","","1","N","N","","0","","0","0","0","","0","","","1","0","0","0","0","0","0","2","0","1","","","","N","","","","","","","","","",""
"2006122815","","2","0","0","0","0","0","0","0","0","4","0","","02","11","2006","6","40.457842","-79.974246","1204","11","0","0","0","0","0","0","0","0","","0","0","0","","","1","","1","","40 27:28.231","","0","79 58:27.285","8","0","0","0","2301","0","0","0","N","0","0","0","3","02301","0","","1.0","","1","N","N","","0","","0","0","0","","3","","","2","1","0","0","0","1","0","2","0","2","","","","N","","","","","","","","","",""
"2006122816","","2","0","0","0","0","0","0","0","0","4","0","","02","11","2006","6","40.465642","-79.955211","2141","11","0","0","0","0","0","0","0","0","","0","0","0","","","1","","1","","40 27:56.311","","0","79 57:18.759","4","0","0","0","2301","0","0","0","N","0","0","0","2","02301","1","","1.0","","1","N","N","","0","","0","0","0","","2","","","2","1","0","0","0","0","0","2","0","2","","","","N","","","","","","","","","",""
"2006122817","","0","0","0","0","0","0","0","0","0","4","0","","02","11","2006","1","40.448809","-79.987534","0625","11","0","0","0","0","0","0","0","0","1","0","0","0","","","0","","1","","40 26:55.712","2","0","79 59:15.122","0","0","0","0","2301","0","0","0","N","0","0","0","3","02301","0","","1.0","","1","N","N","","1","","0","0","1","","2","N","","2","0","0","0","0","0","0","2","0","2","","","","N","","","","","","","","","",""
"2006122818","","1","0","0","0","0","0","0","0","0","4","0","","02","11","2006","2","40.434592","-79.924359","0901","11","0","0","0","0","0","0","0","0","","0","0","0","","","0","","0","","40 26:04.531","","0","79 55:27.692","0","0","0","0","2301","0","0","0","N","0","0","0","2","02301","0","","1.0","","1","N","N","","0","","0","0","1","","0","","","2","0","0","0","0","0","0","2","0","2","","","","N","","","","","","","","","",""
"2006122819","","2","0","0","0","0","0","0","0","0","4","0","","02","11","2006","2","40.454125","-79.906268","0648","11","0","0","0","0","0","1","0","0","","0","0","0","","","0","","1","","40 27:14.851","","0","79 54:22.563","0","0","0","0","2301","0","0","0","N","0","0","0","2","02301","0","","1.0","","1","N","N","","0","","0","0","0","","3","","","2","0","0","0","0","0","0","2","0","2","","","","N","","","","","","","","","",""
"2006122820","","2","0","0","0","0","0","0","0","0","4","0","","02","11","2006","2","40.45659","-79.989931","1823","11","0","0","1","0","0","0","0","0","2","0","0","0","","","0","","0","","40 27:23.723","2","0","79 59:23.752","0","0","0","0","2301","0","0","0","N","0","0","0","6","02301","0","","1.0","","1","N","N","","0","","0","0","0","","0","N","","2","0","0","0","0","0","0","2","0","2","","","","N","","","","","","","","","",""
"2006122821","","1","0","0","0","0","0","0","0","0","4","0","","02","11","2006","5","40.46586","-79.922782","0948","11","0","0","0","0","0","1","0","0","1","0","0","0","","","0","","1","","40 27:57.096","5","0","79 55:22.015","0","0","0","0","2301","0","0","0","N","0","0","0","2","02301","0","","4.0","","1","N","N","","0","","0","0","1","","2","Y","","2","0","0","0","0","0","0","2","0","2","","","","N","","","","","","","","","",""
"2006122822","","2","0","0","0","0","0","0","0","0","99","0","","02","11","2006","6","40.466188","-79.912216","0905","11","0","0","0","0","0","0","0","0","","0","0","0","","","0","","1","","40 27:58.276","","0","79 54:43.977","0","0","0","0","2301","0","0","0","N","0","0","0","2","02301","0","","1.0","","1","N","N","","0","","0","0","0","","3","","","2","0","0","0","0","0","0","2","0","2","","","","N","","","","","","","","","",""
"2006122823","","2","0","0","0","0","0","0","0","0","4","0","","02","11","2006","6","40.46212","-79.940382","1658","11","0","0","0","0","0","1","0","0","","0","0","0","","","2","","1","","40 27:43.632","","0","79 56:25.375","3","0","0","0","2301","0","0","0","N","0","0","0","3","02301","1","","1.0","","1","N","N","","0","","1","0","0","","3","","","2","2","1","0","0","0","0","2","0","2","","","","N","","","","","","","","","",""
"2006122824","","0","0","0","0","0","0","0","0","0","7","0","","02","11","2006","7","40.473418","-79.919035","2108","11","0","0","1","0","0","0","0","0","","0","0","0","","","0","","0","","40 28:24.304","","0","79 55:08.526","0","0","0","0","2301","0","0","0","N","0","0","0","3","02301","0","","4.0","","1","N","N","","0","","0","0","1","","0","","","1","0","0","0","0","0","0","2","0","1","","","","N","","","","","","","","","",""
"2006122825","","0","0","0","0","0","0","0","0","0","4","0","","02","11","2006","3","40.45623","-79.895639","1238","11","0","0","0","0","0","0","0","0","","0","0","0","","","2","","1","","40 27:22.428","","0","79 53:44.300","8","0","0","0","2301","0","0","0","N","0","0","0","2","02301","0","","1.0","","1","N","N","","0","","0","0","1","","2","","","2","2","0","0","0","2","0","2","1","2","","","","N","","","","","","","","","",""
"2006122851","","1","0","0","0","0","0","0","0","0","4","0","","02","11","2006","4","40.3875","-80.090992","1619","11","0","0","0","0","0","0","0","0","","0","0","0","","","0","","2","","40 23:15.000","","0","80 05:27.572","0","0","0","0","2437","0","0","0","N","0","0","0","2","02437","0","","1.0","","1","N","N","","0","","0","0","1","","2","","","2","0","0","0","0","0","0","2","0","2","","","","N","","","","","","","","","",""
"2006122871","","0","0","0","0","0","0","0","0","0","7","0","","02","11","2006","7","40.314745","-79.885342","0325","11","0","0","0","0","0","0","0","0","3","0","0","0","","","2","","2","","40 18:53.083","1","3","79 53:07.230","8","0","0","0","2433","0","0","0","Y","0","0","0","2","02433","0","","4.0","","1","N","N","","0","","0","0","1","","2","Y","","1","2","0","0","0","2","0","2","0","1","","","","N","","","","","","","","","",""
"2006122875","","2","0","0","0","0","0","0","0","0","4","0","","02","11","2006","7","40.437138","-79.919235","2119","11","0","0","0","0","0","0","1","0","2","0","0","0","","","3","","1","","40 26:13.696","3","0","79 55:09.246","4","0","0","0","2301","0","0","0","N","0","0","0","3","02301","3","","1.0","","1","N","N","","0","","0","0","0","","3","N","","2","3","0","0","0","0","0","2","0","2","","","","N","","","","","","","","","",""
"2006122883","","0","0","0","0","0","0","0","0","0","5","1","99","02","11","2006","2","40.5764","-80.2221","0700","11","0","0","0","0","0","1","0","0","2","0","1","0","","","0","","0","","40 34:35.040","1","0","80 13:19.560","0","0","0","0","2441","0","0","0","N","0","0","0","2","02441","0","","1.0","","1","N","N","","1","","0","0","0","","8","Y","","2","0","0","0","0","0","0","2","0","2","","","U","Y","8","8","","","U","","","","",""
"2006122884","","2","0","0","0","0","0","0","0","0","5","0","","02","10","2006","2","40.570518","-80.215178","1236","11","0","0","0","0","0","0","0","0","","0","0","0","","","0","","0","","40 34:13.864","","0","80 12:54.640","0","0","0","0","2441","0","0","0","N","0","0","0","2","02441","0","","6.0","","1","N","N","","0","","0","0","0","","0","","","2","0","0","0","0","0","0","2","0","2","","","","N","","","","","","","","","",""
"2006122919","","0","0","0","0","0","0","0","0","0","7","0","","02","11","2006","3","40.494297","-79.931525","0700","11","0","0","0","0","0","0","0","0","","0","0","0","","","1","","0","","40 29:39.470","","0","79 55:53.490","4","0","0","0","2461","0","0","0","N","0","0","0","2","02461","1","","5.0","","1","N","N","","0","","0","0","1","","0","","","1","1","1","0","0","0","0","2","0","1","","","","N","","","","","","","","","",""
"2006122920","","2","0","0","0","0","0","0","0","0","4","0","","02","6","2006","5","40.494368","-79.928959","1745","11","0","0","0","0","0","0","0","0","","0","0","0","","","0","","0","","40 29:39.725","","0","79 55:44.252","0","0","0","0","2461","0","0","0","N","0","0","0","2","02461","0","","1.0","","9","N","N","","0","","0","0","0","","0","","","2","0","0","0","0","0","0","2","0","2","","","","N","","","","","","","","","",""
"2006123052","","1","0","0","0","0","0","0","0","0","7","0","","02","10","2006","3","","","2156","11","0","0","0","0","0","1","0","0","","0","0","0","","","1","","0","","40 26:24.00","","3","79 45:22.32","3","0","0","0","2446","0","0","0","Y","0","0","0","1","68B03","0","","2.0","","1","N","N","","0","","1","0","0","","0","","","1","1","0","0","0","0","0","2","0","1","","","","N","","","","","","","","","",""
"2006123054","","1","0","0","0","0","0","0","0","0","7","0","","02","10","2006","5","","","0519","11","0","1","0","0","0","0","0","0","","0","0","0","","","0","","0","","40 26:09.60","","0","79 58:21.00","0","0","0","0","2301","0","0","0","N","0","0","0","1","68B03","0","","4.0","","1","N","N","","0","","0","0","0","","0","","","1","0","0","0","0","0","0","2","0","1","","","","N","","","","","","","","","",""
"2006123055","","0","0","0","0","0","0","0","0","0","1","1","","02","11","2006","7","","","1320","11","0","0","0","0","0","1","0","0","1","0","1","0","","","0","","0","","40 25:37.56","4","4","79 55:10.20","0","0","0","0","2301","0","0","0","N","0","0","0","3","68B03","0","","1.0","","1","N","N","","1","","0","0","1","","8","N","","3","0","0","0","0","0","0","2","0","3","","","","N","","","","","","","","","",""
"2006123056","","0","0","0","0","0","0","0","0","0","7","0","","02","11","2006","2","","","1421","11","0","0","0","0","0","0","0","0","1","0","0","0","","","1","","0","","40 25:26.40","3","0","80 06:33.48","3","0","0","0","2102","0","0","0","N","0","0","0","1","68B03","0","","3.0","","1","N","N","","0","","1","0","1","","0","N","","1","1","0","0","0","0","0","2","0","1","","","","N","","","","","","","","","",""
"2006123057","","2","0","0","0","0","0","0","0","0","1","0","","02","10","2006","6","","","2242","11","0","0","0","0","0","0","0","0","","0","0","0","","","2","","0","","40 25:37.92","","0","79 53:29.04","4","0","0","0","2411","0","0","0","N","0","0","0","7","68B03","1","","1.0","","9","N","N","","0","","0","0","0","","0","","","2","2","0","0","0","1","0","2","0","2","","","","N","","","","","","","","","",""
"2006123058","","2","0","0","0","0","0","0","0","0","1","0","","02","10","2006","1","","","0019","11","0","0","0","0","0","1","0","0","","0","0","0","","","0","","0","","40 28:27.12","","0","80 00:21.24","0","0","0","0","2301","0","0","0","N","0","0","0","3","68B03","0","","1.0","","1","N","N","","0","","0","0","1","","0","","","3","0","1","0","0","0","0","2","0","3","","","","N","","","","","","","","","",""
"2006123059","","1","0","0","0","0","0","0","0","0","1","1","","02","11","2006","4","40.450278","-80.111093","1835","11","0","0","0","0","0","1","0","0","","0","1","0","","","1","","0","","40 27:01.000","","0","80 06:39.934","3","0","0","0","2115","0","0","0","N","0","0","0","2","68B03","0","","1.0","","9","N","N","","0","","1","0","0","","0","","","2","1","0","0","0","0","0","2","0","2","","","","N","","","","","","","","","",""
"2006123123","","0","0","0","0","0","0","0","0","0","7","0","","02","10","2006","3","","","0911","11","0","0","0","0","0","0","0","0","1","0","0","0","","","1","","0","","40 25:23.52","1","0","80 06:18.72","4","0","0","0","2115","0","0","0","N","0","0","0","1","68B03","1","","4.0","","9","N","N","","0","","0","0","1","","0","N","","1","1","0","0","0","0","0","2","0","1","","","","N","","","","","","","","","",""
"2006123124","","2","0","0","0","0","0","0","0","0","1","0","","02","10","2006","2","","","0741","11","0","0","0","0","0","0","0","0","","0","0","0","","","0","","0","","40 25:24.24","","0","80 06:20.16","0","0","0","0","2102","0","0","0","N","0","0","0","3","68B03","0","","1.0","","1","N","N","","0","","0","0","0","","0","","","3","0","0","0","0","0","0","2","1","3","","","","N","","","","","","","","","",""
"2006123138","","1","0","0","0","0","0","0","0","0","7","0","","02","11","2006","5","40.4931","-79.8107","0548","11","0","0","0","0","0","0","0","0","","0","0","0","","","1","","0","","40 29:35.160","","0","79 48:38.520","3","0","0","0","2113","0","0","0","N","0","0","0","1","02113","0","","5.0","","9","N","N","","0","","1","0","0","","0","","","1","1","0","0","0","0","0","2","0","1","","","","N","","","","","","","","","",""
"2006123139","","2","0","0","0","0","0","0","0","0","0","0","","02","11","2006","4","40.4625","-79.8241","0822","11","0","0","0","0","1","0","0","0","2","0","0","0","","","1","","0","","40 27:45.000","2","0","79 49:26.760","4","0","0","0","2113","0","0","0","N","0","0","0","2","02113","1","","1.0","","1","N","N","","0","","0","0","0","","0","N","","2","1","0","0","0","0","0","2","0","2","","","","N","","","","","","","","","",""