"CRN","ARRIVAL_TM","AUTOMOBILE_COUNT","BELTED_DEATH_COUNT","BELTED_SUSP_SERIOUS_INJ_COUNT","BICYCLE_COUNT","BICYCLE_DEATH_COUNT","BICYCLE_SUSP_SERIOUS_INJ_COUNT","BUS_COUNT","CHLDPAS_DEATH_COUNT","CHLDPAS_SUSP_SERIOUS_INJ_COUNT","COLLISION_TYPE","COMM_VEH_COUNT","CONS_ZONE_SPD_LIM","COUNTY","CRASH_MONTH","CRASH_YEAR","DAY_OF_WEEK","DEC_LATITUDE","DEC_LONGITUDE","DISPATCH_TM","DISTRICT","DRIVER_COUNT_16YR","DRIVER_COUNT_17YR","DRIVER_COUNT_18YR","DRIVER_COUNT_19YR","DRIVER_COUNT_20YR","DRIVER_COUNT_50_64YR","DRIVER_COUNT_65_74YR","DRIVER_COUNT_75PLUS","EST_HRS_CLOSED","FATAL_COUNT","HEAVY_TRUCK_COUNT","HORSE_BUGGY_COUNT","HOUR_OF_DAY","ILLUMINATION","INJURY_COUNT","INTERSECTION_RELATED","INTERSECT_TYPE","LANE_CLOSED","LATITUDE","LN_CLOSE_DIR","LOCATION_TYPE","LONGITUDE","MAX_SEVERITY_LEVEL","MCYCLE_DEATH_COUNT","MCYCLE_SUSP_SERIOUS_INJ_COUNT","MOTORCYCLE_COUNT","MUNICIPALITY","NONMOTR_COUNT","NONMOTR_DEATH_COUNT","NONMOTR_SUSP_SERIOUS_INJ_COUNT","NTFY_HIWY_MAINT","PED_COUNT","PED_DEATH_COUNT","PED_SUSP_SERIOUS_INJ_COUNT","PERSON_COUNT","POLICE_AGCY","POSSIBLE_INJ_COUNT","RDWY_SURF_TYPE_CD","RELATION_TO_ROAD","ROADWAY_CLEARED","ROAD_CONDITION","SCH_BUS_IND","SCH_ZONE_IND","SECONDARY_CRASH","SMALL_TRUCK_COUNT","SPEC_JURIS_CD","SUSP_MINOR_INJ_COUNT","SUSP_SERIOUS_INJ_COUNT","SUV_COUNT","TCD_FUNC_CD","TCD_TYPE","TFC_DETOUR_IND","TIME_OF_DAY","TOTAL_UNITS","TOT_INJ_COUNT","UNBELTED_OCC_COUNT","UNB_DEATH_COUNT","UNB_SUSP_SERIOUS_INJ_COUNT","UNK_INJ_DEG_COUNT","UNK_INJ_PER_COUNT","URBAN_RURAL","VAN_COUNT","VEHICLE_COUNT","WEATHER1","WEATHER2","WORKERS_PRES","WORK_ZONE_IND","WORK_ZONE_LOC","WORK_ZONE_TYPE","WZ_CLOSE_DETOUR","WZ_FLAGGER","WZ_LAW_OFFCR_IND","WZ_LN_CLOSURE","WZ_MOVING","WZ_OTHER","WZ_SHLDER_MDN","WZ_WORKERS_INJ_KILLED"
"2006129094","","1","0","0","0","0","0","0","0","0","8","0","","02","12","2006","6","40.431111","-79.959148","1504","11","0","0","0","0","0","1","0","0","9","0","0","0","","","1","","1","","40 25:52.000","4","0","79 57:32.932","8","0","0","0","2301","1","0","0","N","1","0","0","2","02301","0","","1.0","","1","N","N","","0","","0","0","0","","2","N","","2","1","0","0","0","1","0","2","0","1","","","","N","","","","","","","","","",""
"2006129099","","0","0","0","0","0","0","0","0","0","7","0","","02","12","2006","4","40.3738","-80.1224","0047","11","0","0","0","0","0","0","0","0","","0","0","0","","","0","","0","","40 22:25.680","","0","80 07:20.640","0","0","0","0","2102","0","0","0","N","0","0","0","1","02102","0","","5.0","","9","N","N","","0","","0","0","0","","0","","","1","0","0","0","0","0","0","2","1","1","","","","N","","","","","","","","","",""
"2006129100","","2","0","0","0","0","0","0","0","0","1","0","","02","12","2006","1","40.535","-80.035959","0235","11","0","0","0","0","0","0","0","0","","0","0","0","","","1","","2","","40 32:06.000","","0","80 02:09.454","8","0","0","0","2116","0","0","0","N","0","0","0","5","02116","0","","1.0","","1","N","N","","0","","0","0","0","","0","","","2","1","0","0","0","1","0","2","0","2","","","","N","","","","","","","","","",""
"2006129101","","1","0","0","0","0","0","0","0","0","8","0","","02","12","2006","7","40.5438","-80.0359","0232","11","0","0","0","0","0","0","0","0","3","0","0","0","","","1","","0","","40 32:37.680","5","0","80 02:09.240","3","0","0","0","2116","1","0","0","N","1","0","0","2","02116","0","","1.0","","9","N","N","","0","","1","0","0","","0","Y","","2","1","0","0","0","0","0","2","0","1","","","","N","","","","","","","","","",""
"2006129104","","1","0","0","0","0","0","0","0","0","4","0","","02","12","2006","6","40.656389","-79.78495","1239","11","0","0","1","0","0","0","0","0","","0","0","0","","","2","","0","","40 39:23.000","","0","79 47:05.820","3","0","0","0","2202","0","0","0","N","0","0","0","2","02202","1","","1.0","","9","N","N","","1","","1","0","0","","0","","","2","2","0","0","0","0","0","1","0","2","","","","N","","","","","","","","","",""
"2006129113","","0","0","0","0","0","0","0","0","0","99","0","","02","12","2006","3","40.3328","-80.0692","1718","11","0","0","0","0","0","1","0","0","","0","0","0","","","0","","0","","40 19:58.080","","0","80 04:09.120","0","0","0","0","2123","0","0","0","N","0","0","0","1","02123","0","","1.0","","9","N","N","","0","","0","0","1","","0","","","1","0","0","0","0","0","0","2","0","1","","","","N","","","","","","","","","",""
"2006129117","","0","0","0","0","0","0","0","0","0","7","0","","02","12","2006","3","40.407292","-80.089135","1158","11","0","0","0","0","0","1","0","0","3","0","0","0","","","1","","5","","40 24:26.250","4","0","80 05:20.885","8","0","0","0","2415","0","0","0","N","0","0","0","1","02415","0","","5.0","","1","N","N","","1","","0","0","0","","1","Y","","1","1","0","0","0","1","0","2","0","1","","","","N","","","","","","","","","",""
"2006129136","","1","0","0","0","0","0","0","0","0","6","0","","02","12","2006","4","40.628056","-80.023909","1103","11","0","0","0","0","0","0","0","1","","0","0","0","","","1","","1","","40 37:41.000","","0","80 01:26.074","4","0","0","0","2216","0","0","0","N","0","0","0","2","02505","1","","1.0","","1","N","N","","1","","0","0","0","","1","","","2","1","0","0","0","0","0","1","0","2","","","","N","","","","","","","","","",""
"2006129137","","1","0","0","0","0","0","0","0","0","1","0","","02","12","2006","2","40.427368","-79.75117","1714","11","0","0","0","0","0","1","0","0","1","0","0","0","","","2","","0","","40 25:38.526","2","0","79 45:04.213","4","0","0","0","2446","0","0","0","N","0","0","0","2","02446","2","","1.0","","1","N","N","","0","","0","0","1","","0","N","","2","2","0","0","0","0","0","2","0","2","","","","N","","","","","","","","","",""
"2006129138","","2","0","0","0","0","0","0","0","0","2","0","","02","12","2006","4","40.386134","-79.821206","1535","11","0","0","0","0","0","0","0","1","","0","0","0","","","1","","1","","40 23:10.082","","0","79 49:16.341","8","0","0","0","2111","0","0","0","N","0","0","0","2","02111","0","","1.0","","1","N","N","","0","","0","0","0","","2","","","2","1","0","0","0","1","0","2","0","2","","","","N","","","","","","","","","",""
"2006129139","","1","0","0","0","0","0","0","0","0","8","0","","02","12","2006","2","40.438336","-79.772442","1948","11","0","0","0","0","0","0","0","0","","0","0","0","","","1","","0","","40 26:18.009","","7","79 46:20.792","4","0","0","0","2446","1","0","0","N","1","0","0","3","02446","1","","6.0","","1","N","N","","0","","0","0","0","","0","","","2","1","2","0","0","0","0","2","0","1","","","","N","","","","","","","","","",""
"2006129142","","0","0","0","0","0","0","0","0","0","99","0","","02","12","2006","4","40.642222","-80.053321","1633","11","0","0","0","0","0","1","0","0","","0","0","0","","","0","","0","","40 38:32.000","","0","80 03:11.956","0","0","0","0","2216","0","0","0","N","0","0","0","1","02505","0","","1.0","","1","N","N","","0","","0","0","0","","0","","","1","0","0","0","0","0","0","2","1","1","","","","N","","","","","","","","","",""
"2006129143","","2","0","0","0","0","0","0","0","0","4","0","","02","12","2006","4","40.4881","-80.0567","1659","11","0","0","0","0","0","0","1","0","","0","0","0","","","0","","0","","40 29:17.160","","0","80 03:24.120","9","0","0","0","2404","0","0","0","N","0","0","0","2","02404","0","","1.0","","1","N","N","","0","","0","0","0","","0","","","2","0","1","0","0","0","2","2","0","2","","","","N","","","","","","","","","",""
"2006129144","","1","0","0","0","0","0","0","0","0","1","0","","02","12","2006","3","40.618056","-79.945375","1734","11","0","0","0","0","0","1","0","0","","0","0","0","","","0","","2","","40 37:05.000","","0","79 56:43.350","0","0","0","0","2217","0","0","0","N","0","0","0","4","02505","0","","1.0","","9","N","N","","0","","0","0","1","","0","","","2","0","0","0","0","0","0","2","0","2","","","","N","","","","","","","","","",""
"2006129148","","0","0","0","0","0","0","0","0","0","7","0","","02","12","2006","6","40.491","-80.1934","0120","11","0","0","1","0","0","0","0","0","","0","0","0","","","0","","0","","40 29:27.600","","0","80 11:36.240","0","0","0","0","2213","0","0","0","N","0","0","0","1","02213","0","","4.0","","9","N","N","","0","","0","0","1","","0","","","1","0","0","0","0","0","0","2","0","1","","","","N","","","","","","","","","",""
"2006129149","","2","0","0","0","0","0","0","0","0","1","0","","02","12","2006","4","40.5075","-80.209964","0934","11","0","0","0","0","0","2","0","0","","0","0","0","","","1","","0","","40 30:27.000","","0","80 12:35.870","8","0","0","0","2213","0","0","0","N","0","0","0","3","02213","0","","1.0","","1","N","N","","1","","0","0","0","","0","","","3","1","0","0","0","1","0","2","0","3","","","","N","","","","","","","","","",""
"2006129150","","1","0","0","0","0","0","0","0","0","7","0","","02","12","2006","6","40.516111","-80.197402","0527","11","0","0","0","0","0","0","0","0","2","0","0","0","","","1","","2","","40 30:58.000","2","0","80 11:50.648","3","0","0","0","2213","0","0","0","N","0","0","0","1","02213","0","","4.0","","9","N","N","","0","","1","0","0","","0","N","","1","1","0","0","0","0","0","2","0","1","","05","","N","","","","","","","","","",""
"2006129151","","1","0","0","0","0","0","0","0","0","7","0","","02","12","2006","6","40.5355","-80.2019","0751","11","0","0","0","0","0","0","0","0","","0","0","0","","","1","","0","","40 32:07.800","","0","80 12:06.840","8","0","0","0","2213","0","0","0","Y","0","0","0","1","02213","0","","3.0","","9","N","N","","0","","0","0","0","","0","","","1","1","0","0","0","1","0","2","0","1","","","","N","","","","","","","","","",""
"2006129152","","2","0","0","0","0","0","0","0","0","1","0","","02","12","2006","5","40.5073","-80.2232","1834","11","0","0","0","0","0","0","0","0","9","0","0","0","","","1","","0","","40 30:26.280","1","0","80 13:23.520","4","0","0","0","2213","0","0","0","N","0","0","0","2","02213","1","","1.0","","1","N","N","","0","","0","0","0","","0","N","","2","1","0","0","0","0","0","2","0","2","","","","N","","","","","","","","","",""
"2006129153","","1","0","0","0","0","0","0","0","0","7","0","","02","12","2006","6","40.5127","-80.2532","0303","11","0","0","0","0","0","0","0","0","","0","0","0","","","1","","0","","40 30:45.720","","0","80 15:11.520","4","0","0","0","2213","0","0","0","N","0","0","0","1","02213","1","","4.0","","9","N","N","","0","","0","0","0","","0","","","1","1","0","0","0","0","0","2","0","1","","","","N","","","","","","","","","",""
"2006129154","","1","0","0","0","0","0","0","0","0","1","0","","02","12","2006","2","40.4998","-80.2141","0623","11","0","0","0","0","0","0","0","0","2","0","0","0","","","0","","0","","40 29:59.280","2","0","80 12:50.760","0","0","0","0","2213","0","0","0","N","0","0","0","2","02213","0","","1.0","","1","N","N","","0","","0","0","1","","0","N","","2","0","0","0","0","0","0","2","0","2","","","","N","","","","","","","","","",""
"2006129155","","0","0","0","0","0","0","0","0","0","4","0","","02","12","2006","5","40.5","-80.21591","0012","11","0","0","1","0","0","1","0","0","","0","0","0","","","0","","1","","40 30:00.000","","0","80 12:57.275","0","0","0","0","2213","0","0","0","N","0","0","0","4","02213","0","","1.0","","1","N","N","","0","","0","0","2","","2","","","2","0","0","0","0","0","0","2","0","2","","","","N","","","","","","","","","",""
"2006129246","","2","0","0","0","0","0","0","0","0","4","0","","02","12","2006","7","40.428056","-79.972717","1327","11","0","0","0","0","0","0","0","0","","0","0","0","","","0","","1","","40 25:41.000","","0","79 58:21.780","0","0","0","0","2301","0","0","0","N","0","0","0","2","02301","0","","1.0","","1","N","N","","0","","0","0","0","","3","","","2","0","0","0","0","0","0","2","0","2","","","","N","","","","","","","","","",""
"2006129268","","1","0","0","0","0","0","0","0","0","1","0","","02","11","2006","6","40.481667","-79.953222","1108","11","0","0","0","0","0","1","0","0","","0","0","0","","","1","","1","","40 28:54.000","","0","79 57:11.599","8","0","0","0","2301","0","0","0","N","0","0","0","7","02301","0","","1.0","","1","N","N","","1","","0","0","1","","2","","","3","1","0","0","0","1","0","2","0","3","","","","N","","","","","","","","","",""
"2006129274","","1","0","0","0","0","0","0","0","0","4","0","","02","11","2006","4","40.47378","-80.06335","1520","11","0","0","0","0","0","0","0","0","2","0","0","0","","","1","","0","","40 28:25.609","5","0","80 03:48.059","4","0","0","0","2444","0","0","0","N","0","0","0","2","02444","1","","1.0","","1","N","N","","0","","0","0","1","","0","N","","2","1","0","0","0","0","0","2","0","2","","","","N","","","","","","","","","",""
"2006129281","","0","0","0","0","0","0","3","0","0","1","3","","02","10","2006","3","","","0912","11","0","0","0","0","0","1","0","1","3","0","0","0","","","44","","0","","40 25:26.40","3","0","80 06:34.56","4","0","0","0","2102","0","0","0","N","0","0","0","97","68B03","44","","1.0","","9","Y","N","","0","","0","0","0","","0","Y","","3","44","0","0","0","0","5","2","0","3","","","","N","","","","","","","","","",""
"2006129283","","2","0","0","0","0","0","0","0","0","4","0","","02","12","2006","7","40.358199","-79.990634","2115","11","0","0","0","0","0","0","1","0","","0","0","0","","","0","","2","","40 21:29.516","","0","79 59:26.282","0","0","0","0","2476","0","0","0","N","0","0","0","2","02476","0","","1.0","","1","N","N","","0","","0","0","0","","3","","","2","0","0","0","0","0","0","2","0","2","","","","N","","","","","","","","","",""
"2006129288","","2","0","0","0","0","0","0","0","0","4","0","","02","12","2006","3","40.521667","-79.842217","2105","11","0","1","0","0","0","0","0","0","","0","0","0","","","0","","1","","40 31:18.000","","0","79 50:31.982","0","0","0","0","2451","0","0","0","N","0","0","0","2","02451","0","","1.0","","9","N","N","","0","","0","0","0","","3","","","2","0","0","0","0","0","0","2","0","2","","","","N","","","","","","","","","",""
"2006129297","","0","0","0","0","0","0","0","0","0","7","0","","02","12","2006","1","40.451847","-80.056146","0211","11","0","0","0","0","0","0","0","0","1","0","0","0","","","0","","0","","40 27:06.649","1","0","80 03:22.125","9","0","0","0","2301","0","0","0","N","0","0","0","1","02301","0","","5.0","","1","N","N","","1","","0","0","0","","0","Y","","1","0","0","0","0","0","1","2","0","1","","","","N","","","","","","","","","",""
"2006129298","","1","0","0","0","0","0","0","0","0","7","0","","02","12","2006","3","40.422628","-79.989813","0221","11","0","0","0","0","0","0","0","0","1","0","0","0","","","0","","0","","40 25:21.459","2","0","79 59:23.328","9","0","0","0","2301","0","0","0","N","0","0","0","1","02301","0","","5.0","","1","N","N","","0","","0","0","0","","0","N","","1","0","0","0","0","0","1","2","0","1","","","","N","","","","","","","","","",""
"2006129299","","1","0","0","0","0","0","0","0","0","7","0","","02","12","2006","1","40.403791","-80.020991","0555","11","0","0","0","0","0","0","0","0","2","0","0","0","","","0","","0","","40 24:13.647","1","0","80 01:15.567","0","0","0","0","2301","0","0","0","N","0","0","0","5","02301","0","","5.0","","1","N","N","","0","","0","0","0","","0","N","","1","0","3","0","0","0","0","2","0","1","","","","N","","","","","","","","","",""
"2006129300","","1","0","0","0","0","0","0","0","0","7","0","","02","12","2006","1","40.439","-80.0155","0953","11","0","0","0","0","0","0","0","0","","0","0","0","","","1","","0","","40 26:20.400","","0","80 00:55.800","3","0","0","0","2301","0","0","0","","0","0","0","1","02301","0","","5.0","","1","N","N","","0","","1","0","0","","0","","","1","1","0","0","0","0","0","2","0","1","","","","N","","","","","","","","","",""
"2006129301","","2","0","0","0","0","0","0","0","0","1","0","","02","12","2006","4","40.394556","-79.986389","0206","11","0","0","0","0","0","0","0","0","1","0","0","0","","","0","","0","","40 23:40.400","1","0","79 59:11.000","0","0","0","0","2301","0","0","0","N","0","0","0","2","02301","0","","2.0","","1","N","N","","0","","0","0","0","","0","N","","2","0","0","0","0","0","0","2","0","2","","","","N","","","","","","","","","",""
"2006129302","","0","0","0","0","0","0","0","0","0","7","0","","02","12","2006","4","40.426448","-79.998375","0142","11","0","0","0","0","0","0","0","0","","0","0","0","","","0","","0","","40 25:35.212","","0","79 59:54.150","0","0","0","0","2301","0","0","0","N","0","0","0","1","02301","0","","2.0","","1","N","N","","0","","0","0","1","","0","","","1","0","0","0","0","0","0","2","0","1","","","","N","","","","","","","","","",""
"2006129303","","2","0","0","0","0","0","0","0","0","4","0","","02","12","2006","7","40.462085","-79.949865","2320","11","0","0","1","0","0","0","0","0","","0","0","0","","","1","","1","","40 27:43.506","","0","79 56:59.514","4","0","0","0","2301","0","0","0","N","0","0","0","4","02301","1","","1.0","","1","N","N","","0","","0","0","0","","2","","","2","1","0","0","0","0","0","2","0","2","","","","N","","","","","","","","","",""
"2006129304","","0","0","0","0","0","0","0","0","0","0","0","","02","12","2006","4","40.465267","-79.94482","1517","11","0","0","0","0","0","0","0","0","","0","1","0","","","1","","0","","40 27:54.961","","0","79 56:41.352","4","0","0","0","2301","0","0","0","N","0","0","0","3","02301","1","","1.0","","1","N","N","","2","","0","0","0","","0","","","3","1","0","0","0","0","0","2","0","3","","","","N","","","","","","","","","",""
"2006129305","","1","0","0","0","0","0","0","0","0","5","0","","02","12","2006","6","40.459382","-79.893176","2254","11","0","0","0","0","0","0","0","0","","0","0","0","","","0","","1","","40 27:33.775","","0","79 53:35.433","9","0","0","0","2301","0","0","0","N","0","0","0","1","02301","0","","4.0","","1","N","N","","1","","0","0","0","","0","","","2","0","0","0","0","0","1","2","0","2","","","","N","","","","","","","","","",""
"2006129306","","1","0","0","0","0","0","0","0","0","7","0","","02","12","2006","3","40.441369","-79.992498","2225","11","0","0","0","0","0","1","0","0","1","0","0","0","","","1","","3","","40 26:28.928","3","0","79 59:32.994","4","0","0","0","2301","0","0","0","N","0","0","0","1","02301","1","","3.0","","1","N","N","","0","","0","0","0","","0","Y","","1","1","1","0","0","0","0","2","0","1","","","","N","","","","","","","","","",""
"2006129307","","1","0","0","0","0","0","0","0","0","5","1","","02","12","2006","1","40.441369","-79.992498","1336","11","0","0","0","0","0","0","0","0","","0","1","0","","","1","","3","","40 26:28.928","","0","79 59:32.994","8","0","0","0","2301","0","0","0","N","0","0","0","2","02301","0","","1.0","","1","N","N","","0","","0","0","0","","2","","","2","1","0","0","0","1","1","2","0","2","","","","N","","","","","","","","","",""
"2006129308","","1","0","0","0","0","0","0","0","0","1","0","","02","12","2006","2","40.418611","-80.029754","0810","11","0","0","0","0","0","1","0","0","","0","0","0","","","0","","0","","40 25:07.000","","0","80 01:47.114","0","0","0","0","2301","0","0","0","N","0","0","0","3","02301","0","","1.0","","1","N","N","","0","","0","0","2","","0","","","3","0","0","0","0","0","0","2","0","3","","","","N","","","","","","","","","",""
"2006129309","","2","0","0","0","0","0","0","0","0","1","0","","02","12","2006","2","40.4525","-80.039167","0743","11","0","0","0","0","0","1","0","0","9","0","0","0","","","1","","2","","40 27:09.000","1","0","80 02:21.002","4","0","0","0","2301","0","0","0","N","0","0","0","3","02301","1","","1.0","","1","N","N","","0","","0","0","1","","0","N","","3","1","0","0","0","0","1","2","0","3","","","","N","","","","","","","","","",""
"2006129310","","0","0","0","0","0","0","0","0","0","7","0","","02","12","2006","5","40.430159","-79.984167","1631","11","0","0","0","0","0","0","0","0","","0","0","0","","","0","","2","","40 25:48.572","","0","79 59:03.001","0","0","0","0","2301","0","0","0","N","0","0","0","1","02301","0","","5.0","","2","N","N","","0","","0","0","1","","0","","","1","0","0","0","0","0","0","2","0","1","","","","N","","","","","","","","","",""
"2006129311","","1","0","0","0","0","0","0","0","0","7","0","","02","12","2006","7","40.414228","-79.995858","0745","11","0","0","0","0","0","0","0","0","","0","0","0","","","1","","0","","40 24:51.220","","0","79 59:45.088","3","0","0","0","2301","0","0","0","N","0","0","0","1","02301","0","","5.0","","1","N","N","","0","","1","0","0","","0","","","1","1","0","0","0","0","0","2","0","1","","","","N","","","","","","","","","",""
"2006129312","","1","0","0","0","0","0","0","0","0","7","0","","02","12","2006","7","40.455938","-80.066528","1907","11","0","0","0","0","0","0","0","0","","0","0","0","","","1","","0","","40 27:21.376","","0","80 03:59.500","3","0","0","0","2301","0","0","0","N","0","0","0","1","02301","0","","4.0","","1","N","N","","0","","1","0","0","","0","","","1","1","0","0","0","0","0","2","0","1","","","","N","","","","","","","","","",""
"2006129313","","0","0","0","0","0","0","0","0","0","7","0","","02","12","2006","2","40.418076","-79.986347","0303","11","0","0","0","0","1","0","0","0","","0","0","0","","","0","","2","","40 25:05.073","","0","79 59:10.849","0","0","0","0","2301","0","0","0","N","0","0","0","1","02301","0","","2.0","","1","N","N","","0","","0","0","1","","0","","","1","0","0","0","0","0","0","2","0","1","","","","N","","","","","","","","","",""
"2006129314","","1","0","0","0","0","0","0","0","0","1","0","","02","11","2006","5","40.426952","-79.938295","1941","11","0","0","0","0","0","0","0","0","","0","0","0","","","0","","0","","40 25:37.028","","0","79 56:17.862","0","0","0","0","2301","0","0","0","N","0","0","0","4","02301","0","","1.0","","1","N","N","","0","","0","0","1","","0","","","2","0","0","0","0","0","0","2","0","2","","","","N","","","","","","","","","",""
"2006129315","","1","0","0","0","0","0","0","0","0","4","1","","02","12","2006","6","40.444026","-79.926038","1323","11","0","0","0","0","0","1","0","1","1","0","1","0","","","1","","1","","40 26:38.492","4","0","79 55:33.738","3","0","0","0","2301","0","0","0","N","0","0","0","2","02301","0","","1.0","","1","N","N","","0","","1","0","0","","2","Y","","2","1","1","0","0","0","0","2","0","2","","","","N","","","","","","","","","",""
"2006129323","","1","0","0","0","0","0","0","0","0","7","0","","02","12","2006","2","40.434901","-79.917484","1129","11","0","0","0","0","0","0","0","0","1","0","0","0","","","0","","0","","40 26:05.643","4","0","79 55:02.942","0","0","0","0","2301","0","0","0","N","0","0","0","1","02301","0","","5.0","","1","N","N","","0","","0","0","0","","0","N","","1","0","0","0","0","0","0","2","0","1","","","","N","","","","","","","","","",""
"2006129382","","0","0","0","0","0","0","0","0","0","0","0","","02","12","2006","5","40.314444","-79.85964","1641","11","0","0","0","0","0","0","0","0","2","0","0","0","","","0","","0","","40 18:52.000","7","0","79 51:34.704","0","0","0","0","2443","0","0","0","N","0","0","0","4","02443","0","","1.0","","2","N","N","","1","","0","0","1","","0","Y","","2","0","0","0","0","0","0","1","0","2","","","","N","","","","","","","","","",""
"2006129437","","1","0","0","0","0","0","0","0","0","1","0","","02","12","2006","2","40.445721","-79.956418","1515","11","0","0","0","0","0","0","0","0","","0","0","0","","","1","","1","","40 26:44.595","","0","79 57:23.104","4","0","0","0","2301","0","0","0","N","0","0","0","3","02301","1","","1.0","","1","N","N","","1","","0","0","1","","2","","","3","1","0","0","0","0","0","2","0","3","","","","N","","","","","","","","","",""
"2006129451","","1","0","0","0","0","0","0","0","0","7","0","","02","12","2006","3","40.614216","-79.943833","2240","11","0","0","0","1","0","0","0","0","","0","0","0","","","1","","0","","40 36:51.177","","0","79 56:37.800","4","0","0","0","2207","0","0","0","N","0","0","0","1","02207","1","","2.0","","9","N","N","","0","","0","0","0","","0","","","1","1","0","0","0","0","0","2","0","1","","","","N","","","","","","","","","",""
"2006129520","","1","0","0","0","0","0","0","0","0","7","0","","02","12","2006","5","40.4361","-79.9665","1645","11","0","0","0","0","0","0","0","0","","0","0","0","","","0","","10","","40 26:09.960","","3","79 57:59.400","0","0","0","0","2301","0","0","0","N","0","0","0","1","02301","0","","5.0","","2","N","N","","0","","0","0","0","","0","","","1","0","0","0","0","0","0","2","0","1","","","","N","","","","","","","","","",""
"2006129521","","1","0","0","0","0","0","0","0","0","1","0","","02","12","2006","2","40.478889","-80.043019","0735","11","0","0","0","0","0","1","0","0","","0","0","0","","","2","","1","","40 28:44.000","","3","80 02:34.869","4","0","0","0","2301","0","0","0","","0","0","0","2","02301","2","","1.0","","1","N","N","","0","","0","0","1","","4","","","2","2","1","0","0","0","0","2","0","2","","","","N","","","","","","","","","",""
"2006129522","","1","0","0","0","0","0","0","0","0","7","0","","02","12","2006","7","","","0156","11","0","0","0","0","0","0","0","0","","0","0","0","","","0","","2","","","","0","","0","0","0","0","2301","0","0","0","N","0","0","0","2","02301","0","","5.0","","1","N","N","","0","","0","0","0","","0","","","1","0","0","0","0","0","0","1","0","1","","","","N","","","","","","","","","",""
"2006129523","","1","0","0","0","0","0","0","0","0","7","0","","02","12","2006","1","","","1919","11","0","1","0","0","0","0","0","0","","0","0","0","","","2","","0","","","","0","","4","0","0","0","2301","0","0","0","N","0","0","0","2","02301","2","","5.0","","1","N","N","","0","","0","0","0","","0","","","1","2","2","0","0","0","0","1","0","1","","","","N","","","","","","","","","",""
"2006129524","","0","0","0","0","0","0","0","0","0","8","0","","02","12","2006","6","40.445214","-79.991855","1659","11","0","0","0","0","0","0","0","0","","0","0","0","","","1","","2","","40 26:42.770","","0","79 59:30.678","8","0","0","0","2301","1","0","0","N","1","0","0","3","02301","0","","1.0","","1","N","N","","0","","0","0","0","","0","","","2","1","0","0","0","1","0","2","1","1","","","","N","","","","","","","","","",""
"2006129525","","2","0","0","0","0","0","0","0","0","1","0","","02","12","2006","1","40.445789","-79.998173","0140","11","0","0","0","0","0","0","0","0","","0","0","0","","","0","","1","","40 26:44.840","","0","79 59:53.422","9","0","0","0","2301","0","0","0","N","0","0","0","5","02301","0","","1.0","","1","N","N","","0","","0","0","0","","2","","","2","0","0","0","0","0","2","2","0","2","","","","N","","","","","","","","","",""
"2006129526","","2","0","0","0","0","0","0","0","0","1","0","","02","12","2006","4","40.450983","-79.964971","1340","11","0","0","0","0","0","0","0","0","","0","0","0","","","0","","2","","40 27:03.538","","0","79 57:53.895","0","0","0","0","2301","0","0","0","","0","0","0","2","02301","0","","1.0","","1","N","N","","0","","0","0","0","","0","","","2","0","1","0","0","0","0","2","0","2","","","","N","","","","","","","","","",""
"2006129527","","1","0","0","0","0","0","0","0","0","4","0","","02","12","2006","5","40.451004","-79.982652","1315","11","0","0","0","0","0","1","0","0","","0","0","0","","","0","","0","","40 27:03.613","","0","79 58:57.547","0","0","0","0","2301","0","0","0","N","0","0","0","3","02301","0","","1.0","","9","N","N","","1","","0","0","0","","0","","","2","0","0","0","0","0","0","2","0","2","","","","N","","","","","","","","","",""
"2006129528","","0","0","0","0","0","0","0","0","0","7","0","","02","12","2006","5","40.466022","-79.955638","1558","11","0","0","0","0","0","0","0","0","1","0","0","0","","","1","","0","","40 27:57.679","1","0","79 57:20.296","8","0","0","0","2301","0","0","0","N","0","0","0","3","02301","0","","2.0","","2","N","N","","0","","0","0","0","","0","N","","2","1","0","0","0","1","0","2","2","2","","","","N","","","","","","","","","",""
"2006129529","","1","0","0","0","0","0","0","0","0","0","0","","02","12","2006","7","40.454367","-79.977746","0008","11","0","0","0","0","0","0","0","0","","0","0","0","","","0","","1","","40 27:15.721","","0","79 58:39.885","0","0","0","0","2301","0","0","0","N","0","0","0","1","02301","0","","2.0","","1","N","N","","0","","0","0","0","","0","","","2","0","0","0","0","0","0","2","0","1","","","","N","","","","","","","","","",""
"2006129530","","2","0","0","0","0","0","0","0","0","0","1","","02","12","2006","6","40.2754","-79.8926","1228","11","0","0","0","0","0","0","0","0","9","0","1","0","","","1","","0","","40 16:31.440","1","0","79 53:33.360","3","0","0","0","2301","0","0","0","N","0","0","0","3","02301","0","","1.0","","9","N","N","","0","","1","0","0","","4","N","","3","1","0","0","0","0","0","2","0","3","","","","N","","","","","","","","","",""
"2006129531","","3","0","0","0","0","0","0","0","0","5","0","","02","12","2006","5","40.452576","-79.922366","1806","11","0","0","0","0","0","0","0","1","","0","0","0","","","0","","2","","40 27:09.273","","0","79 55:20.517","0","0","0","0","2301","0","0","0","N","0","0","0","3","02301","0","","1.0","","2","N","N","","0","","0","0","0","","0","","","3","0","1","0","0","0","0","2","0","3","","","","N","","","","","","","","","",""