"CRN","ARRIVAL_TM","AUTOMOBILE_COUNT","BELTED_DEATH_COUNT","BELTED_SUSP_SERIOUS_INJ_COUNT","BICYCLE_COUNT","BICYCLE_DEATH_COUNT","BICYCLE_SUSP_SERIOUS_INJ_COUNT","BUS_COUNT","CHLDPAS_DEATH_COUNT","CHLDPAS_SUSP_SERIOUS_INJ_COUNT","COLLISION_TYPE","COMM_VEH_COUNT","CONS_ZONE_SPD_LIM","COUNTY","CRASH_MONTH","CRASH_YEAR","DAY_OF_WEEK","DEC_LATITUDE","DEC_LONGITUDE","DISPATCH_TM","DISTRICT","DRIVER_COUNT_16YR","DRIVER_COUNT_17YR","DRIVER_COUNT_18YR","DRIVER_COUNT_19YR","DRIVER_COUNT_20YR","DRIVER_COUNT_50_64YR","DRIVER_COUNT_65_74YR","DRIVER_COUNT_75PLUS","EST_HRS_CLOSED","FATAL_COUNT","HEAVY_TRUCK_COUNT","HORSE_BUGGY_COUNT","HOUR_OF_DAY","ILLUMINATION","INJURY_COUNT","INTERSECTION_RELATED","INTERSECT_TYPE","LANE_CLOSED","LATITUDE","LN_CLOSE_DIR","LOCATION_TYPE","LONGITUDE","MAX_SEVERITY_LEVEL","MCYCLE_DEATH_COUNT","MCYCLE_SUSP_SERIOUS_INJ_COUNT","MOTORCYCLE_COUNT","MUNICIPALITY","NONMOTR_COUNT","NONMOTR_DEATH_COUNT","NONMOTR_SUSP_SERIOUS_INJ_COUNT","NTFY_HIWY_MAINT","PED_COUNT","PED_DEATH_COUNT","PED_SUSP_SERIOUS_INJ_COUNT","PERSON_COUNT","POLICE_AGCY","POSSIBLE_INJ_COUNT","RDWY_SURF_TYPE_CD","RELATION_TO_ROAD","ROADWAY_CLEARED","ROAD_CONDITION","SCH_BUS_IND","SCH_ZONE_IND","SECONDARY_CRASH","SMALL_TRUCK_COUNT","SPEC_JURIS_CD","SUSP_MINOR_INJ_COUNT","SUSP_SERIOUS_INJ_COUNT","SUV_COUNT","TCD_FUNC_CD","TCD_TYPE","TFC_DETOUR_IND","TIME_OF_DAY","TOTAL_UNITS","TOT_INJ_COUNT","UNBELTED_OCC_COUNT","UNB_DEATH_COUNT","UNB_SUSP_SERIOUS_INJ_COUNT","UNK_INJ_DEG_COUNT","UNK_INJ_PER_COUNT","URBAN_RURAL","VAN_COUNT","VEHICLE_COUNT","WEATHER1","WEATHER2","WORKERS_PRES","WORK_ZONE_IND","WORK_ZONE_LOC","WORK_ZONE_TYPE","WZ_CLOSE_DETOUR","WZ_FLAGGER","WZ_LAW_OFFCR_IND","WZ_LN_CLOSURE","WZ_MOVING","WZ_OTHER","WZ_SHLDER_MDN","WZ_WORKERS_INJ_KILLED"
"2006200653","","1","0","0","0","0","0","0","0","0","1","0","","02","1","2006","6","40.3816","-79.8597","","11","0","0","0","0","1","0","0","0","","0","0","0","","","2","","2","","40 22:53.760","","0","79 51:34.920","4","0","0","0","2303","0","0","0","N","0","0","0","2","","2","","1.0","","1","N","N","","1","","0","0","0","","0","","","2","2","2","0","0","0","0","2","0","2","","","","N","","","","","","","","","",""
"2006200654","","1","0","0","0","0","0","0","0","0","4","0","","02","1","2006","4","40.369594","-79.847747","","11","0","0","0","0","0","0","0","0","","0","0","0","","","1","","1","","40 22:10.538","","0","79 50:51.889","9","0","0","0","2303","0","0","0","N","0","0","0","2","","0","","1.0","","7","N","N","","0","","0","0","0","","0","","","2","0","0","0","0","0","1","2","1","2","","","","N","","","","","","","","","",""
"2006200655","","1","0","0","0","0","0","0","0","0","7","0","","02","1","2006","7","40.3643","-79.8426","","11","0","0","0","0","0","0","0","0","","0","0","0","","","1","","0","","40 21:51.480","","0","79 50:33.360","3","0","0","0","2303","0","0","0","N","0","0","0","1","","0","","2.0","","1","N","N","","0","","1","0","0","","0","","","1","1","0","0","0","0","0","2","0","1","","","","N","","","","","","","","","",""
"2006200709","","2","0","0","0","0","0","0","0","0","1","0","","02","1","2006","5","40.3465","-79.7927","","11","0","0","0","0","0","2","0","0","","0","0","0","","","0","","0","","40 20:47.400","","7","79 47:33.720","0","0","0","0","2477","0","0","0","N","0","0","0","3","","0","","1.0","","1","N","N","","0","","0","0","0","","0","","","2","0","0","0","0","0","0","2","0","2","","","","N","","","","","","","","","",""
"2006200710","","1","0","0","0","0","0","0","0","0","7","0","","02","1","2006","2","40.3744","-79.7762","","11","0","0","0","1","0","0","0","0","","0","0","0","","","0","","0","","40 22:27.840","","0","79 46:34.320","0","0","0","0","2477","0","0","0","N","0","0","0","1","","0","","2.0","","1","N","N","","0","","0","0","0","","0","","","1","0","0","0","0","0","0","2","0","1","","","","N","","","","","","","","","",""
"2006200711","","0","0","0","0","0","0","0","0","0","7","0","","02","2","2006","1","40.3339","-79.782","","11","0","1","0","0","0","0","0","0","","0","0","0","","","1","","0","","40 20:02.040","","0","79 46:55.200","4","0","0","0","2477","0","0","0","N","0","0","0","2","","1","","5.0","","2","N","N","","1","","0","0","0","","0","","","1","1","0","0","0","0","0","2","0","1","","","","N","","","","","","","","","",""
"2006200733","","1","0","0","0","0","0","0","0","0","0","0","","02","1","2006","1","40.6645","-79.7042","","11","0","0","0","0","0","0","0","0","","0","0","0","","","1","","0","","40 39:52.200","","0","79 42:15.120","2","0","0","0","2106","0","0","0","N","0","0","0","1","","0","","1.0","","1","N","N","","0","","0","1","0","","0","","","1","1","0","0","0","0","0","1","0","1","","","","N","","","","","","","","","",""
"2006200753","","1","0","0","0","0","0","0","0","0","7","0","","02","2","2006","7","40.6649","-79.7038","","11","0","0","0","0","0","0","0","0","","0","0","0","","","1","","2","","40 39:53.640","","0","79 42:13.680","3","0","0","0","2106","0","0","0","N","0","0","0","1","","0","","5.0","","9","N","N","","0","","1","0","0","","3","","","1","1","0","0","0","0","0","1","0","1","","","","N","","","","","","","","","",""
"2006200754","","2","0","0","0","0","0","0","0","0","4","0","","02","2","2006","4","40.6345","-79.7134","","11","0","0","0","0","0","0","0","0","","0","0","0","","","0","","1","","40 38:04.200","","0","79 42:48.240","0","0","0","0","2106","0","0","0","N","0","0","0","4","","0","","1.0","","1","N","N","","1","","0","0","0","","3","","","3","0","0","0","0","0","0","2","0","3","","","","N","","","","","","","","","",""
"2006200755","","0","0","0","0","0","0","0","0","0","7","0","","02","2","2006","6","40.618","-79.728664","","11","0","0","0","0","0","0","0","0","","0","0","0","","","1","","0","","40 37:04.801","","0","79 43:43.189","4","0","0","0","2106","0","0","0","N","0","0","0","1","","1","","5.0","","1","N","N","","0","","0","0","1","","0","","","1","1","1","0","0","0","0","2","0","1","","","","N","","","","","","","","","",""
"2006200756","","0","0","0","0","0","0","0","0","0","1","0","","02","2","2006","6","40.6209","-79.7286","","11","0","0","0","0","0","1","0","0","","0","0","0","","","1","","0","","40 37:15.240","","0","79 43:42.960","4","0","0","0","2106","0","0","0","N","0","0","0","4","","1","","1.0","","1","N","N","","0","","0","0","2","","0","","","2","1","0","0","0","0","0","2","0","2","","","","N","","","","","","","","","",""
"2006200757","","1","0","0","0","0","0","0","0","0","4","0","","02","1","2006","5","40.6649","-79.7038","","11","0","0","0","0","0","1","1","0","","0","0","0","","","0","","1","","40 39:53.640","","0","79 42:13.680","0","0","0","0","2106","0","0","0","N","0","0","0","2","","0","","1.0","","1","N","N","","1","","0","0","0","","1","","","2","0","0","0","0","0","0","1","0","2","","","","N","","","","","","","","","",""
"2006200776","","2","0","0","0","0","0","0","0","0","4","0","","02","2","2006","6","40.478261","-79.97012","","11","0","0","0","0","0","0","0","0","","0","0","0","","","0","","0","","40 28:41.738","","7","79 58:12.431","0","0","0","0","2445","0","0","0","N","0","0","0","2","","0","","1.0","","1","N","N","","0","","0","0","0","","0","","","2","0","0","0","0","0","0","2","0","2","","","","N","","","","","","","","","",""
"2006200777","","1","0","0","0","0","0","0","0","0","7","0","","02","1","2006","3","40.47753","-79.968601","","11","0","0","0","0","0","0","0","0","","0","0","0","","","1","","2","","40 28:39.107","","0","79 58:06.963","3","0","0","0","2445","0","0","0","N","0","0","0","4","","0","","5.0","","9","N","N","","0","","1","0","0","","3","","","1","1","0","0","0","0","0","2","0","1","","","","N","","","","","","","","","",""
"2006200778","","1","0","0","0","0","0","0","0","0","7","0","","02","1","2006","7","40.477916","-79.969123","","11","0","0","1","0","0","0","0","0","","0","0","0","","","0","","2","","40 28:40.497","","0","79 58:08.841","0","0","0","0","2445","0","0","0","N","0","0","0","2","","0","","5.0","","1","N","N","","0","","0","0","0","","4","","","1","0","0","0","0","0","0","2","0","1","","","","N","","","","","","","","","",""
"2006200779","","2","0","0","0","0","0","0","0","0","1","0","","02","1","2006","1","40.477899","-79.969124","","11","2","0","0","0","0","0","0","0","","0","0","0","","","4","","2","","40 28:40.438","","0","79 58:08.847","9","0","0","0","2445","0","0","0","N","0","0","0","5","","0","","1.0","","1","N","N","","0","","0","0","0","","4","","","2","0","1","0","0","0","4","2","0","2","","","","N","","","","","","","","","",""
"2006200780","","2","0","0","0","0","0","0","0","0","4","0","","02","1","2006","1","40.4745","-79.9715","","11","0","0","0","0","0","0","0","0","","0","0","0","","","1","","2","","40 28:28.200","","0","79 58:17.400","4","0","0","0","2445","0","0","0","N","0","0","0","4","","1","","1.0","","1","N","N","","0","","0","0","0","","2","","","2","1","0","0","0","0","0","2","0","2","","","","N","","","","","","","","","",""
"2006200796","","1","0","0","0","0","0","0","0","0","7","0","","02","1","2006","6","40.438307","-80.086854","","11","0","0","0","0","0","0","0","0","","0","0","0","","","1","","0","","40 26:17.906","","0","80 05:12.676","4","0","0","0","2115","0","0","0","N","0","0","0","1","","1","","5.0","","9","N","N","","0","","0","0","0","","0","","","1","1","1","0","0","0","0","2","0","1","","","","N","","","","","","","","","",""
"2006200797","","0","0","0","0","0","0","0","0","0","7","0","","02","2","2006","1","40.4609","-80.1512","","11","0","0","0","0","0","0","0","0","","0","0","0","","","0","","0","","40 27:39.240","","0","80 09:04.320","0","0","0","0","2115","0","0","0","N","0","0","0","1","","0","","2.0","","7","N","N","","0","","0","0","1","","0","","","1","0","0","0","0","0","0","2","0","1","","","","N","","","","","","","","","",""
"2006200799","","0","0","0","0","0","0","1","0","0","4","1","","02","2","2006","5","40.477899","-79.969124","","11","0","0","0","0","0","0","0","0","","0","0","0","","","1","","1","","40 28:40.438","","0","79 58:08.847","4","0","0","0","2445","0","0","0","N","0","0","0","2","","1","","1.0","","1","N","N","","0","","0","0","1","","3","","","2","1","0","0","0","0","0","2","0","2","","","","N","","","","","","","","","",""
"2006200866","","3","0","0","0","0","0","0","0","0","2","0","","02","1","2006","7","40.3573","-79.8663","","11","0","0","0","0","0","1","0","0","","0","0","0","","","4","","0","","40 21:26.280","","0","79 51:58.680","3","0","0","0","2473","0","0","0","N","0","0","0","6","","1","","1.0","","1","N","N","","1","","2","0","0","","0","","","4","3","0","0","0","0","1","2","0","4","","","","N","","","","","","","","","",""
"2006200867","","1","0","0","0","0","0","0","0","0","7","0","","02","1","2006","1","40.346041","-79.957162","","11","0","0","0","0","0","0","0","0","","0","0","0","","","0","","2","","40 20:45.748","","0","79 57:25.784","0","0","0","0","2473","0","0","0","N","0","0","0","1","","0","","1.0","","1","N","N","","0","","0","0","0","","0","","","1","0","0","0","0","0","0","2","0","1","","","","N","","","","","","","","","",""
"2006200868","","1","0","0","0","0","0","0","0","0","7","0","","02","1","2006","6","40.3348","-79.9261","","11","0","0","0","0","0","0","0","0","","0","0","0","","","0","","0","","40 20:05.280","","0","79 55:33.960","0","0","0","0","2473","0","0","0","N","0","0","0","2","","0","","2.0","","2","N","N","","0","","0","0","0","","0","","","1","0","0","0","0","0","0","2","0","1","","","","N","","","","","","","","","",""
"2006200869","","1","0","0","0","0","0","0","0","0","2","1","","02","1","2006","6","40.34339","-79.953625","","11","0","0","0","0","0","2","0","0","","0","1","0","","","1","","0","","40 20:36.203","","0","79 57:13.049","4","0","0","0","2473","0","0","0","N","0","0","0","2","","1","","1.0","","1","N","N","","0","","0","0","0","","0","","","2","1","0","0","0","0","0","2","0","2","","","","N","","","","","","","","","",""
"2006200870","","1","0","0","0","0","0","0","0","0","7","0","","02","1","2006","7","40.364942","-79.880835","","11","0","0","0","0","0","0","0","0","","0","0","0","","","1","","0","","40 21:53.790","","0","79 52:51.007","3","0","0","0","2473","0","0","0","N","0","0","0","1","","0","","5.0","","1","N","N","","0","","1","0","0","","0","","","1","1","1","0","0","0","0","2","0","1","","","","N","","","","","","","","","",""
"2006200871","","1","0","0","0","0","0","0","0","0","7","0","","02","1","2006","7","40.365121","-79.86951","","11","0","0","0","1","0","0","0","0","","0","0","0","","","1","","0","","40 21:54.435","","0","79 52:10.235","3","0","0","0","2473","0","0","0","N","0","0","0","1","","0","","5.0","","1","N","N","","0","","1","0","0","","0","","","1","1","1","0","0","0","0","2","0","1","","","","N","","","","","","","","","",""
"2006200872","","1","0","0","0","0","0","0","0","0","7","0","","02","2","2006","5","40.353692","-79.956244","","11","0","0","0","0","0","0","0","0","","0","0","0","","","1","","0","","40 21:13.291","","0","79 57:22.478","9","0","0","0","2473","0","0","0","N","0","0","0","1","","0","","5.0","","1","N","N","","0","","0","0","0","","0","","","1","0","0","0","0","0","1","2","0","1","","","","N","","","","","","","","","",""
"2006200873","","1","0","0","0","0","0","0","0","0","4","0","","02","2","2006","6","40.338175","-79.949564","","11","0","0","0","0","0","1","0","0","","0","0","0","","","2","","0","","40 20:17.430","","7","79 56:58.430","4","0","0","0","2473","0","0","0","N","0","0","0","4","","2","","1.0","","1","N","N","","0","","0","0","1","","0","","","2","2","0","0","0","0","0","2","0","2","","","","N","","","","","","","","","",""
"2006200874","","1","0","0","0","0","0","0","0","0","7","0","","02","2","2006","1","40.363424","-79.874694","","11","0","0","0","0","0","0","0","0","","0","0","0","","","0","","0","","40 21:48.328","","0","79 52:28.897","0","0","0","0","2473","0","0","0","N","0","0","0","1","","0","","5.0","","1","N","N","","0","","0","0","0","","0","","","4","0","0","0","0","0","0","2","0","4","","","","N","","","","","","","","","",""
"2006200875","","0","0","0","0","0","0","0","0","0","7","0","","02","2","2006","1","40.338737","-79.939794","","11","0","0","0","0","1","0","0","0","","0","0","0","","","0","","0","","40 20:19.453","","0","79 56:23.258","0","0","0","0","2473","0","0","0","N","0","0","0","2","","0","","5.0","","2","N","N","","1","","0","0","0","","0","","","1","0","0","0","0","0","0","2","0","1","","","","N","","","","","","","","","",""
"2006200876","","1","0","0","0","0","0","0","0","0","7","0","","02","2","2006","2","40.345214","-79.954879","","11","0","0","0","0","0","0","0","0","","0","0","0","","","0","","0","","40 20:42.770","","0","79 57:17.564","0","0","0","0","2473","0","0","0","N","0","0","0","1","","0","","5.0","","1","N","N","","0","","0","0","0","","0","","","1","0","1","0","0","0","0","2","0","1","","","","N","","","","","","","","","",""
"2006200877","","1","0","0","0","0","0","0","0","0","7","0","","02","2","2006","3","40.341077","-79.932165","","11","0","0","0","0","0","0","0","0","","0","0","0","","","0","","0","","40 20:27.878","","0","79 55:55.795","0","0","0","0","2473","0","0","0","N","0","0","0","1","","0","","5.0","","2","N","N","","0","","0","0","0","","0","","","1","0","0","0","0","0","0","2","0","1","","","","N","","","","","","","","","",""
"2006200879","","1","0","0","0","0","0","0","0","0","7","0","","02","2","2006","3","","","","11","0","1","0","0","0","0","0","0","","0","0","0","","","0","","0","","00 00:00.00","","0","00 00:00.0","0","0","0","0","2473","0","0","0","N","0","0","0","1","","0","","5.0","","1","N","N","","0","","0","0","0","","0","","","2","0","0","0","0","0","0","1","0","2","","","","N","","","","","","","","","",""
"2006200880","","1","0","0","0","0","0","0","0","0","7","0","","02","2","2006","3","40.3938","-79.8712","","11","0","0","0","1","0","0","0","0","","0","0","0","","","0","","0","","40 23:37.680","","0","79 52:16.320","0","0","0","0","2473","0","0","0","N","0","0","0","1","","0","","1.0","","1","N","N","","0","","0","0","0","","0","","","1","0","0","0","0","0","0","2","0","1","","","","N","","","","","","","","","",""
"2006200881","","2","0","0","0","0","0","0","0","0","4","0","","02","2","2006","4","40.3489","-79.939","","11","0","0","0","0","1","0","0","0","","0","0","0","","","2","","2","","40 20:56.040","","0","79 56:20.400","3","0","0","0","2473","0","0","0","N","0","0","0","2","","0","","1.0","","7","N","N","","0","","1","0","0","","2","","","2","1","1","0","0","0","1","2","0","2","","","","N","","","","","","","","","",""
"2006200882","","1","0","0","0","0","0","0","0","0","6","1","","02","2","2006","6","40.3384","-79.8984","","11","0","0","0","0","0","0","0","0","","0","1","0","","","0","","0","","40 20:18.240","","0","79 53:54.240","0","0","0","0","2473","0","0","0","N","0","0","0","2","","0","","1.0","","1","N","N","","0","","0","0","0","","0","","","2","0","0","0","0","0","0","2","0","2","","","","N","","","","","","","","","",""
"2006200883","","0","0","0","0","0","0","0","0","0","99","0","","02","2","2006","1","40.364354","-79.859127","","11","0","0","0","0","0","0","0","0","","0","0","0","","","1","","2","","40 21:51.674","","0","79 51:32.857","3","0","0","0","2473","1","0","0","N","1","0","0","2","","0","","1.0","","7","N","N","","0","","1","0","0","","0","","","2","1","0","0","0","0","0","2","1","1","","","","N","","","","","","","","","",""
"2006200904","","0","0","0","0","0","0","0","0","0","8","0","","02","2","2006","3","40.450652","-80.164453","","11","0","0","0","0","0","0","0","0","","0","0","0","","","1","","1","","40 27:02.347","","0","80 09:52.030","9","0","0","0","2115","1","0","0","N","1","0","0","2","","0","","1.0","","1","N","N","","0","","0","0","1","","2","","","2","0","0","0","0","0","1","2","0","1","","","","N","","","","","","","","","",""
"2006200905","","1","0","0","0","0","0","0","0","0","1","0","","02","2","2006","3","40.439945","-80.084029","","11","0","0","1","0","0","1","0","0","","0","0","0","","","0","","0","","40 26:23.801","","0","80 05:02.503","0","0","0","0","2115","0","0","0","N","0","0","0","2","","0","","1.0","","9","N","N","","0","","0","0","1","","0","","","2","0","0","0","0","0","0","2","0","2","","","","N","","","","","","","","","",""
"2006200907","","1","0","0","0","0","0","0","0","0","7","0","","02","1","2006","1","40.4772","-79.9686","","11","0","0","0","0","0","0","0","0","","0","0","0","","","0","","7","","40 28:37.920","","2","79 58:06.960","0","0","0","0","2445","0","0","0","N","0","0","0","1","","0","","2.0","","1","N","N","","0","","0","0","0","","0","","","1","0","0","0","0","0","0","2","0","1","","","","N","","","","","","","","","",""
"2006200976","","3","0","0","0","0","0","0","0","0","4","0","","02","2","2006","7","40.3256","-79.7929","","11","0","0","0","0","0","1","0","0","","0","0","0","","","1","","2","","40 19:32.160","","0","79 47:34.440","4","0","0","0","2477","0","0","0","N","0","0","0","5","","1","","1.0","","7","N","N","","0","","0","0","0","","3","","","3","1","0","0","0","0","0","2","0","3","","","","N","","","","","","","","","",""
"2006200977","","1","0","0","0","0","0","0","0","0","7","0","","02","2","2006","7","40.3503","-79.7998","","11","0","0","0","0","0","0","0","0","","0","0","0","","","0","","2","","40 21:01.080","","0","79 47:59.280","0","0","0","0","2477","0","0","0","N","0","0","0","1","","0","","5.0","","7","N","N","","0","","0","0","0","","3","","","1","0","0","0","0","0","0","2","0","1","","","","N","","","","","","","","","",""
"2006201021","","1","0","0","0","0","0","0","0","0","7","0","","02","2","2006","2","40.438326","-80.086854","","11","0","0","0","0","0","0","0","0","","0","0","0","","","0","","0","","40 26:17.972","","0","80 05:12.676","0","0","0","0","2115","0","0","0","N","0","0","0","1","","0","","5.0","","9","N","N","","0","","0","0","0","","0","","","1","0","0","0","0","0","0","2","0","1","","","","N","","","","","","","","","",""
"2006201022","","1","0","0","0","0","0","0","0","0","7","0","","02","2","2006","1","40.4401","-80.0833","","11","0","0","0","0","0","0","0","0","","0","0","0","","","2","","0","","40 26:24.360","","3","80 04:59.880","4","0","0","0","2115","0","0","0","N","0","0","0","2","","2","","1.0","","1","N","N","","0","","0","0","0","","0","","","1","2","0","0","0","0","0","2","0","1","","","","N","","","","","","","","","",""
"2006201023","","2","0","1","0","0","0","0","0","0","4","0","","02","2","2006","7","40.4482","-80.1613","","11","0","0","0","0","0","0","0","0","","0","0","0","","","3","","0","","40 26:53.520","","7","80 09:40.680","2","0","0","0","2115","0","0","0","N","0","0","0","3","","0","","1.0","","1","N","N","","0","","2","1","0","","0","","","2","3","0","0","0","0","0","2","0","2","","","","N","","","","","","","","","",""
"2006201077","","2","0","0","0","0","0","0","0","0","1","0","","02","2","2006","2","40.450801","-80.161574","","11","0","0","0","0","0","1","0","0","","0","0","0","","","2","","0","","40 27:02.883","","0","80 09:41.665","9","0","0","0","2115","0","0","0","N","0","0","0","3","","0","","1.0","","1","N","N","","0","","0","0","0","","0","","","2","0","0","0","0","0","2","2","0","2","","","","N","","","","","","","","","",""
"2006201126","","1","0","0","0","0","0","0","0","0","7","0","","02","2","2006","2","40.533","-80.1024","","11","0","0","0","0","1","0","0","0","","0","0","0","","","1","","2","","40 31:58.800","","0","80 06:08.640","3","0","0","0","2215","0","0","0","N","0","0","0","1","","0","","5.0","","1","N","N","","0","","1","0","0","","0","","","1","1","1","0","0","0","0","2","0","1","","","","N","","","","","","","","","",""
"2006201149","","1","0","0","0","0","0","0","0","0","7","0","","02","2","2006","7","40.480576","-80.105109","","11","0","0","0","0","1","0","0","0","","0","0","0","","","0","","0","","40 28:50.073","","0","80 06:18.394","0","0","0","0","2115","0","0","0","N","0","0","0","1","","0","","2.0","","1","N","N","","0","","0","0","0","","0","","","1","0","0","0","0","0","0","2","0","1","","","","N","","","","","","","","","",""
"2006201182","","5","0","0","0","0","0","0","0","0","4","0","","02","2","2006","1","40.3484","-79.9448","","11","0","0","0","0","0","1","0","0","","0","0","0","","","2","","2","","40 20:54.240","","0","79 56:41.280","4","0","0","0","2473","0","0","0","N","0","0","0","8","","2","","1.0","","7","N","N","","0","","0","0","0","","4","","","5","2","0","0","0","0","0","2","0","5","","","","N","","","","","","","","","",""
"2006201183","","2","0","0","0","0","0","0","0","0","4","0","","02","2","2006","2","40.34473","-79.948692","","11","0","0","0","0","0","0","0","0","","0","0","0","","","0","","0","","40 20:41.027","","0","79 56:55.291","0","0","0","0","2473","0","0","0","N","0","0","0","2","","0","","1.0","","9","N","N","","0","","0","0","0","","0","","","2","0","0","0","0","0","0","2","0","2","","","","N","","","","","","","","","",""
"2006201186","","1","0","0","0","0","0","0","0","0","7","0","","02","2","2006","5","40.4443","-80.1463","","11","0","0","1","0","0","0","0","0","","0","0","0","","","0","","0","","40 26:39.480","","0","80 08:46.680","0","0","0","0","2115","0","0","0","N","0","0","0","1","","0","","5.0","","1","N","N","","0","","0","0","0","","0","","","1","0","1","0","0","0","0","2","0","1","","","","N","","","","","","","","","",""
"2006201187","","1","0","0","0","0","0","0","0","0","7","0","","02","2","2006","3","40.468316","-80.121065","","11","0","0","0","0","0","0","0","0","","0","0","0","","","0","","0","","40 28:05.939","","0","80 07:15.834","0","0","0","0","2115","0","0","0","N","0","0","0","1","","0","","5.0","","2","N","N","","0","","0","0","0","","0","","","1","0","0","0","0","0","0","2","0","1","","","","N","","","","","","","","","",""
"2006201193","","2","0","0","0","0","0","0","0","0","4","0","","02","2","2006","3","40.4494","-80.1073","","11","0","0","0","0","0","0","0","0","","0","0","0","","","2","","1","","40 26:57.840","","0","80 06:26.280","9","0","0","0","2115","0","0","0","N","0","0","0","2","","0","","1.0","","9","N","N","","0","","0","0","0","","2","","","2","0","0","0","0","0","2","2","0","2","","","","N","","","","","","","","","",""
"2006201215","","1","0","0","0","0","0","0","0","0","1","0","","02","2","2006","4","40.347708","-79.951447","","11","0","0","0","0","0","2","0","0","","0","0","0","","","0","","0","","40 20:51.748","","0","79 57:05.210","0","0","0","0","2473","0","0","0","N","0","0","0","3","","0","","1.0","","1","N","N","","1","","0","0","1","","0","","","3","0","0","0","0","0","0","2","0","3","","","","N","","","","","","","","","",""
"2006201216","","1","0","0","0","0","0","0","0","0","0","0","","02","2","2006","6","40.355197","-79.910628","","11","0","0","0","0","0","0","0","0","","0","0","0","","","0","","2","","40 21:18.709","","0","79 54:38.260","0","0","0","0","2473","0","0","0","N","0","0","0","1","","0","","1.0","","1","N","N","","0","","0","0","0","","0","","","1","0","0","0","0","0","0","2","0","1","","","","N","","","","","","","","","",""
"2006201217","","1","0","0","0","0","0","0","0","0","7","0","","02","2","2006","6","40.3752","-79.8978","","11","0","0","0","0","0","0","0","1","","0","0","0","","","1","","0","","40 22:30.720","","0","79 53:52.080","3","0","0","0","2473","0","0","0","N","0","0","0","1","","0","","5.0","","1","N","N","","0","","1","0","0","","0","","","1","1","0","0","0","0","0","2","0","1","","","","N","","","","","","","","","",""
"2006201218","","1","0","0","0","0","0","0","0","0","1","0","","02","2","2006","7","40.3532","-79.9555","","11","0","0","0","0","0","0","1","0","","0","0","0","","","0","","0","","40 21:11.520","","0","79 57:19.800","0","0","0","0","2473","0","0","0","N","0","0","0","2","","0","","1.0","","2","N","N","","1","","0","0","0","","0","","","2","0","0","0","0","0","0","2","0","2","","","","N","","","","","","","","","",""
"2006201219","","2","0","1","0","0","0","0","0","0","4","0","","02","2","2006","2","40.348586","-79.960057","","11","0","0","0","0","0","1","0","0","","0","0","0","","","4","","2","","40 20:54.909","","0","79 57:36.205","2","0","0","0","2473","0","0","0","N","0","0","0","4","","2","","1.0","","1","N","N","","0","","0","1","0","","3","","","2","3","0","0","0","0","1","2","0","2","","","","N","","","","","","","","","",""
"2006201220","","1","0","0","0","0","0","0","0","0","4","1","","02","2","2006","4","40.3532","-79.9167","","11","0","0","0","0","0","0","0","0","","0","1","0","","","1","","0","","40 21:11.520","","0","79 55:00.120","3","0","0","0","2473","0","0","0","N","0","0","0","2","","0","","1.0","","1","N","N","","0","","1","0","0","","0","","","2","1","1","0","0","0","0","2","0","2","","","","N","","","","","","","","","",""
"2006201221","","1","0","0","0","0","0","0","0","0","1","0","","02","2","2006","6","40.3939","-79.8712","","11","0","0","0","0","0","0","0","0","","0","0","0","","","1","","0","","40 23:38.040","","0","79 52:16.320","9","0","0","0","2473","0","0","0","N","0","0","0","3","","0","","1.0","","1","N","N","","0","","0","0","0","","0","","","2","0","0","0","0","0","1","2","1","2","","","","N","","","","","","","","","",""
"2006201222","","0","0","0","0","0","0","0","0","0","7","0","","02","2","2006","3","40.390923","-79.882758","","11","0","0","0","0","0","0","0","0","","0","0","0","","","0","","0","","40 23:27.322","","0","79 52:57.928","0","0","0","0","2473","0","0","0","N","0","0","0","1","","0","","5.0","","9","N","N","","0","","0","0","0","","0","","","1","0","0","0","0","0","0","2","1","1","","","","N","","","","","","","","","",""
"2006201223","","1","0","0","0","0","0","0","0","0","4","0","","02","2","2006","4","","","","11","0","0","0","0","0","0","0","0","","0","0","0","","","0","","1","","00 00:00.00","","0","00 00:00.0","0","0","0","0","2473","0","0","0","N","0","0","0","2","","0","","1.0","","1","N","N","","1","","0","0","0","","2","","","2","0","0","0","0","0","0","1","0","2","","","","N","","","","","","","","","",""
"2006201224","","0","0","0","0","0","0","0","0","0","7","0","","02","2","2006","2","40.3646","-79.8425","","11","0","0","0","0","0","0","0","0","","0","0","0","","","0","","0","","40 21:52.560","","3","79 50:33.000","0","0","0","0","2303","0","0","0","N","0","0","0","1","","0","","1.0","","9","N","N","","1","","0","0","0","","0","","","1","0","0","0","0","0","0","2","0","1","","","","N","","","","","","","","","",""
"2006201225","","1","0","0","0","0","0","0","0","0","7","0","","02","2","2006","4","40.3641","-79.8427","","11","0","0","0","0","0","0","0","0","","0","0","0","","","0","","0","","40 21:50.760","","3","79 50:33.720","0","0","0","0","2303","0","0","0","N","0","0","0","1","","0","","1.0","","7","N","N","","0","","0","0","0","","0","","","1","0","1","0","0","0","0","2","0","1","","","","N","","","","","","","","","",""
"2006201226","","1","0","0","0","0","0","0","0","0","7","0","","02","2","2006","3","40.369578","-79.854992","","11","0","0","0","0","0","0","0","0","","0","0","0","","","1","","0","","40 22:10.479","","0","79 51:17.971","9","0","0","0","2303","0","0","0","N","0","0","0","1","","0","","5.0","","1","N","N","","0","","0","0","0","","0","","","1","0","0","0","0","0","1","2","0","1","","","","N","","","","","","","","","",""