"CRN","ARRIVAL_TM","AUTOMOBILE_COUNT","BELTED_DEATH_COUNT","BELTED_SUSP_SERIOUS_INJ_COUNT","BICYCLE_COUNT","BICYCLE_DEATH_COUNT","BICYCLE_SUSP_SERIOUS_INJ_COUNT","BUS_COUNT","CHLDPAS_DEATH_COUNT","CHLDPAS_SUSP_SERIOUS_INJ_COUNT","COLLISION_TYPE","COMM_VEH_COUNT","CONS_ZONE_SPD_LIM","COUNTY","CRASH_MONTH","CRASH_YEAR","DAY_OF_WEEK","DEC_LATITUDE","DEC_LONGITUDE","DISPATCH_TM","DISTRICT","DRIVER_COUNT_16YR","DRIVER_COUNT_17YR","DRIVER_COUNT_18YR","DRIVER_COUNT_19YR","DRIVER_COUNT_20YR","DRIVER_COUNT_50_64YR","DRIVER_COUNT_65_74YR","DRIVER_COUNT_75PLUS","EST_HRS_CLOSED","FATAL_COUNT","HEAVY_TRUCK_COUNT","HORSE_BUGGY_COUNT","HOUR_OF_DAY","ILLUMINATION","INJURY_COUNT","INTERSECTION_RELATED","INTERSECT_TYPE","LANE_CLOSED","LATITUDE","LN_CLOSE_DIR","LOCATION_TYPE","LONGITUDE","MAX_SEVERITY_LEVEL","MCYCLE_DEATH_COUNT","MCYCLE_SUSP_SERIOUS_INJ_COUNT","MOTORCYCLE_COUNT","MUNICIPALITY","NONMOTR_COUNT","NONMOTR_DEATH_COUNT","NONMOTR_SUSP_SERIOUS_INJ_COUNT","NTFY_HIWY_MAINT","PED_COUNT","PED_DEATH_COUNT","PED_SUSP_SERIOUS_INJ_COUNT","PERSON_COUNT","POLICE_AGCY","POSSIBLE_INJ_COUNT","RDWY_SURF_TYPE_CD","RELATION_TO_ROAD","ROADWAY_CLEARED","ROAD_CONDITION","SCH_BUS_IND","SCH_ZONE_IND","SECONDARY_CRASH","SMALL_TRUCK_COUNT","SPEC_JURIS_CD","SUSP_MINOR_INJ_COUNT","SUSP_SERIOUS_INJ_COUNT","SUV_COUNT","TCD_FUNC_CD","TCD_TYPE","TFC_DETOUR_IND","TIME_OF_DAY","TOTAL_UNITS","TOT_INJ_COUNT","UNBELTED_OCC_COUNT","UNB_DEATH_COUNT","UNB_SUSP_SERIOUS_INJ_COUNT","UNK_INJ_DEG_COUNT","UNK_INJ_PER_COUNT","URBAN_RURAL","VAN_COUNT","VEHICLE_COUNT","WEATHER1","WEATHER2","WORKERS_PRES","WORK_ZONE_IND","WORK_ZONE_LOC","WORK_ZONE_TYPE","WZ_CLOSE_DETOUR","WZ_FLAGGER","WZ_LAW_OFFCR_IND","WZ_LN_CLOSURE","WZ_MOVING","WZ_OTHER","WZ_SHLDER_MDN","WZ_WORKERS_INJ_KILLED"
"2006204258","","0","0","0","0","0","0","0","0","0","7","0","","02","7","2006","4","40.507075","-80.12171","","11","0","0","0","0","0","0","0","0","","0","0","0","","","1","","0","","40 30:25.470","","0","80 07:18.157","9","0","0","0","2110","0","0","0","N","0","0","0","1","","0","","5.0","","9","N","N","","1","","0","0","0","","0","","","1","0","0","0","0","0","1","1","0","1","","","","N","","","","","","","","","",""
"2006204265","","0","0","0","0","0","0","0","0","0","7","0","","02","5","2006","1","40.5025","-79.9857","","11","0","0","0","0","1","0","0","0","","0","0","0","","","1","","2","","40 30:09.000","","0","79 59:08.520","8","0","0","0","2116","0","0","0","N","0","0","0","1","","0","","5.0","","1","N","N","","1","","0","0","0","","0","","","1","1","0","0","0","1","0","2","0","1","","","","N","","","","","","","","","",""
"2006204266","","1","0","0","0","0","0","0","0","0","4","0","","02","6","2006","1","40.544568","-80.035525","","11","0","0","0","0","0","1","0","0","","0","0","0","","","1","","2","","40 32:40.443","","7","80 02:07.891","3","0","0","0","2116","0","0","0","N","0","0","0","4","","0","","1.0","","1","N","N","","1","","1","0","0","","3","","","2","1","0","0","0","0","0","1","0","2","","","","N","","","","","","","","","",""
"2006204267","","1","0","0","0","0","0","0","0","0","7","0","","02","5","2006","5","40.521173","-79.991421","","11","0","0","0","0","0","1","0","0","","0","0","0","","","0","","0","","40 31:16.221","","0","79 59:29.116","0","0","0","0","2116","0","0","0","N","0","0","0","1","","0","","5.0","","1","N","N","","0","","0","0","0","","0","","","1","0","0","0","0","0","0","1","0","1","","","","N","","","","","","","","","",""
"2006204269","","2","0","0","0","0","0","0","0","0","4","0","","02","5","2006","5","40.489955","-80.045126","","11","0","0","0","0","0","1","0","0","","0","0","0","","","0","","0","","40 29:23.838","","7","80 02:42.453","0","0","0","0","2116","0","0","0","N","0","0","0","2","","0","","1.0","","1","N","N","","0","","0","0","0","","0","","","2","0","0","0","0","0","0","2","0","2","","","","N","","","","","","","","","",""
"2006204283","","1","0","0","0","0","0","0","0","0","1","0","","02","4","2006","6","40.5607","-80.0249","","11","0","0","0","0","0","0","0","0","","0","0","0","","","0","","0","","40 33:38.520","","0","80 01:29.640","0","0","0","0","2116","0","0","0","N","0","0","0","2","","0","","1.0","","1","N","N","","1","","0","0","0","","0","","","2","0","0","0","0","0","0","2","0","2","","","","N","","","","","","","","","",""
"2006204284","","1","0","0","0","0","0","0","0","0","4","0","","02","5","2006","7","40.5375","-80.0111","","11","0","0","0","0","0","0","1","0","","0","0","0","","","0","","2","","40 32:15.000","","7","80 00:39.960","0","0","0","0","2116","0","0","0","N","0","0","0","2","","0","","1.0","","1","N","N","","0","","0","0","0","","2","","","2","0","0","0","0","0","0","2","1","2","","","","N","","","","","","","","","",""
"2006204285","","1","0","0","0","0","0","0","0","0","7","0","","02","7","2006","2","40.457043","-80.144988","","11","0","1","0","0","0","0","0","0","","0","0","0","","","1","","0","","40 27:25.354","","0","80 08:41.956","4","0","0","0","2115","0","0","0","N","0","0","0","2","","1","","5.0","","1","N","N","","0","","0","0","0","","0","","","1","1","1","0","0","0","0","2","0","1","","","","N","","","","","","","","","",""
"2006204286","","2","0","0","0","0","0","0","0","0","1","0","","02","7","2006","1","40.4529","-80.1724","","11","0","0","0","0","0","0","1","0","","0","0","0","","","0","","2","","40 27:10.440","","2","80 10:20.640","0","0","0","0","2115","0","0","0","N","0","0","0","2","","0","","1.0","","1","N","N","","0","","0","0","0","","2","","","2","0","0","0","0","0","0","2","0","2","","","","N","","","","","","","","","",""
"2006204287","","2","0","0","0","0","0","0","0","0","1","0","","02","7","2006","6","40.4497","-80.1407","","11","0","0","0","0","0","0","0","0","","0","0","0","","","0","","0","","40 26:58.920","","0","80 08:26.520","0","0","0","0","2115","0","0","0","N","0","0","0","3","","0","","1.0","","1","N","N","","0","","0","0","1","","0","","","3","0","0","0","0","0","0","2","0","3","","","","N","","","","","","","","","",""
"2006204288","","1","0","0","0","0","0","0","0","0","4","0","","02","7","2006","6","40.4477","-80.1635","","11","0","0","0","0","0","0","0","0","","0","0","0","","","0","","0","","40 26:51.720","","7","80 09:48.600","0","0","0","0","2115","0","0","0","N","0","0","0","4","","0","","1.0","","1","N","N","","1","","0","0","0","","0","","","2","0","0","0","0","0","0","2","0","2","","","","N","","","","","","","","","",""
"2006204293","","1","0","0","0","0","0","0","0","0","99","0","","02","6","2006","7","40.484594","-79.971838","","11","0","0","0","0","0","0","0","0","","0","0","0","","","1","","0","","40 29:04.538","","0","79 58:18.615","3","0","0","0","2445","0","0","0","N","0","0","0","1","","0","","1.0","","1","N","N","","0","","1","0","0","","0","","","2","1","0","0","0","0","0","2","0","2","","","","N","","","","","","","","","",""
"2006204319","","2","0","0","0","0","0","0","0","0","4","0","","02","7","2006","4","40.4501","-80.1097","","11","0","0","0","0","0","0","1","0","","0","0","0","","","1","","2","","40 27:00.360","","2","80 06:34.920","9","0","0","0","2115","0","0","0","N","0","0","0","2","","0","","1.0","","9","N","N","","0","","0","0","0","","2","","","2","0","0","0","0","0","1","2","0","2","","","","N","","","","","","","","","",""
"2006204501","","2","0","0","0","0","0","0","0","0","4","0","","02","7","2006","4","40.523765","-80.071929","","11","0","0","0","0","0","0","0","0","","0","0","0","","","1","","1","","40 31:25.554","","0","80 04:18.945","4","0","0","0","2215","0","0","0","N","0","0","0","2","","1","","1.0","","1","N","N","","0","","0","0","0","","2","","","2","1","0","0","0","0","0","2","0","2","","","","N","","","","","","","","","",""
"2006204502","","2","0","0","0","0","0","0","0","0","1","0","","02","7","2006","2","40.4647","-79.9798","","11","0","0","0","0","0","0","0","1","","0","0","0","","","0","","1","","40 27:52.920","","0","79 58:47.280","0","0","0","0","2445","0","0","0","N","0","0","0","2","","0","","1.0","","1","N","N","","0","","0","0","0","","2","","","2","0","0","0","0","0","0","2","0","2","","","","N","","","","","","","","","",""
"2006204503","","2","0","0","0","0","0","0","0","0","4","0","","02","7","2006","6","40.477899","-79.969124","","11","0","0","0","0","0","1","0","0","","0","0","0","","","0","","1","","40 28:40.438","","0","79 58:08.847","0","0","0","0","2445","0","0","0","N","0","0","0","4","","0","","1.0","","1","N","N","","0","","0","0","0","","3","","","2","0","1","0","0","0","0","2","0","2","","","","N","","","","","","","","","",""
"2006204536","","2","0","0","0","0","0","0","0","0","4","0","","02","6","2006","6","40.4018","-79.7778","","11","0","0","0","0","0","1","0","1","","0","0","0","","","1","","2","","40 24:06.480","","7","79 46:40.080","9","0","0","0","2460","0","0","0","N","0","0","0","2","","0","","1.0","","1","N","N","","0","","0","0","0","","2","","","2","0","1","0","0","0","1","2","0","2","","","","N","","","","","","","","","",""
"2006204543","","1","0","0","0","0","0","0","0","0","1","0","","02","7","2006","5","40.424052","-80.103422","","11","0","0","0","0","0","0","0","0","","0","0","0","","","1","","2","","40 25:26.587","","0","80 06:12.319","4","0","0","0","2115","0","0","0","N","0","0","0","3","","1","","1.0","","1","N","N","","1","","0","0","0","","3","","","2","1","0","0","0","0","0","2","0","2","","","","N","","","","","","","","","",""
"2006204550","","2","0","0","0","0","0","0","0","0","1","0","","02","7","2006","3","40.4508","-80.1389","","11","0","0","1","0","0","0","0","0","","0","0","0","","","2","","0","","40 27:02.880","","0","80 08:20.040","4","0","0","0","2115","0","0","0","N","0","0","0","2","","2","","1.0","","1","N","N","","0","","0","0","0","","0","","","2","2","0","0","0","0","0","2","0","2","","","","N","","","","","","","","","",""
"2006204551","","2","0","0","0","0","0","0","0","0","1","0","","02","7","2006","3","40.4509","-80.1388","","11","0","0","0","0","0","0","0","0","","0","0","0","","","2","","0","","40 27:03.240","","0","80 08:19.680","4","0","0","0","2115","0","0","0","N","0","0","0","2","","2","","1.0","","1","N","N","","0","","0","0","0","","0","","","2","2","0","0","0","0","0","2","0","2","","","","N","","","","","","","","","",""
"2006204552","","1","0","0","0","0","0","0","0","0","4","0","","02","7","2006","6","40.4465","-80.101","","11","0","0","0","0","0","0","0","0","","0","0","0","","","0","","0","","40 26:47.400","","7","80 06:03.600","0","0","0","0","2115","0","0","0","N","0","0","0","2","","0","","1.0","","1","N","N","","0","","0","0","1","","0","","","2","0","0","0","0","0","0","2","0","2","","","","N","","","","","","","","","",""
"2006204553","","2","0","0","0","0","0","0","0","0","1","0","","02","7","2006","7","40.468412","-80.123426","","11","0","0","0","0","0","0","1","0","","0","0","0","","","1","","0","","40 28:06.284","","7","80 07:24.334","4","0","0","0","2115","0","0","0","N","0","0","0","5","","1","","1.0","","1","N","N","","0","","0","0","0","","0","","","2","1","0","0","0","0","0","2","0","2","","","","N","","","","","","","","","",""
"2006204554","","1","0","0","0","0","0","0","0","0","4","1","","02","7","2006","5","40.3484","-79.9448","","11","0","0","0","0","0","0","0","0","","0","1","0","","","0","","2","","40 20:54.240","","0","79 56:41.280","0","0","0","0","2473","0","0","0","N","0","0","0","2","","0","","1.0","","1","N","N","","0","","0","0","0","","2","","","2","0","0","0","0","0","0","2","0","2","","","","N","","","","","","","","","",""
"2006204555","","0","0","0","0","0","0","1","0","0","4","1","","02","7","2006","5","40.385","-79.8627","","11","0","0","0","0","0","2","0","0","","0","0","0","","","0","","2","","40 23:06.000","","7","79 51:45.720","0","0","0","0","2473","0","0","0","N","0","0","0","4","","0","","1.0","","1","N","N","","1","","0","0","0","","2","","","2","0","0","0","0","0","0","2","0","2","","","","N","","","","","","","","","",""
"2006204556","","2","0","0","0","0","0","0","0","0","4","0","","02","7","2006","3","40.3755","-79.9059","","11","0","0","0","0","0","0","0","0","","0","0","0","","","1","","0","","40 22:31.800","","7","79 54:21.240","4","0","0","0","2473","0","0","0","N","0","0","0","4","","1","","1.0","","1","N","N","","0","","0","0","0","","0","","","2","1","0","0","0","0","0","2","0","2","","","","N","","","","","","","","","",""
"2006204557","","1","0","0","0","0","0","0","0","0","1","0","","02","7","2006","2","40.3489","-79.939","","11","0","0","0","0","0","1","0","0","","0","0","0","","","1","","2","","40 20:56.040","","0","79 56:20.400","9","0","0","0","2473","0","0","0","N","0","0","0","2","","0","","1.0","","1","N","N","","1","","0","0","0","","4","","","2","0","0","0","0","0","1","2","0","2","","","","N","","","","","","","","","",""
"2006204558","","3","0","0","0","0","0","0","0","0","1","0","","02","7","2006","2","40.3377","-79.9514","","11","0","0","0","0","0","0","0","0","","0","0","0","","","1","","0","","40 20:15.720","","7","79 57:05.040","4","0","0","0","2473","0","0","0","N","0","0","0","3","","1","","1.0","","1","N","N","","0","","0","0","0","","0","","","3","1","0","0","0","0","0","2","0","3","","","","N","","","","","","","","","",""
"2006204559","","1","0","0","0","0","0","0","0","0","8","0","","02","7","2006","5","40.361226","-79.862082","","11","0","0","0","0","0","0","0","0","","0","0","0","","","1","","0","","40 21:40.412","","0","79 51:43.496","4","0","0","0","2473","1","0","0","N","1","0","0","2","","1","","1.0","","1","N","N","","0","","0","0","0","","0","","","2","1","0","0","0","0","0","2","0","1","","","","N","","","","","","","","","",""
"2006204560","","2","0","0","0","0","0","0","0","0","1","0","","02","7","2006","5","40.355","-79.9562","","11","0","0","0","0","0","1","0","0","","0","0","0","","","1","","0","","40 21:18.000","","0","79 57:22.320","4","0","0","0","2473","0","0","0","N","0","0","0","4","","1","","1.0","","1","N","N","","1","","0","0","0","","0","","","3","1","1","0","0","0","0","2","0","3","","","","N","","","","","","","","","",""
"2006204561","","0","0","0","0","0","0","0","0","0","7","0","","02","7","2006","4","40.3483","-79.939","","11","0","0","0","0","1","0","0","0","","0","0","0","","","1","","0","","40 20:53.880","","0","79 56:20.400","4","0","0","1","2473","0","0","0","N","0","0","0","1","","1","","1.0","","1","N","N","","0","","0","0","0","","0","","","1","1","0","0","0","0","0","2","0","1","","","","N","","","","","","","","","",""
"2006204562","","2","0","0","0","0","0","0","0","0","4","0","","02","7","2006","2","40.3437","-79.9384","","11","0","0","0","0","0","0","1","0","","0","0","0","","","1","","2","","40 20:37.320","","7","79 56:18.240","4","0","0","0","2473","0","0","0","N","0","0","0","3","","1","","1.0","","1","N","N","","0","","0","0","0","","2","","","2","1","0","0","0","0","0","2","0","2","","","","N","","","","","","","","","",""
"2006204563","","2","0","0","0","0","0","0","0","0","1","0","","02","7","2006","2","40.3377","-79.9514","","11","0","0","0","0","0","0","0","1","","0","0","0","","","2","","0","","40 20:15.720","","7","79 57:05.040","4","0","0","0","2473","0","0","0","N","0","0","0","2","","2","","1.0","","1","N","N","","0","","0","0","0","","2","","","2","2","0","0","0","0","0","2","0","2","","","","N","","","","","","","","","",""
"2006204564","","2","0","0","0","0","0","0","0","0","4","0","","02","6","2006","3","","","","11","0","0","0","0","0","0","0","0","","0","0","0","","","0","","0","","00 00:00.00","","7","00 00:00.0","0","0","0","0","2473","0","0","0","N","0","0","0","3","","0","","1.0","","9","N","N","","0","","0","0","0","","0","","","2","0","0","0","0","0","0","1","0","2","","","","N","","","","","","","","","",""
"2006204565","","2","0","0","0","0","0","0","0","0","4","0","","02","6","2006","6","40.375392","-79.903037","","11","0","0","1","0","0","0","0","0","","0","0","0","","","0","","2","","40 22:31.410","","0","79 54:10.933","0","0","0","0","2473","0","0","0","N","0","0","0","3","","0","","1.0","","9","N","N","","0","","0","0","0","","3","","","2","0","0","0","0","0","0","2","0","2","","","","N","","","","","","","","","",""
"2006204566","","1","0","0","0","0","0","0","0","0","7","0","","02","6","2006","5","40.390872","-79.889912","","11","0","0","0","0","1","0","0","0","","0","0","0","","","0","","1","","40 23:27.139","","0","79 53:23.683","0","0","0","0","2473","0","0","0","N","0","0","0","1","","0","","5.0","","1","N","N","","0","","0","0","0","","3","","","1","0","0","0","0","0","0","2","0","1","","","","N","","","","","","","","","",""
"2006204567","","1","0","0","0","0","0","0","0","0","7","0","","02","6","2006","2","40.3541","-79.9562","","11","0","0","0","0","0","0","0","0","","0","0","0","","","0","","0","","40 21:14.760","","0","79 57:22.320","0","0","0","0","2473","0","0","0","N","0","0","0","1","","0","","5.0","","9","N","N","","0","","0","0","0","","0","","","1","0","0","0","0","0","0","2","0","1","","","","N","","","","","","","","","",""
"2006204568","","0","0","0","0","0","0","0","0","0","99","0","","02","6","2006","5","40.391119","-79.871343","","11","0","0","0","0","0","0","0","0","","0","0","0","","","1","","0","","40 23:28.027","","0","79 52:16.833","9","0","0","0","2473","0","0","0","N","0","0","0","1","","0","","5.0","","1","N","N","","0","","0","0","0","","0","","","3","0","0","0","0","0","1","2","1","3","","","","N","","","","","","","","","",""
"2006204617","","1","0","0","0","0","0","0","0","0","4","0","","02","7","2006","4","40.512106","-80.103882","","11","0","0","0","0","0","1","0","0","","0","0","0","","","2","","1","","40 30:43.582","","0","80 06:13.974","3","0","0","0","2429","0","0","0","N","0","0","0","2","","1","","1.0","","1","N","N","","1","","1","0","0","","2","","","2","2","0","0","0","0","0","2","0","2","","","","N","","","","","","","","","",""
"2006204618","","2","0","0","0","0","0","0","0","0","1","0","","02","7","2006","6","40.4481","-80.1624","","11","0","0","0","0","0","1","0","0","","0","0","0","","","0","","2","","40 26:53.160","","0","80 09:44.640","0","0","0","0","2115","0","0","0","N","0","0","0","2","","0","","1.0","","1","N","N","","0","","0","0","0","","2","","","2","0","0","0","0","0","0","2","0","2","","","","N","","","","","","","","","",""
"2006204619","","2","0","0","0","0","0","0","0","0","4","0","","02","7","2006","6","40.4481","-80.1624","","11","0","0","0","0","0","0","0","0","","0","0","0","","","0","","1","","40 26:53.160","","0","80 09:44.640","0","0","0","0","2115","0","0","0","N","0","0","0","2","","0","","1.0","","1","N","N","","0","","0","0","0","","2","","","2","0","0","0","0","0","0","2","0","2","","","","N","","","","","","","","","",""
"2006204719","","1","0","0","0","0","0","0","0","0","1","0","","02","7","2006","3","40.4502","-80.1171","","11","0","0","0","0","0","0","0","0","","0","0","0","","","0","","2","","40 27:00.720","","0","80 07:01.560","0","0","0","0","2115","0","0","0","N","0","0","0","2","","0","","1.0","","1","N","N","","0","","0","0","0","","9","","","2","0","0","0","0","0","0","2","1","2","","","","N","","","","","","","","","",""
"2006204720","","2","0","0","0","0","0","0","0","0","1","0","","02","7","2006","4","40.4497","-80.1257","","11","0","0","0","0","0","0","0","0","","0","0","0","","","0","","0","","40 26:58.920","","0","80 07:32.520","0","0","0","0","2115","0","0","0","N","0","0","0","3","","0","","1.0","","1","N","N","","1","","0","0","0","","0","","","3","0","0","0","0","0","0","2","0","3","","","","N","","","","","","","","","",""
"2006204735","","3","0","0","0","0","0","0","0","0","1","0","","02","7","2006","5","40.4494","-80.1411","","11","0","0","1","0","0","0","0","0","","0","0","0","","","1","","2","","40 26:57.840","","0","80 08:27.960","4","0","0","0","2115","0","0","0","N","0","0","0","3","","1","","1.0","","1","N","N","","0","","0","0","0","","3","","","3","1","1","0","0","0","0","2","0","3","","","","N","","","","","","","","","",""
"2006204736","","1","0","0","0","0","0","0","0","0","4","0","","02","7","2006","5","40.4445","-80.1488","","11","0","0","0","0","0","0","1","0","","0","0","0","","","0","","0","","40 26:40.200","","7","80 08:55.680","0","0","0","0","2115","0","0","0","N","0","0","0","2","","0","","1.0","","1","N","N","","1","","0","0","0","","0","","","2","0","0","0","0","0","0","2","0","2","","","","N","","","","","","","","","",""
"2006204737","","3","0","0","0","0","0","0","0","0","1","0","","02","7","2006","5","40.451","-80.1385","","11","0","0","3","0","0","0","0","0","","0","0","0","","","1","","2","","40 27:03.600","","0","80 08:18.600","3","0","0","0","2115","0","0","0","N","0","0","0","3","","0","","1.0","","1","N","N","","0","","1","0","0","","3","","","3","1","0","0","0","0","0","2","0","3","","","","N","","","","","","","","","",""
"2006204738","","1","0","0","0","0","0","0","0","0","1","0","","02","7","2006","5","40.4519","-80.1355","","11","0","0","0","0","1","0","0","0","","0","0","0","","","0","","0","","40 27:06.840","","0","80 08:07.800","0","0","0","0","2115","0","0","0","N","0","0","0","3","","0","","1.0","","1","N","N","","2","","0","0","0","","0","","","3","0","0","0","0","0","0","2","0","3","","","","N","","","","","","","","","",""
"2006204739","","2","0","0","0","0","0","0","0","0","4","0","","02","7","2006","4","40.4494","-80.1073","","11","0","0","0","0","0","0","0","0","","0","0","0","","","0","","1","","40 26:57.840","","0","80 06:26.280","0","0","0","0","2115","0","0","0","N","0","0","0","2","","0","","1.0","","1","N","N","","0","","0","0","0","","2","","","2","0","0","0","0","0","0","2","0","2","","","","N","","","","","","","","","",""
"2006204740","","1","0","0","0","0","0","0","0","0","7","0","","02","7","2006","3","40.453377","-80.171207","","11","0","0","0","0","0","0","0","0","","0","0","0","","","0","","0","","40 27:12.158","","7","80 10:16.346","0","0","0","0","2115","0","0","0","N","0","0","0","1","","0","","3.0","","1","N","N","","0","","0","0","0","","0","","","1","0","0","0","0","0","0","2","0","1","","","","N","","","","","","","","","",""
"2006204741","","3","0","0","0","0","0","0","0","0","5","0","","02","7","2006","4","40.3374","-79.8089","","11","0","0","0","2","0","0","0","2","","0","0","0","","","2","","0","","40 20:14.640","","0","79 48:32.040","3","0","0","0","2477","0","0","0","N","0","0","0","10","","1","","1.0","","1","N","N","","1","","1","0","2","","0","","","7","2","0","0","0","0","0","2","1","7","","","","N","","","","","","","","","",""
"2006204742","","1","0","0","0","0","0","0","0","0","7","0","99","02","7","2006","7","40.333879","-79.782102","","11","0","0","0","1","0","0","0","0","","0","0","0","","","2","","0","","40 20:01.965","","0","79 46:55.568","4","0","0","0","2477","0","0","0","N","0","0","0","2","","2","","5.0","","9","N","N","","0","","0","0","0","","0","","","1","2","0","0","0","0","0","2","0","1","","","U","Y","8","2","","","U","","","","",""
"2006204743","","1","0","0","0","0","0","0","0","0","99","0","","02","7","2006","2","40.352636","-79.825678","","11","0","0","0","0","0","0","1","0","","0","0","0","","","0","","0","","40 21:09.488","","7","79 49:32.440","0","0","0","0","2477","0","0","0","N","0","0","0","1","","0","","1.0","","1","N","N","","0","","0","0","0","","0","","","3","0","0","0","0","0","0","2","0","3","","","","N","","","","","","","","","",""
"2006204744","","1","0","0","0","0","0","0","0","0","7","0","","02","7","2006","3","40.3327","-79.7852","","11","0","0","1","0","0","0","0","0","","0","0","0","","","1","","0","","40 19:57.720","","0","79 47:06.720","9","0","0","0","2477","0","0","0","N","0","0","0","1","","0","","5.0","","1","N","N","","0","","0","0","0","","0","","","1","0","0","0","0","0","1","2","0","1","","","","N","","","","","","","","","",""
"2006204745","","1","0","0","0","0","0","0","0","0","99","0","","02","7","2006","7","40.34224","-79.816708","","11","0","0","0","0","0","0","0","0","","0","0","0","","","0","","0","","40 20:32.063","","0","79 49:00.149","0","0","0","0","2477","0","0","0","N","0","0","0","1","","0","","5.0","","1","N","N","","0","","0","0","0","","0","","","2","0","0","0","0","0","0","2","0","2","","","","N","","","","","","","","","",""
"2006204747","","0","0","0","0","0","0","0","0","0","4","0","","02","7","2006","7","40.502167","-80.102144","","11","0","0","0","0","0","0","0","0","","0","0","0","","","0","","2","","40 30:07.801","","0","80 06:07.718","0","0","0","0","2110","0","0","0","N","0","0","0","2","","0","","1.0","","1","N","N","","1","","0","0","0","","2","","","2","0","0","0","0","0","0","2","1","2","","","","N","","","","","","","","","",""
"2006204760","","2","0","0","0","0","0","0","0","0","2","0","","02","7","2006","6","40.485998","-80.137061","","11","0","0","0","0","0","0","0","0","","0","0","0","","","2","","0","","40 29:09.592","","0","80 08:13.420","3","0","0","0","2115","0","0","0","N","0","0","0","2","","0","","1.0","","9","N","N","","0","","2","0","0","","0","","","2","2","0","0","0","0","0","2","0","2","","","","N","","","","","","","","","",""
"2006204820","","1","0","0","0","0","0","0","0","0","1","0","","02","7","2006","7","40.6134","-79.7437","","11","0","0","0","0","0","0","0","0","","0","0","0","","","1","","1","","40 36:48.240","","0","79 44:37.320","4","0","0","0","2106","0","0","0","N","0","0","0","3","","1","","1.0","","1","N","N","","0","","0","0","0","","2","","","2","1","0","0","0","0","0","2","1","2","","","","N","","","","","","","","","",""
"2006204824","","0","0","0","0","0","0","0","0","0","7","0","","02","7","2006","1","","","","11","0","0","0","0","0","0","0","0","","0","0","0","","","2","","0","","","","0","","4","0","0","0","2215","0","0","0","N","0","0","0","2","","2","","5.0","","1","N","N","","1","","0","0","0","","0","","","1","2","2","0","0","0","0","1","0","1","","","","N","","","","","","","","","",""
"2006204825","","0","0","0","0","0","0","0","0","0","7","1","","02","7","2006","2","40.512644","-80.127294","","11","0","0","0","0","0","0","0","0","","0","1","0","","","1","","2","","40 30:45.518","","0","80 07:38.258","4","0","0","0","2110","0","0","0","N","0","0","0","1","","1","","5.0","","1","N","N","","0","","0","0","0","","0","","","1","1","0","0","0","0","0","2","0","1","","","","N","","","","","","","","","",""
"2006204834","","1","0","0","0","0","0","0","0","0","4","0","","02","7","2006","3","40.3638","-79.8429","","11","0","0","0","0","0","0","0","0","","0","0","0","","","5","","1","","40 21:49.680","","0","79 50:34.440","3","0","0","0","2303","0","0","0","N","0","0","0","6","","0","","1.0","","1","N","N","","0","","2","0","0","","0","","","2","2","0","0","0","0","3","2","1","2","","","","N","","","","","","","","","",""
"2006204835","","2","0","0","0","0","0","0","0","0","4","0","","02","7","2006","1","40.369345","-79.853038","","11","0","0","0","0","0","2","0","0","","0","0","0","","","0","","2","","40 22:09.642","","0","79 51:10.936","0","0","0","0","2303","0","0","0","N","0","0","0","2","","0","","1.0","","1","N","N","","0","","0","0","0","","0","","","2","0","0","0","0","0","0","2","0","2","","","","N","","","","","","","","","",""
"2006204836","","1","0","0","1","0","0","0","0","0","8","0","","02","7","2006","7","40.3793","-79.8535","","11","0","0","0","0","0","0","0","0","","0","0","0","","","1","","0","","40 22:45.480","","0","79 51:12.600","4","0","0","0","2303","1","0","0","N","0","0","0","3","","1","","1.0","","1","N","N","","0","","0","0","0","","0","","","2","1","0","0","0","0","0","2","0","1","","","","N","","","","","","","","","",""
"2006204837","","2","0","0","0","0","0","0","0","0","1","0","","02","7","2006","7","40.3737","-79.8448","","11","0","0","0","0","0","1","0","0","","0","0","0","","","0","","1","","40 22:25.320","","0","79 50:41.280","0","0","0","0","2303","0","0","0","N","0","0","0","2","","0","","1.0","","9","N","N","","0","","0","0","0","","2","","","2","0","0","0","0","0","0","2","0","2","","","","N","","","","","","","","","",""
"2006204998","","1","0","1","0","0","0","0","0","0","4","0","","02","6","2006","6","40.4403","-80.0821","","11","0","0","0","0","0","1","0","0","","0","0","0","","","2","","0","","40 26:25.080","","7","80 04:55.560","2","0","0","0","2115","0","0","0","N","0","0","0","2","","0","","1.0","","1","N","N","","1","","0","1","0","","0","","","2","1","0","0","0","0","1","2","0","2","","","","N","","","","","","","","","",""
"2006204999","","2","0","0","0","0","0","0","0","0","5","0","","02","8","2006","5","40.4502","-80.1173","","11","0","0","0","1","0","1","0","0","","0","0","0","","","0","","0","","40 27:00.720","","0","80 07:02.280","0","0","0","0","2115","0","0","0","N","0","0","0","2","","0","","1.0","","1","N","N","","0","","0","0","0","","0","","","2","0","1","0","0","0","0","2","0","2","","","","N","","","","","","","","","",""
"2006205026","","2","0","0","0","0","0","0","0","0","1","0","","02","8","2006","4","40.6181","-79.7325","","11","0","0","0","0","0","0","1","0","","0","0","0","","","2","","0","","40 37:05.160","","0","79 43:57.000","3","0","0","0","2106","0","0","0","N","0","0","0","4","","0","","1.0","","1","N","N","","1","","2","0","0","","0","","","3","2","0","0","0","0","0","2","0","3","","","","N","","","","","","","","","",""