"CRN","ARRIVAL_TM","AUTOMOBILE_COUNT","BELTED_DEATH_COUNT","BELTED_SUSP_SERIOUS_INJ_COUNT","BICYCLE_COUNT","BICYCLE_DEATH_COUNT","BICYCLE_SUSP_SERIOUS_INJ_COUNT","BUS_COUNT","CHLDPAS_DEATH_COUNT","CHLDPAS_SUSP_SERIOUS_INJ_COUNT","COLLISION_TYPE","COMM_VEH_COUNT","CONS_ZONE_SPD_LIM","COUNTY","CRASH_MONTH","CRASH_YEAR","DAY_OF_WEEK","DEC_LATITUDE","DEC_LONGITUDE","DISPATCH_TM","DISTRICT","DRIVER_COUNT_16YR","DRIVER_COUNT_17YR","DRIVER_COUNT_18YR","DRIVER_COUNT_19YR","DRIVER_COUNT_20YR","DRIVER_COUNT_50_64YR","DRIVER_COUNT_65_74YR","DRIVER_COUNT_75PLUS","EST_HRS_CLOSED","FATAL_COUNT","HEAVY_TRUCK_COUNT","HORSE_BUGGY_COUNT","HOUR_OF_DAY","ILLUMINATION","INJURY_COUNT","INTERSECTION_RELATED","INTERSECT_TYPE","LANE_CLOSED","LATITUDE","LN_CLOSE_DIR","LOCATION_TYPE","LONGITUDE","MAX_SEVERITY_LEVEL","MCYCLE_DEATH_COUNT","MCYCLE_SUSP_SERIOUS_INJ_COUNT","MOTORCYCLE_COUNT","MUNICIPALITY","NONMOTR_COUNT","NONMOTR_DEATH_COUNT","NONMOTR_SUSP_SERIOUS_INJ_COUNT","NTFY_HIWY_MAINT","PED_COUNT","PED_DEATH_COUNT","PED_SUSP_SERIOUS_INJ_COUNT","PERSON_COUNT","POLICE_AGCY","POSSIBLE_INJ_COUNT","RDWY_SURF_TYPE_CD","RELATION_TO_ROAD","ROADWAY_CLEARED","ROAD_CONDITION","SCH_BUS_IND","SCH_ZONE_IND","SECONDARY_CRASH","SMALL_TRUCK_COUNT","SPEC_JURIS_CD","SUSP_MINOR_INJ_COUNT","SUSP_SERIOUS_INJ_COUNT","SUV_COUNT","TCD_FUNC_CD","TCD_TYPE","TFC_DETOUR_IND","TIME_OF_DAY","TOTAL_UNITS","TOT_INJ_COUNT","UNBELTED_OCC_COUNT","UNB_DEATH_COUNT","UNB_SUSP_SERIOUS_INJ_COUNT","UNK_INJ_DEG_COUNT","UNK_INJ_PER_COUNT","URBAN_RURAL","VAN_COUNT","VEHICLE_COUNT","WEATHER1","WEATHER2","WORKERS_PRES","WORK_ZONE_IND","WORK_ZONE_LOC","WORK_ZONE_TYPE","WZ_CLOSE_DETOUR","WZ_FLAGGER","WZ_LAW_OFFCR_IND","WZ_LN_CLOSURE","WZ_MOVING","WZ_OTHER","WZ_SHLDER_MDN","WZ_WORKERS_INJ_KILLED"
"2006205700","","2","0","0","0","0","0","0","0","0","1","0","","02","7","2006","6","40.3483","-79.9474","","11","0","0","0","1","0","0","0","0","","0","0","0","","","0","","0","","40 20:53.880","","7","79 56:50.640","0","0","0","0","2473","0","0","0","N","0","0","0","2","","0","","1.0","","1","N","N","","0","","0","0","0","","0","","","2","0","0","0","0","0","0","2","0","2","","","","N","","","","","","","","","",""
"2006205701","","2","0","0","0","0","0","0","0","0","4","0","","02","7","2006","7","40.347434","-79.950514","","11","0","0","0","0","1","0","0","0","","0","0","0","","","0","","1","","40 20:50.762","","0","79 57:01.850","0","0","0","0","2473","0","0","0","N","0","0","0","5","","0","","1.0","","9","N","N","","0","","0","0","0","","3","","","2","0","0","0","0","0","0","2","0","2","","","","N","","","","","","","","","",""
"2006205702","","1","0","0","0","0","0","0","0","0","2","0","","02","7","2006","7","40.3534","-79.9562","","11","0","0","0","0","1","0","0","0","","0","0","0","","","1","","0","","40 21:12.240","","0","79 57:22.320","4","0","0","0","2473","0","0","0","N","0","0","0","4","","1","","1.0","","9","N","N","","1","","0","0","0","","0","","","2","1","0","0","0","0","0","2","0","2","","","","N","","","","","","","","","",""
"2006205704","","2","0","0","0","0","0","0","0","0","1","0","","02","7","2006","4","40.344","-79.9215","","11","0","0","0","0","0","0","0","0","","0","0","0","","","0","","0","","40 20:38.400","","0","79 55:17.400","0","0","0","0","2473","0","0","0","N","0","0","0","2","","0","","1.0","","1","N","N","","0","","0","0","0","","0","","","2","0","0","0","0","0","0","2","0","2","","","","N","","","","","","","","","",""
"2006205705","","2","0","0","0","0","0","0","0","0","4","0","","02","7","2006","1","40.347508","-79.948871","","11","0","0","0","0","0","1","0","0","","0","0","0","","","0","","0","","40 20:51.030","","7","79 56:55.937","0","0","0","0","2473","0","0","0","N","0","0","0","3","","0","","1.0","","1","N","N","","0","","0","0","0","","0","","","2","0","1","0","0","0","0","2","0","2","","","","N","","","","","","","","","",""
"2006205709","","1","0","0","0","0","0","0","0","0","7","0","","02","8","2006","3","40.531169","-80.070121","","11","0","0","0","0","0","0","0","0","","0","0","0","","","0","","0","","40 31:52.210","","0","80 04:12.434","0","0","0","0","2215","0","0","0","N","0","0","0","1","","0","","1.0","","9","N","N","","0","","0","0","0","","0","","","1","0","0","0","0","0","0","2","0","1","","","","N","","","","","","","","","",""
"2006205724","","1","0","0","0","0","0","0","0","0","7","0","","02","8","2006","2","40.461763","-80.148246","","11","0","0","1","0","0","0","0","0","","0","0","0","","","2","","0","","40 27:42.345","","0","80 08:53.687","2","0","0","0","2115","0","0","0","N","0","0","0","2","","0","","5.0","","9","N","N","","0","","1","1","0","","0","","","1","2","2","0","1","0","0","2","0","1","","","","N","","","","","","","","","",""
"2006205725","","2","0","0","0","0","0","0","0","0","4","0","","02","8","2006","5","40.451868","-80.160967","","11","0","0","1","0","0","0","0","0","","0","0","0","","","0","","1","","40 27:06.724","","0","80 09:39.481","0","0","0","0","2115","0","0","0","N","0","0","0","3","","0","","1.0","","1","N","N","","0","","0","0","0","","2","","","2","0","0","0","0","0","0","2","0","2","","","","N","","","","","","","","","",""
"2006205782","","2","0","0","0","0","0","0","0","0","4","0","","02","9","2006","7","40.450747","-80.165038","","11","0","0","0","0","0","0","0","0","","0","0","0","","","0","","0","","40 27:02.689","","7","80 09:54.135","0","0","0","0","2115","0","0","0","N","0","0","0","3","","0","","1.0","","1","N","N","","0","","0","0","0","","0","","","2","0","0","0","0","0","0","2","0","2","","","","N","","","","","","","","","",""
"2006205783","","2","0","0","0","0","0","0","0","0","4","0","","02","9","2006","7","40.4494","-80.1073","","11","0","0","0","0","0","0","0","0","","0","0","0","","","1","","1","","40 26:57.840","","0","80 06:26.280","3","0","0","0","2115","0","0","0","N","0","0","0","3","","0","","1.0","","1","N","N","","0","","1","0","0","","2","","","2","1","0","0","0","0","0","2","0","2","","","","N","","","","","","","","","",""
"2006205838","","1","0","0","1","0","0","0","0","0","8","0","","02","9","2006","6","40.512106","-80.103882","","11","0","0","0","0","0","0","0","0","","0","0","0","","","1","","2","","40 30:43.582","","0","80 06:13.974","3","0","0","0","2429","1","0","0","N","0","0","0","2","","0","","1.0","","1","N","N","","0","","1","0","0","","2","","","2","1","0","0","0","0","0","2","0","1","","","","N","","","","","","","","","",""
"2006205901","","0","0","0","0","0","0","0","0","0","7","0","","02","7","2006","7","40.4772","-79.9686","","11","0","0","0","0","0","1","0","0","","0","0","0","","","1","","7","","40 28:37.920","","2","79 58:06.960","3","0","0","0","2445","0","0","0","N","0","0","0","1","","0","","1.0","","9","N","N","","0","","1","0","0","","0","","","1","1","0","0","0","0","0","2","1","1","","","","N","","","","","","","","","",""
"2006205902","","2","0","0","0","0","0","0","0","0","4","0","","02","8","2006","3","40.4729","-79.9724","","11","0","0","0","0","0","0","0","0","","0","0","0","","","1","","2","","40 28:22.440","","0","79 58:20.640","4","0","0","0","2445","0","0","0","N","0","0","0","2","","1","","1.0","","1","N","N","","0","","0","0","0","","0","","","2","1","0","0","0","0","0","2","0","2","","","","N","","","","","","","","","",""
"2006205903","","1","0","0","0","0","0","0","0","0","1","0","","02","8","2006","5","40.4729","-79.9724","","11","0","0","0","0","0","0","0","0","","0","0","0","","","0","","2","","40 28:22.440","","0","79 58:20.640","0","0","0","0","2445","0","0","0","N","0","0","0","4","","0","","1.0","","1","N","N","","1","","0","0","0","","0","","","2","0","0","0","0","0","0","2","0","2","","","","N","","","","","","","","","",""
"2006205904","","0","0","0","0","0","0","0","0","0","99","0","","02","8","2006","4","40.481538","-79.97607","","11","0","1","0","0","0","0","0","0","","0","0","0","","","0","","0","","40 28:53.538","","0","79 58:33.851","0","0","0","0","2445","0","0","0","N","0","0","0","1","","0","","1.0","","1","N","N","","0","","0","0","1","","0","","","2","0","0","0","0","0","0","2","0","2","","","","N","","","","","","","","","",""
"2006205905","","0","0","0","0","0","0","0","0","0","7","0","","02","8","2006","5","40.476288","-79.974007","","11","0","0","0","0","0","0","0","0","","0","0","0","","","0","","0","","40 28:34.635","","0","79 58:26.425","0","0","0","0","2445","0","0","0","N","0","0","0","1","","0","","5.0","","9","N","N","","1","","0","0","0","","0","","","1","0","1","0","0","0","0","2","0","1","","","","N","","","","","","","","","",""
"2006205906","","2","0","0","0","0","0","0","0","0","2","0","","02","8","2006","4","40.4803","-79.9698","","11","0","0","1","0","0","0","0","0","","0","0","0","","","2","","0","","40 28:49.080","","0","79 58:11.280","3","0","0","0","2445","0","0","0","N","0","0","0","2","","1","","1.0","","1","N","N","","0","","1","0","0","","0","","","2","2","1","0","0","0","0","2","0","2","","","","N","","","","","","","","","",""
"2006205907","","1","0","0","0","0","0","0","0","0","1","0","","02","8","2006","5","40.4751","-79.9709","","11","0","0","0","0","0","0","0","0","","0","0","0","","","0","","0","","40 28:30.360","","0","79 58:15.240","0","0","0","0","2445","0","0","0","N","0","0","0","3","","0","","1.0","","1","N","N","","1","","0","0","1","","0","","","3","0","0","0","0","0","0","2","0","3","","","","N","","","","","","","","","",""
"2006205931","","1","0","0","0","0","0","0","0","0","1","1","","02","9","2006","5","40.4481","-80.1624","","11","0","0","0","0","0","1","0","0","","0","1","0","","","2","","1","","40 26:53.160","","0","80 09:44.640","4","0","0","0","2115","0","0","0","N","0","0","0","3","","2","","1.0","","9","N","N","","0","","0","0","0","","2","","","2","2","1","0","0","0","0","2","0","2","","","","N","","","","","","","","","",""
"2006205939","","2","0","0","0","0","0","0","0","0","4","0","","02","9","2006","5","40.448038","-80.162559","","11","0","0","0","0","1","0","1","0","","0","0","0","","","0","","0","","40 26:52.938","","7","80 09:45.212","0","0","0","0","2115","0","0","0","N","0","0","0","2","","0","","1.0","","1","N","N","","0","","0","0","0","","0","","","2","0","0","0","0","0","0","2","0","2","","","","N","","","","","","","","","",""
"2006205940","","1","0","0","0","0","0","0","0","0","7","0","","02","9","2006","2","40.539954","-80.090499","","11","0","0","0","0","0","0","0","0","","0","0","0","","","1","","0","","40 32:23.836","","0","80 05:25.798","4","0","0","0","2215","0","0","0","N","0","0","0","1","","1","","5.0","","1","N","N","","0","","0","0","0","","0","","","1","1","0","0","0","0","0","2","0","1","","","","N","","","","","","","","","",""
"2006205952","","1","0","0","0","0","0","0","0","0","7","0","","02","8","2006","1","40.33695","-79.814087","","11","0","0","0","0","0","0","0","0","","0","0","0","","","2","","2","","40 20:13.020","","0","79 48:50.713","3","0","0","0","2477","0","0","0","N","0","0","0","2","","1","","5.0","","1","N","N","","0","","1","0","0","","3","","","1","2","2","0","0","0","0","2","0","1","","","","N","","","","","","","","","",""
"2006205991","","1","0","0","0","0","0","0","0","0","7","0","","02","9","2006","1","40.4439","-80.0979","","11","0","0","0","0","0","0","0","0","","0","0","0","","","1","","0","","40 26:38.040","","0","80 05:52.440","3","0","0","0","2115","0","0","0","N","0","0","0","1","","0","","5.0","","1","N","N","","0","","1","0","0","","0","","","1","1","1","0","0","0","0","2","0","1","","","","N","","","","","","","","","",""
"2006205992","","2","0","0","0","0","0","0","0","0","4","0","","02","9","2006","1","40.44949","-80.107433","","11","0","0","0","0","0","1","0","0","","0","0","0","","","2","","2","","40 26:58.163","","2","80 06:26.758","4","0","0","0","2115","0","0","0","N","0","0","0","4","","2","","1.0","","1","N","N","","0","","0","0","0","","2","","","2","2","1","0","0","0","0","2","0","2","","","","N","","","","","","","","","",""
"2006205993","","0","0","0","0","0","0","0","0","0","1","0","","02","9","2006","7","40.465982","-80.137681","","11","0","0","0","0","0","1","0","0","","0","0","0","","","1","","1","","40 27:57.535","","0","80 08:15.651","9","0","0","0","2115","0","0","0","N","0","0","0","2","","0","","1.0","","1","N","N","","1","","0","0","0","","2","","","2","0","0","0","0","0","1","2","1","2","","","","N","","","","","","","","","",""
"2006206010","","2","0","0","0","0","0","0","0","0","4","0","","02","9","2006","6","40.4442","-80.147","","11","0","0","0","0","0","0","0","0","","0","0","0","","","2","","2","","40 26:39.120","","7","80 08:49.200","4","0","0","0","2115","0","0","0","N","0","0","0","4","","2","","1.0","","1","N","N","","1","","0","0","0","","2","","","3","2","0","0","0","0","0","2","0","3","","","","N","","","","","","","","","",""
"2006206045","","3","0","0","0","0","0","0","0","0","1","0","","02","9","2006","5","40.4503","-80.1401","","11","0","1","0","0","0","0","0","0","","0","0","0","","","2","","0","","40 27:01.080","","0","80 08:24.360","3","0","0","0","2115","0","0","0","N","0","0","0","3","","1","","1.0","","1","N","N","","0","","1","0","0","","0","","","3","2","0","0","0","0","0","2","0","3","","","","N","","","","","","","","","",""
"2006206047","","1","0","0","0","0","0","0","0","0","1","0","","02","9","2006","4","40.4504","-80.14","","11","0","0","0","0","0","0","0","0","","0","0","0","","","0","","2","","40 27:01.440","","0","80 08:24.000","0","0","0","0","2115","0","0","0","N","0","0","0","2","","0","","1.0","","1","N","N","","1","","0","0","0","","3","","","2","0","0","0","0","0","0","2","0","2","","","","N","","","","","","","","","",""
"2006206141","","0","0","0","0","0","0","0","0","0","1","0","","02","9","2006","5","40.4552","-80.1363","","11","0","0","0","0","0","0","0","0","","0","0","0","","","1","","2","","40 27:18.720","","0","80 08:10.680","3","0","0","1","2115","0","0","0","N","0","0","0","2","","0","","1.0","","1","N","N","","0","","1","0","1","","3","","","2","1","0","0","0","0","0","2","0","2","","","","N","","","","","","","","","",""
"2006206142","","1","0","0","0","0","0","0","0","0","4","1","","02","9","2006","6","40.426104","-80.114624","","11","0","0","0","0","0","0","0","0","","0","1","0","","","0","","0","","40 25:33.974","","7","80 06:52.646","0","0","0","0","2115","0","0","0","N","0","0","0","2","","0","","1.0","","1","N","N","","0","","0","0","0","","0","","","2","0","1","0","0","0","0","2","0","2","","","","N","","","","","","","","","",""
"2006206148","","0","0","0","0","0","0","0","0","0","99","0","","02","9","2006","5","","","","11","0","1","0","0","0","0","0","0","","0","0","0","","","1","","0","","","","0","","3","0","0","0","2445","0","0","0","N","0","0","0","1","","0","","1.0","","1","N","N","","0","","1","0","1","","0","","","3","1","0","0","0","0","0","1","0","3","","","","N","","","","","","","","","",""
"2006206149","","3","0","0","0","0","0","0","0","0","1","0","","02","9","2006","6","40.4745","-79.9715","","11","0","0","0","0","0","2","0","0","","0","0","0","","","1","","2","","40 28:28.200","","0","79 58:17.400","4","0","0","0","2445","0","0","0","N","0","0","0","3","","1","","1.0","","1","N","N","","0","","0","0","0","","2","","","3","1","0","0","0","0","0","2","0","3","","","","N","","","","","","","","","",""
"2006206150","","2","0","0","0","0","0","0","0","0","4","0","","02","9","2006","6","40.477916","-79.969123","","11","0","0","0","0","0","0","0","0","","0","0","0","","","1","","1","","40 28:40.497","","0","79 58:08.841","3","0","0","0","2445","0","0","0","N","0","0","0","2","","0","","1.0","","1","N","N","","0","","1","0","0","","0","","","2","1","0","0","0","0","0","2","0","2","","","","N","","","","","","","","","",""
"2006206151","","1","0","0","0","0","0","0","0","0","99","0","","02","9","2006","2","40.481","-79.9715","","11","0","0","0","0","0","0","0","0","","0","0","0","","","0","","0","","40 28:51.600","","0","79 58:17.400","0","0","0","0","2445","0","0","0","N","0","0","0","1","","0","","1.0","","1","N","N","","0","","0","0","0","","0","","","2","0","0","0","0","0","0","2","0","2","","","","N","","","","","","","","","",""
"2006206238","","1","0","0","0","0","0","0","0","0","99","0","","02","9","2006","7","40.607842","-79.746876","","11","0","0","0","0","0","0","0","0","","0","0","0","","","0","","0","","40 36:28.231","","0","79 44:48.755","0","0","0","0","2409","0","0","0","N","0","0","0","1","","0","","1.0","","9","N","N","","0","","0","0","0","","0","","","3","0","1","0","0","0","0","2","0","3","","","","N","","","","","","","","","",""
"2006206269","","2","0","0","0","0","0","0","0","0","4","0","","02","9","2006","1","40.550072","-80.085726","","11","0","0","0","0","0","0","0","0","","0","0","0","","","0","","2","","40 33:00.259","","0","80 05:08.612","0","0","0","0","2215","0","0","0","N","0","0","0","3","","0","","1.0","","1","N","N","","0","","0","0","0","","2","","","2","0","0","0","0","0","0","2","0","2","","","","N","","","","","","","","","",""
"2006206306","","2","0","0","0","0","0","0","0","0","1","0","","02","9","2006","7","40.383","-79.8574","","11","0","0","1","0","0","0","0","0","","0","0","0","","","2","","1","","40 22:58.800","","0","79 51:26.640","3","0","0","0","2303","0","0","0","N","0","0","0","2","","1","","1.0","","1","N","N","","0","","1","0","0","","2","","","2","2","0","0","0","0","0","2","0","2","","","","N","","","","","","","","","",""
"2006206307","","1","0","0","0","0","0","0","0","0","7","0","","02","9","2006","1","40.3596","-79.8467","","11","0","0","0","0","0","0","0","0","","0","0","0","","","0","","0","","40 21:34.560","","2","79 50:48.120","0","0","0","0","2303","0","0","0","N","0","0","0","1","","0","","1.0","","1","N","N","","0","","0","0","0","","0","","","1","0","0","0","0","0","0","2","0","1","","","","N","","","","","","","","","",""
"2006206308","","1","0","0","0","0","0","0","0","0","99","0","","02","9","2006","7","40.376092","-79.849494","","11","0","0","0","0","0","0","0","0","","0","0","0","","","0","","0","","40 22:33.930","","0","79 50:58.177","0","0","0","0","2303","0","0","0","N","0","0","0","1","","0","","1.0","","9","N","N","","0","","0","0","0","","0","","","2","0","0","0","0","0","0","2","0","2","","","","N","","","","","","","","","",""
"2006206309","","1","0","0","0","0","0","0","0","0","4","0","","02","9","2006","6","40.3793","-79.8535","","11","0","0","0","0","0","1","0","0","","0","0","0","","","2","","2","","40 22:45.480","","0","79 51:12.600","4","0","0","0","2303","0","0","0","N","0","0","0","4","","2","","1.0","","1","N","N","","0","","0","0","1","","3","","","2","2","0","0","0","0","0","2","0","2","","","","N","","","","","","","","","",""
"2006206312","","1","0","0","0","0","0","0","0","0","1","0","","02","9","2006","5","40.4478","-80.1633","","11","0","0","0","0","0","0","0","0","","0","0","0","","","1","","0","","40 26:52.080","","7","80 09:47.880","9","0","0","0","2115","0","0","0","N","0","0","0","2","","0","","1.0","","9","N","N","","1","","0","0","0","","0","","","2","0","0","0","0","0","1","2","0","2","","","","N","","","","","","","","","",""
"2006206316","","0","0","0","0","0","0","0","0","0","7","0","","02","9","2006","7","40.492396","-80.079974","","11","0","0","0","0","0","0","0","0","","0","0","0","","","1","","0","","40 29:32.627","","0","80 04:47.906","3","0","0","0","2110","0","0","0","N","0","0","0","1","","0","","1.0","","1","N","N","","0","","1","0","1","","0","","","1","1","0","0","0","0","0","2","0","1","","","","N","","","","","","","","","",""
"2006206320","","2","0","0","0","0","0","0","0","0","4","0","","02","9","2006","7","40.45286","-80.16505","","11","0","1","0","0","0","0","0","0","","0","0","0","","","0","","1","","40 27:10.296","","0","80 09:54.180","0","0","0","0","2115","0","0","0","N","0","0","0","4","","0","","1.0","","9","N","N","","0","","0","0","0","","2","","","2","0","0","0","0","0","0","2","0","2","","","","N","","","","","","","","","",""
"2006206352","","2","0","0","0","0","0","0","0","0","1","0","","02","9","2006","5","40.550829","-80.088023","","11","0","0","0","0","0","0","0","0","","0","0","0","","","1","","2","","40 33:02.983","","0","80 05:16.882","3","0","0","0","2215","0","0","0","N","0","0","0","5","","0","","1.0","","9","N","N","","0","","1","0","0","","3","","","2","1","0","0","0","0","0","2","0","2","","","","N","","","","","","","","","",""
"2006206356","","1","0","0","0","0","0","0","0","0","1","0","","02","8","2006","4","40.3439","-79.7988","","11","0","0","0","0","0","0","0","0","","0","0","0","","","1","","2","","40 20:38.040","","0","79 47:55.680","9","0","0","0","2477","0","0","0","N","0","0","0","3","","0","","1.0","","1","N","N","","0","","0","0","1","","3","","","2","0","0","0","0","0","1","2","0","2","","","","N","","","","","","","","","",""
"2006206357","","2","0","0","0","0","0","0","0","0","4","0","","02","10","2006","5","40.3473","-79.8168","","11","0","0","0","0","0","1","0","1","","0","0","0","","","0","","2","","40 20:50.280","","0","79 49:00.480","0","0","0","0","2477","0","0","0","N","0","0","0","3","","0","","1.0","","1","N","N","","0","","0","0","0","","3","","","2","0","0","0","0","0","0","2","0","2","","","","N","","","","","","","","","",""
"2006206443","","2","0","0","0","0","0","0","0","0","1","0","","02","10","2006","3","","","","11","0","0","0","0","0","1","1","0","","0","0","0","","","1","","0","","","","0","","9","0","0","0","2115","0","0","0","N","0","0","0","2","","0","","1.0","","1","N","N","","0","","0","0","0","","0","","","2","0","0","0","0","0","1","1","0","2","","","","N","","","","","","","","","",""
"2006206445","","2","0","0","0","0","0","0","0","0","4","0","","02","9","2006","5","40.477916","-79.969123","","11","0","0","0","0","0","0","0","1","","0","0","0","","","1","","5","","40 28:40.497","","0","79 58:08.841","3","0","0","0","2445","0","0","0","N","0","0","0","3","","0","","1.0","","9","N","N","","0","","1","0","0","","3","","","2","1","1","0","0","0","0","2","0","2","","","","N","","","","","","","","","",""
"2006206446","","0","0","0","0","0","0","0","0","0","4","0","","02","10","2006","7","40.4745","-79.9715","","11","0","0","0","0","0","0","0","0","","0","0","0","","","0","","2","","40 28:28.200","","0","79 58:17.400","0","0","0","0","2445","0","0","0","N","0","0","0","3","","0","","1.0","","1","N","N","","2","","0","0","0","","2","","","2","0","0","0","0","0","0","2","0","2","","","","N","","","","","","","","","",""
"2006206447","","1","0","0","0","0","0","0","0","0","99","0","","02","10","2006","1","40.4865","-79.9727","","11","0","0","0","0","0","0","0","0","","0","0","0","","","0","","2","","40 29:11.400","","0","79 58:21.720","0","0","0","0","2445","0","0","0","N","0","0","0","1","","0","","1.0","","1","N","N","","0","","0","0","0","","0","","","2","0","0","0","0","0","0","2","0","2","","","","N","","","","","","","","","",""
"2006206448","","2","0","0","0","0","0","0","0","0","1","0","","02","10","2006","3","40.4757","-79.9703","","11","0","0","0","0","0","1","0","0","","0","0","0","","","0","","0","","40 28:32.520","","0","79 58:13.080","0","0","0","0","2445","0","0","0","N","0","0","0","2","","0","","1.0","","1","N","N","","0","","0","0","0","","0","","","2","0","0","0","0","0","0","2","0","2","","","","N","","","","","","","","","",""
"2006206452","","2","0","0","0","0","0","0","0","0","1","0","","02","10","2006","2","40.5243","-80.071","","11","0","0","0","0","0","0","0","0","","0","0","0","","","1","","1","","40 31:27.480","","2","80 04:15.600","4","0","0","0","2215","0","0","0","N","0","0","0","2","","1","","1.0","","1","N","N","","0","","0","0","0","","2","","","2","1","0","0","0","0","0","2","0","2","","","","N","","","","","","","","","",""
"2006206482","","2","0","0","0","0","0","0","0","0","1","0","","02","10","2006","6","40.523727","-80.071878","","11","0","0","0","0","0","0","0","0","","0","0","0","","","0","","1","","40 31:25.416","","0","80 04:18.759","0","0","0","0","2215","0","0","0","N","0","0","0","6","","0","","1.0","","1","N","N","","0","","0","0","0","","2","","","2","0","0","0","0","0","0","2","0","2","","","","N","","","","","","","","","",""
"2006206530","","2","0","0","0","0","0","0","0","0","1","0","","02","10","2006","5","40.465973","-80.135493","","11","0","0","0","0","0","1","0","0","","0","0","0","","","0","","2","","40 27:57.502","","0","80 08:07.776","0","0","0","0","2115","0","0","0","N","0","0","0","4","","0","","1.0","","1","N","N","","0","","0","0","0","","3","","","2","0","0","0","0","0","0","2","0","2","","","","N","","","","","","","","","",""
"2006206567","","1","0","0","0","0","0","0","0","0","7","0","","02","10","2006","7","40.439857","-80.152394","","11","0","0","0","0","0","0","0","0","","0","0","0","","","1","","1","","40 26:23.486","","0","80 09:08.619","9","0","0","0","2115","0","0","0","N","0","0","0","1","","0","","1.0","","1","N","N","","0","","0","0","0","","0","","","1","0","0","0","0","0","1","2","0","1","","","","N","","","","","","","","","",""
"2006206568","","1","0","0","0","0","0","0","0","0","99","0","","02","10","2006","6","40.4501","-80.1135","","11","0","0","0","0","0","0","0","0","","0","0","0","","","0","","0","","40 27:00.360","","0","80 06:48.600","0","0","0","0","2115","0","0","0","N","0","0","0","1","","0","","1.0","","1","N","N","","0","","0","0","0","","0","","","1","0","0","0","0","0","0","2","0","1","","","","N","","","","","","","","","",""
"2006206569","","1","0","0","0","0","0","0","0","0","5","0","","02","10","2006","6","40.4502","-80.1152","","11","0","0","0","0","0","0","0","0","","0","0","0","","","0","","0","","40 27:00.720","","0","80 06:54.720","0","0","0","0","2115","0","0","0","N","0","0","0","7","","0","","1.0","","1","N","N","","1","","0","0","0","","0","","","2","0","0","0","0","0","0","2","0","2","","","","N","","","","","","","","","",""
"2006206570","","1","0","0","0","0","0","0","0","0","7","0","","02","10","2006","6","40.481594","-80.129626","","11","0","0","0","0","0","0","0","0","","0","0","0","","","0","","0","","40 28:53.739","","0","80 07:46.655","0","0","0","0","2115","0","0","0","N","0","0","0","1","","0","","5.0","","1","N","N","","0","","0","0","0","","0","","","1","0","0","0","0","0","0","2","0","1","","","","N","","","","","","","","","",""
"2006206610","","2","0","0","0","0","0","0","0","0","4","0","","02","9","2006","2","40.396737","-79.879731","","11","0","0","0","1","0","1","0","0","","0","0","0","","","0","","1","","40 23:48.253","","0","79 52:47.031","0","0","0","0","2473","0","0","0","N","0","0","0","2","","0","","1.0","","1","N","N","","0","","0","0","0","","3","","","2","0","0","0","0","0","0","2","0","2","","","","N","","","","","","","","","",""
"2006206611","","2","0","0","0","0","0","0","0","0","1","0","","02","9","2006","4","40.3516","-79.9617","","11","0","0","0","0","0","0","0","0","","0","0","0","","","1","","0","","40 21:05.760","","0","79 57:42.120","9","0","0","0","2473","0","0","0","N","0","0","0","2","","0","","1.0","","9","N","N","","0","","0","0","0","","0","","","2","0","0","0","0","0","1","2","0","2","","","","N","","","","","","","","","",""
"2006206612","","3","0","0","0","0","0","0","0","0","1","0","","02","9","2006","4","40.3079","-79.9113","","11","0","1","1","0","0","0","0","0","","0","0","0","","","0","","0","","40 18:28.440","","7","79 54:40.680","0","0","0","0","2473","0","0","0","N","0","0","0","3","","0","","1.0","","9","N","N","","0","","0","0","0","","0","","","3","0","0","0","0","0","0","2","0","3","","","","N","","","","","","","","","",""
"2006206613","","0","0","0","0","0","0","0","0","0","99","0","","02","9","2006","4","40.364057","-79.880868","","11","0","0","0","0","0","0","0","0","","0","0","0","","","0","","0","","40 21:50.604","","0","79 52:51.126","0","0","0","0","2473","0","0","0","N","0","0","0","1","","0","","1.0","","9","N","N","","0","","0","0","1","","0","","","2","0","0","0","0","0","0","2","0","2","","","","N","","","","","","","","","",""
"2006206614","","0","0","0","0","0","0","0","0","0","4","1","","02","9","2006","6","40.3503","-79.9271","","11","0","0","0","0","0","0","1","0","","0","1","0","","","0","","1","","40 21:01.080","","0","79 55:37.560","0","0","0","0","2473","0","0","0","N","0","0","0","2","","0","","1.0","","1","N","N","","1","","0","0","0","","2","","","2","0","0","0","0","0","0","2","0","2","","","","N","","","","","","","","","",""
"2006206615","","1","0","0","0","0","0","0","0","0","7","0","","02","9","2006","1","40.374735","-79.874356","","11","0","0","0","0","0","0","0","0","","0","0","0","","","1","","0","","40 22:29.047","","3","79 52:27.680","4","0","0","0","2473","0","0","0","N","0","0","0","1","","1","","1.0","","1","N","N","","0","","0","0","0","","0","","","1","1","0","0","0","0","0","2","0","1","","","","N","","","","","","","","","",""
"2006206616","","2","0","0","0","0","0","0","0","0","4","0","","02","9","2006","2","40.3827","-79.8726","","11","0","0","0","0","0","0","0","1","","0","0","0","","","0","","2","","40 22:57.720","","0","79 52:21.360","0","0","0","0","2473","0","0","0","N","0","0","0","2","","0","","1.0","","1","N","N","","0","","0","0","0","","0","","","2","0","0","0","0","0","0","2","0","2","","","","N","","","","","","","","","",""