"CRN","ARRIVAL_TM","AUTOMOBILE_COUNT","BELTED_DEATH_COUNT","BELTED_SUSP_SERIOUS_INJ_COUNT","BICYCLE_COUNT","BICYCLE_DEATH_COUNT","BICYCLE_SUSP_SERIOUS_INJ_COUNT","BUS_COUNT","CHLDPAS_DEATH_COUNT","CHLDPAS_SUSP_SERIOUS_INJ_COUNT","COLLISION_TYPE","COMM_VEH_COUNT","CONS_ZONE_SPD_LIM","COUNTY","CRASH_MONTH","CRASH_YEAR","DAY_OF_WEEK","DEC_LATITUDE","DEC_LONGITUDE","DISPATCH_TM","DISTRICT","DRIVER_COUNT_16YR","DRIVER_COUNT_17YR","DRIVER_COUNT_18YR","DRIVER_COUNT_19YR","DRIVER_COUNT_20YR","DRIVER_COUNT_50_64YR","DRIVER_COUNT_65_74YR","DRIVER_COUNT_75PLUS","EST_HRS_CLOSED","FATAL_COUNT","HEAVY_TRUCK_COUNT","HORSE_BUGGY_COUNT","HOUR_OF_DAY","ILLUMINATION","INJURY_COUNT","INTERSECTION_RELATED","INTERSECT_TYPE","LANE_CLOSED","LATITUDE","LN_CLOSE_DIR","LOCATION_TYPE","LONGITUDE","MAX_SEVERITY_LEVEL","MCYCLE_DEATH_COUNT","MCYCLE_SUSP_SERIOUS_INJ_COUNT","MOTORCYCLE_COUNT","MUNICIPALITY","NONMOTR_COUNT","NONMOTR_DEATH_COUNT","NONMOTR_SUSP_SERIOUS_INJ_COUNT","NTFY_HIWY_MAINT","PED_COUNT","PED_DEATH_COUNT","PED_SUSP_SERIOUS_INJ_COUNT","PERSON_COUNT","POLICE_AGCY","POSSIBLE_INJ_COUNT","RDWY_SURF_TYPE_CD","RELATION_TO_ROAD","ROADWAY_CLEARED","ROAD_CONDITION","SCH_BUS_IND","SCH_ZONE_IND","SECONDARY_CRASH","SMALL_TRUCK_COUNT","SPEC_JURIS_CD","SUSP_MINOR_INJ_COUNT","SUSP_SERIOUS_INJ_COUNT","SUV_COUNT","TCD_FUNC_CD","TCD_TYPE","TFC_DETOUR_IND","TIME_OF_DAY","TOTAL_UNITS","TOT_INJ_COUNT","UNBELTED_OCC_COUNT","UNB_DEATH_COUNT","UNB_SUSP_SERIOUS_INJ_COUNT","UNK_INJ_DEG_COUNT","UNK_INJ_PER_COUNT","URBAN_RURAL","VAN_COUNT","VEHICLE_COUNT","WEATHER1","WEATHER2","WORKERS_PRES","WORK_ZONE_IND","WORK_ZONE_LOC","WORK_ZONE_TYPE","WZ_CLOSE_DETOUR","WZ_FLAGGER","WZ_LAW_OFFCR_IND","WZ_LN_CLOSURE","WZ_MOVING","WZ_OTHER","WZ_SHLDER_MDN","WZ_WORKERS_INJ_KILLED"
"2007001259","","2","0","0","0","0","0","0","0","0","4","0","","02","12","2006","2","40.443611","-80.027251","2031","11","0","0","0","0","0","1","0","0","","0","0","0","","","1","","3","","40 26:37.000","","0","80 01:38.104","4","0","0","0","2301","0","0","0","","0","0","0","2","02301","1","","1.0","","1","N","N","","0","","0","0","0","","2","","","2","1","1","0","0","0","0","2","0","2","","","","N","","","","","","","","","",""
"2007001266","","2","0","0","0","0","0","0","0","0","4","0","","02","12","2006","3","40.45355","-80.017046","1226","11","0","0","0","0","0","1","0","1","","0","0","0","","","1","","1","","40 27:12.780","","0","80 01:01.365","8","0","0","0","2301","0","0","0","N","0","0","0","3","02301","0","","1.0","","1","N","N","","0","","0","0","1","","2","","","3","1","0","0","0","1","0","2","0","3","","","","N","","","","","","","","","",""
"2007001267","","0","0","1","0","0","0","0","0","0","1","0","","02","12","2006","7","40.442158","-80.00404","1935","11","0","0","0","0","0","2","0","0","","0","0","0","","","1","","1","","40 26:31.768","","0","80 00:14.544","2","0","0","0","2301","0","0","0","N","0","0","0","4","02301","0","","1.0","","1","N","N","","0","","0","1","3","","2","","","3","1","0","0","0","0","0","2","0","3","","","","N","","","","","","","","","",""
"2007001270","","1","0","0","0","0","0","0","0","0","7","0","","02","12","2006","7","40.385244","-80.048897","0240","11","0","0","0","0","0","0","0","0","1","0","0","0","","","0","","0","","40 23:06.878","1","0","80 02:56.029","0","0","0","0","2109","0","0","0","N","0","0","0","2","02109","0","","5.0","","9","N","N","","0","","0","0","0","","0","N","","1","0","0","0","0","0","0","2","0","1","","","","N","","","","","","","","","",""
"2007001333","","1","0","0","0","0","0","0","0","0","4","0","","02","12","2006","7","40.530278","-80.011657","1118","11","0","0","0","0","1","0","0","0","1","0","0","0","","","1","","0","","40 31:49.000","3","0","80 00:41.964","4","0","0","0","2116","0","0","0","N","0","0","0","4","02116","1","","1.0","","9","N","N","","0","","0","0","1","","0","N","","2","1","0","0","0","0","0","2","0","2","","","","N","","","","","","","","","",""
"2007001336","","1","0","0","0","0","0","0","0","0","4","0","","02","12","2006","6","40.516944","-80.221392","0957","11","0","0","0","0","0","1","0","0","","0","0","0","","","1","","0","","40 31:01.000","","0","80 13:17.010","4","0","0","0","2213","0","0","0","N","0","0","0","3","02213","1","","1.0","","1","N","N","","0","","0","0","0","","0","","","2","1","0","0","0","0","0","2","1","2","","","","N","","","","","","","","","",""
"2007001468","","1","0","0","0","0","0","0","0","0","7","0","","02","12","2006","5","40.51753","-80.197462","0308","11","0","0","0","0","0","0","0","0","","0","0","0","","","1","","0","","40 31:03.108","","0","80 11:50.863","8","0","0","0","2213","0","0","0","N","0","0","0","1","02213","0","","5.0","","1","N","N","","0","","0","0","0","","0","","","1","1","0","0","0","1","0","2","0","1","","","","N","","","","","","","","","",""
"2007001469","","2","0","0","0","0","0","0","0","0","1","0","","02","12","2006","1","40.5171","-80.2216","1946","11","0","0","0","0","0","1","0","0","1","0","0","0","","","4","","0","","40 31:01.560","3","0","80 13:17.760","8","0","0","0","2213","0","0","0","N","0","0","0","5","02213","0","","1.0","","1","N","N","","0","","0","0","0","","2","N","","2","4","2","0","0","4","0","2","0","2","","","","N","","","","","","","","","",""
"2007001548","","2","0","0","0","0","0","0","0","0","4","0","","02","12","2006","3","40.453585","-79.9789","1545","11","0","0","0","0","0","0","0","0","","0","0","0","","","0","","0","","40 27:12.906","","0","79 58:44.040","0","0","0","0","2301","0","0","0","N","0","0","0","3","02301","0","","1.0","","9","N","N","","0","","0","0","0","","0","","","2","0","1","0","0","0","0","2","0","2","","","","N","","","","","","","","","",""
"2007001549","","2","0","0","0","0","0","0","0","0","7","0","","02","12","2006","4","40.411111","-79.955575","0710","11","0","0","0","0","0","1","0","0","1","0","0","0","","","0","","0","","40 24:40.000","7","0","79 57:20.070","9","0","0","0","2301","0","0","0","N","0","0","0","2","02301","0","","4.0","","1","N","N","","0","","0","0","0","","0","N","","2","0","0","0","0","0","1","2","0","2","","","","N","","","","","","","","","",""
"2007001550","","2","0","0","0","0","0","0","0","0","4","0","","02","12","2006","4","40.427565","-79.965529","1130","11","0","0","0","0","0","0","1","0","","0","0","0","","","2","","0","","40 25:39.233","","0","79 57:55.906","4","0","0","0","2301","0","0","0","N","0","0","0","3","02301","2","","1.0","","1","N","N","","0","","0","0","0","","0","","","2","2","0","0","0","0","0","2","0","2","","","","N","","","","","","","","","",""
"2007001551","","1","0","0","0","0","0","0","0","0","8","0","","02","12","2006","4","40.42761","-79.965603","1240","11","0","0","0","0","0","0","0","0","","0","0","0","","","1","","2","","40 25:39.396","","0","79 57:56.170","8","0","0","0","2301","2","0","0","N","2","0","0","3","02301","0","","1.0","","1","N","N","","0","","0","0","0","","0","","","3","1","0","0","0","1","0","2","0","1","","","","N","","","","","","","","","",""
"2007001552","","1","0","0","0","0","0","0","0","0","0","0","","02","12","2006","3","40.401944","-80.000708","2247","11","0","0","0","0","0","0","0","0","","0","0","0","","","0","","1","","40 24:07.000","","0","80 00:02.549","0","0","0","0","2301","0","0","0","N","0","0","0","1","02301","0","","4.0","","9","N","N","","0","","0","0","0","","2","","","1","0","1","0","0","0","0","2","0","1","","","","N","","","","","","","","","",""
"2007001553","","0","0","0","0","0","0","0","0","0","4","0","","02","12","2006","6","40.403056","-80.040792","0728","11","0","0","0","0","0","0","0","0","","0","0","0","","","0","","1","","40 24:11.000","","0","80 02:26.852","0","0","0","0","2301","0","0","0","N","0","0","0","2","02301","0","","1.0","","9","N","N","","0","","0","0","2","","3","","","2","0","0","0","0","0","0","2","0","2","","","","N","","","","","","","","","",""
"2007001562","","1","0","0","0","0","0","0","0","0","4","0","","02","11","2006","1","40.426919","-79.852303","1142","11","0","0","0","0","0","2","0","0","1","0","0","0","","","1","","0","","40 25:36.908","6","0","79 51:08.290","8","0","0","0","2431","0","0","0","N","0","0","0","2","02431","0","","1.0","","98","N","N","","1","","0","0","0","","0","Y","","2","1","0","0","0","1","0","2","0","2","","","","N","","","","","","","","","",""
"2007001563","","2","0","0","0","0","0","0","0","0","4","0","","02","11","2006","3","40.422268","-79.843137","0715","11","0","0","0","0","0","0","0","0","2","0","0","0","","","1","","2","","40 25:20.164","3","0","79 50:35.293","4","0","0","0","2431","0","0","0","N","0","0","0","2","02431","1","","1.0","","1","N","N","","0","","0","0","0","","3","N","","2","1","0","0","0","0","0","2","0","2","","","","N","","","","","","","","","",""
"2007001564","","2","0","0","0","0","0","0","0","0","1","0","","02","11","2006","2","40.424444","-79.859642","1207","11","0","0","0","0","0","1","0","0","1","0","0","0","","","1","","1","","40 25:28.000","4","0","79 51:34.711","8","0","0","0","2431","0","0","0","N","0","0","0","3","02431","0","","1.0","","1","N","N","","0","","0","0","0","","2","N","","2","1","2","0","0","1","0","2","0","2","","","","N","","","","","","","","","",""
"2007001565","","2","0","0","0","0","0","0","0","0","1","0","","02","12","2006","2","40.4162","-79.8479","0815","11","0","0","0","0","0","1","0","0","1","0","0","0","","","0","","0","","40 24:58.320","4","0","79 50:52.440","0","0","0","0","2431","0","0","0","N","0","0","0","3","02431","0","","1.0","","1","N","N","","1","","0","0","0","","0","N","","3","0","0","0","0","0","0","2","0","3","","","","N","","","","","","","","","",""
"2007001566","","1","0","0","0","0","0","0","0","0","1","1","","02","11","2006","4","40.4266","-79.8627","1141","11","0","0","0","0","0","0","1","0","","0","1","0","","","1","","0","","40 25:35.760","","0","79 51:45.720","4","0","0","0","2431","0","0","0","N","0","0","0","3","02431","1","","1.0","","1","N","N","","0","","0","0","0","","0","","","2","1","0","0","0","0","0","2","0","2","","","","N","","","","","","","","","",""
"2007001567","","1","0","0","0","0","0","0","0","0","7","0","","02","12","2006","6","40.423056","-79.856553","2133","11","0","0","0","0","1","0","0","0","","0","0","0","","","0","","2","","40 25:23.000","","0","79 51:23.589","0","0","0","0","2431","0","0","0","N","0","0","0","1","02431","0","","4.0","","1","N","N","","0","","0","0","0","","8","","","1","0","1","0","0","0","0","2","0","1","","","","N","","","","","","","","","",""
"2007001568","","2","0","0","0","0","0","0","0","0","1","0","","02","12","2006","5","40.419657","-79.849898","1052","11","0","0","0","0","0","0","0","2","","0","0","0","","","1","","0","","40 25:10.765","","0","79 50:59.631","4","0","0","0","2431","0","0","0","N","0","0","0","2","02431","1","","1.0","","1","N","N","","0","","0","0","0","","0","","","2","1","0","0","0","0","0","2","0","2","","","","N","","","","","","","","","",""
"2007001569","","2","0","0","0","0","0","0","0","0","1","0","","02","12","2006","5","40.411389","-79.844409","1931","11","0","0","0","0","0","0","0","0","","0","0","0","","","1","","0","","40 24:41.000","","0","79 50:39.874","4","0","0","0","2431","0","0","0","N","0","0","0","3","02431","1","","1.0","","1","N","N","","0","","0","0","0","","0","","","2","1","2","0","0","0","0","2","0","2","","","","N","","","","","","","","","",""
"2007001600","","2","0","0","0","0","0","0","0","0","7","0","","02","12","2006","5","40.514895","-80.072276","1609","11","0","0","0","0","0","0","1","0","2","0","0","0","","","1","","2","","40 30:53.623","7","0","80 04:20.195","8","0","0","0","2406","0","0","0","N","0","0","0","2","02211","0","","5.0","","2","N","N","","0","","0","0","0","","0","Y","","2","1","0","0","0","1","0","2","0","2","","","","N","","","","","","","","","",""
"2007001604","","1","0","0","0","0","0","0","0","0","7","0","","02","12","2006","2","40.475052","-79.921419","2000","11","0","0","0","0","1","0","0","0","","0","0","0","","","2","","0","","40 28:30.187","","0","79 55:17.108","3","0","0","0","2301","0","0","0","N","0","0","0","2","02301","0","","4.0","","9","N","N","","0","","2","0","0","","0","","","1","2","0","0","0","0","0","2","0","1","","","","N","","","","","","","","","",""
"2007001605","","0","0","0","0","0","0","0","0","0","1","0","","02","12","2006","3","","","1826","11","0","0","0","0","0","0","0","0","","0","0","0","","","1","","3","","40 27:30.24","","0","79 59:54.96","4","0","0","0","2301","0","0","0","N","0","0","0","3","02301","1","","1.0","","9","N","N","","0","","0","0","3","","0","","","3","1","0","0","0","0","0","2","0","3","","","","N","","","","","","","","","",""
"2007001606","","2","0","0","0","0","0","0","0","0","4","0","","02","12","2006","4","40.478822","-79.944195","1143","11","0","1","0","0","0","0","0","1","2","0","0","0","","","2","","0","","40 28:43.759","1","0","79 56:39.102","3","0","0","0","2301","0","0","0","N","0","0","0","2","02301","0","","1.0","","1","N","N","","0","","2","0","0","","0","Y","","2","2","2","0","0","0","0","2","0","2","","05","","N","","","","","","","","","",""
"2007001607","","1","0","0","0","0","0","0","0","0","8","0","","02","12","2006","6","40.452222","-79.99619","1953","11","0","0","0","0","0","0","0","0","","1","0","0","","","1","","7","","40 27:08.000","","2","79 59:46.283","1","0","0","0","2301","1","1","0","N","1","1","0","2","02301","0","1","1.0","","9","N","N","","0","0","0","0","0","","0","","","2","1","0","0","0","1","0","2","0","1","","","","N","","","","","","","","","",""
"2007001608","","1","0","0","0","0","0","0","0","0","1","0","","02","12","2006","3","40.436507","-79.998704","0714","11","0","0","0","0","0","0","0","0","","0","0","0","","","0","","1","","40 26:11.425","","0","79 59:55.334","9","0","0","0","2301","0","0","0","N","0","0","0","2","02301","0","","1.0","","9","N","N","","0","","0","0","1","","2","","","2","0","0","0","0","0","1","2","0","2","","","","N","","","","","","","","","",""
"2007001609","","1","0","0","0","0","0","0","0","0","7","0","","02","12","2006","3","40.467286","-79.922133","0302","11","0","0","0","1","0","0","0","0","","0","0","0","","","1","","0","","40 28:02.228","","0","79 55:19.679","4","0","0","0","2301","0","0","0","N","0","0","0","3","02301","1","","5.0","","9","N","N","","0","","0","0","0","","0","","","1","1","0","0","0","0","0","2","0","1","","","","N","","","","","","","","","",""
"2007001610","","1","0","0","0","0","0","0","0","0","8","0","","02","12","2006","3","40.455","-79.890364","0745","11","0","0","0","0","0","0","0","0","","0","0","0","","","1","","1","","40 27:18.000","","0","79 53:25.309","8","0","0","0","2301","1","0","0","N","1","0","0","2","02301","0","","1.0","","9","N","N","","0","","0","0","0","","2","","","2","1","0","0","0","1","0","2","0","1","","","","N","","","","","","","","","",""
"2007001611","","1","0","0","0","0","0","0","0","0","7","0","","02","12","2006","5","40.450365","-79.880875","0830","11","0","0","0","0","0","0","0","0","","0","0","0","","","0","","0","","40 27:01.314","","0","79 52:51.150","0","0","0","0","2301","0","0","0","N","0","0","0","0","02301","0","","5.0","","9","N","N","","0","","0","0","0","","0","","","1","0","0","0","0","0","0","2","0","1","","","","N","","","","","","","","","",""
"2007001612","","2","0","0","0","0","0","0","0","0","4","0","","02","12","2006","3","40.465018","-79.920004","2131","11","0","0","0","0","0","1","0","0","1","0","0","0","","","1","","1","","40 27:54.064","3","0","79 55:12.014","8","0","0","0","2301","0","0","0","N","0","0","0","5","02301","0","","1.0","","9","N","N","","0","","0","0","0","","2","N","","2","1","0","0","0","1","0","2","0","2","","","","N","","","","","","","","","",""
"2007001620","","2","0","0","0","0","0","0","0","0","4","0","","02","12","2006","3","40.3875","-80.090992","1716","11","0","0","0","0","0","1","0","0","","0","0","0","","","0","","2","","40 23:15.000","","0","80 05:27.572","0","0","0","0","2437","0","0","0","N","0","0","0","2","02437","0","","1.0","","9","N","N","","0","","0","0","0","","2","","","2","0","0","0","0","0","0","2","0","2","","","","N","","","","","","","","","",""
"2007001638","","1","0","0","0","0","0","0","0","0","0","0","","02","11","2006","5","40.336295","-79.889225","1130","11","0","0","0","0","0","1","0","0","1","0","0","0","","","0","","1","","40 20:10.662","4","0","79 53:21.210","0","0","0","0","2433","0","0","0","N","0","0","0","1","02433","0","","5.0","","1","N","N","","0","","0","0","0","","0","N","","1","0","0","0","0","0","0","2","0","1","","","","N","","","","","","","","","",""
"2007001642","","1","0","0","0","0","0","0","0","0","7","0","","02","12","2006","4","40.438051","-79.97388","2103","11","0","0","0","0","0","0","0","1","","0","0","0","","","2","","0","","40 26:16.983","","7","79 58:25.968","8","0","0","0","2301","0","0","0","N","0","0","0","2","02301","0","","5.0","","1","N","N","","0","","0","0","0","","0","","","1","2","1","0","0","2","0","2","0","1","","","","N","","","","","","","","","",""
"2007001656","","4","0","0","0","0","0","0","0","0","1","0","","02","12","2006","6","40.399722","-79.771662","1500","11","0","0","1","0","0","2","1","0","","0","0","0","","","0","","2","","40 23:59.000","","0","79 46:17.984","0","0","0","0","2453","0","0","0","N","0","0","0","4","02453","0","","1.0","","9","N","N","","0","","0","0","0","","2","","","4","0","0","0","0","0","0","2","0","4","","","","N","","","","","","","","","",""
"2007001658","","1","0","0","0","0","0","0","0","0","8","0","","02","12","2006","5","40.404755","-80.259146","1744","11","0","0","0","0","0","0","0","0","","0","0","0","","","1","","0","","40 24:17.119","","0","80 15:32.926","4","0","0","0","2214","1","0","0","N","1","0","0","2","02214","1","","1.0","","1","N","N","","0","","0","0","0","","0","","","2","1","0","0","0","0","1","1","0","1","","","","N","","","","","","","","","",""
"2007001693","","1","0","0","0","0","0","0","0","0","1","0","","02","12","2006","6","40.413333","-80.190331","0850","11","0","0","0","1","0","1","0","0","2","0","0","0","","","0","","0","","40 24:48.000","1","0","80 11:25.191","0","0","0","0","2214","0","0","0","N","0","0","0","2","02214","0","","1.0","","9","N","N","","1","","0","0","0","","0","N","","2","0","0","0","0","0","0","1","0","2","","","","N","","","","","","","","","",""
"2007001700","","2","0","0","0","0","0","0","0","0","4","0","","02","12","2006","3","40.4419","-80.1907","0545","11","0","0","0","0","0","0","1","0","","0","0","0","","","0","","0","","40 26:30.840","","7","80 11:26.520","0","0","0","0","2214","0","0","0","N","0","0","0","2","02214","0","","1.0","","1","N","N","","0","","0","0","0","","0","","","2","0","2","0","0","0","0","2","0","2","","","","N","","","","","","","","","",""
"2007001794","","0","0","0","0","0","0","0","0","0","7","0","","02","12","2006","5","40.53","-80.018094","2101","11","0","0","0","0","0","0","0","0","2","0","0","0","","","1","","2","","40 31:48.000","6","0","80 01:05.137","8","0","0","0","2116","0","0","0","N","0","0","0","2","02116","0","","5.0","","1","N","N","","1","","0","0","0","","2","Y","","1","1","1","0","0","1","0","2","0","1","","","","N","","","","","","","","","",""
"2007001812","","2","0","0","0","0","0","0","0","0","7","0","","02","12","2006","3","40.4424","-80.0234","1500","11","0","0","0","0","0","0","0","0","2","0","0","0","","","1","","0","","40 26:32.640","3","0","80 01:24.240","4","0","0","0","2301","0","0","0","N","0","0","0","1","02301","1","","4.0","","9","N","N","","0","","0","0","0","","0","N","","3","1","0","0","0","0","0","2","0","2","","","","N","","","","","","","","","",""
"2007001835","","1","0","0","0","0","0","0","0","0","7","0","","02","12","2006","7","40.531389","-79.769551","2335","11","0","0","0","0","0","1","0","0","2","0","0","0","","","0","","0","","40 31:53.000","1","0","79 46:10.385","9","0","0","0","2466","0","0","0","N","0","0","0","1","02466","0","","5.0","","1","N","N","","0","","0","0","0","","0","N","","1","0","0","0","0","0","1","1","0","1","","","","N","","","","","","","","","",""
"2007001848","","2","0","0","0","0","0","0","0","0","4","0","","02","12","2006","2","40.461859","-79.963972","1757","11","0","0","0","0","0","1","0","0","","0","0","0","","","1","","2","","40 27:42.692","","0","79 57:50.299","8","0","0","0","2301","0","0","0","N","0","0","0","5","02301","0","","1.0","","1","N","N","","0","","0","0","0","","0","","","2","1","0","0","0","1","0","2","0","2","","","","N","","","","","","","","","",""
"2007001853","","1","0","0","0","0","0","0","0","0","7","0","","02","12","2006","7","40.410258","-80.011349","1416","11","0","0","0","0","0","1","0","0","1","0","0","0","","","1","","0","","40 24:36.928","1","0","80 00:40.856","3","0","0","0","2301","0","0","0","N","0","0","0","1","02301","0","","5.0","","1","N","N","","0","","1","0","0","","0","N","","1","1","0","0","0","0","0","2","0","1","","","","N","","","","","","","","","",""
"2007001854","","1","0","0","0","0","0","0","0","0","8","0","","02","12","2006","5","40.433611","-80.006732","1053","11","0","0","0","1","0","0","0","0","","0","0","0","","","2","","1","","40 26:01.000","","0","80 00:24.236","4","0","0","0","2301","2","0","0","N","2","0","0","3","02301","2","","1.0","","1","N","N","","0","","0","0","0","","2","","","3","2","0","0","0","0","0","2","0","1","","","","N","","","","","","","","","",""
"2007001855","","0","0","0","0","0","0","0","0","0","7","0","","02","12","2006","5","40.404916","-79.979569","1221","11","0","0","0","0","0","0","1","0","","0","0","0","","","0","","0","","40 24:17.697","","0","79 58:46.448","0","0","0","0","2301","0","0","0","N","0","0","0","1","02301","0","","2.0","","1","N","N","","1","","0","0","0","","0","","","1","0","0","0","0","0","0","2","0","1","","","","N","","","","","","","","","",""
"2007001856","","2","0","0","0","0","0","0","0","0","2","0","","02","12","2006","2","40.3825","-79.99593","1819","11","0","0","0","0","0","0","0","0","","0","0","0","","","0","","5","","40 22:57.000","","0","79 59:45.349","0","0","0","0","2301","0","0","0","N","0","0","0","5","02301","0","","1.0","","9","N","N","","0","","0","0","0","","2","","","2","0","0","0","0","0","0","2","0","2","","","","N","","","","","","","","","",""
"2007001857","","0","0","0","0","0","0","0","0","0","7","0","","02","12","2006","4","40.388521","-79.986675","0502","11","0","0","0","0","0","0","0","0","","0","0","0","","","0","","1","","40 23:18.675","","0","79 59:12.030","9","0","0","0","2301","0","0","0","N","0","0","0","1","02301","0","","3.0","","9","N","N","","0","","0","0","0","","0","","","1","0","0","0","0","0","1","2","1","1","","","","N","","","","","","","","","",""
"2007001858","","1","0","0","0","0","0","0","0","0","7","0","","02","12","2006","7","40.429917","-80.004139","0201","11","0","0","0","0","0","0","0","0","","0","0","0","","","0","","0","","40 25:47.700","","0","80 00:14.900","0","0","0","0","2301","0","0","0","N","0","0","0","2","02301","0","","2.0","","1","N","N","","0","","0","0","0","","0","","","1","0","2","0","0","0","0","2","0","1","","","","N","","","","","","","","","",""
"2007001859","","2","0","0","0","0","0","0","0","0","1","0","","02","12","2006","2","40.444088","-80.055833","0900","11","0","0","0","0","0","1","0","0","1","0","0","0","","","1","","2","","40 26:38.716","1","0","80 03:20.998","8","0","0","0","2301","0","0","0","N","0","0","0","2","02301","0","","1.0","","9","N","N","","0","","0","0","0","","0","N","","2","1","0","0","0","1","0","2","0","2","","","","N","","","","","","","","","",""
"2007001860","","0","0","0","0","0","0","0","0","0","1","0","","02","12","2006","7","40.396892","-79.998663","1340","11","0","0","0","0","0","1","0","0","","0","0","0","","","1","","0","","40 23:48.811","","0","79 59:55.185","8","0","0","0","2301","0","0","0","N","0","0","0","2","02301","0","","1.0","","1","N","N","","0","","0","0","2","","0","","","2","1","0","0","0","1","0","2","0","2","","","","N","","","","","","","","","",""
"2007001861","","2","0","0","0","0","0","0","0","0","4","0","","02","12","2006","1","40.433051","-80.028461","2123","11","0","0","0","0","0","0","0","0","","0","0","0","","","1","","3","","40 25:58.985","","0","80 01:42.458","4","0","0","0","2301","0","0","0","N","0","0","0","6","02301","1","","1.0","","1","N","N","","0","","0","0","0","","4","","","2","1","0","0","0","0","0","2","0","2","","","","N","","","","","","","","","",""
"2007001862","","1","0","0","0","0","0","0","0","0","7","0","","02","12","2006","3","40.409333","-80.031667","0731","11","0","0","0","0","0","0","0","0","","0","0","0","","","0","","0","","40 24:33.600","","0","80 01:54.000","0","0","0","0","2301","0","0","0","N","0","0","0","1","02301","0","","2.0","","9","N","N","","0","","0","0","0","","3","","","1","0","0","0","0","0","0","2","0","1","","","","N","","","","","","","","","",""
"2007001863","","1","0","0","0","0","0","0","0","0","8","0","","02","12","2006","1","40.405082","-80.015172","1230","11","0","0","0","0","0","0","0","0","","0","0","0","","","1","","0","","40 24:18.295","","0","80 00:54.619","4","0","0","0","2301","1","0","0","N","1","0","0","5","02301","1","","1.0","","1","N","N","","0","","0","0","0","","0","","","2","1","0","0","0","0","0","2","0","1","","","","N","","","","","","","","","",""
"2007001864","","2","0","0","0","0","0","0","0","0","4","0","","02","12","2006","2","40.429","-79.9995","0604","11","0","0","0","0","0","0","0","0","","0","0","0","","","1","","0","","40 25:44.400","","0","79 59:58.200","4","0","0","0","2302","0","0","0","N","0","0","0","3","02301","1","","1.0","","1","N","N","","0","","0","0","0","","2","","","2","1","0","0","0","0","0","2","0","2","","","","N","","","","","","","","","",""
"2007001865","","1","0","0","0","0","0","0","0","0","1","0","","02","12","2006","2","40.402778","-79.916565","1907","11","0","0","0","0","0","1","0","0","","0","0","0","","","0","","2","","40 24:10.000","","0","79 54:59.635","0","0","0","0","2301","0","0","0","N","0","0","0","2","02301","0","","1.0","","1","N","N","","1","","0","0","0","","3","","","2","0","0","0","0","0","0","2","0","2","","","","N","","","","","","","","","",""
"2007001866","","0","0","0","0","0","0","0","0","0","0","0","","02","12","2006","3","40.405404","-80.018829","1356","11","0","0","0","0","0","0","0","0","1","0","0","0","","","1","","1","","40 24:19.453","1","0","80 01:07.784","8","0","0","1","2301","0","0","0","N","0","0","0","1","02301","0","","1.0","","1","N","N","","0","","0","0","0","","2","Y","","1","1","0","0","0","1","0","2","0","1","","","","N","","","","","","","","","",""
"2007001867","","1","0","0","0","0","0","0","0","0","8","0","","02","12","2006","3","40.425358","-80.009534","1617","11","0","0","0","0","0","1","0","0","1","0","0","0","","","1","","0","","40 25:31.288","5","0","80 00:34.322","2","0","0","0","2301","1","0","1","N","1","0","1","2","02301","0","","1.0","","1","N","N","","0","","0","1","0","","0","Y","","2","1","0","0","0","0","0","2","0","1","","","","N","","","","","","","","","",""
"2007001868","","4","0","0","0","0","0","0","0","0","4","0","","02","12","2006","7","40.44171","-79.98288","1950","11","0","0","1","0","0","0","0","0","1","0","0","0","","","1","","0","","40 26:30.156","5","0","79 58:58.368","4","0","0","0","2301","0","0","0","N","0","0","0","2","02301","1","","6.0","","1","N","N","","0","","0","0","0","","0","Y","","4","1","0","0","0","0","0","2","0","4","","","","N","","","","","","","","","",""
"2007001869","","0","0","0","0","0","0","0","0","0","6","0","","02","12","2006","7","40.461578","-79.967126","0023","11","0","0","0","0","0","0","0","0","","0","0","0","","","1","","5","","40 27:41.680","","0","79 58:01.653","8","0","0","0","2301","0","0","0","N","0","0","0","2","02301","0","","1.0","","1","N","N","","1","","0","0","1","","1","","","2","1","0","0","0","1","0","2","0","2","","","","N","","","","","","","","","",""
"2007001870","","2","0","0","0","0","0","0","0","0","5","0","","02","12","2006","7","40.482222","-79.952263","0204","11","0","0","0","0","0","0","0","0","","0","0","0","","","1","","2","","40 28:56.000","","0","79 57:08.147","8","0","0","0","2301","0","0","0","N","0","0","0","1","02301","0","","1.0","","1","N","N","","0","","0","0","0","","0","","","3","1","0","0","0","1","0","2","0","2","","","","N","","","","","","","","","",""
"2007001871","","1","0","0","0","0","0","0","0","0","4","0","","02","12","2006","1","40.447158","-79.991832","0118","11","0","0","1","0","0","0","0","0","2","0","0","0","","","1","","1","","40 26:49.768","6","0","79 59:30.595","4","0","0","0","2301","0","0","0","N","0","0","0","7","02301","1","","1.0","","1","N","N","","0","","0","0","1","","3","N","","2","1","0","0","0","0","0","2","0","2","","","","N","","","","","","","","","",""
"2007001872","","1","0","0","0","0","0","0","0","0","7","0","","02","12","2006","1","40.448298","-79.972359","0448","11","0","0","0","0","0","0","0","0","","0","0","0","","","0","","2","","40 26:53.872","","0","79 58:20.492","0","0","0","0","2301","0","0","0","N","0","0","0","1","02301","0","","2.0","","1","N","N","","0","","0","0","0","","0","","","1","0","0","0","0","0","0","2","0","1","","","","N","","","","","","","","","",""