"CRN","ARRIVAL_TM","AUTOMOBILE_COUNT","BELTED_DEATH_COUNT","BELTED_SUSP_SERIOUS_INJ_COUNT","BICYCLE_COUNT","BICYCLE_DEATH_COUNT","BICYCLE_SUSP_SERIOUS_INJ_COUNT","BUS_COUNT","CHLDPAS_DEATH_COUNT","CHLDPAS_SUSP_SERIOUS_INJ_COUNT","COLLISION_TYPE","COMM_VEH_COUNT","CONS_ZONE_SPD_LIM","COUNTY","CRASH_MONTH","CRASH_YEAR","DAY_OF_WEEK","DEC_LATITUDE","DEC_LONGITUDE","DISPATCH_TM","DISTRICT","DRIVER_COUNT_16YR","DRIVER_COUNT_17YR","DRIVER_COUNT_18YR","DRIVER_COUNT_19YR","DRIVER_COUNT_20YR","DRIVER_COUNT_50_64YR","DRIVER_COUNT_65_74YR","DRIVER_COUNT_75PLUS","EST_HRS_CLOSED","FATAL_COUNT","HEAVY_TRUCK_COUNT","HORSE_BUGGY_COUNT","HOUR_OF_DAY","ILLUMINATION","INJURY_COUNT","INTERSECTION_RELATED","INTERSECT_TYPE","LANE_CLOSED","LATITUDE","LN_CLOSE_DIR","LOCATION_TYPE","LONGITUDE","MAX_SEVERITY_LEVEL","MCYCLE_DEATH_COUNT","MCYCLE_SUSP_SERIOUS_INJ_COUNT","MOTORCYCLE_COUNT","MUNICIPALITY","NONMOTR_COUNT","NONMOTR_DEATH_COUNT","NONMOTR_SUSP_SERIOUS_INJ_COUNT","NTFY_HIWY_MAINT","PED_COUNT","PED_DEATH_COUNT","PED_SUSP_SERIOUS_INJ_COUNT","PERSON_COUNT","POLICE_AGCY","POSSIBLE_INJ_COUNT","RDWY_SURF_TYPE_CD","RELATION_TO_ROAD","ROADWAY_CLEARED","ROAD_CONDITION","SCH_BUS_IND","SCH_ZONE_IND","SECONDARY_CRASH","SMALL_TRUCK_COUNT","SPEC_JURIS_CD","SUSP_MINOR_INJ_COUNT","SUSP_SERIOUS_INJ_COUNT","SUV_COUNT","TCD_FUNC_CD","TCD_TYPE","TFC_DETOUR_IND","TIME_OF_DAY","TOTAL_UNITS","TOT_INJ_COUNT","UNBELTED_OCC_COUNT","UNB_DEATH_COUNT","UNB_SUSP_SERIOUS_INJ_COUNT","UNK_INJ_DEG_COUNT","UNK_INJ_PER_COUNT","URBAN_RURAL","VAN_COUNT","VEHICLE_COUNT","WEATHER1","WEATHER2","WORKERS_PRES","WORK_ZONE_IND","WORK_ZONE_LOC","WORK_ZONE_TYPE","WZ_CLOSE_DETOUR","WZ_FLAGGER","WZ_LAW_OFFCR_IND","WZ_LN_CLOSURE","WZ_MOVING","WZ_OTHER","WZ_SHLDER_MDN","WZ_WORKERS_INJ_KILLED"
"2007002923","","2","0","0","0","0","0","0","0","0","1","0","","02","12","2006","2","40.362222","-80.04659","0708","11","0","0","0","0","0","0","0","0","","0","0","0","","","0","","2","","40 21:44.000","","0","80 02:47.723","0","0","0","0","2109","0","0","0","N","0","0","0","3","02109","0","","1.0","","1","N","N","","0","","0","0","1","","0","","","3","0","0","0","0","0","0","2","0","3","","","","N","","","","","","","","","",""
"2007002924","","2","0","0","0","0","0","0","0","0","1","0","","02","12","2006","7","40.3852","-80.0536","1310","11","0","0","0","0","0","0","0","1","","0","0","0","","","1","","0","","40 23:06.720","","0","80 03:12.960","4","0","0","0","2109","0","0","0","N","0","0","0","3","02109","1","","1.0","","1","N","N","","0","","0","0","0","","0","","","2","1","0","0","0","0","0","2","0","2","","","","N","","","","","","","","","",""
"2007002950","","0","0","0","0","0","0","0","0","0","7","0","","02","12","2006","5","40.452212","-80.193502","1222","11","0","0","0","0","0","0","0","0","1","0","0","0","","","0","","0","","40 27:07.963","1","0","80 11:36.607","0","0","0","0","2214","0","0","0","N","0","0","0","1","02214","0","","2.0","","9","N","N","","0","","0","0","1","","0","N","","1","0","0","0","0","0","0","2","0","1","","","","N","","","","","","","","","",""
"2007003090","","3","0","0","0","0","0","0","0","0","1","0","","02","12","2006","7","40.419167","-80.103183","1815","11","0","0","0","1","0","2","0","0","2","0","0","0","","","1","","0","","40 25:09.000","1","0","80 06:11.457","4","0","0","0","2102","0","0","0","N","0","0","0","16","68B03","1","","1.0","","1","N","N","","2","","0","0","0","","0","N","","6","1","1","0","0","0","0","2","1","6","","","","N","","","","","","","","","",""
"2007003091","","3","0","0","0","0","0","0","0","0","1","0","","02","10","2006","4","","","0001","11","0","0","0","0","0","0","0","0","2","0","0","0","","","0","","0","","40 25:35.40","4","0","79 54:59.40","9","0","0","0","2426","0","0","0","N","0","0","0","5","68B03","0","","1.0","","1","N","N","","0","","0","0","0","","0","N","","3","0","0","0","0","0","1","2","0","3","","","","N","","","","","","","","","",""
"2007003092","","1","0","0","0","0","0","0","0","0","1","0","","02","11","2006","5","","","1601","11","0","0","0","0","0","0","0","0","","0","0","0","","","0","","0","","40 26:43.08","","0","79 50:54.60","0","0","0","0","2478","0","0","0","N","0","0","0","2","68B03","0","","1.0","","1","N","N","","1","","0","0","0","","0","","","2","0","0","0","0","0","0","2","0","2","","","","N","","","","","","","","","",""
"2007003102","","1","0","0","0","0","0","0","0","0","1","1","","02","11","2006","5","40.439444","-80.220758","0200","11","0","0","0","0","0","0","0","0","3","1","1","0","","","0","","0","","40 26:22.000","1","0","80 13:14.728","1","0","0","0","2214","0","0","0","Y","0","0","0","2","68B03","0","9","1.0","","1","N","N","","0","9","0","0","0","","0","Y","","2","0","1","1","0","0","0","2","0","2","","","","N","","","","","","","","","",""
"2007003103","","1","0","0","0","0","0","0","0","0","1","0","","02","12","2006","2","","","1731","11","0","0","0","0","0","0","0","0","","0","0","0","","","0","","6","","40 24:42.48","","2","80 04:35.04","0","0","0","0","2117","0","0","0","N","0","0","0","2","68B03","0","","1.0","","1","N","N","","0","","0","0","1","","4","","","2","0","0","0","0","0","0","2","0","2","","","","N","","","","","","","","","",""
"2007003104","","1","0","0","0","0","0","0","0","0","99","0","","02","11","2006","4","40.439444","-80.227002","0618","11","0","0","0","0","0","1","0","0","","0","0","0","","","0","","0","","40 26:22.000","","0","80 13:37.206","0","0","0","0","2214","0","0","0","N","0","0","0","1","68B03","0","","1.0","","1","N","N","","0","","0","0","0","","0","","","1","0","0","0","0","0","0","2","0","1","","","","N","","","","","","","","","",""
"2007003179","","2","0","0","0","0","0","0","0","0","1","0","","02","11","2006","3","","","0711","11","0","0","0","0","0","0","0","0","1","0","0","0","","","3","","0","","40 25:12.36","2","0","80 03:02.16","4","0","0","0","2435","0","0","0","N","0","0","0","3","68B03","3","","1.0","","1","N","N","","0","","0","0","1","","0","N","","3","3","0","0","0","0","0","2","0","3","","","","N","","","","","","","","","",""
"2007003180","","1","0","0","0","0","0","0","0","0","1","0","","02","11","2006","4","","","1707","11","0","0","0","0","0","1","0","0","","0","0","0","","","0","","0","","40 25:48.72","","0","80 01:38.64","0","0","0","0","2301","0","0","0","N","0","0","0","2","68B03","0","","1.0","","1","N","N","","0","","0","0","1","","0","","","2","0","0","0","0","0","0","2","0","2","","","","N","","","","","","","","","",""
"2007003243","","3","0","0","0","0","0","0","0","0","1","0","","02","12","2006","6","40.473196","-79.820549","1101","11","0","0","0","0","0","1","0","1","","0","0","0","","","0","","0","","40 28:23.505","","0","79 49:13.975","0","0","0","0","2113","0","0","0","N","0","0","0","3","02113","0","","1.0","","9","N","N","","0","","0","0","0","","0","","","3","0","0","0","0","0","0","2","0","3","","","","N","","","","","","","","","",""
"2007003244","","1","0","0","0","0","0","0","0","0","7","0","","02","12","2006","7","40.4869","-79.821","2316","11","0","0","1","0","0","0","0","0","1","0","0","0","","","0","","0","","40 29:12.840","3","0","79 49:15.600","0","0","0","0","2113","0","0","0","Y","0","0","0","2","02113","0","","4.0","","1","N","N","","0","","0","0","0","","0","Y","","1","0","2","0","0","0","0","2","0","1","","","","N","","","","","","","","","",""
"2007003245","","1","1","0","0","0","0","0","0","0","4","0","","02","12","2006","1","40.461111","-79.863097","1355","11","0","0","0","0","0","0","1","0","","1","0","0","","","2","","1","","40 27:40.000","","0","79 51:47.149","1","0","0","0","2113","0","0","0","N","0","0","0","3","02113","2","1","1.0","","1","N","N","","0","0","0","0","1","","2","","","2","2","1","0","0","0","0","2","0","2","","","","N","","","","","","","","","",""
"2007003246","","1","0","0","0","0","0","0","0","0","0","0","","02","12","2006","7","40.468528","-79.886167","1149","11","0","0","0","0","0","0","0","0","","0","0","0","","","0","","2","","40 28:06.700","","0","79 53:10.200","0","0","0","0","2113","0","0","0","N","0","0","0","1","02113","0","","1.0","","1","N","N","","0","","0","0","0","","0","","","1","0","0","0","0","0","0","2","0","1","","","","N","","","","","","","","","",""
"2007003247","","1","0","0","0","0","0","0","0","0","1","0","","02","12","2006","3","40.462476","-79.815093","1643","11","0","1","1","0","0","0","0","0","","0","0","0","","","1","","2","","40 27:44.913","","0","79 48:54.334","8","0","0","0","2113","0","0","0","N","0","0","0","4","02113","0","","1.0","","1","N","N","","0","","0","0","1","","0","","","2","1","0","0","0","1","0","2","0","2","","","","N","","","","","","","","","",""
"2007003248","","1","0","0","0","0","0","0","0","0","1","0","","02","12","2006","6","40.470534","-79.887636","0857","11","0","0","0","0","0","0","0","0","","0","0","0","","","1","","2","","40 28:13.922","","0","79 53:15.489","4","0","0","0","2113","0","0","0","N","0","0","0","2","02113","1","","1.0","","1","N","N","","1","","0","0","0","","0","","","2","1","0","0","0","0","0","2","0","2","","","","N","","","","","","","","","",""
"2007003249","","1","0","0","0","0","0","0","0","0","7","0","","02","12","2006","5","40.4952","-79.8296","0041","11","0","0","0","0","0","0","0","0","1","0","0","0","","","0","","0","","40 29:42.720","4","0","79 49:46.560","9","0","0","0","2113","0","0","0","N","0","0","0","2","02113","0","","5.0","","1","N","N","","0","","0","0","0","","0","N","","1","0","0","0","0","0","2","2","0","1","","","","N","","","","","","","","","",""
"2007003287","","1","0","0","0","0","0","0","0","0","99","0","","02","12","2006","7","40.391437","-79.764329","1720","11","0","0","0","0","0","1","0","0","1","0","0","0","","","2","","0","","40 23:29.172","2","0","79 45:51.583","4","0","0","0","2446","0","0","0","N","0","0","0","2","02446","2","","1.0","","1","N","N","","0","","0","0","0","","0","Y","","1","2","0","0","0","0","0","1","0","1","","","","N","","","","","","","","","",""
"2007003437","","1","0","0","0","0","0","0","0","0","4","0","","02","12","2006","6","40.331111","-80.021699","1402","11","0","0","0","0","0","0","1","1","","0","0","0","","","0","","0","","40 19:52.000","","0","80 01:18.117","0","0","0","0","2407","0","0","0","N","0","0","0","3","02407","0","","1.0","","1","N","N","","0","","0","0","0","","0","","","2","0","0","0","0","0","0","2","1","2","","","","N","","","","","","","","","",""
"2007003501","","0","0","0","0","0","0","0","0","0","5","2","99","02","12","2006","4","40.429444","-79.957489","0854","11","0","0","0","0","0","2","0","1","2","0","1","0","","","2","","0","","40 25:46.000","5","0","79 57:26.962","3","0","0","0","2301","0","0","0","N","0","0","0","4","02301","0","","1.0","","1","N","N","","2","","2","0","0","","2","N","","3","2","2","0","0","0","0","2","0","3","","","U","Y","8","8","","","U","","","","",""
"2007003508","","1","0","0","0","0","0","0","0","0","1","0","","02","12","2006","1","40.563056","-80.208023","0847","11","0","0","0","0","1","0","0","0","","0","0","0","","","0","","1","","40 33:47.000","","0","80 12:28.883","0","0","0","0","2441","0","0","0","N","0","0","0","3","02441","0","","1.0","","1","N","N","","1","","0","0","0","","2","","","2","0","0","0","0","0","0","2","0","2","","","","N","","","","","","","","","",""
"2007003522","","1","0","0","0","0","0","0","0","0","8","0","","02","12","2006","2","40.580556","-80.037778","0917","11","0","0","0","0","0","1","0","0","3","1","0","0","","","0","","2","","40 34:50.000","5","0","80 02:15.999","1","0","0","0","2108","1","1","0","N","1","1","0","2","02108","0","2","1.0","","9","N","N","","0","0","0","0","0","","0","Y","","2","0","0","0","0","0","0","2","0","1","","","","N","","","","","","","","","",""
"2007003638","","2","0","0","0","0","0","0","0","0","1","0","","02","12","2006","1","40.563595","-79.774334","2057","11","0","0","0","0","0","0","0","0","","0","0","0","","","0","","2","","40 33:48.941","","0","79 46:27.603","9","0","0","0","2104","0","0","0","N","0","0","0","2","02104","0","","1.0","","1","N","N","","0","","0","0","0","","2","","","2","0","0","0","0","0","1","2","0","2","","","","N","","","","","","","","","",""
"2007003955","","2","0","0","0","0","0","0","0","0","1","0","","02","12","2006","3","40.586667","-80.041629","1459","11","1","0","0","0","0","1","0","0","","0","0","0","","","0","","5","","40 35:12.000","","0","80 02:29.866","0","0","0","0","2108","0","0","0","N","0","0","0","5","02108","0","","1.0","","1","N","N","","0","","0","0","1","","2","","","3","0","0","0","0","0","0","2","0","3","","","","N","","","","","","","","","",""
"2007004012","","1","0","0","0","0","0","0","0","0","1","0","","02","12","2006","6","40.4039","-79.8829","1600","11","0","0","0","0","0","0","0","0","","0","0","0","","","0","","10","","40 24:14.040","","8","79 52:58.440","9","0","0","0","2475","0","0","0","N","0","0","0","3","02475","0","","1.0","","1","N","N","","1","","0","0","0","","4","","","2","0","0","0","0","0","1","2","0","2","","","","N","","","","","","","","","",""
"2007004338","","1","0","0","0","0","0","0","0","0","0","0","","02","12","2006","7","40.415139","-79.876722","1442","11","0","0","0","0","0","0","0","0","","0","0","0","","","0","","0","","40 24:54.500","","0","79 52:36.200","0","0","0","0","2463","0","0","0","N","0","0","0","2","02463","0","","4.0","","1","N","N","","0","","0","0","0","","0","","","1","0","0","0","0","0","0","2","0","1","","","","N","","","","","","","","","",""
"2007004347","","1","0","0","0","0","0","0","0","0","7","0","","02","12","2006","5","40.464875","-79.909959","1803","11","0","0","0","0","0","0","0","0","","0","0","0","","","0","","0","","40 27:53.550","","0","79 54:35.852","9","0","0","0","2301","0","0","0","N","0","0","0","2","02302","0","","5.0","","1","N","N","","0","","0","0","0","","0","","","1","0","0","0","0","0","1","2","0","1","","","","N","","","","","","","","","",""
"2007004348","","0","0","0","0","0","0","0","0","0","7","0","","02","12","2006","7","40.453115","-79.981843","1204","11","0","0","0","0","0","0","0","0","","0","0","0","","","0","","1","","40 27:11.214","","0","79 58:54.634","0","0","0","0","2301","0","0","0","N","0","0","0","2","02301","0","","2.0","","1","N","N","","0","","0","0","0","","0","","","1","0","0","0","0","0","0","2","1","1","","","","N","","","","","","","","","",""
"2007004383","","1","0","0","0","0","0","0","0","0","7","0","","02","12","2006","4","40.424722","-79.952994","0910","11","0","0","0","0","0","0","0","0","1","0","0","0","","","0","","1","","40 25:29.000","2","0","79 57:10.780","0","0","0","0","2301","0","0","0","N","0","0","0","2","02301","0","","4.0","","1","N","N","","0","","0","0","0","","2","N","","2","0","0","0","0","0","0","2","0","1","","","","N","","","","","","","","","",""
"2007004410","","1","0","0","0","0","0","0","0","0","1","0","","02","12","2006","7","40.331389","-79.996622","1035","11","0","0","0","0","0","2","0","0","1","0","0","0","","","1","","0","","40 19:53.000","3","0","79 59:47.839","4","0","0","0","2219","0","0","0","N","0","0","0","7","02219","1","","1.0","","1","N","N","","0","","0","0","2","","0","N","","3","1","0","0","0","0","0","2","0","3","","","","N","","","","","","","","","",""
"2007004411","","2","0","0","0","0","0","0","0","0","4","0","","02","12","2006","7","40.331045","-79.986903","1320","11","0","0","0","0","0","0","2","0","","0","0","0","","","1","","2","","40 19:51.762","","0","79 59:12.849","8","0","0","0","2219","0","0","0","N","0","0","0","5","02219","0","","1.0","","1","N","N","","0","","0","0","0","","2","","","2","1","0","0","0","1","0","2","0","2","","","","N","","","","","","","","","",""
"2007004426","","1","0","0","0","0","0","0","0","0","7","0","","02","12","2006","4","40.351944","-79.856603","0004","11","0","0","0","0","0","0","0","0","1","0","0","0","","","1","","0","","40 21:07.000","3","0","79 51:23.770","4","0","0","0","2304","0","0","0","N","0","0","0","1","02304","1","","5.0","","9","N","N","","0","","0","0","0","","0","N","","1","1","1","0","0","0","0","2","0","1","","","","N","","","","","","","","","",""
"2007004427","","1","0","0","0","0","0","0","0","0","1","0","99","02","12","2006","1","40.327332","-79.840229","0143","11","0","0","0","0","0","0","0","0","1","0","0","0","","","1","","1","","40 19:38.395","1","0","79 50:24.825","4","0","0","0","2304","0","0","0","N","0","0","0","2","02304","1","","1.0","","1","N","N","","1","","0","0","0","","2","N","","2","1","2","0","0","0","0","2","0","2","","","U","Y","8","8","","","U","","","","",""
"2007004428","","1","0","0","0","0","0","0","0","0","4","0","","02","12","2006","2","40.351944","-79.856379","2001","11","0","0","0","0","0","1","1","0","","0","0","0","","","1","","0","","40 21:07.000","","0","79 51:22.966","4","0","0","0","2304","0","0","0","","0","0","0","3","02304","1","","4.0","","1","N","N","","1","","0","0","0","","0","","","2","1","0","0","0","0","1","2","0","2","","","","N","","","","","","","","","",""
"2007004429","","1","0","0","0","0","0","0","0","0","7","0","","02","12","2006","3","40.351303","-79.834207","2250","11","0","0","0","0","0","0","0","0","","0","0","0","","","0","","0","","40 21:04.690","","0","79 50:03.144","0","0","0","0","2304","0","0","0","N","0","0","0","1","02304","0","","4.0","","9","N","N","","0","","0","0","0","","0","","","1","0","0","0","0","0","0","2","0","1","","","","N","","","","","","","","","",""
"2007004504","","1","0","0","0","0","0","0","0","0","7","0","","02","11","2006","5","","","0917","11","0","0","0","0","0","1","0","0","2","0","0","0","","","1","","0","","40 26:03.84","4","0","79 59:23.28","3","0","0","0","2301","0","0","0","N","0","0","0","1","68B03","0","","3.0","","9","N","N","","0","","1","0","0","","0","N","","1","1","0","0","0","0","0","2","0","1","","","","N","","","","","","","","","",""
"2007004505","","1","0","0","0","0","0","0","0","0","7","0","","02","11","2006","5","","","1944","11","0","0","0","0","0","0","0","0","1","0","0","0","","","0","","0","","40 25:41.52","3","0","79 57:19.44","0","0","0","0","2301","0","0","0","N","0","0","0","1","68B03","0","","4.0","","1","N","N","","0","","0","0","0","","0","N","","1","0","0","0","0","0","0","2","0","1","","","","N","","","","","","","","","",""
"2007004506","","1","0","0","0","0","0","0","0","0","5","0","","02","11","2006","7","","","1820","11","0","0","0","0","0","0","0","0","1","0","0","0","","","2","","0","","40 25:35.40","3","1","79 54:59.40","3","0","0","0","2426","0","0","0","N","0","0","0","4","68B03","1","","1.0","","1","N","N","","1","","1","0","0","","0","N","","2","2","0","0","0","0","0","2","0","2","","","","N","","","","","","","","","",""
"2007004507","","1","0","0","0","0","0","0","0","0","7","0","","02","12","2006","1","40.436","-79.9708","1555","11","0","0","0","0","0","0","0","0","2","0","0","0","","","0","","0","","40 26:09.600","3","2","79 58:14.880","0","0","0","0","2301","0","0","0","N","0","0","0","1","68B03","0","","2.0","","1","N","N","","0","","0","0","0","","4","N","","1","0","0","0","0","0","0","2","0","1","","","","N","","","","","","","","","",""
"2007004508","","1","0","0","0","0","0","0","0","0","7","0","","02","11","2006","2","","","1940","11","0","0","0","0","1","0","0","0","1","0","0","0","","","1","","0","","40 28:05.88","1","0","80 12:04.68","4","0","0","0","2213","0","0","0","N","0","0","0","1","68B03","1","","3.0","","1","N","N","","0","","0","0","0","","0","N","","1","1","0","0","0","0","0","2","0","1","","","","N","","","","","","","","","",""
"2007004510","","1","0","1","0","0","0","0","0","0","7","1","","02","12","2006","5","","","0535","11","0","0","0","0","0","1","0","0","","0","1","0","","","1","","0","","40 26:39.12","","0","80 00:33.12","2","0","0","0","2301","0","0","0","N","0","0","0","2","68B03","0","","4.0","","1","N","N","","0","","0","1","0","","0","","","2","1","0","0","0","0","0","2","0","2","","","","N","","","","","","","","","",""
"2007004514","","0","0","0","0","0","0","0","0","0","7","0","","02","11","2006","4","40.651111","-80.09434","0632","11","0","0","0","0","0","1","0","0","1","0","0","0","","","1","","0","","40 39:04.000","2","0","80 05:39.623","4","0","0","0","2212","0","0","0","N","0","0","0","1","68B03","1","","2.0","","1","N","N","","0","","0","0","1","","0","N","","1","1","0","0","0","0","0","2","0","1","","","","N","","","","","","","","","",""
"2007004515","","0","0","0","0","0","0","0","0","0","7","1","","02","11","2006","5","40.4114","-80.1069","0405","11","0","0","0","0","0","1","0","0","","0","1","0","","","0","","0","","40 24:41.040","","0","80 06:24.840","0","0","0","0","2102","0","0","0","N","0","0","0","2","68B03","0","","4.0","","9","N","N","","0","","0","0","1","","0","","","2","0","0","0","0","0","0","2","0","2","","","","N","","","","","","","","","",""
"2007004516","","0","0","0","0","0","0","0","0","0","7","0","","02","11","2006","6","40.4307","-80.2608","0406","11","0","0","0","0","0","0","0","0","2","0","0","0","","","1","","7","","40 25:50.520","4","2","80 15:38.880","4","0","0","0","2214","0","0","0","N","0","0","0","1","68B03","1","","4.0","","1","N","N","","1","","0","0","0","","0","N","","1","1","0","0","0","0","0","2","0","1","","","","N","","","","","","","","","",""
"2007004517","","0","0","0","0","0","0","0","0","0","0","1","","02","11","2006","4","40.5219","-80.1314","1426","11","0","0","0","0","0","0","0","0","","0","1","0","","","1","","0","","40 31:18.840","","0","80 07:53.040","4","0","0","0","2115","0","0","0","Y","0","0","0","1","68B03","1","","2.0","","1","N","N","","0","","0","0","0","","0","","","1","1","0","0","0","0","0","2","0","1","","","","N","","","","","","","","","",""
"2007004519","","0","0","0","0","0","0","0","0","0","7","0","","02","12","2006","5","40.356389","-80.118716","1618","11","0","0","0","0","1","0","0","0","1","0","0","0","","","1","","0","","40 21:23.000","2","0","80 07:07.377","3","0","0","0","2119","0","0","0","N","0","0","0","2","68B03","0","","3.0","","9","N","N","","1","","1","0","0","","0","N","","1","1","2","0","0","0","0","2","0","1","","","","N","","","","","","","","","",""
"2007004520","","1","0","0","0","0","0","0","0","0","7","0","","02","12","2006","2","","","0243","11","0","0","0","0","0","0","0","0","9","0","0","0","","","1","","0","","40 25:43.32","3","0","79 56:43.44","3","0","0","0","2301","0","0","0","N","0","0","0","1","68B03","0","","2.0","","1","N","N","","0","","1","0","0","","0","N","","1","1","0","0","0","0","0","2","0","1","","","","N","","","","","","","","","",""
"2007004521","","1","0","0","0","0","0","0","0","0","7","0","","02","10","2006","1","","","1809","11","0","0","0","0","0","0","0","0","2","0","0","0","","","1","","0","","40 25:14.52","1","0","80 02:53.88","3","0","0","0","2435","0","0","0","N","0","0","0","2","68B03","0","","3.0","","1","N","N","","0","","1","0","0","","0","N","","1","1","2","0","0","0","0","2","0","1","","","","N","","","","","","","","","",""
"2007004560","","1","0","0","0","0","0","0","0","0","7","0","","02","11","2006","4","","","1009","11","0","0","0","0","0","0","0","0","1","0","0","0","","","0","","0","","40 25:14.88","2","0","80 02:26.52","0","0","0","0","2435","0","0","0","N","0","0","0","1","68B03","0","","3.0","","1","N","N","","0","","0","0","0","","0","N","","1","0","0","0","0","0","0","2","0","1","","","","N","","","","","","","","","",""
"2007004561","","1","0","0","0","0","0","0","0","0","7","0","","02","12","2006","7","40.61","-80.094987","0900","11","0","0","0","1","0","0","0","0","","0","0","0","","","2","","0","","40 36:36.000","","0","80 05:41.954","3","0","0","0","2481","0","0","0","N","0","0","0","5","68B03","0","","2.0","","1","N","N","","0","","2","0","1","","0","","","2","2","0","0","0","0","0","2","0","2","","","","N","","","","","","","","","",""
"2007004562","","1","0","0","0","0","0","0","0","0","7","0","","02","11","2006","5","","","1001","11","0","0","0","0","0","0","0","0","","0","0","0","","","1","","0","","40 25:06.60","","0","80 05:20.04","4","0","0","0","2457","0","0","0","N","0","0","0","1","68B03","1","","2.0","","9","N","N","","0","","0","0","0","","0","","","1","1","0","0","0","0","0","2","0","1","","","","N","","","","","","","","","",""
"2007004601","","0","0","0","0","0","0","0","0","0","7","0","","02","12","2006","4","40.493059","-79.797567","0909","11","0","0","0","0","0","0","0","0","","0","0","0","","","1","","0","","40 29:35.012","","0","79 47:51.241","4","0","0","0","2113","0","0","0","N","0","0","0","1","02113","1","","5.0","","1","N","N","","0","","0","0","1","","0","","","1","1","0","0","0","0","0","2","0","1","","","","N","","","","","","","","","",""
"2007004604","","2","0","0","0","0","0","0","0","0","4","0","","02","12","2006","1","40.4599","-79.8427","1333","11","0","0","0","0","0","0","0","0","","0","0","0","","","0","","0","","40 27:35.640","","0","79 50:33.720","9","0","0","0","2113","0","0","0","N","0","0","0","5","02113","0","","1.0","","1","N","N","","0","","0","0","0","","2","","","2","0","0","0","0","0","5","2","0","2","","","","N","","","","","","","","","",""
"2007004605","","2","0","0","0","0","0","0","0","0","4","0","","02","12","2006","1","40.4947","-79.7886","1355","11","0","0","0","0","0","0","0","0","","0","0","0","","","1","","0","","40 29:40.920","","0","79 47:18.960","4","0","0","0","2113","0","0","0","N","0","0","0","4","02113","1","","1.0","","1","N","N","","0","","0","0","0","","0","","","2","1","0","0","0","0","0","2","0","2","","","","N","","","","","","","","","",""
"2007004606","","2","0","0","0","0","0","0","0","0","4","0","","02","12","2006","2","40.466667","-79.837254","1136","11","0","0","0","0","0","0","0","0","","0","0","0","","","2","","0","","40 28:00.000","","0","79 50:14.115","4","0","0","0","2113","0","0","0","N","0","0","0","3","02113","2","","1.0","","1","N","N","","0","","0","0","0","","0","","","2","2","1","0","0","0","0","2","0","2","","","","N","","","","","","","","","",""
"2007004607","","0","1","0","0","0","0","0","0","0","7","0","","02","12","2006","4","40.453078","-79.826663","1706","11","0","0","0","0","0","0","0","0","1","1","0","0","","","0","","0","","40 27:11.080","5","0","79 49:35.986","1","0","0","0","2113","0","0","0","N","0","0","0","2","02113","0","2","2.0","","1","N","N","","0","0","0","0","0","","0","N","","1","0","0","0","0","0","0","2","1","1","","","","N","","","","","","","","","",""
"2007004621","","0","0","0","0","0","0","0","0","0","7","0","","02","12","2006","2","40.476028","-79.706361","1111","11","0","0","0","0","0","0","1","0","","0","0","0","","","1","","0","","40 28:33.700","","0","79 42:22.900","8","0","0","0","2466","0","0","0","N","0","0","0","1","02466","0","","5.0","","1","N","N","","0","","0","0","0","","0","","","1","1","0","0","0","1","0","2","1","1","","","","N","","","","","","","","","",""
"2007004712","","3","0","0","0","0","0","0","0","0","5","0","","02","12","2006","5","40.5313","-80.0102","1800","11","0","0","0","1","0","0","0","0","","0","0","0","","","0","","0","","40 31:52.680","","0","80 00:36.720","0","0","0","0","2116","0","0","0","N","0","0","0","3","02116","0","","1.0","","1","N","N","","0","","0","0","0","","0","","","3","0","0","0","0","0","0","2","0","3","","","","N","","","","","","","","","",""
"2007004756","","0","0","0","0","0","0","0","0","0","5","1","","02","11","2006","4","40.4228","-79.7366","1651","11","0","0","0","0","0","0","0","0","3","0","1","0","","","0","","0","","40 25:22.080","3","0","79 44:11.760","0","0","0","0","2446","0","0","0","N","0","0","0","2","68T09","0","","1.0","","1","N","N","","0","","0","0","1","","0","Y","","2","0","0","0","0","0","0","2","0","2","","","","N","","","","","","","","","",""
"2007004805","","1","0","0","0","0","0","0","0","0","6","0","","02","12","2006","7","40.385324","-79.978514","1823","11","0","0","0","0","0","1","0","0","1","0","0","0","","","0","","0","","40 23:07.166","2","0","79 58:42.650","0","0","0","0","2301","0","0","0","N","0","0","0","1","02301","0","","2.0","","1","N","N","","1","","0","0","0","","0","N","","2","0","0","0","0","0","0","2","0","2","","","","N","","","","","","","","","",""
"2007004806","","1","0","0","0","0","0","0","0","0","7","0","","02","12","2006","7","40.463723","-80.007477","0433","11","0","0","0","0","0","0","0","0","","0","0","0","","","0","","2","","40 27:49.402","","0","80 00:26.917","0","0","0","0","2301","0","0","0","N","0","0","0","0","02301","0","","5.0","","9","N","N","","0","","0","0","0","","3","","","1","0","0","0","0","0","0","2","0","1","","","","N","","","","","","","","","",""
"2007004807","","1","0","0","0","0","0","0","0","0","7","0","","02","12","2006","1","40.461377","-80.054596","0740","11","0","0","0","0","0","0","0","0","","0","0","0","","","0","","0","","40 27:40.958","","0","80 03:16.547","0","0","0","0","2301","0","0","0","N","0","0","0","1","02301","0","","5.0","","1","N","N","","0","","0","0","0","","0","","","1","0","1","0","0","0","0","2","0","1","","","","N","","","","","","","","","",""