"CRN","ARRIVAL_TM","AUTOMOBILE_COUNT","BELTED_DEATH_COUNT","BELTED_SUSP_SERIOUS_INJ_COUNT","BICYCLE_COUNT","BICYCLE_DEATH_COUNT","BICYCLE_SUSP_SERIOUS_INJ_COUNT","BUS_COUNT","CHLDPAS_DEATH_COUNT","CHLDPAS_SUSP_SERIOUS_INJ_COUNT","COLLISION_TYPE","COMM_VEH_COUNT","CONS_ZONE_SPD_LIM","COUNTY","CRASH_MONTH","CRASH_YEAR","DAY_OF_WEEK","DEC_LATITUDE","DEC_LONGITUDE","DISPATCH_TM","DISTRICT","DRIVER_COUNT_16YR","DRIVER_COUNT_17YR","DRIVER_COUNT_18YR","DRIVER_COUNT_19YR","DRIVER_COUNT_20YR","DRIVER_COUNT_50_64YR","DRIVER_COUNT_65_74YR","DRIVER_COUNT_75PLUS","EST_HRS_CLOSED","FATAL_COUNT","HEAVY_TRUCK_COUNT","HORSE_BUGGY_COUNT","HOUR_OF_DAY","ILLUMINATION","INJURY_COUNT","INTERSECTION_RELATED","INTERSECT_TYPE","LANE_CLOSED","LATITUDE","LN_CLOSE_DIR","LOCATION_TYPE","LONGITUDE","MAX_SEVERITY_LEVEL","MCYCLE_DEATH_COUNT","MCYCLE_SUSP_SERIOUS_INJ_COUNT","MOTORCYCLE_COUNT","MUNICIPALITY","NONMOTR_COUNT","NONMOTR_DEATH_COUNT","NONMOTR_SUSP_SERIOUS_INJ_COUNT","NTFY_HIWY_MAINT","PED_COUNT","PED_DEATH_COUNT","PED_SUSP_SERIOUS_INJ_COUNT","PERSON_COUNT","POLICE_AGCY","POSSIBLE_INJ_COUNT","RDWY_SURF_TYPE_CD","RELATION_TO_ROAD","ROADWAY_CLEARED","ROAD_CONDITION","SCH_BUS_IND","SCH_ZONE_IND","SECONDARY_CRASH","SMALL_TRUCK_COUNT","SPEC_JURIS_CD","SUSP_MINOR_INJ_COUNT","SUSP_SERIOUS_INJ_COUNT","SUV_COUNT","TCD_FUNC_CD","TCD_TYPE","TFC_DETOUR_IND","TIME_OF_DAY","TOTAL_UNITS","TOT_INJ_COUNT","UNBELTED_OCC_COUNT","UNB_DEATH_COUNT","UNB_SUSP_SERIOUS_INJ_COUNT","UNK_INJ_DEG_COUNT","UNK_INJ_PER_COUNT","URBAN_RURAL","VAN_COUNT","VEHICLE_COUNT","WEATHER1","WEATHER2","WORKERS_PRES","WORK_ZONE_IND","WORK_ZONE_LOC","WORK_ZONE_TYPE","WZ_CLOSE_DETOUR","WZ_FLAGGER","WZ_LAW_OFFCR_IND","WZ_LN_CLOSURE","WZ_MOVING","WZ_OTHER","WZ_SHLDER_MDN","WZ_WORKERS_INJ_KILLED"
"2007004808","","2","0","0","0","0","0","0","0","0","1","0","","02","12","2006","7","40.433305","-80.056988","2239","11","0","1","0","0","0","0","0","0","2","0","0","0","","","0","","0","","40 25:59.898","6","0","80 03:25.156","0","0","0","0","2301","0","0","0","N","0","0","0","2","02301","0","","2.0","","1","N","N","","0","","0","0","0","","0","N","","2","0","2","0","0","0","0","2","0","2","","","","N","","","","","","","","","",""
"2007004809","","1","0","0","0","0","0","0","0","0","4","0","","02","12","2006","7","40.415","-80.011282","0948","11","0","0","0","0","0","1","0","0","","0","0","0","","","0","","2","","40 24:54.000","","0","80 00:40.615","0","0","0","0","2301","0","0","0","N","0","0","0","2","03201","0","","1.0","","1","N","N","","1","","0","0","0","","2","","","2","0","1","0","0","0","0","2","0","2","","","","N","","","","","","","","","",""
"2007004810","","2","0","0","0","0","0","0","0","0","4","0","","02","12","2006","7","40.430103","-79.986493","0854","11","0","0","0","0","0","2","0","0","9","0","0","0","","","2","","1","","40 25:48.370","7","0","79 59:11.374","8","0","0","0","2301","0","0","0","N","0","0","0","3","02301","0","","1.0","","1","N","N","","0","","0","0","0","","3","Y","","3","2","0","0","0","2","1","2","1","3","","","","N","","","","","","","","","",""
"2007004811","","1","0","0","0","0","0","0","0","0","1","0","","02","12","2006","3","40.426292","-79.963576","1206","11","0","0","0","0","0","0","0","0","","0","0","0","","","0","","1","","40 25:34.651","","0","79 57:48.873","0","0","0","0","2301","0","0","0","N","0","0","0","1","02301","0","","1.0","","1","N","N","","0","","0","0","1","","0","","","3","0","0","0","0","0","0","2","1","3","","","","N","","","","","","","","","",""
"2007004812","","3","0","0","0","0","0","0","0","0","99","0","","02","12","2006","1","40.461736","-80.010459","0429","11","0","0","0","0","0","0","0","0","3","0","0","0","","","2","","2","","40 27:42.249","1","0","80 00:37.652","8","0","0","0","2301","0","0","0","N","0","0","0","2","02301","0","","5.0","","1","N","N","","0","","0","0","0","","0","N","","3","2","0","0","0","2","0","2","0","3","","","","N","","","","","","","","","",""
"2007004823","","0","0","0","0","0","0","0","0","0","4","0","","02","12","2006","6","40.445833","-79.997606","1630","11","0","0","0","0","0","0","0","0","","0","0","0","","","0","","3","","40 26:45.000","","0","79 59:51.380","0","0","0","0","2301","0","0","0","N","0","0","0","4","02301","0","","1.0","","1","N","N","","1","","0","0","1","","2","","","2","0","0","0","0","0","0","2","0","2","","","","N","","","","","","","","","",""
"2007004893","","1","0","0","0","0","0","0","0","0","0","0","","02","11","2006","4","40.563611","-79.799743","0331","11","0","0","0","0","0","1","0","0","","0","0","0","","","0","","0","","40 33:49.000","","0","79 47:59.076","0","0","0","0","2206","0","0","0","N","0","0","0","1","68D02","0","","3.0","","9","N","N","","0","","0","0","0","","0","","","1","0","0","0","0","0","0","2","0","1","","","","N","","","","","","","","","",""
"2007005158","","0","0","0","0","0","0","0","0","0","0","1","","02","11","2006","5","40.4355","-79.7488","1214","11","0","0","0","0","0","0","0","0","3","0","1","0","","","0","","0","","40 26:07.800","4","0","79 44:55.680","0","0","0","0","2455","0","0","0","N","0","0","0","1","68T09","0","","1.0","","1","N","N","","0","","0","0","0","","8","N","","1","0","0","0","0","0","0","2","0","1","","","","N","","","","","","","","","",""
"2007005183","","2","0","0","0","0","0","0","0","0","4","0","","02","12","2006","2","40.425317","-79.891537","0327","11","0","0","0","0","0","0","0","0","2","0","0","0","","","1","","2","","40 25:31.141","3","0","79 53:29.533","4","0","0","0","2463","0","0","0","N","0","0","0","1","02463","1","","2.0","","1","N","N","","0","","0","0","0","","0","N","","2","1","0","0","0","0","0","2","0","2","","","","N","","","","","","","","","",""
"2007005184","","2","0","0","0","0","0","0","0","0","4","0","","02","12","2006","4","40.425799","-79.891702","1345","11","0","0","0","0","0","1","0","0","","0","0","0","","","0","","3","","40 25:32.876","","0","79 53:30.127","9","0","0","0","2463","0","0","0","N","0","0","0","2","02463","0","","1.0","","1","N","N","","0","","0","0","0","","2","","","2","0","0","0","0","0","2","2","0","2","","","","N","","","","","","","","","",""
"2007005185","","0","0","0","0","0","0","0","0","0","8","0","","02","12","2006","5","40.42364","-79.891471","1801","11","0","0","0","0","0","0","0","0","1","0","0","0","","","1","","2","","40 25:25.104","1","0","79 53:29.295","8","0","0","0","2463","1","0","0","N","1","0","0","4","02463","0","","1.0","","2","N","N","","0","","0","0","0","","0","N","","2","1","1","0","0","1","0","2","1","1","","","","N","","","","","","","","","",""
"2007005186","","0","0","0","0","0","0","0","0","0","4","0","","02","12","2006","4","40.423863","-79.887255","1924","11","0","0","0","0","0","2","0","0","","0","0","0","","","0","","1","","40 25:25.906","","0","79 53:14.118","0","0","0","0","2463","0","0","0","N","0","0","0","2","02463","0","","1.0","","1","N","N","","1","","0","0","1","","3","","","2","0","0","0","0","0","0","2","0","2","","","","N","","","","","","","","","",""
"2007005233","","1","0","0","0","0","0","0","0","0","8","0","","02","12","2006","7","40.365073","-79.908482","1936","11","0","0","0","0","0","0","0","0","3","0","0","0","","","1","","0","","40 21:54.261","5","0","79 54:30.534","2","0","0","0","2301","1","0","1","N","1","0","1","3","02301","0","","1.0","","1","N","N","","0","","0","1","0","","0","Y","","2","1","0","0","0","0","0","2","0","1","","","","N","","","","","","","","","",""
"2007005234","","1","0","0","0","0","0","0","0","0","4","0","","02","12","2006","7","40.43458","-79.989824","0243","11","0","0","0","0","0","1","0","0","1","0","0","0","","","0","","1","","40 26:04.489","1","0","79 59:23.366","0","0","0","0","2301","0","0","0","N","0","0","0","2","02301","0","","1.0","","1","N","N","","0","","0","0","1","","2","N","","2","0","0","0","0","0","0","2","0","2","","","","N","","","","","","","","","",""
"2007005235","","2","0","0","0","0","0","0","0","0","4","0","","02","12","2006","6","40.449725","-79.986084","0240","11","0","0","0","0","0","0","0","0","1","0","0","0","","","1","","1","","40 26:59.010","1","0","79 59:09.902","4","0","0","0","2301","0","0","0","N","0","0","0","3","02301","1","","1.0","","1","N","N","","0","","0","0","0","","3","Y","","2","1","0","0","0","0","0","2","0","2","","","","N","","","","","","","","","",""
"2007005236","","2","0","0","0","0","0","0","0","0","2","0","","02","12","2006","1","40.44405","-79.988197","1839","11","0","0","0","0","0","1","0","0","2","0","0","0","","","0","","1","","40 26:38.580","6","0","79 59:17.509","0","0","0","0","2301","0","0","0","N","0","0","0","2","02301","0","","1.0","","1","N","N","","0","","0","0","0","","2","N","","2","0","0","0","0","0","0","2","0","2","","","","N","","","","","","","","","",""
"2007005237","","2","0","0","0","0","0","0","0","0","5","0","","02","12","2006","3","40.443473","-80.004613","0524","11","0","0","0","0","1","0","0","0","","0","0","0","","","0","","3","","40 26:36.502","","0","80 00:16.606","9","0","0","0","2301","0","0","0","N","0","0","0","2","02301","0","","1.0","","9","N","N","","0","","0","0","0","","0","","","2","0","0","0","0","0","1","2","0","2","","","","N","","","","","","","","","",""
"2007005238","","1","0","0","0","0","0","0","0","0","4","0","","02","12","2006","6","40.435631","-79.982904","1007","11","0","0","0","0","1","1","0","0","","0","0","0","","","0","","2","","40 26:08.273","","0","79 58:58.454","0","0","0","0","2301","0","0","0","N","0","0","0","3","02301","0","","1.0","","1","N","N","","1","","0","0","0","","3","","","2","0","0","0","0","0","0","2","0","2","","","","N","","","","","","","","","",""
"2007005239","","1","0","0","0","0","0","0","0","0","8","0","","02","12","2006","6","40.4389","-79.992689","1527","11","0","0","0","0","0","0","0","0","","0","0","0","","","1","","3","","40 26:20.040","","0","79 59:33.680","4","0","0","0","2301","1","0","0","N","1","0","0","2","02301","1","","1.0","","1","N","N","","0","","0","0","0","","0","","","2","1","0","0","0","0","0","2","0","1","","","","N","","","","","","","","","",""
"2007005240","","1","0","0","0","0","0","0","0","0","4","0","","02","12","2006","6","40.451129","-79.982469","1739","11","0","0","0","0","0","1","0","0","","0","0","0","","","0","","1","","40 27:04.064","","0","79 58:56.888","0","0","0","0","2301","0","0","0","N","0","0","0","3","02301","0","","1.0","","1","N","N","","0","","0","0","0","","2","","","2","0","0","0","0","0","0","2","1","2","","","","N","","","","","","","","","",""
"2007005241","","0","0","0","0","0","0","0","0","0","4","0","","02","12","2006","6","40.463889","-79.966211","2137","11","0","0","0","0","0","0","0","0","","0","0","0","","","0","","2","","40 27:50.000","","0","79 57:58.360","0","0","0","0","2301","0","0","0","N","0","0","0","1","02301","0","","1.0","","1","N","N","","0","","0","0","2","","0","","","2","0","0","0","0","0","0","2","0","2","","","","N","","","","","","","","","",""
"2007005242","","2","0","0","0","0","0","0","0","0","4","0","","02","12","2006","7","40.474848","-80.013958","1450","11","0","0","0","0","0","0","0","0","","0","0","0","","","0","","0","","40 28:29.454","","0","80 00:50.250","0","0","0","0","2301","0","0","0","N","0","0","0","2","02301","0","","1.0","","1","N","N","","0","","0","0","0","","0","","","2","0","0","0","0","0","0","2","0","2","","","","N","","","","","","","","","",""
"2007005243","","2","0","0","0","0","0","0","0","0","5","0","","02","12","2006","1","40.480696","-80.032154","2246","11","0","0","0","0","0","0","0","0","","0","0","0","","","0","","0","","40 28:50.505","","0","80 01:55.754","9","0","0","0","2301","0","0","0","N","0","0","0","1","02301","0","","6.0","","9","N","N","","1","","0","0","0","","0","","","3","0","0","0","0","0","1","2","0","3","","","","N","","","","","","","","","",""
"2007005244","","2","0","0","0","0","0","0","0","0","1","0","","02","12","2006","7","40.475833","-79.957526","0756","11","0","0","0","0","0","0","0","0","1","0","0","0","","","0","","3","","40 28:33.000","3","0","79 57:27.093","0","0","0","0","2301","0","0","0","N","0","0","0","2","02301","0","","1.0","","1","N","N","","0","","0","0","0","","2","N","","2","0","0","0","0","0","0","2","0","2","","","","N","","","","","","","","","",""
"2007005245","","1","0","0","0","0","0","0","0","0","7","0","","02","12","2006","1","40.3919","-79.9348","0412","11","0","0","0","0","0","0","0","0","","0","0","0","","","1","","1","","40 23:30.840","","3","79 56:05.280","8","0","0","0","2301","0","0","0","N","0","0","0","1","02301","0","","2.0","","1","N","N","","0","","0","0","0","","0","","","1","1","0","0","0","1","0","2","0","1","","","","N","","","","","","","","","",""
"2007005246","","1","0","0","0","0","0","0","0","0","7","0","","02","12","2006","1","40.457605","-80.073845","2227","11","0","0","0","0","0","0","0","0","","0","0","0","","","0","","0","","40 27:27.378","","0","80 04:25.842","0","0","0","0","2301","0","0","0","N","0","0","0","1","02301","0","","5.0","","9","N","N","","0","","0","0","0","","0","","","1","0","1","0","0","0","0","2","0","1","","","","N","","","","","","","","","",""
"2007005247","","1","0","0","0","0","0","0","0","0","1","0","","02","12","2006","4","40.4861","-79.9121","1351","11","0","0","0","1","0","0","0","0","","0","0","0","","","0","","0","","40 29:09.960","","2","79 54:43.560","0","0","0","0","2301","0","0","0","N","0","0","0","3","02301","0","","1.0","","1","N","N","","0","","0","0","1","","0","","","2","0","0","0","0","0","0","2","0","2","","","","N","","","","","","","","","",""
"2007005248","","3","0","0","0","0","0","0","0","0","4","0","","02","12","2006","6","40.487544","-80.040308","0522","11","0","0","0","0","0","0","0","0","","0","0","0","","","0","","0","","40 29:15.158","","0","80 02:25.108","0","0","0","0","2301","0","0","0","N","0","0","0","2","02301","0","","6.0","","1","N","N","","0","","0","0","0","","0","","","3","0","0","0","0","0","0","2","0","3","","","","N","","","","","","","","","",""
"2007005269","","0","0","0","0","0","0","0","0","0","99","0","","02","12","2006","1","40.575","-80.03716","0114","11","0","0","0","0","0","0","0","0","","0","0","0","","","1","","0","","40 34:30.000","","0","80 02:13.776","3","0","0","1","2108","0","0","0","N","0","0","0","1","02108","0","","1.0","","1","N","N","","0","","1","0","0","","0","","","1","1","0","0","0","0","0","2","0","1","","","","N","","","","","","","","","",""
"2007005375","","2","0","0","0","0","0","0","0","0","1","0","","02","12","2006","6","40.445094","-79.920915","0237","11","0","0","0","0","0","0","0","0","2","0","0","0","","","0","","0","","40 26:42.338","5","0","79 55:15.294","0","0","0","0","2301","0","0","0","N","0","0","0","1","02301","0","","6.0","","1","N","N","","0","","0","0","0","","0","N","","2","0","0","0","0","0","0","2","0","2","","","","N","","","","","","","","","",""
"2007005376","","2","0","0","0","0","0","0","0","0","5","0","99","02","12","2006","7","","","2208","11","0","0","0","0","0","0","0","0","6","0","0","0","","","1","","0","","","3","0","","8","0","0","0","2301","0","0","0","N","0","0","0","5","02301","0","","1.0","","1","N","N","","0","","0","0","0","","0","N","","2","1","0","0","0","1","0","1","0","2","","","N","Y","5","1","","","N","Y","","","Y",""
"2007005377","","1","0","0","0","0","0","0","0","0","4","0","","02","12","2006","5","40.447137","-79.895168","1153","11","0","0","0","0","0","0","0","0","1","0","0","0","","","0","","0","","40 26:49.694","4","0","79 53:42.603","0","0","0","0","2301","0","0","0","N","0","0","0","2","02301","0","","1.0","","1","N","N","","1","","0","0","0","","0","N","","2","0","0","0","0","0","0","2","0","2","","","","N","","","","","","","","","",""
"2007005378","","3","0","0","0","0","0","0","0","0","1","0","","02","12","2006","6","40.465444","-79.923","1155","11","0","0","0","0","0","2","0","0","","0","0","0","","","0","","0","","40 27:55.600","","0","79 55:22.800","0","0","0","0","2301","0","0","0","N","0","0","0","4","02301","0","","1.0","","1","N","N","","1","","0","0","0","","0","","","4","0","0","0","0","0","0","2","0","4","","","","N","","","","","","","","","",""
"2007005379","","1","0","0","0","0","0","0","0","0","5","0","","02","12","2006","6","","","1549","11","0","0","0","0","0","0","0","0","","0","0","0","","","1","","2","","","","0","","8","0","0","1","2301","0","0","0","N","0","0","0","2","02301","0","","1.0","","1","N","N","","0","","0","0","0","","0","","","2","1","0","0","0","1","1","1","0","2","","","","N","","","","","","","","","",""
"2007005380","","3","0","0","0","0","0","0","0","0","4","0","","02","12","2006","7","40.475293","-79.922353","0424","11","0","0","0","0","1","0","0","0","","0","0","0","","","1","","0","","40 28:31.054","","0","79 55:20.470","4","0","0","0","2301","0","0","0","N","0","0","0","1","02301","1","","1.0","","1","N","N","","0","","0","0","1","","0","","","4","1","0","0","0","0","0","2","0","4","","","","N","","","","","","","","","",""
"2007005381","","2","0","0","0","0","0","0","0","0","4","0","","02","12","2006","1","40.464564","-79.938599","0202","11","0","0","0","1","0","0","0","0","9","0","0","0","","","1","","1","","40 27:52.430","4","0","79 56:18.956","8","0","0","0","2301","0","0","0","","0","0","0","3","02301","0","","1.0","","1","N","N","","0","","0","0","0","","1","N","","2","1","2","0","0","1","0","2","0","2","","","","N","","","","","","","","","",""
"2007005507","","1","0","0","0","0","0","0","0","0","1","1","","02","12","2006","5","40.401389","-79.780126","1425","11","0","0","0","0","0","0","0","0","","0","1","0","","","1","","2","","40 24:05.000","","0","79 46:48.452","8","0","0","0","2453","0","0","0","N","0","0","0","3","02453","0","","1.0","","1","N","N","","0","","0","0","0","","2","","","2","1","0","0","0","1","0","2","0","2","","","","N","","","","","","","","","",""
"2007005582","","1","0","0","0","0","0","0","0","0","4","0","","02","12","2006","5","40.586667","-80.045021","1802","11","0","0","1","1","0","0","0","0","9","0","0","0","","","1","","1","","40 35:12.000","1","0","80 02:42.075","8","0","0","0","2108","0","0","0","N","0","0","0","4","02108","0","","1.0","","1","N","N","","0","","0","0","1","","2","N","","2","1","0","0","0","1","0","2","0","2","","","","N","","","","","","","","","",""
"2007005583","","1","0","0","0","0","0","0","0","0","4","0","","02","12","2006","3","40.582227","-80.062891","1640","11","1","0","0","0","0","1","0","0","","0","0","0","","","0","","1","","40 34:56.017","","0","80 03:46.409","0","0","0","0","2108","0","0","0","N","0","0","0","4","02108","0","","1.0","","9","N","N","","0","","0","0","1","","3","","","2","0","0","0","0","0","0","2","0","2","","","","N","","","","","","","","","",""
"2007005584","","1","0","0","0","0","0","0","0","0","7","0","","02","12","2006","6","40.593611","-80.062808","1207","11","0","0","0","0","0","0","0","0","","0","0","0","","","1","","0","","40 35:37.000","","0","80 03:46.108","2","0","0","0","2108","0","0","0","N","0","0","0","1","02108","0","","4.0","","1","N","N","","0","","0","1","0","","0","","","1","1","0","0","0","0","0","2","0","1","","","","N","","","","","","","","","",""
"2007005585","","1","0","0","0","0","0","0","0","0","7","0","","02","12","2006","5","40.571944","-80.036258","1152","11","0","1","0","0","0","0","0","0","","0","0","0","","","3","","0","","40 34:19.000","","0","80 02:10.529","4","0","0","0","2108","0","0","0","N","0","0","0","3","02108","3","","1.0","","1","N","N","","0","","0","0","0","","0","","","1","3","0","0","0","0","0","2","0","1","","","","N","","","","","","","","","",""
"2007005586","","2","0","0","0","0","0","0","0","0","1","0","","02","12","2006","7","40.567778","-80.006533","1236","11","0","0","0","1","0","0","0","0","","0","0","0","","","0","","0","","40 34:04.000","","0","80 00:23.520","0","0","0","0","2108","0","0","0","N","0","0","0","2","02108","0","","1.0","","1","N","N","","0","","0","0","0","","0","","","2","0","0","0","0","0","0","2","0","2","","","","N","","","","","","","","","",""
"2007005587","","1","0","0","0","0","0","0","0","0","7","0","","02","12","2006","5","40.581111","-80.003807","0007","11","0","0","0","0","0","0","0","0","","0","0","0","","","3","","0","","40 34:52.000","","0","80 00:13.705","3","0","0","0","2108","0","0","0","N","0","0","0","3","02108","2","","4.0","","1","N","N","","0","","1","0","0","","0","","","1","3","0","0","0","0","0","2","0","1","","","","N","","","","","","","","","",""
"2007005588","","1","0","0","0","0","0","0","0","0","2","0","","02","12","2006","4","40.566667","-80.007326","1457","11","0","0","0","0","0","0","0","0","2","0","0","0","","","4","","0","","40 34:00.000","1","0","80 00:26.372","4","0","0","0","2108","0","0","0","N","0","0","0","5","02108","4","","1.0","","1","N","N","","0","","0","0","1","","0","Y","","2","4","0","0","0","0","0","2","0","2","","","","N","","","","","","","","","",""
"2007005654","","0","0","0","0","0","0","0","0","0","7","0","","02","12","2006","3","40.326597","-79.827255","2350","11","0","0","1","0","0","0","0","0","","0","0","0","","","0","","0","","40 19:35.749","","0","79 49:38.118","0","0","0","0","2304","0","0","0","N","0","0","0","1","02304","0","","4.0","","9","N","N","","1","","0","0","0","","0","","","1","0","0","0","0","0","0","2","0","1","","","","N","","","","","","","","","",""
"2007005655","","2","0","0","0","0","0","0","0","0","4","0","","02","12","2006","6","40.354856","-79.840797","0840","11","0","0","0","0","0","1","0","0","","0","0","0","","","0","","2","","40 21:17.482","","0","79 50:26.869","0","0","0","0","2304","0","0","0","","0","0","0","2","02304","0","","1.0","","1","N","","","0","","0","0","0","","0","","","2","0","0","0","0","0","0","2","0","2","","","","N","","","","","","","","","",""
"2007005798","","1","0","0","0","0","0","0","0","0","7","0","","02","12","2006","2","","","0601","11","0","0","0","0","0","0","0","0","3","0","0","0","","","1","","0","","40 26:29.04","4","3","79 49:42.60","4","0","0","0","2419","0","0","0","Y","0","0","0","1","68B03","1","","2.0","","1","N","N","","0","","0","0","0","","0","Y","","1","1","0","0","0","0","0","2","0","1","","","","N","","","","","","","","","",""
"2007005811","","1","0","0","0","0","0","0","0","0","7","0","","02","11","2006","2","","","2113","11","0","0","0","0","0","0","0","0","1","0","0","0","","","1","","0","","40 24:40.32","2","0","80 04:29.64","4","0","0","0","2117","0","0","0","N","0","0","0","1","68B03","1","","3.0","","1","N","N","","0","","0","0","0","","0","N","","1","1","0","0","0","0","0","2","0","1","","","","N","","","","","","","","","",""
"2007005812","","1","0","0","0","0","0","0","0","0","7","0","","02","12","2006","7","","","0227","11","0","0","0","0","0","0","0","0","","0","0","0","","","0","","0","","40 26:03.12","","0","79 52:07.68","0","0","0","0","2426","0","0","0","N","0","0","0","2","68B05","0","","3.0","","1","N","N","","0","","0","0","0","","0","","","1","0","2","0","0","0","0","2","0","1","","","","N","","","","","","","","","",""
"2007005815","","1","0","0","0","0","0","0","0","0","7","0","","02","12","2006","5","","","1451","11","0","0","0","0","0","0","1","1","1","0","0","0","","","2","","0","","40 29:40.20","1","3","80 00:42.48","4","0","0","0","2301","0","0","0","N","0","0","0","3","68B03","2","","4.0","","2","N","N","","1","","0","0","0","","0","N","","2","2","0","0","0","0","0","2","0","2","","","","N","","","","","","","","","",""
"2007005816","","0","0","0","0","0","0","0","0","0","7","0","","02","12","2006","5","","","2001","11","0","0","0","0","0","0","0","0","1","0","0","0","","","0","","0","","40 26:29.04","4","0","79 49:42.60","0","0","0","0","2113","0","0","0","N","0","0","0","2","68B03","0","","4.0","","9","N","N","","1","","0","0","0","","0","N","","1","0","1","0","0","0","0","2","0","1","","","","N","","","","","","","","","",""
"2007005918","","1","0","0","0","0","0","0","0","0","7","0","","02","12","2006","4","40.507245","-80.155479","2251","11","0","0","0","0","0","0","0","0","1","0","0","0","","","0","","0","","40 30:26.083","1","0","80 09:19.724","0","0","0","0","2420","0","0","0","N","0","0","0","2","02420","0","","5.0","","1","N","N","","0","","0","0","0","","0","N","","1","0","0","0","0","0","0","2","0","1","","","","N","","","","","","","","","",""
"2007005919","","1","0","0","0","0","0","0","0","0","8","0","","02","12","2006","1","40.519167","-80.166084","1324","11","0","0","0","0","0","0","0","1","","0","0","0","","","1","","1","","40 31:09.000","","0","80 09:57.901","8","0","0","0","2420","1","0","0","N","1","0","0","2","02420","0","","1.0","","1","N","N","","0","","0","0","0","","2","","","2","1","0","0","0","1","0","2","0","1","","","","N","","","","","","","","","",""
"2007005970","","1","0","0","0","0","0","0","0","0","99","0","","02","12","2006","4","40.519444","-79.85336","2200","11","0","0","0","0","0","0","0","0","","0","0","0","","","0","","0","","40 31:10.000","","0","79 51:12.096","0","0","0","0","2112","0","0","0","N","0","0","0","1","68D02","0","","1.0","","1","N","N","","0","","0","0","0","","0","","","1","0","0","0","0","0","0","2","0","1","","","","N","","","","","","","","","",""
"2007005972","","1","0","0","0","0","0","0","0","0","99","0","","02","12","2006","5","40.655278","-79.724191","0400","11","0","0","0","0","0","1","0","0","","0","0","0","","","0","","0","","40 39:19.000","","0","79 43:27.086","0","0","0","0","2106","0","0","0","N","0","0","0","1","68D02","0","","1.0","","1","N","N","","0","","0","0","0","","0","","","1","0","0","0","0","0","0","2","0","1","","","","N","","","","","","","","","",""
"2007005995","","1","0","0","0","0","0","0","0","0","4","0","","02","12","2006","5","","","1540","11","0","0","0","0","1","0","0","0","","0","0","0","","","1","","0","","40 28:21.00","","0","80 12:55.80","3","0","0","0","2203","0","0","0","N","0","0","0","3","68B03","0","","1.0","","2","N","N","","1","","1","0","0","","0","","","2","1","0","0","0","0","0","2","0","2","","","","N","","","","","","","","","",""
"2007005996","","4","0","0","0","0","0","0","0","0","1","0","","02","11","2006","3","","","1934","11","0","0","0","0","0","2","0","0","1","0","0","0","","","1","","0","","40 24:43.92","1","0","80 04:40.44","4","0","0","0","2415","0","0","0","N","0","0","0","7","68B03","1","","1.0","","1","N","N","","0","","0","0","2","","0","N","","6","1","0","0","0","0","0","2","0","6","","","","N","","","","","","","","","",""
"2007006117","","2","0","0","0","0","0","0","0","0","1","0","","02","12","2006","6","40.4322","-79.7306","0839","11","0","0","0","0","0","0","0","0","","0","0","0","","","2","","0","","40 25:55.920","","0","79 43:50.160","4","0","0","0","2446","0","0","0","N","0","0","0","6","02446","2","","1.0","","1","N","N","","1","","0","0","0","","0","","","4","2","0","0","0","0","0","2","1","4","","","","N","","","","","","","","","",""
"2007006233","","2","0","0","0","0","0","0","0","0","1","0","","02","11","2006","1","40.581944","-79.781401","1609","11","0","0","0","0","0","1","0","0","","0","0","0","","","1","","0","","40 34:55.000","","0","79 46:53.043","3","0","0","0","2206","0","0","0","N","0","0","0","2","68D02","0","","1.0","","1","N","N","","0","","1","0","0","","0","","","2","1","1","0","0","0","0","2","0","2","","","","N","","","","","","","","","",""
"2007006308","","1","0","0","0","0","0","0","0","0","7","0","","02","12","2006","7","40.560456","-79.799958","1200","11","0","0","0","0","0","0","0","0","","0","0","0","","","0","","0","","40 33:37.640","","0","79 47:59.849","0","0","0","0","2121","0","0","0","N","0","0","0","1","02121","0","","5.0","","1","N","N","","0","","0","0","0","","0","","","1","0","1","0","0","0","0","2","0","1","","","","N","","","","","","","","","",""
"2007006380","","1","0","0","0","0","0","0","0","0","2","0","","02","10","2006","3","40.501037","-80.040158","1650","11","0","0","0","0","0","0","0","0","1","0","0","0","","","1","","0","","40 30:03.733","6","0","80 02:24.570","8","0","0","0","2116","0","0","0","N","0","0","0","2","02116","0","","1.0","","9","N","N","","1","","0","0","0","","0","Y","","2","1","0","0","0","1","0","2","0","2","","","","N","","","","","","","","","",""
"2007006546","","0","0","0","0","0","0","0","0","0","0","0","","02","12","2006","1","40.459876","-80.008535","1830","11","0","0","0","1","0","0","0","0","2","0","0","0","","","0","","0","","40 27:35.553","5","0","80 00:30.726","0","0","0","0","2301","0","0","0","N","0","0","0","2","02301","0","","5.0","","1","N","N","","0","","0","0","1","","0","N","","1","0","0","0","0","0","0","2","0","1","","","","N","","","","","","","","","",""
"2007006547","","1","0","0","0","0","0","0","0","0","4","0","","02","12","2006","6","40.480278","-79.95426","0920","11","0","0","0","0","0","2","0","0","1","0","0","0","","","0","","1","","40 28:49.000","4","0","79 57:15.335","0","0","0","0","2301","0","0","0","N","0","0","0","2","02301","0","","1.0","","1","N","N","","0","","0","0","1","","2","N","","3","0","0","0","0","0","0","2","1","3","","","","N","","","","","","","","","",""