"CRN","ARRIVAL_TM","AUTOMOBILE_COUNT","BELTED_DEATH_COUNT","BELTED_SUSP_SERIOUS_INJ_COUNT","BICYCLE_COUNT","BICYCLE_DEATH_COUNT","BICYCLE_SUSP_SERIOUS_INJ_COUNT","BUS_COUNT","CHLDPAS_DEATH_COUNT","CHLDPAS_SUSP_SERIOUS_INJ_COUNT","COLLISION_TYPE","COMM_VEH_COUNT","CONS_ZONE_SPD_LIM","COUNTY","CRASH_MONTH","CRASH_YEAR","DAY_OF_WEEK","DEC_LATITUDE","DEC_LONGITUDE","DISPATCH_TM","DISTRICT","DRIVER_COUNT_16YR","DRIVER_COUNT_17YR","DRIVER_COUNT_18YR","DRIVER_COUNT_19YR","DRIVER_COUNT_20YR","DRIVER_COUNT_50_64YR","DRIVER_COUNT_65_74YR","DRIVER_COUNT_75PLUS","EST_HRS_CLOSED","FATAL_COUNT","HEAVY_TRUCK_COUNT","HORSE_BUGGY_COUNT","HOUR_OF_DAY","ILLUMINATION","INJURY_COUNT","INTERSECTION_RELATED","INTERSECT_TYPE","LANE_CLOSED","LATITUDE","LN_CLOSE_DIR","LOCATION_TYPE","LONGITUDE","MAX_SEVERITY_LEVEL","MCYCLE_DEATH_COUNT","MCYCLE_SUSP_SERIOUS_INJ_COUNT","MOTORCYCLE_COUNT","MUNICIPALITY","NONMOTR_COUNT","NONMOTR_DEATH_COUNT","NONMOTR_SUSP_SERIOUS_INJ_COUNT","NTFY_HIWY_MAINT","PED_COUNT","PED_DEATH_COUNT","PED_SUSP_SERIOUS_INJ_COUNT","PERSON_COUNT","POLICE_AGCY","POSSIBLE_INJ_COUNT","RDWY_SURF_TYPE_CD","RELATION_TO_ROAD","ROADWAY_CLEARED","ROAD_CONDITION","SCH_BUS_IND","SCH_ZONE_IND","SECONDARY_CRASH","SMALL_TRUCK_COUNT","SPEC_JURIS_CD","SUSP_MINOR_INJ_COUNT","SUSP_SERIOUS_INJ_COUNT","SUV_COUNT","TCD_FUNC_CD","TCD_TYPE","TFC_DETOUR_IND","TIME_OF_DAY","TOTAL_UNITS","TOT_INJ_COUNT","UNBELTED_OCC_COUNT","UNB_DEATH_COUNT","UNB_SUSP_SERIOUS_INJ_COUNT","UNK_INJ_DEG_COUNT","UNK_INJ_PER_COUNT","URBAN_RURAL","VAN_COUNT","VEHICLE_COUNT","WEATHER1","WEATHER2","WORKERS_PRES","WORK_ZONE_IND","WORK_ZONE_LOC","WORK_ZONE_TYPE","WZ_CLOSE_DETOUR","WZ_FLAGGER","WZ_LAW_OFFCR_IND","WZ_LN_CLOSURE","WZ_MOVING","WZ_OTHER","WZ_SHLDER_MDN","WZ_WORKERS_INJ_KILLED"
"2007006564","","0","0","0","0","0","0","0","0","0","7","0","","02","12","2006","1","40.349173","-79.873424","1853","11","0","0","0","0","0","0","0","0","1","0","0","0","","","2","","0","","40 20:57.021","5","0","79 52:24.327","8","0","0","1","2304","0","0","0","N","0","0","0","2","02304","0","","4.0","","1","N","N","","0","","0","0","0","","0","N","","1","2","0","0","0","2","0","2","0","1","","","","N","","","","","","","","","",""
"2007006587","","1","0","0","0","0","0","0","0","0","1","0","","02","11","2006","5","40.4908","-79.8846","1802","11","0","0","0","0","0","1","0","0","3","0","0","0","","","0","","6","","40 29:26.880","1","2","79 53:04.560","0","0","0","0","2112","0","0","0","N","0","0","0","3","68D02","0","","7.0","","1","N","N","","1","","0","0","1","","4","N","","3","0","0","0","0","0","0","2","0","3","","","","N","","","","","","","","","",""
"2007006611","","0","0","0","0","0","0","1","0","0","2","1","","02","11","2006","3","40.4118","-79.7276","0533","11","0","0","0","0","0","0","0","0","3","0","0","0","","","7","","0","","40 24:42.480","3","0","79 43:39.360","2","0","0","0","2446","0","0","0","N","0","0","0","46","68T09","5","","1.0","","1","N","N","","0","","0","2","0","","0","N","","2","7","0","0","0","0","0","2","0","2","","","","N","","","","","","","","","",""
"2007006645","","0","0","0","0","0","0","0","0","0","7","0","","02","12","2006","4","40.484444","-79.715006","0245","11","0","0","0","0","0","0","0","0","2","0","0","0","","","1","","0","","40 29:04.000","6","0","79 42:54.022","8","0","0","0","2466","0","0","0","N","0","0","0","1","02466","0","","5.0","","1","N","N","","1","","0","0","0","","0","Y","","1","1","0","0","0","1","0","2","0","1","","","","N","","","","","","","","","",""
"2007006761","","1","0","0","0","0","0","0","0","0","7","0","","02","11","2006","3","40.319194","-80.008111","9999","11","0","0","1","0","0","0","0","0","3","0","0","0","","","0","","12","","40 19:09.100","2","0","80 00:29.200","0","0","0","0","2219","0","0","0","N","0","0","0","1","02501","0","","3.0","","1","N","N","","0","","0","0","0","","4","N","","1","0","1","0","0","0","0","2","0","1","","","","N","","","","","","","","","",""
"2007006803","","2","0","0","0","0","0","0","0","0","99","0","","02","12","2006","3","40.497972","-79.854762","1634","11","0","0","0","0","0","0","0","0","2","0","0","0","","","3","","1","","40 29:52.699","5","0","79 51:17.142","4","0","0","0","2112","0","0","0","N","0","0","0","3","02112","2","","1.0","","1","N","N","","1","","0","0","0","","3","N","","3","3","2","0","0","1","0","2","0","3","","","","N","","","","","","","","","",""
"2007006804","","2","0","0","0","0","0","0","0","0","2","0","","02","12","2006","6","","","1725","11","0","0","0","0","0","0","0","0","1","0","0","0","","","2","","0","","","5","0","","3","0","0","0","2112","0","0","0","N","0","0","0","2","02112","1","","1.0","","9","N","N","","0","","1","0","0","","2","N","","2","2","0","0","0","0","0","1","0","2","","","","N","","","","","","","","","",""
"2007006806","","0","0","0","0","0","0","0","0","0","4","0","","02","12","2006","7","40.5073","-79.8516","2304","11","0","0","0","0","0","0","0","0","","0","0","0","","","2","","2","","40 30:26.280","","0","79 51:05.760","4","0","0","0","2112","0","0","0","N","0","0","0","2","02112","1","","1.0","","1","N","N","","0","","0","0","2","","2","","","2","2","0","0","0","1","0","2","0","2","","","","N","","","","","","","","","",""
"2007006807","","2","0","0","0","0","0","0","0","0","4","0","","02","12","2006","6","40.497972","-79.854762","1805","11","0","0","0","0","0","1","0","0","","0","0","0","","","1","","1","","40 29:52.699","","0","79 51:17.142","8","0","0","0","2112","0","0","0","N","0","0","0","2","02112","0","","1.0","","1","N","N","","0","","0","0","0","","0","","","2","1","0","0","0","1","0","2","0","2","","","","N","","","","","","","","","",""
"2007006808","","3","0","0","0","0","0","0","0","0","1","0","","02","12","2006","3","40.487411","-79.883683","1805","11","0","1","0","0","0","0","0","1","","0","0","0","","","0","","0","","40 29:14.680","","0","79 53:01.258","0","0","0","0","2112","0","0","0","N","0","0","0","3","02112","0","","1.0","","1","N","N","","0","","0","0","0","","0","","","3","0","0","0","0","0","0","2","0","3","","","","N","","","","","","","","","",""
"2007007534","","3","0","0","0","0","0","0","0","0","1","0","","02","12","2006","1","40.455556","-79.966188","2226","11","0","0","0","0","0","0","0","0","2","0","0","0","","","0","","1","","40 27:20.000","4","0","79 57:58.275","9","0","0","0","2301","0","0","0","N","0","0","0","3","02301","0","","1.0","","9","N","N","","0","","0","0","0","","2","N","","3","0","0","0","0","0","1","2","0","3","","","","N","","","","","","","","","",""
"2007007545","","0","0","0","0","0","0","0","0","0","7","0","99","02","12","2006","4","40.4932","-79.9098","0653","11","0","0","0","0","0","0","0","0","","0","0","0","","","1","","0","","40 29:35.520","","3","79 54:35.280","8","0","0","0","2112","0","0","0","Y","0","0","0","1","02112","0","","5.0","","2","N","N","","0","","0","0","1","","0","","","1","1","0","0","0","1","0","2","0","1","","","U","Y","8","8","","","U","","","","",""
"2007008041","","0","0","0","0","0","0","0","0","0","7","0","","02","12","2006","7","40.494636","-79.935343","1753","11","0","0","0","0","0","0","0","0","2","0","0","0","","","0","","0","","40 29:40.688","6","0","79 56:07.235","0","0","0","0","2461","0","0","0","N","0","0","0","1","02461","0","","4.0","","1","N","N","","0","","0","0","1","","0","Y","","1","0","0","0","0","0","0","2","0","1","","","","N","","","","","","","","","",""
"2007008216","","2","0","0","0","0","0","0","0","0","1","0","","02","12","2006","1","","","1118","11","0","0","0","0","0","0","0","0","","0","0","0","","","0","","0","","40 24:37.80","","0","80 04:21.72","0","0","0","0","2117","0","0","0","N","0","0","0","2","68B03","0","","1.0","","1","N","N","","0","","0","0","0","","0","","","2","0","0","0","0","0","0","2","0","2","","","","N","","","","","","","","","",""
"2007008219","","0","0","0","0","0","0","0","0","0","1","0","","02","12","2006","3","","","1526","11","0","0","0","0","0","0","0","0","","0","0","0","","","1","","6","","40 26:23.28","","8","80 00:35.28","4","0","0","1","2301","0","0","0","N","0","0","0","4","68B03","1","","1.0","","9","N","N","","0","","0","0","1","","3","","","2","1","0","0","0","0","0","2","0","2","","","","N","","","","","","","","","",""
"2007008220","","0","0","0","0","0","0","0","0","0","99","0","","02","12","2006","7","40.4131","-80.1056","1330","11","0","0","0","0","0","1","0","0","","0","0","0","","","0","","0","","40 24:47.160","","0","80 06:20.160","0","0","0","0","2115","0","0","0","N","0","0","0","1","68B03","0","","1.0","","1","N","N","","0","","0","0","1","","0","","","1","0","0","0","0","0","0","2","0","1","","","","N","","","","","","","","","",""
"2007008221","","2","0","0","0","0","0","0","0","0","1","0","","02","12","2006","5","","","1525","11","0","0","0","0","0","0","0","0","","0","0","0","","","0","","0","","40 26:29.04","","0","79 49:42.60","0","0","0","0","2113","0","0","0","N","0","0","0","2","68B03","0","","1.0","","9","N","N","","0","","0","0","0","","0","","","2","0","0","0","0","0","0","2","0","2","","","","N","","","","","","","","","",""
"2007008222","","1","0","0","0","0","0","0","0","0","5","1","","02","12","2006","4","","","1251","11","0","0","0","0","0","0","0","0","","0","1","0","","","1","","0","","40 25:45.12","","0","79 57:23.04","4","0","0","0","2301","0","0","0","N","0","0","0","3","68B03","1","","1.0","","1","N","N","","0","","0","0","0","","0","","","3","1","0","0","0","0","0","2","1","3","","","","N","","","","","","","","","",""
"2007008225","","1","0","0","0","0","0","0","0","0","1","0","","02","12","2006","3","","","1730","11","0","0","1","0","0","0","0","0","","0","0","0","","","0","","0","","40 25:14.16","","0","80 01:55.20","0","0","0","0","2301","0","0","0","N","0","0","0","2","68B03","0","","1.0","","1","N","N","","1","","0","0","0","","0","","","2","0","0","0","0","0","0","2","0","2","","","","N","","","","","","","","","",""
"2007008228","","1","0","0","0","0","0","0","0","0","1","0","","02","12","2006","5","","","0817","11","0","0","0","0","0","0","0","0","1","0","0","0","","","1","","0","","40 25:12.72","2","0","80 05:31.56","4","0","0","0","2457","0","0","0","N","0","0","0","3","68B03","1","","1.0","","1","N","N","","1","","0","0","1","","0","N","","3","1","0","0","0","0","0","2","0","3","","","","N","","","","","","","","","",""
"2007008229","","2","0","0","0","0","0","0","0","0","2","0","","02","12","2006","5","","","1355","11","0","0","0","0","0","0","1","0","1","0","0","0","","","2","","0","","40 31:12.36","2","0","80 03:46.80","2","0","0","0","2215","0","0","0","N","0","0","0","2","68B03","1","","1.0","","2","N","N","","0","","0","1","0","","0","N","","2","2","0","0","0","0","0","2","0","2","","","","N","","","","","","","","","",""
"2007008230","","1","0","0","0","0","0","0","0","0","7","0","","02","12","2006","5","","","2139","11","0","0","0","0","0","0","0","0","1","0","0","0","","","0","","0","","40 30:02.52","2","0","80 01:27.12","0","0","0","0","2116","0","0","0","N","0","0","0","1","68B03","0","","5.0","","1","N","N","","0","","0","0","0","","0","N","","1","0","0","0","0","0","0","2","0","1","","","","N","","","","","","","","","",""
"2007008231","","0","0","0","0","0","0","0","0","0","4","0","","02","12","2006","5","","","1645","11","0","0","0","0","0","0","0","0","","0","0","0","","","0","","0","","40 26:07.08","","0","79 58:48.36","0","0","0","0","2301","0","0","0","N","0","0","0","3","68B03","0","","1.0","","2","N","N","","0","","0","0","2","","0","","","2","0","0","0","0","0","0","2","0","2","","","","N","","","","","","","","","",""
"2007008232","","1","0","0","0","0","0","0","0","0","1","0","","02","12","2006","5","40.5203","-80.1321","1820","11","0","0","0","0","0","0","0","0","1","0","0","0","","","0","","6","","40 31:13.080","1","2","80 07:55.560","0","0","0","0","2301","0","0","0","N","0","0","0","5","68B03","0","","1.0","","9","N","N","","0","","0","0","1","","4","N","","2","0","0","0","0","0","0","2","0","2","","","","N","","","","","","","","","",""
"2007008329","","1","0","0","0","0","0","0","0","0","4","0","","02","12","2006","5","40.669167","-79.830289","1155","11","0","0","0","0","0","1","1","0","","0","0","0","","","0","","2","","40 40:09.000","","0","79 49:49.042","0","0","0","0","2220","0","0","0","N","0","0","0","2","68D01","0","","1.0","","9","N","N","","1","","0","0","0","","3","","","2","0","0","0","0","0","0","1","0","2","","","","N","","","","","","","","","",""
"2007008345","","1","0","0","0","0","0","0","0","0","1","0","","02","12","2006","6","","","2119","11","1","0","0","0","0","1","0","0","","0","0","0","","","3","","6","","40 24:42.48","","2","80 04:35.04","4","0","0","0","2457","0","0","0","N","0","0","0","9","68B03","3","","1.0","","1","N","N","","0","","0","0","1","","4","","","2","3","0","0","0","0","0","2","0","2","","","","N","","","","","","","","","",""
"2007008346","","1","0","0","0","0","0","0","0","0","7","0","","02","12","2006","7","40.629167","-80.097441","0828","11","0","0","0","0","1","0","0","0","","0","0","0","","","3","","0","","40 37:45.000","","0","80 05:50.786","3","0","0","0","2481","0","0","0","N","0","0","0","3","68B03","2","","5.0","","1","N","N","","0","","1","0","0","","0","","","1","3","1","0","0","0","0","2","0","1","","","","N","","","","","","","","","",""
"2007008372","","1","0","0","0","0","0","0","0","0","1","0","","02","12","2006","3","40.548333","-79.823329","1528","11","0","0","0","0","0","2","0","0","2","0","0","0","","","1","","0","","40 32:54.000","1","0","79 49:23.984","3","0","0","0","2208","0","0","0","N","0","0","0","2","68D02","0","","1.0","","1","N","N","","1","","1","0","0","","0","N","","2","1","0","0","0","0","0","2","0","2","","","","N","","","","","","","","","",""
"2007008373","","0","0","0","0","0","0","0","0","0","5","0","","02","12","2006","3","40.5423","-79.8388","1540","11","0","1","0","0","0","0","0","0","","0","0","0","","","0","","6","","40 32:32.280","","8","79 50:19.680","0","0","0","0","2208","0","0","0","N","0","0","0","2","68D02","0","","1.0","","1","N","N","","0","","0","0","0","","4","","","2","0","0","0","0","0","0","2","2","2","","","","N","","","","","","","","","",""
"2007008374","","1","0","0","0","0","0","0","0","0","1","0","","02","12","2006","3","40.513889","-79.854276","1545","11","0","0","0","0","0","2","0","0","3","0","0","0","","","1","","0","","40 30:50.000","1","0","79 51:15.395","3","0","0","0","2112","0","0","0","N","0","0","0","3","68D02","0","","1.0","","1","N","N","","1","","1","0","1","","0","N","","3","1","0","0","0","0","0","2","0","3","","","","N","","","","","","","","","",""
"2007008600","","0","0","0","0","0","0","0","0","0","7","0","","02","12","2006","7","40.434053","-79.764402","0542","11","0","0","0","0","0","0","0","0","","0","0","0","","","0","","2","","40 26:02.590","","0","79 45:51.847","0","0","0","0","2446","0","0","0","N","0","0","0","1","02446","0","","4.0","","1","N","N","","1","","0","0","0","","2","","","1","0","1","0","0","0","0","2","0","1","","","","N","","","","","","","","","",""
"2007008646","","2","0","0","0","0","0","0","0","0","1","0","","02","12","2006","6","","","0734","11","0","0","0","0","0","0","0","0","","0","0","0","","","0","","0","","40 25:08.76","","0","80 03:09.36","0","0","0","0","2435","0","0","0","N","0","0","0","2","68B03","0","","1.0","","1","N","N","","0","","0","0","0","","0","","","2","0","0","0","0","0","0","2","0","2","","","","N","","","","","","","","","",""
"2007009233","","3","0","0","0","0","0","0","0","0","1","0","","02","12","2006","4","40.4375","-79.754767","1729","11","0","0","0","0","0","0","0","0","","0","0","0","","","0","","6","","40 26:15.000","","2","79 45:17.160","0","0","0","0","2446","0","0","0","N","0","0","0","3","68T09","0","","1.0","","1","N","N","","0","","0","0","0","","4","","","3","0","0","0","0","0","0","2","0","3","","","","N","","","","","","","","","",""
"2007009340","","2","0","0","0","0","0","0","0","0","1","0","","02","12","2006","6","40.473333","-80.063099","1502","11","0","0","0","0","0","1","0","0","2","0","0","0","","","1","","1","","40 28:24.000","1","0","80 03:47.156","8","0","0","0","2444","0","0","0","N","0","0","0","3","02444","0","","1.0","","1","N","N","","0","","0","0","0","","4","N","","2","1","0","0","0","1","0","2","0","2","","","","N","","","","","","","","","",""
"2007009473","","1","0","0","0","0","0","0","0","0","7","0","","02","12","2006","4","40.393611","-80.195806","0033","11","0","0","0","0","0","0","0","0","1","0","0","0","","","2","","0","","40 23:37.000","6","0","80 11:44.900","3","0","0","0","2214","0","0","0","N","0","0","0","2","02214","0","","5.0","","9","N","N","","0","","2","0","0","","0","N","","1","2","0","0","0","0","0","2","0","1","","","","N","","","","","","","","","",""
"2007009568","","1","0","0","0","0","0","0","0","0","99","0","","02","12","2006","7","40.431389","-80.19124","1746","11","0","0","0","0","0","0","0","0","","0","0","0","","","0","","0","","40 25:53.000","","0","80 11:28.463","0","0","0","0","2214","0","0","0","N","0","0","0","1","02214","0","","1.0","","1","N","N","","0","","0","0","0","","0","","","1","0","0","0","0","0","0","1","0","1","","","","N","","","","","","","","","",""
"2007009573","","2","0","0","0","0","0","0","0","0","4","0","","02","12","2006","4","40.450639","-80.174278","1731","11","0","0","0","0","0","0","0","0","1","0","0","0","","","2","","1","","40 27:02.300","4","0","80 10:27.400","4","0","0","0","2214","0","0","0","N","0","0","0","4","02214","2","","1.0","","1","N","N","","0","","0","0","0","","2","N","","2","2","1","0","0","0","0","2","0","2","","","","N","","","","","","","","","",""
"2007009656","","2","0","0","0","0","0","0","0","0","1","0","","02","11","2006","5","","","1815","11","0","0","0","0","0","0","0","0","","0","0","0","","","0","","0","","40 25:51.24","","0","80 01:33.96","0","0","0","0","2301","0","0","0","N","0","0","0","2","68B03","0","","1.0","","1","N","N","","0","","0","0","0","","0","","","2","0","0","0","0","0","0","2","0","2","","","","N","","","","","","","","","",""
"2007009666","","0","0","0","0","0","0","0","0","0","99","0","","02","11","2006","6","40.5986","-80.0933","2332","11","0","0","0","0","0","0","0","0","","0","0","0","","","0","","0","","40 35:54.960","","0","80 05:35.880","0","0","0","0","2481","0","0","0","N","0","0","0","1","68B03","0","","1.0","","1","N","N","","0","","0","0","1","","0","","","1","0","0","0","0","0","0","2","0","1","","","","N","","","","","","","","","",""
"2007009667","","2","0","0","0","0","0","0","0","0","1","0","","02","12","2006","5","","","0728","11","0","0","0","0","0","0","0","0","","0","0","0","","","1","","6","","40 24:42.48","","0","80 04:35.04","8","0","0","0","2117","0","0","0","N","0","0","0","2","68B03","0","","1.0","","1","N","N","","0","","0","0","0","","4","","","2","1","0","0","0","1","0","2","0","2","","","","N","","","","","","","","","",""
"2007009668","","2","0","0","0","0","0","0","0","0","1","0","","02","12","2006","7","","","2200","11","0","0","2","0","0","0","0","0","","0","0","0","","","0","","6","","40 24:42.48","","0","80 04:36.48","0","0","0","0","2117","0","0","0","N","0","0","0","3","68B03","0","","1.0","","1","N","N","","0","","0","0","0","","4","","","2","0","0","0","0","0","0","2","0","2","","","","N","","","","","","","","","",""
"2007009670","","1","0","0","0","0","0","0","0","0","1","0","","02","12","2006","5","","","0651","11","0","0","0","0","0","0","0","0","","0","0","0","","","0","","0","","40 30:28.08","","0","80 02:40.20","0","0","0","0","2116","0","0","0","N","0","0","0","2","68B03","0","","1.0","","1","N","N","","1","","0","0","0","","0","","","2","0","0","0","0","0","0","2","0","2","","","","N","","","","","","","","","",""
"2007009671","","2","0","0","0","0","0","0","0","0","1","0","","02","12","2006","6","","","0643","11","0","0","0","0","0","0","0","0","","0","0","0","","","0","","6","","40 24:42.48","","2","80 04:36.48","0","0","0","0","2117","0","0","0","N","0","0","0","3","68B03","0","","1.0","","1","N","N","","0","","0","0","1","","4","","","3","0","0","0","0","0","0","2","0","3","","","","N","","","","","","","","","",""
"2007009672","","1","0","0","0","0","0","0","0","0","1","0","","02","12","2006","7","","","1720","11","0","0","0","0","0","1","0","0","2","0","0","0","","","0","","6","","40 27:07.56","2","2","80 10:23.52","0","0","0","0","2115","0","0","0","N","0","0","0","4","68B03","0","","1.0","","1","N","N","","0","","0","0","1","","4","N","","2","0","0","0","0","0","0","2","0","2","","","","N","","","","","","","","","",""
"2007009673","","0","0","0","0","0","0","0","0","0","4","0","","02","9","2006","3","","","0700","11","0","0","0","0","0","2","0","0","","0","0","0","","","0","","0","","40 25:23.88","","0","80 06:20.16","0","0","0","0","2102","0","0","0","N","0","0","0","2","68B03","0","","1.0","","1","N","N","","1","","0","0","0","","0","","","2","0","0","0","0","0","0","2","1","2","","","","N","","","","","","","","","",""
"2007009674","","1","0","0","0","0","0","0","0","0","7","0","","02","12","2006","5","","","1625","11","0","0","0","0","0","0","0","0","","0","0","0","","","0","","0","","40 29:20.40","","0","80 00:34.92","0","0","0","0","2301","0","0","0","N","0","0","0","1","68B03","0","","4.0","","7","N","N","","0","","0","0","0","","0","","","1","0","0","0","0","0","0","2","0","1","","","","N","","","","","","","","","",""
"2007009675","","0","0","0","0","0","0","0","0","0","1","1","","02","12","2006","5","","","0928","11","0","0","0","0","0","0","0","0","","0","1","0","","","1","","0","","40 25:18.12","","0","80 01:51.24","4","0","0","0","2301","0","0","0","N","0","0","0","3","68B03","1","","1.0","","1","N","N","","2","","0","0","0","","0","","","3","1","1","0","0","0","0","2","0","3","","","","N","","","","","","","","","",""
"2007009676","","0","0","0","0","0","0","0","0","0","7","0","","02","12","2006","6","","","1439","11","0","0","0","0","0","0","0","0","","0","0","0","","","1","","0","","40 26:44.16","","0","79 50:41.64","3","0","0","0","2419","0","0","0","N","0","0","0","1","68B03","0","","4.0","","1","N","N","","0","","1","0","1","","0","","","1","1","1","0","0","0","0","2","0","1","","","","N","","","","","","","","","",""
"2007009732","","4","0","0","0","0","0","0","0","0","7","0","","02","12","2006","5","40.464713","-80.174665","1946","11","0","0","0","0","0","0","0","0","2","0","0","0","","","0","","0","","40 27:52.966","5","0","80 10:28.793","0","0","0","0","2213","0","0","0","N","0","0","0","4","68B03","0","","5.0","","2","N","N","","0","","0","0","0","","0","N","","4","0","0","0","0","0","0","1","0","4","","","","N","","","","","","","","","",""
"2007009916","","2","0","0","0","0","0","0","0","0","1","0","","02","10","2006","6","","","1958","11","0","0","0","0","0","0","0","0","","0","0","0","","","0","","6","","40 25:46.92","","2","79 57:25.20","0","0","0","0","2301","0","0","0","N","0","0","0","3","68B03","0","","1.0","","1","N","N","","0","","0","0","0","","4","","","2","0","0","0","0","0","0","2","0","2","","","","N","","","","","","","","","",""
"2007009975","","2","0","0","0","0","0","0","0","0","4","0","","02","1","2006","5","40.396224","-80.086055","1800","11","0","0","0","0","0","0","0","0","1","0","0","0","","","0","","0","","40 23:46.406","2","7","80 05:09.798","9","0","0","0","2117","0","0","0","N","0","0","0","3","02117","0","","1.0","","9","N","N","","0","","0","0","0","","0","Y","","2","0","0","0","0","0","3","2","0","2","","","","N","","","","","","","","","",""
"2007010215","","1","0","0","0","0","0","0","0","0","2","0","","02","12","2006","7","40.443667","-80.210806","1802","11","0","0","0","0","0","0","0","1","","0","0","0","","","0","","0","","40 26:37.200","","0","80 12:38.900","0","0","0","0","2214","0","0","0","N","0","0","0","1","02214","0","","1.0","","1","N","N","","0","","0","0","1","","0","","","2","0","0","0","0","0","0","2","0","2","","","","N","","","","","","","","","",""
"2007010226","","0","0","0","0","0","0","0","0","0","99","0","","02","11","2006","5","40.426667","-80.294983","2243","11","0","0","0","0","0","0","0","0","","0","0","0","","","0","","0","","40 25:36.000","","0","80 17:41.938","0","0","0","0","2115","0","0","0","N","0","0","0","1","68B03","0","","1.0","","1","N","N","","0","","0","0","1","","0","","","1","0","0","0","0","0","0","1","0","1","","","","N","","","","","","","","","",""
"2007010449","","1","0","0","0","0","0","0","0","0","7","0","","02","12","2006","5","40.364167","-80.135868","1430","11","0","1","0","0","0","0","0","0","","0","0","0","","","0","","0","","40 21:51.000","","0","80 08:09.124","0","0","0","0","2119","0","0","0","N","0","0","0","1","02119","0","","4.0","","1","N","N","","0","","0","0","0","","0","","","1","0","0","0","0","0","0","2","0","1","","","","N","","","","","","","","","",""
"2007010450","","0","0","0","0","0","0","0","0","0","4","0","","02","11","2006","3","40.355278","-80.140977","0230","11","0","0","0","0","0","0","0","0","","0","0","0","","","0","","0","","40 21:19.000","","0","80 08:27.517","0","0","0","0","2119","0","0","0","N","0","0","0","1","02119","0","","5.0","","9","N","N","","1","","0","0","0","","0","","","2","0","1","0","0","0","0","2","0","2","","","","N","","","","","","","","","",""
"2007010451","","1","0","0","0","0","0","0","0","0","4","0","","02","12","2006","5","40.3486","-80.1558","1640","11","0","0","0","0","0","1","0","0","","0","0","0","","","0","","0","","40 20:54.960","","0","80 09:20.880","0","0","0","0","2119","0","0","0","N","0","0","0","3","02119","0","","1.0","","7","N","N","","1","","0","0","0","","0","","","2","0","0","0","0","0","0","2","0","2","","","","N","","","","","","","","","",""
"2007010453","","3","0","0","0","0","0","0","0","0","1","0","","02","12","2006","2","40.338889","-80.125946","1505","11","0","0","0","0","0","1","0","1","","0","0","0","","","0","","1","","40 20:20.000","","0","80 07:33.404","0","0","0","0","2119","0","0","0","N","0","0","0","3","02119","0","","1.0","","1","N","N","","0","","0","0","0","","0","","","3","0","1","0","0","0","0","2","0","3","","","","N","","","","","","","","","",""
"2007010454","","2","0","0","0","0","0","0","0","0","1","0","","02","12","2006","4","40.356667","-80.119684","1753","11","0","0","0","0","0","1","0","0","","0","0","0","","","1","","0","","40 21:24.000","","0","80 07:10.861","8","0","0","0","2119","0","0","0","N","0","0","0","3","02119","0","","1.0","","1","N","N","","0","","0","0","0","","2","","","2","1","0","0","0","1","0","2","0","2","","","","N","","","","","","","","","",""
"2007010455","","1","0","0","0","0","0","0","0","0","99","0","","02","12","2006","6","40.3494","-80.1123","0639","11","0","0","0","0","0","1","1","0","1","0","0","0","","","1","","0","","40 20:57.840","1","7","80 06:44.280","8","0","0","0","2119","0","0","0","N","0","0","0","2","02119","0","","1.0","","9","N","N","","1","","0","0","0","","0","N","","2","1","0","0","0","1","0","2","0","2","","","","N","","","","","","","","","",""
"2007010504","","1","0","0","0","0","0","0","0","0","7","0","","02","12","2006","2","40.402709","-79.842111","0535","11","0","0","0","0","0","0","0","0","3","0","0","0","","","1","","0","","40 24:09.751","6","0","79 50:31.600","2","0","0","0","2411","0","0","0","Y","0","0","0","2","02411","0","","5.0","","1","N","N","","0","","0","1","0","","8","Y","","1","1","0","0","0","0","0","2","0","1","","","","N","","","","","","","","","",""
"2007010838","","2","0","0","0","0","0","0","0","0","1","0","","02","11","2006","2","","","2033","11","0","0","0","1","0","0","0","0","","0","0","0","","","0","","6","","40 25:46.92","","2","79 57:25.20","0","0","0","0","2301","0","0","0","N","0","0","0","3","68B03","0","","1.0","","1","N","N","","0","","0","0","0","","4","","","2","0","0","0","0","0","0","2","0","2","","","","N","","","","","","","","","",""
"2007010851","","2","0","0","0","0","0","0","0","0","1","0","","02","12","2006","7","","","1745","11","0","0","0","0","0","0","0","0","1","0","0","0","","","0","","0","","40 25:15.24","1","0","80 02:50.28","0","0","0","0","2435","0","0","0","N","0","0","0","7","68B03","0","","1.0","","1","N","N","","1","","0","0","0","","0","N","","3","0","0","0","0","0","0","2","0","3","","","","N","","","","","","","","","",""
"2007010852","","1","0","0","0","0","0","0","0","0","1","0","45","02","9","2006","6","","","0205","11","0","0","0","0","0","0","0","0","4","0","0","0","","","0","","0","","40 26:10.68","4","0","79 58:19.92","0","0","0","0","2301","0","0","0","N","0","0","0","1","68B03","0","","5.0","","1","N","N","","0","","0","0","0","","2","N","","2","0","0","0","0","0","0","2","0","2","","","Y","Y","3","2","","","Y","Y","","","",""
"2007010902","","1","0","0","0","0","0","0","0","0","1","0","","02","12","2006","4","","","1548","11","0","0","1","0","0","0","0","0","","0","0","0","","","1","","0","","40 26:29.40","","0","80 09:28.80","4","0","0","0","2115","0","0","0","N","0","0","0","3","68B03","1","","1.0","","1","N","N","","0","","0","0","1","","8","","","2","1","1","0","0","0","0","2","0","2","","","","N","","","","","","","","","",""