"CRN","ARRIVAL_TM","AUTOMOBILE_COUNT","BELTED_DEATH_COUNT","BELTED_SUSP_SERIOUS_INJ_COUNT","BICYCLE_COUNT","BICYCLE_DEATH_COUNT","BICYCLE_SUSP_SERIOUS_INJ_COUNT","BUS_COUNT","CHLDPAS_DEATH_COUNT","CHLDPAS_SUSP_SERIOUS_INJ_COUNT","COLLISION_TYPE","COMM_VEH_COUNT","CONS_ZONE_SPD_LIM","COUNTY","CRASH_MONTH","CRASH_YEAR","DAY_OF_WEEK","DEC_LATITUDE","DEC_LONGITUDE","DISPATCH_TM","DISTRICT","DRIVER_COUNT_16YR","DRIVER_COUNT_17YR","DRIVER_COUNT_18YR","DRIVER_COUNT_19YR","DRIVER_COUNT_20YR","DRIVER_COUNT_50_64YR","DRIVER_COUNT_65_74YR","DRIVER_COUNT_75PLUS","EST_HRS_CLOSED","FATAL_COUNT","HEAVY_TRUCK_COUNT","HORSE_BUGGY_COUNT","HOUR_OF_DAY","ILLUMINATION","INJURY_COUNT","INTERSECTION_RELATED","INTERSECT_TYPE","LANE_CLOSED","LATITUDE","LN_CLOSE_DIR","LOCATION_TYPE","LONGITUDE","MAX_SEVERITY_LEVEL","MCYCLE_DEATH_COUNT","MCYCLE_SUSP_SERIOUS_INJ_COUNT","MOTORCYCLE_COUNT","MUNICIPALITY","NONMOTR_COUNT","NONMOTR_DEATH_COUNT","NONMOTR_SUSP_SERIOUS_INJ_COUNT","NTFY_HIWY_MAINT","PED_COUNT","PED_DEATH_COUNT","PED_SUSP_SERIOUS_INJ_COUNT","PERSON_COUNT","POLICE_AGCY","POSSIBLE_INJ_COUNT","RDWY_SURF_TYPE_CD","RELATION_TO_ROAD","ROADWAY_CLEARED","ROAD_CONDITION","SCH_BUS_IND","SCH_ZONE_IND","SECONDARY_CRASH","SMALL_TRUCK_COUNT","SPEC_JURIS_CD","SUSP_MINOR_INJ_COUNT","SUSP_SERIOUS_INJ_COUNT","SUV_COUNT","TCD_FUNC_CD","TCD_TYPE","TFC_DETOUR_IND","TIME_OF_DAY","TOTAL_UNITS","TOT_INJ_COUNT","UNBELTED_OCC_COUNT","UNB_DEATH_COUNT","UNB_SUSP_SERIOUS_INJ_COUNT","UNK_INJ_DEG_COUNT","UNK_INJ_PER_COUNT","URBAN_RURAL","VAN_COUNT","VEHICLE_COUNT","WEATHER1","WEATHER2","WORKERS_PRES","WORK_ZONE_IND","WORK_ZONE_LOC","WORK_ZONE_TYPE","WZ_CLOSE_DETOUR","WZ_FLAGGER","WZ_LAW_OFFCR_IND","WZ_LN_CLOSURE","WZ_MOVING","WZ_OTHER","WZ_SHLDER_MDN","WZ_WORKERS_INJ_KILLED"
"2008027959","","1","0","0","0","0","0","0","0","0","4","0","","02","2","2006","4","40.543008","-80.011113","1812","11","0","0","0","0","0","0","0","0","1","0","0","0","","","0","","0","","40 32:34.828","3","0","80 00:40.006","0","0","0","0","2116","0","0","0","N","0","0","0","2","02116","0","","1.0","","9","N","N","","1","","0","0","0","","0","N","","2","0","0","0","0","0","0","2","0","2","","","","N","","","","","","","","","",""
"2008029261","1942","1","0","0","0","0","0","0","0","0","7","0","","02","2","2006","1","40.657778","-79.967836","1935","11","1","0","0","0","0","0","0","0","1","0","0","0","","","0","","1","","40 39:28.000","1","0","79 58:04.210","0","0","0","0","2217","0","0","0","N","0","0","0","1","02505","0","","5.0","","7","N","N","","0","","0","0","0","","0","Y","","1","0","0","0","0","0","0","1","0","1","","","","N","","","","","","","","","",""
"2008055401","","2","0","0","0","0","0","0","0","0","4","0","","02","8","2006","2","40.535917","-80.183035","","11","0","0","0","0","0","0","1","0","2","0","0","0","","","1","","1","","40 32:09.302","1","0","80 10:58.925","8","0","0","0","2458","0","0","0","N","0","0","0","3","02458","0","","1.0","","1","N","N","","0","","0","0","0","","2","N","","2","1","0","0","0","1","2","2","0","2","","","","N","","","","","","","","","",""
"2008077821","","0","0","0","0","0","0","0","0","0","7","0","","02","6","2006","4","40.452562","-80.193509","","11","0","0","0","0","0","0","0","0","9","0","0","0","","","0","","0","","40 27:09.223","3","0","80 11:36.632","0","0","0","0","2214","0","0","0","N","0","0","0","1","02214","0","","4.0","","9","N","N","","1","","0","0","0","","0","N","","1","0","0","0","0","0","0","2","0","1","","05","","N","","","","","","","","","",""
"2008103998","","2","0","0","0","0","0","0","0","0","1","0","","02","8","2006","7","40.3962","-79.9981","","11","0","0","0","0","1","0","0","0","","0","0","0","","","0","","2","","40 23:46.320","","0","79 59:53.160","0","0","0","0","2301","0","0","0","N","0","0","0","2","02301","0","","1.0","","1","N","N","","0","","0","0","0","","0","","","2","0","0","0","0","0","0","2","0","2","","","","N","","","","","","","","","",""
"2009019313","","1","0","0","0","0","0","0","0","0","7","0","","02","1","2006","7","40.386823","-79.981254","","11","0","0","1","0","0","0","0","0","1","0","0","0","","","0","","0","","40 23:12.562","1","0","79 58:52.514","0","0","0","0","2301","0","0","0","N","0","0","0","1","02301","0","","2.0","","7","N","N","","0","","0","0","0","","0","N","","1","0","0","0","0","0","0","2","0","1","","","","N","","","","","","","","","",""
"2009053035","","0","0","0","0","0","0","0","0","0","7","0","","02","1","2006","4","40.357485","-80.112658","","11","0","0","0","0","0","0","0","0","","0","0","0","","","0","","2","","40 21:26.945","","0","80 06:45.568","0","0","0","0","2414","0","0","0","N","0","0","0","1","02414","0","","5.0","","9","N","N","","1","","0","0","0","","0","","","1","0","0","0","0","0","0","2","0","1","","","","N","","","","","","","","","",""
"2009053036","","1","0","0","0","0","0","0","0","0","8","0","","02","1","2006","5","40.360898","-80.111189","","11","0","0","0","0","0","0","0","0","","0","0","0","","","1","","2","","40 21:39.232","","0","80 06:40.280","3","0","0","0","2414","1","0","0","N","1","0","0","2","02414","0","","1.0","","9","N","N","","0","","1","0","0","","3","","","2","1","0","0","0","0","0","2","0","1","","","","N","","","","","","","","","",""
"2009053037","","1","0","0","0","0","0","0","0","0","4","0","","02","1","2006","4","40.353233","-80.105929","","11","0","0","0","0","0","0","1","0","","0","0","0","","","0","","1","","40 21:11.640","","0","80 06:21.344","0","0","0","0","2414","0","0","0","N","0","0","0","2","02414","0","","1.0","","1","N","N","","0","","0","0","0","","3","","","2","0","0","0","0","0","0","2","1","2","","","","N","","","","","","","","","",""
"2009053038","","1","0","0","0","0","0","0","0","0","4","0","","02","2","2006","2","40.358332","-80.105266","","11","0","0","0","0","0","0","1","0","","0","0","0","","","1","","2","","40 21:29.996","","0","80 06:18.957","4","0","0","0","2414","0","0","0","N","0","0","0","2","02414","1","","1.0","","1","N","N","","0","","0","0","1","","3","","","2","1","0","0","0","0","0","2","0","2","","","","N","","","","","","","","","",""
"2009053039","","0","0","0","0","0","0","0","0","0","1","0","","02","2","2006","3","40.355461","-80.114119","","11","0","0","0","0","0","2","0","0","","0","0","0","","","4","","1","","40 21:19.661","","3","80 06:50.828","3","0","0","0","2414","0","0","0","N","0","0","0","6","02414","3","","1.0","","1","N","N","","2","","1","0","1","","2","","","4","4","1","0","0","0","0","2","1","4","","","","N","","","","","","","","","",""
"2009053040","","1","0","0","0","0","0","0","0","0","4","0","","02","2","2006","3","40.370024","-80.100896","","11","0","0","0","1","0","0","0","0","","0","1","0","","","0","","0","","40 22:12.087","","0","80 06:03.226","0","0","0","0","2414","0","0","0","N","0","0","0","3","02414","0","","1.0","","1","N","N","","0","","0","0","0","","0","","","2","0","0","0","0","0","0","2","0","2","","","","N","","","","","","","","","",""
"2009053041","","2","0","0","0","0","0","0","0","0","4","0","","02","3","2006","7","40.3626","-80.1105","","11","0","0","1","0","0","0","0","0","1","0","0","0","","","1","","2","","40 21:45.360","2","0","80 06:37.800","8","0","0","0","2414","0","0","0","N","0","0","0","2","02414","0","","1.0","","9","N","N","","0","","0","0","0","","2","Y","","2","1","0","0","0","1","0","2","0","2","","","","N","","","","","","","","","",""
"2009053042","","1","0","0","0","0","0","0","0","0","5","0","","02","4","2006","1","40.351784","-80.098319","","11","0","0","0","0","0","0","0","0","1","0","0","0","","","1","","0","","40 21:06.422","5","0","80 05:53.950","4","0","0","0","2414","0","0","0","N","0","0","0","1","02414","1","","1.0","","9","N","N","","0","","0","0","1","","0","Y","","2","1","0","0","0","0","0","2","0","2","","","","N","","","","","","","","","",""
"2009053043","","2","0","0","0","0","0","0","0","0","4","0","","02","4","2006","5","40.35999","-80.111564","","11","0","1","0","0","0","0","0","0","","0","0","0","","","0","","1","","40 21:35.963","","0","80 06:41.631","0","0","0","0","2414","0","0","0","N","0","0","0","6","02414","0","","1.0","","1","N","N","","0","","0","0","0","","2","","","2","0","0","0","0","0","0","2","0","2","","","","N","","","","","","","","","",""
"2009053044","","1","0","0","0","0","0","0","0","0","2","0","","02","5","2006","4","40.359147","-80.109525","","11","0","0","0","0","0","0","0","0","1","0","0","0","","","0","","2","","40 21:32.929","3","0","80 06:34.290","0","0","0","0","2414","0","0","0","N","0","0","0","3","02414","0","","1.0","","1","N","N","","1","","0","0","0","","3","Y","","3","0","0","0","0","0","0","2","1","3","","","","N","","","","","","","","","",""
"2009053045","","2","0","0","0","0","0","0","0","0","4","0","","02","5","2006","7","40.350408","-80.104879","","11","0","0","0","0","0","0","0","1","1","0","0","0","","","0","","1","","40 21:01.467","4","0","80 06:17.565","0","0","0","0","2414","0","0","0","N","0","0","0","4","02414","0","","1.0","","1","N","N","","1","","0","0","0","","3","Y","","3","0","0","0","0","0","0","2","0","3","","","","N","","","","","","","","","",""
"2009053046","","1","0","0","0","0","0","0","0","0","4","0","","02","5","2006","3","40.358332","-80.105266","","11","0","1","0","0","0","0","0","0","1","0","0","0","","","1","","2","","40 21:29.996","3","0","80 06:18.957","4","0","0","0","2414","0","0","0","N","0","0","0","2","02414","1","","1.0","","1","N","N","","1","","0","0","0","","3","Y","","2","1","0","0","0","0","0","2","0","2","","","","N","","","","","","","","","",""
"2009053047","","1","0","0","0","0","0","0","0","0","1","0","","02","5","2006","5","40.358504","-80.112217","","11","0","0","0","0","0","0","1","0","","0","0","0","","","0","","1","","40 21:30.614","","0","80 06:43.982","0","0","0","0","2414","0","0","0","N","0","0","0","2","02414","0","","1.0","","1","N","N","","1","","0","0","0","","2","","","2","0","0","0","0","0","0","2","0","2","","","","N","","","","","","","","","",""
"2009053048","","2","0","0","0","0","0","0","0","0","2","0","","02","6","2006","3","40.348951","-80.104603","","11","0","1","0","0","0","1","0","0","1","0","0","0","","","0","","1","","40 20:56.225","1","0","80 06:16.572","0","0","0","0","2414","0","0","0","N","0","0","0","3","02414","0","","1.0","","1","N","N","","0","","0","0","0","","3","N","","2","0","0","0","0","0","0","2","0","2","","","","N","","","","","","","","","",""
"2009053049","","1","0","0","0","0","0","0","0","0","7","0","","02","6","2006","4","40.361034","-80.111129","","11","0","0","0","1","0","0","0","0","2","0","0","0","","","1","","0","","40 21:39.724","5","0","80 06:40.064","3","0","0","0","2414","0","0","0","N","0","0","0","1","02414","0","","4.0","","1","N","N","","0","","1","0","0","","0","Y","","1","1","1","0","0","0","0","2","0","1","","","","N","","","","","","","","","",""
"2009053050","","1","0","0","0","0","0","0","0","0","4","0","","02","7","2006","4","40.357608","-80.105163","","11","0","0","0","0","0","0","0","0","1","0","0","0","","","1","","1","","40 21:27.390","2","0","80 06:18.587","4","0","0","0","2414","0","0","0","N","0","0","0","3","02414","1","","1.0","","1","N","N","","1","","0","0","0","","2","Y","","2","1","1","0","0","0","0","2","0","2","","","","N","","","","","","","","","",""
"2009053051","","1","0","0","0","0","0","0","0","0","4","0","","02","8","2006","6","40.35999","-80.111564","","11","0","0","0","0","0","0","0","0","","0","0","0","","","1","","1","","40 21:35.963","","0","80 06:41.631","4","0","0","0","2414","0","0","0","N","0","0","0","2","02414","1","","1.0","","1","N","N","","0","","0","0","0","","2","","","2","1","0","0","0","0","0","2","1","2","","","","N","","","","","","","","","",""
"2009053052","","2","0","0","0","0","0","0","0","0","1","0","","02","8","2006","3","40.371485","-80.099955","","11","0","0","0","0","0","0","0","0","","0","0","0","","","1","","0","","40 22:17.346","","0","80 05:59.839","4","0","0","0","2414","0","0","0","N","0","0","0","3","02414","1","","1.0","","1","N","N","","1","","0","0","0","","2","","","3","1","0","0","0","0","0","2","0","3","","","","N","","","","","","","","","",""
"2009053053","","4","0","0","0","0","0","0","0","0","4","0","","02","8","2006","5","40.357608","-80.105163","","11","0","0","0","0","0","0","0","0","","0","0","0","","","0","","1","","40 21:27.390","","0","80 06:18.587","0","0","0","0","2414","0","0","0","N","0","0","0","2","02414","0","","1.0","","1","N","N","","0","","0","0","0","","2","","","4","0","0","0","0","0","0","2","0","4","","","","N","","","","","","","","","",""
"2009053054","","1","0","0","0","0","0","0","0","0","4","0","","02","8","2006","7","40.358332","-80.105266","","11","0","0","1","0","0","1","0","0","1","0","0","0","","","2","","2","","40 21:29.996","3","0","80 06:18.957","4","0","0","0","2414","0","0","0","N","0","0","0","3","02414","1","","1.0","","1","N","N","","0","","0","0","1","","3","Y","","2","2","0","0","0","1","0","2","0","2","","","","N","","","","","","","","","",""
"2009053055","","1","0","0","0","0","0","0","0","0","2","0","","02","9","2006","2","40.357608","-80.105163","","11","0","0","0","0","0","1","0","0","","0","0","0","","","0","","1","","40 21:27.390","","0","80 06:18.587","0","0","0","0","2414","0","0","0","N","0","0","0","2","02414","0","","1.0","","9","N","N","","1","","0","0","0","","2","","","2","0","0","0","0","0","0","2","0","2","","","","N","","","","","","","","","",""
"2009053056","","1","0","0","0","0","0","0","0","0","2","0","","02","10","2006","5","40.357","-80.1098","","11","0","0","0","0","0","0","0","0","3","0","0","0","","","0","","0","","40 21:25.200","5","0","80 06:35.280","0","0","0","0","2414","0","0","0","N","0","0","0","1","02414","0","","1.0","","1","N","N","","0","","0","0","1","","0","Y","","2","0","0","0","0","0","0","2","0","2","","","","N","","","","","","","","","",""
"2009053057","","1","0","0","0","0","0","0","0","0","7","0","","02","10","2006","7","40.360578","-80.112937","","11","0","0","0","0","0","0","0","0","","0","0","0","","","0","","2","","40 21:38.080","","0","80 06:46.573","0","0","0","0","2414","0","0","0","N","0","0","0","2","02414","0","","4.0","","1","N","N","","0","","0","0","0","","0","","","1","0","0","0","0","0","0","2","0","1","","","","N","","","","","","","","","",""
"2009053058","","1","0","0","0","0","0","0","0","0","7","0","","02","10","2006","3","40.3541","-80.1376","","11","0","0","0","0","0","0","0","0","1","0","0","0","","","1","","3","","40 21:14.760","4","0","80 08:15.360","4","0","0","0","2414","0","0","0","N","0","0","0","1","02414","1","","2.0","","9","N","N","","0","","0","0","0","","0","Y","","1","1","0","0","0","0","0","2","0","1","","","","N","","","","","","","","","",""
"2009053059","","1","0","0","0","0","0","0","0","0","4","0","","02","10","2006","3","40.349231","-80.103544","","11","0","0","0","0","0","1","0","0","2","0","0","0","","","2","","2","","40 20:57.233","4","0","80 06:12.757","4","0","0","0","2414","0","0","0","N","0","0","0","4","02414","2","","1.0","","1","N","N","","0","","0","0","1","","0","Y","","2","2","0","0","0","0","0","2","0","2","","","","N","","","","","","","","","",""
"2009053060","","1","0","1","0","0","0","0","0","0","4","0","","02","10","2006","7","40.350104","-80.106823","","11","0","0","0","0","0","1","0","0","2","0","0","0","","","2","","2","","40 21:00.374","7","0","80 06:24.563","2","0","0","0","2414","0","0","0","N","0","0","0","3","02414","1","","1.0","","9","N","N","","0","","0","1","1","","0","Y","","2","2","0","0","0","0","0","2","0","2","","","","N","","","","","","","","","",""
"2009053061","","1","0","0","0","0","0","0","0","0","4","0","","02","11","2006","4","40.349131","-80.104636","","11","0","0","0","0","0","0","0","0","9","0","0","0","","","0","","1","","40 20:56.873","2","0","80 06:16.688","9","0","0","0","2414","0","0","0","N","0","0","0","5","02414","0","","1.0","","9","N","N","","0","","0","0","2","","3","N","","3","0","0","0","0","0","1","2","0","3","","","","N","","","","","","","","","",""
"2009053062","","1","0","0","0","0","0","0","0","0","2","0","","02","11","2006","5","40.359147","-80.109525","","11","0","0","0","0","1","0","0","1","","0","0","0","","","0","","2","","40 21:32.929","","0","80 06:34.290","0","0","0","0","2414","0","0","0","N","0","0","0","2","02414","0","","1.0","","9","N","N","","1","","0","0","0","","3","","","2","0","0","0","0","0","0","2","0","2","","","","N","","","","","","","","","",""
"2009053063","","2","0","0","0","0","0","0","0","0","4","0","","02","12","2006","1","40.358332","-80.105266","","11","0","1","1","0","0","0","0","0","","0","0","0","","","1","","2","","40 21:29.996","","0","80 06:18.957","4","0","0","0","2414","0","0","0","N","0","0","0","3","02414","1","","1.0","","9","N","N","","0","","0","0","0","","3","","","2","1","0","0","0","0","0","2","0","2","","","","N","","","","","","","","","",""
"2011123321","2251","0","0","0","0","0","0","0","0","0","7","0","","02","3","2006","3","40.369415","-80.033709","2250","11","0","0","0","0","0","0","0","0","","0","0","0","22","","0","","0","","40 22:09.895","","0","80 02:01.351","0","0","0","0","2416","0","0","0","N","0","0","0","1","02416","0","","2.0","","1","N","N","","1","","0","0","0","","0","","2250","1","0","0","0","0","0","0","2","0","1","","","","N","","","","","","","","","",""
"2011123322","0801","2","0","0","0","0","0","0","0","0","1","0","","02","6","2006","7","40.367634","-80.013302","0758","11","0","0","0","0","0","2","0","0","","0","0","0","07","","1","","0","","40 22:03.482","","0","80 00:47.886","8","0","0","0","2416","0","0","0","N","0","0","0","4","02416","0","","1.0","","1","N","N","","1","","0","0","0","","0","","0758","3","1","0","0","0","1","0","2","0","3","","","","N","","","","","","","","","",""
"2011123323","1458","1","0","0","0","0","0","0","0","0","1","0","","02","10","2006","3","40.369444","-80.030524","1458","11","0","0","0","0","0","1","1","0","","0","0","0","14","","1","","1","","40 22:10.000","","0","80 01:49.886","4","0","0","0","2416","0","0","0","N","0","0","0","2","02416","1","","1.0","","1","N","N","","1","","0","0","0","","2","","1450","2","1","0","0","0","0","0","2","0","2","","","","N","","","","","","","","","",""
"2011123324","0122","0","0","0","0","0","0","0","0","0","99","0","","02","10","2006","1","40.363595","-80.016295","0120","11","0","0","0","0","0","0","1","0","","0","0","0","01","","0","","0","","40 21:48.942","","0","80 00:58.662","0","0","0","0","2416","0","0","0","N","0","0","0","1","02416","0","","1.0","","1","N","N","","0","","0","0","1","","0","","0120","1","0","0","0","0","0","0","2","0","1","","","","N","","","","","","","","","",""
"2011123325","1312","1","0","0","0","0","0","0","0","0","7","0","","02","11","2006","4","40.365186","-80.018069","1312","11","0","0","0","0","0","0","1","0","","0","0","0","13","","1","","0","","40 21:54.671","","7","80 01:05.047","3","0","0","0","2416","0","0","0","N","0","0","0","1","02416","0","","6.0","","1","N","N","","0","","1","0","0","","0","","1312","1","1","0","0","0","0","0","2","0","1","","","","N","","","","","","","","","",""
"2011123326","1345","1","0","0","0","0","0","0","0","0","1","0","","02","11","2006","2","40.365101","-80.018434","1345","11","0","0","0","0","0","0","0","0","","0","0","0","13","","0","","0","","40 21:54.362","","0","80 01:06.362","0","0","0","0","2416","0","0","0","N","0","0","0","2","02416","0","","1.0","","1","N","N","","1","","0","0","0","","0","","1340","2","0","0","0","0","0","0","2","0","2","","","","N","","","","","","","","","",""
"2011123327","1230","1","0","0","0","0","0","0","0","0","2","0","","02","12","2006","3","40.367488","-80.032521","1227","11","0","0","0","0","0","0","0","0","","0","0","0","12","","0","","0","","40 22:02.956","","0","80 01:57.075","0","0","0","0","2416","0","0","0","N","0","0","0","1","02416","0","","6.0","","1","N","N","","0","","0","0","1","","0","","1227","2","0","0","0","0","0","0","2","0","2","","","","N","","","","","","","","","",""
"2011123328","1613","2","0","0","0","0","0","0","0","0","1","0","","02","12","2006","2","40.366426","-80.014766","1610","11","0","0","0","0","0","1","0","1","","0","0","0","99","","1","","0","","40 21:59.133","","0","80 00:53.156","8","0","0","0","2416","0","0","0","N","0","0","0","3","02416","0","","1.0","","1","N","N","","0","","0","0","1","","8","","9999","3","1","0","0","0","1","0","2","0","3","","","","N","","","","","","","","","",""
"2011123329","0128","3","0","0","0","0","0","0","0","0","5","0","","02","12","2006","3","40.367277","-80.034469","0126","11","0","0","0","0","0","0","0","0","2","0","0","0","01","","0","","0","","40 22:02.197","3","0","80 02:04.088","0","0","0","0","2416","0","0","0","N","0","0","0","2","02416","0","","1.0","","9","N","N","","0","","0","0","0","","0","N","0126","3","0","0","0","0","0","0","2","0","3","","","","N","","","","","","","","","",""
"2011123331","2246","1","0","0","0","0","0","0","0","0","4","0","","02","12","2006","6","40.369444","-80.033455","2245","11","0","0","0","0","1","0","0","0","1","0","0","0","22","","1","","1","","40 22:09.999","1","0","80 02:00.439","4","0","0","0","2416","0","0","0","N","0","0","0","3","02416","1","","1.0","","1","N","N","","0","","0","0","1","","0","Y","2245","2","1","0","0","0","0","0","2","0","2","","","","N","","","","","","","","","",""
"2011123739","1742","1","0","0","0","0","0","0","0","0","1","0","","02","4","2006","5","40.37729","-80.004174","1732","11","0","0","0","0","0","0","0","0","","0","0","0","17","","1","","2","","40 22:38.243","","0","80 00:15.027","8","0","0","0","2301","0","0","0","N","0","0","0","2","02301","0","","1.0","","1","N","N","","0","","0","0","0","","0","","1732","2","1","0","0","0","1","0","2","1","2","","","","N","","","","","","","","","",""
"2011124184","1704","1","0","0","0","0","0","0","0","0","7","0","","02","2","2006","3","40.360036","-80.028744","1704","11","0","0","0","0","0","0","0","0","2","0","0","0","17","","0","","0","","40 21:36.129","1","0","80 01:43.480","0","0","0","0","2416","0","0","0","N","0","0","0","3","02416","0","","2.0","","1","N","N","","0","","0","0","1","","0","N","1703","2","0","0","0","0","0","0","2","0","2","","","","N","","","","","","","","","",""
"2011124185","1847","0","0","0","0","0","0","0","0","0","1","0","","02","3","2006","6","40.373248","-80.006906","1845","11","0","0","1","0","0","0","0","0","","0","0","0","18","","0","","0","","40 22:23.691","","0","80 00:24.863","0","0","0","0","2416","0","0","0","N","0","0","0","5","02416","0","","1.0","","1","N","N","","1","","0","0","1","","0","","1840","2","0","0","0","0","0","0","2","0","2","","","","N","","","","","","","","","",""
"2011124186","1542","2","0","0","0","0","0","0","0","0","1","0","","02","4","2006","5","40.342978","-80.026464","1540","11","0","0","0","1","0","0","0","0","","0","0","0","15","","0","","0","","40 20:34.721","","7","80 01:35.270","0","0","0","0","2416","0","0","0","N","0","0","0","5","02416","0","","1.0","","1","N","N","","0","","0","0","0","","0","","1540","2","0","0","0","0","0","0","2","0","2","","","","N","","","","","","","","","",""
"2011124187","2144","1","0","0","0","0","0","0","0","0","6","0","","02","4","2006","3","40.36746","-80.02367","2139","11","0","0","0","0","0","2","0","0","","0","0","0","21","","1","","1","","40 22:02.856","","0","80 01:25.212","4","0","0","0","2416","0","0","0","N","0","0","0","2","02416","1","","1.0","","1","N","N","","0","","0","0","1","","3","","2139","2","1","0","0","0","0","0","2","0","2","","","","N","","","","","","","","","",""
"2011124188","1549","1","0","0","0","0","0","0","0","0","1","0","","02","6","2006","2","40.362228","-80.027843","1548","11","0","0","0","0","0","1","0","0","","0","0","0","15","","0","","0","","40 21:44.022","","0","80 01:40.235","0","0","0","0","2416","0","0","0","N","0","0","0","2","02416","0","","1.0","","1","N","N","","1","","0","0","0","","0","","1545","2","0","0","0","0","0","0","2","0","2","","","","N","","","","","","","","","",""
"2011124189","1043","1","0","0","0","0","0","0","0","0","1","0","","02","8","2006","3","40.371185","-80.009372","1041","11","0","0","0","0","0","0","0","0","","0","0","0","10","","0","","0","","40 22:16.266","","0","80 00:33.740","0","0","0","0","2416","0","0","0","N","0","0","0","2","02416","0","","1.0","","1","N","N","","1","","0","0","0","","0","","1040","2","0","0","0","0","0","0","2","0","2","","","","N","","","","","","","","","",""
"2011124190","0915","0","0","0","0","0","0","0","0","0","4","0","","02","9","2006","4","40.362022","-80.011171","0914","11","0","0","0","0","0","0","0","0","","0","0","0","09","","0","","1","","40 21:43.279","","0","80 00:40.215","0","0","0","0","2416","0","0","0","N","0","0","0","2","02416","0","","1.0","","1","N","N","","0","","0","0","2","","2","","0914","2","0","0","0","0","0","0","2","0","2","","","","N","","","","","","","","","",""
"2011124327","1938","0","0","0","0","0","0","0","0","0","7","0","","02","3","2006","6","40.366426","-80.014766","1932","11","0","0","0","0","0","0","0","0","2","0","0","0","19","","1","","0","","40 21:59.133","2","99","80 00:53.156","4","0","0","0","2416","0","0","0","N","0","0","0","3","02416","1","","2.0","","1","N","N","","1","","0","0","0","","2","Y","1932","1","1","0","0","0","0","0","2","0","1","","","","N","","","","","","","","","",""
"2011124328","0333","1","0","0","0","0","0","0","0","0","7","0","","02","4","2006","1","40.363374","-80.026904","0330","11","0","0","0","0","0","0","0","0","","0","0","0","03","","0","","0","","40 21:48.146","","0","80 01:36.856","0","0","0","0","2416","0","0","0","N","0","0","0","1","02416","0","","2.0","","1","N","N","","0","","0","0","0","","0","","0325","1","0","0","0","0","0","0","2","0","1","","","","N","","","","","","","","","",""
"2011124329","2212","3","0","0","0","0","0","0","0","0","1","0","","02","9","2006","2","40.363122","-80.029092","2210","11","0","0","0","0","0","1","0","0","","0","0","0","22","","1","","2","","40 21:47.239","","0","80 01:44.731","4","0","0","0","2416","0","0","0","N","0","0","0","1","02416","1","","1.0","","1","N","N","","0","","0","0","0","","3","","2210","3","1","0","0","0","0","0","2","0","3","","","","N","","","","","","","","","",""
"2011124330","1944","2","0","0","0","0","0","0","0","0","5","0","","02","11","2006","3","40.370891","-80.018476","1940","11","0","0","0","0","0","0","0","1","","0","0","0","19","","0","","0","","40 22:15.207","","0","80 01:06.513","0","0","0","0","2416","0","0","0","N","0","0","0","1","02416","0","","2.0","","1","N","N","","0","","0","0","0","","0","","1940","2","0","0","0","0","0","0","2","0","2","","","","N","","","","","","","","","",""
"2011124331","1420","1","0","0","0","0","0","0","0","0","1","0","","02","11","2006","4","40.370355","-80.010315","1415","11","0","0","1","0","0","0","0","0","","0","0","0","14","","0","","2","","40 22:13.279","","0","80 00:37.134","0","0","0","0","2416","0","0","0","N","0","0","0","2","02416","0","","1.0","","1","N","N","","1","","0","0","0","","3","","1415","2","0","0","0","0","0","0","2","0","2","","","","N","","","","","","","","","",""
"2011124332","1814","1","0","0","0","0","0","0","0","0","1","0","","02","11","2006","4","40.370397","-80.010268","1814","11","0","0","0","0","0","2","0","0","1","0","0","0","18","","2","","0","","40 22:13.430","2","0","80 00:36.966","4","0","0","0","2416","0","0","0","N","0","0","0","7","02416","2","","1.0","","1","N","N","","0","","0","0","1","","0","Y","1814","3","2","0","0","0","0","0","2","1","3","","","","N","","","","","","","","","",""
"2011124333","1740","6","0","0","0","0","0","0","0","0","1","0","","02","12","2006","2","40.368674","-80.012047","1737","11","0","0","0","0","1","2","2","0","1","0","0","0","17","","0","","0","","40 22:07.225","2","0","80 00:43.368","0","0","0","0","2416","0","0","0","N","0","0","0","8","02416","0","","1.0","","1","N","N","","0","","0","0","0","","0","N","1737","6","0","0","0","0","0","0","2","0","6","","","","N","","","","","","","","","",""
"2011124517","1954","1","0","0","0","0","0","0","0","0","2","0","","02","1","2006","7","40.360909","-80.028411","1952","11","0","0","0","0","0","0","1","0","","0","0","0","19","","2","","0","","40 21:39.271","","1","80 01:42.278","3","0","0","0","2416","0","0","0","N","0","0","0","2","02416","0","","1.0","","1","N","N","","0","","1","0","1","","0","","1950","2","2","0","0","0","1","0","2","0","2","","","","N","","","","","","","","","",""
"2011124519","1748","2","0","0","0","0","0","0","0","0","1","0","","02","11","2006","6","40.364973","-80.018977","1745","11","0","0","0","0","0","0","0","0","","0","0","0","17","","2","","0","","40 21:53.903","","0","80 01:08.316","8","0","0","0","2416","0","0","0","N","0","0","0","3","02416","0","","1.0","","1","N","N","","0","","0","0","0","","0","","1745","2","2","0","0","0","2","0","2","0","2","","","","N","","","","","","","","","",""